  0
SECTION
  2
HEADER
  9
$ACADVER
  1
AC1024
  9
$ACADMAINTVER
 70
6
  9
$DWGCODEPAGE
  3
ANSI_1252
  9
$LASTSAVEDBY
  1
ezdxf
  9
$INSBASE
 10
0.0
 20
0.0
 30
0.0
  9
$EXTMIN
 10
1e+20
 20
1e+20
 30
1e+20
  9
$EXTMAX
 10
-1e+20
 20
-1e+20
 30
-1e+20
  9
$LIMMIN
 10
0.0
 20
0.0
  9
$LIMMAX
 10
420.0
 20
297.0
  9
$ORTHOMODE
 70
0
  9
$REGENMODE
 70
1
  9
$FILLMODE
 70
1
  9
$QTEXTMODE
 70
0
  9
$MIRRTEXT
 70
1
  9
$LTSCALE
 40
1.0
  9
$ATTMODE
 70
1
  9
$TEXTSIZE
 40
2.5
  9
$TRACEWID
 40
1.0
  9
$TEXTSTYLE
  7
OpenSans
  9
$CLAYER
  8
0
  9
$CELTYPE
  6
ByLayer
  9
$CECOLOR
 62
256
  9
$CELTSCALE
 40
1.0
  9
$DISPSILH
 70
0
  9
$DIMSCALE
 40
1.0
  9
$DIMASZ
 40
0.175
  9
$DIMEXO
 40
0.125
  9
$DIMDLI
 40
3.75
  9
$DIMRND
 40
0.0
  9
$DIMDLE
 40
0.0
  9
$DIMEXE
 40
0.375
  9
$DIMTP
 40
0.0
  9
$DIMTM
 40
0.0
  9
$DIMTXT
 40
0.25
  9
$DIMCEN
 40
2.5
  9
$DIMTSZ
 40
0.0
  9
$DIMTOL
 70
0
  9
$DIMLIM
 70
0
  9
$DIMTIH
 70
0
  9
$DIMTOH
 70
0
  9
$DIMSE1
 70
0
  9
$DIMSE2
 70
0
  9
$DIMTAD
 70
1
  9
$DIMZIN
 70
12
  9
$DIMBLK
  1
ARCHTICK
  9
$DIMASO
 70
1
  9
$DIMSHO
 70
1
  9
$DIMPOST
  1

  9
$DIMAPOST
  1

  9
$DIMALT
 70
0
  9
$DIMALTD
 70
3
  9
$DIMALTF
 40
0.03937007874
  9
$DIMLFAC
 40
100.0
  9
$DIMTOFL
 70
1
  9
$DIMTVP
 40
0.0
  9
$DIMTIX
 70
0
  9
$DIMSOXD
 70
0
  9
$DIMSAH
 70
0
  9
$DIMBLK1
  1

  9
$DIMBLK2
  1

  9
$DIMSTYLE
  2
EZDXF
  9
$DIMCLRD
 70
0
  9
$DIMCLRE
 70
0
  9
$DIMCLRT
 70
0
  9
$DIMTFAC
 40
0.5
  9
$DIMGAP
 40
0.1
  9
$DIMJUST
 70
0
  9
$DIMSD1
 70
0
  9
$DIMSD2
 70
0
  9
$DIMTOLJ
 70
0
  9
$DIMTZIN
 70
8
  9
$DIMALTZ
 70
0
  9
$DIMALTTZ
 70
0
  9
$DIMUPT
 70
1
  9
$DIMDEC
 70
2
  9
$DIMTDEC
 70
2
  9
$DIMALTU
 70
2
  9
$DIMALTTD
 70
3
  9
$DIMTXSTY
  7
OpenSansCondensed-Light
  9
$DIMAUNIT
 70
0
  9
$DIMADEC
 70
2
  9
$DIMALTRND
 40
0.0
  9
$DIMAZIN
 70
3
  9
$DIMDSEP
 70
46
  9
$DIMATFIT
 70
3
  9
$DIMFRAC
 70
0
  9
$DIMLDRBLK
  1

  9
$DIMLUNIT
 70
2
  9
$DIMLWD
 70
-2
  9
$DIMLWE
 70
-2
  9
$DIMTMOVE
 70
2
  9
$DIMFXL
 40
1.0
  9
$DIMFXLON
 70
0
  9
$DIMJOGANG
 40
0.785398163397
  9
$DIMTFILL
 70
0
  9
$DIMTFILLCLR
 70
0
  9
$DIMARCSYM
 70
0
  9
$DIMLTYPE
  6

  9
$DIMLTEX1
  6

  9
$DIMLTEX2
  6

  9
$DIMTXTDIRECTION
 70
0
  9
$LUNITS
 70
2
  9
$LUPREC
 70
4
  9
$SKETCHINC
 40
1.0
  9
$FILLETRAD
 40
10.0
  9
$AUNITS
 70
0
  9
$AUPREC
 70
2
  9
$MENU
  1
.
  9
$ELEVATION
 40
0.0
  9
$PELEVATION
 40
0.0
  9
$THICKNESS
 40
0.0
  9
$LIMCHECK
 70
0
  9
$CHAMFERA
 40
0.0
  9
$CHAMFERB
 40
0.0
  9
$CHAMFERC
 40
0.0
  9
$CHAMFERD
 40
0.0
  9
$SKPOLY
 70
0
  9
$TDCREATE
 40
2461266.4834375
  9
$TDUCREATE
 40
2458532.153996898
  9
$TDUPDATE
 40
2461266.4834375
  9
$TDUUPDATE
 40
2458532.1544311
  9
$TDINDWG
 40
0.0
  9
$TDUSRTIMER
 40
0.0
  9
$USRTIMER
 70
1
  9
$ANGBASE
 50
0.0
  9
$ANGDIR
 70
0
  9
$PDMODE
 70
0
  9
$PDSIZE
 40
0.0
  9
$PLINEWID
 40
0.0
  9
$SPLFRAME
 70
0
  9
$SPLINETYPE
 70
6
  9
$SPLINESEGS
 70
8
  9
$HANDSEED
  5
11DE
  9
$SURFTAB1
 70
6
  9
$SURFTAB2
 70
6
  9
$SURFTYPE
 70
6
  9
$SURFU
 70
6
  9
$SURFV
 70
6
  9
$UCSBASE
  2

  9
$UCSNAME
  2

  9
$UCSORG
 10
0.0
 20
0.0
 30
0.0
  9
$UCSXDIR
 10
1.0
 20
0.0
 30
0.0
  9
$UCSYDIR
 10
0.0
 20
1.0
 30
0.0
  9
$UCSORTHOREF
  2

  9
$UCSORTHOVIEW
 70
0
  9
$UCSORGTOP
 10
0.0
 20
0.0
 30
0.0
  9
$UCSORGBOTTOM
 10
0.0
 20
0.0
 30
0.0
  9
$UCSORGLEFT
 10
0.0
 20
0.0
 30
0.0
  9
$UCSORGRIGHT
 10
0.0
 20
0.0
 30
0.0
  9
$UCSORGFRONT
 10
0.0
 20
0.0
 30
0.0
  9
$UCSORGBACK
 10
0.0
 20
0.0
 30
0.0
  9
$PUCSBASE
  2

  9
$PUCSNAME
  2

  9
$PUCSORG
 10
0.0
 20
0.0
 30
0.0
  9
$PUCSXDIR
 10
1.0
 20
0.0
 30
0.0
  9
$PUCSYDIR
 10
0.0
 20
1.0
 30
0.0
  9
$PUCSORTHOREF
  2

  9
$PUCSORTHOVIEW
 70
0
  9
$PUCSORGTOP
 10
0.0
 20
0.0
 30
0.0
  9
$PUCSORGBOTTOM
 10
0.0
 20
0.0
 30
0.0
  9
$PUCSORGLEFT
 10
0.0
 20
0.0
 30
0.0
  9
$PUCSORGRIGHT
 10
0.0
 20
0.0
 30
0.0
  9
$PUCSORGFRONT
 10
0.0
 20
0.0
 30
0.0
  9
$PUCSORGBACK
 10
0.0
 20
0.0
 30
0.0
  9
$USERI1
 70
0
  9
$USERI2
 70
0
  9
$USERI3
 70
0
  9
$USERI4
 70
0
  9
$USERI5
 70
0
  9
$USERR1
 40
0.0
  9
$USERR2
 40
0.0
  9
$USERR3
 40
0.0
  9
$USERR4
 40
0.0
  9
$USERR5
 40
0.0
  9
$WORLDVIEW
 70
1
  9
$SHADEDGE
 70
3
  9
$SHADEDIF
 70
70
  9
$TILEMODE
 70
1
  9
$MAXACTVP
 70
64
  9
$PINSBASE
 10
0.0
 20
0.0
 30
0.0
  9
$PLIMCHECK
 70
0
  9
$PEXTMIN
 10
1e+20
 20
1e+20
 30
1e+20
  9
$PEXTMAX
 10
-1e+20
 20
-1e+20
 30
-1e+20
  9
$PLIMMIN
 10
0.0
 20
0.0
  9
$PLIMMAX
 10
420.0
 20
297.0
  9
$UNITMODE
 70
0
  9
$VISRETAIN
 70
1
  9
$PLINEGEN
 70
0
  9
$PSLTSCALE
 70
1
  9
$TREEDEPTH
 70
3020
  9
$CMLSTYLE
  2
Standard
  9
$CMLJUST
 70
0
  9
$CMLSCALE
 40
20.0
  9
$PROXYGRAPHICS
 70
1
  9
$MEASUREMENT
 70
1
  9
$CELWEIGHT
370
-1
  9
$ENDCAPS
280
0
  9
$JOINSTYLE
280
0
  9
$LWDISPLAY
290
0
  9
$INSUNITS
 70
6
  9
$HYPERLINKBASE
  1

  9
$STYLESHEET
  1

  9
$XEDIT
290
1
  9
$CEPSNTYPE
380
0
  9
$PSTYLEMODE
290
1
  9
$FINGERPRINTGUID
  2
{375E77B9-7429-4E4D-B7A8-342BBA1E208D}
  9
$VERSIONGUID
  2
{4BF22D9C-4A42-4DC4-832C-F4019B952E0C}
  9
$EXTNAMES
290
1
  9
$PSVPSCALE
 40
0.0
  9
$OLESTARTUP
290
0
  9
$SORTENTS
280
127
  9
$INDEXCTL
280
0
  9
$HIDETEXT
280
1
  9
$XCLIPFRAME
280
1
  9
$HALOGAP
280
0
  9
$OBSCOLOR
 70
257
  9
$OBSLTYPE
280
0
  9
$INTERSECTIONDISPLAY
280
0
  9
$INTERSECTIONCOLOR
 70
257
  9
$DIMASSOC
280
2
  9
$PROJECTNAME
  1

  9
$CAMERADISPLAY
290
0
  9
$LENSLENGTH
 40
50.0
  9
$CAMERAHEIGHT
 40
0.0
  9
$STEPSPERSEC
 40
24.0
  9
$STEPSIZE
 40
100.0
  9
$3DDWFPREC
 40
2.0
  9
$PSOLWIDTH
 40
0.005
  9
$PSOLHEIGHT
 40
0.08
  9
$LOFTANG1
 40
1.570796326795
  9
$LOFTANG2
 40
1.570796326795
  9
$LOFTMAG1
 40
0.0
  9
$LOFTMAG2
 40
0.0
  9
$LOFTPARAM
 70
7
  9
$LOFTNORMALS
280
1
  9
$LATITUDE
 40
37.795
  9
$LONGITUDE
 40
-122.394
  9
$NORTHDIRECTION
 40
0.0
  9
$TIMEZONE
 70
-8000
  9
$LIGHTGLYPHDISPLAY
280
1
  9
$TILEMODELIGHTSYNCH
280
1
  9
$CMATERIAL
347
20
  9
$SOLIDHIST
280
0
  9
$SHOWHIST
280
1
  9
$DWFFRAME
280
2
  9
$DGNFRAME
280
2
  9
$REALWORLDSCALE
290
1
  9
$INTERFERECOLOR
 62
256
  9
$CSHADOW
280
0
  9
$SHADOWPLANELOCATION
 40
0.0
  0
ENDSEC
  0
SECTION
  2
CLASSES
  0
CLASS
  1
ACDBDICTIONARYWDFLT
  2
AcDbDictionaryWithDefault
  3
ObjectDBX Classes
 90
0
 91
0
280
0
281
0
  0
CLASS
  1
SUN
  2
AcDbSun
  3
SCENEOE
 90
1153
 91
0
280
0
281
0
  0
CLASS
  1
VISUALSTYLE
  2
AcDbVisualStyle
  3
ObjectDBX Classes
 90
4095
 91
0
280
0
281
0
  0
CLASS
  1
MATERIAL
  2
AcDbMaterial
  3
ObjectDBX Classes
 90
1153
 91
0
280
0
281
0
  0
CLASS
  1
SCALE
  2
AcDbScale
  3
ObjectDBX Classes
 90
1153
 91
0
280
0
281
0
  0
CLASS
  1
TABLESTYLE
  2
AcDbTableStyle
  3
ObjectDBX Classes
 90
4095
 91
0
280
0
281
0
  0
CLASS
  1
MLEADERSTYLE
  2
AcDbMLeaderStyle
  3
ACDB_MLEADERSTYLE_CLASS
 90
4095
 91
0
280
0
281
0
  0
CLASS
  1
DICTIONARYVAR
  2
AcDbDictionaryVar
  3
ObjectDBX Classes
 90
0
 91
0
280
0
281
0
  0
CLASS
  1
CELLSTYLEMAP
  2
AcDbCellStyleMap
  3
ObjectDBX Classes
 90
1152
 91
0
280
0
281
0
  0
CLASS
  1
MENTALRAYRENDERSETTINGS
  2
AcDbMentalRayRenderSettings
  3
SCENEOE
 90
1024
 91
0
280
0
281
0
  0
CLASS
  1
ACDBDETAILVIEWSTYLE
  2
AcDbDetailViewStyle
  3
ObjectDBX Classes
 90
1025
 91
0
280
0
281
0
  0
CLASS
  1
ACDBSECTIONVIEWSTYLE
  2
AcDbSectionViewStyle
  3
ObjectDBX Classes
 90
1025
 91
0
280
0
281
0
  0
CLASS
  1
RASTERVARIABLES
  2
AcDbRasterVariables
  3
ISM
 90
0
 91
0
280
0
281
0
  0
CLASS
  1
ACDBPLACEHOLDER
  2
AcDbPlaceHolder
  3
ObjectDBX Classes
 90
0
 91
0
280
0
281
0
  0
CLASS
  1
LAYOUT
  2
AcDbLayout
  3
ObjectDBX Classes
 90
0
 91
0
280
0
281
0
  0
ENDSEC
  0
SECTION
  2
TABLES
  0
TABLE
  2
VPORT
  5
8
330
0
100
AcDbSymbolTable
 70
1
  0
VPORT
  5
23
330
8
100
AcDbSymbolTableRecord
100
AcDbViewportTableRecord
  2
*Active
 70
0
 10
0.0
 20
0.0
 11
1.0
 21
1.0
 12
0.0
 22
0.0
 13
0.0
 23
0.0
 14
0.5
 24
0.5
 15
0.5
 25
0.5
 16
0.0
 26
0.0
 36
1.0
 17
0.0
 27
0.0
 37
0.0
 40
1000.0
 41
1.34
 42
50.0
 43
0.0
 44
0.0
 50
0.0
 51
0.0
 71
0
 72
1000
 73
1
 74
3
 75
0
 76
0
 77
0
 78
0
281
0
 65
0
146
0.0
  0
ENDTAB
  0
TABLE
  2
LTYPE
  5
2
330
0
100
AcDbSymbolTable
 70
21
  0
LTYPE
  5
24
330
2
100
AcDbSymbolTableRecord
100
AcDbLinetypeTableRecord
  2
ByBlock
 70
0
  3

 72
65
 73
0
 40
0.0
  0
LTYPE
  5
25
330
2
100
AcDbSymbolTableRecord
100
AcDbLinetypeTableRecord
  2
ByLayer
 70
0
  3

 72
65
 73
0
 40
0.0
  0
LTYPE
  5
26
330
2
100
AcDbSymbolTableRecord
100
AcDbLinetypeTableRecord
  2
Continuous
 70
0
  3

 72
65
 73
0
 40
0.0
  0
LTYPE
  5
2F
330
2
100
AcDbSymbolTableRecord
100
AcDbLinetypeTableRecord
  2
CENTER
 70
0
  3
Center ____ _ ____ _ ____ _ ____ _ ____ _ ____
 72
65
 73
4
 40
5.08
 49
3.175
 74
0
 49
-0.635
 74
0
 49
0.635
 74
0
 49
-0.635
 74
0
  0
LTYPE
  5
30
330
2
100
AcDbSymbolTableRecord
100
AcDbLinetypeTableRecord
  2
CENTERX2
 70
0
  3
Center (2x) ________  __  ________  __  ________
 72
65
 73
4
 40
8.89
 49
6.35
 74
0
 49
-0.635
 74
0
 49
1.27
 74
0
 49
-0.635
 74
0
  0
LTYPE
  5
31
330
2
100
AcDbSymbolTableRecord
100
AcDbLinetypeTableRecord
  2
CENTER2
 70
0
  3
Center (.5x) ____ _ ____ _ ____ _ ____ _ ____
 72
65
 73
4
 40
2.54
 49
1.587
 74
0
 49
-0.318
 74
0
 49
0.318
 74
0
 49
-0.318
 74
0
  0
LTYPE
  5
32
330
2
100
AcDbSymbolTableRecord
100
AcDbLinetypeTableRecord
  2
DASHED
 70
0
  3
Dashed __ __ __ __ __ __ __ __ __ __ __ __ __ _
 72
65
 73
2
 40
1.524
 49
1.27
 74
0
 49
-0.254
 74
0
  0
LTYPE
  5
33
330
2
100
AcDbSymbolTableRecord
100
AcDbLinetypeTableRecord
  2
DASHEDX2
 70
0
  3
Dashed (2x) ____  ____  ____  ____  ____  ____
 72
65
 73
2
 40
3.048
 49
2.54
 74
0
 49
-0.508
 74
0
  0
LTYPE
  5
34
330
2
100
AcDbSymbolTableRecord
100
AcDbLinetypeTableRecord
  2
DASHED2
 70
0
  3
Dashed (.5x) _ _ _ _ _ _ _ _ _ _ _ _ _ _
 72
65
 73
2
 40
0.762
 49
0.635
 74
0
 49
-0.127
 74
0
  0
LTYPE
  5
35
330
2
100
AcDbSymbolTableRecord
100
AcDbLinetypeTableRecord
  2
PHANTOM
 70
0
  3
Phantom ______  __  __  ______  __  __  ______
 72
65
 73
6
 40
6.35
 49
3.175
 74
0
 49
-0.635
 74
0
 49
0.635
 74
0
 49
-0.635
 74
0
 49
0.635
 74
0
 49
-0.635
 74
0
  0
LTYPE
  5
36
330
2
100
AcDbSymbolTableRecord
100
AcDbLinetypeTableRecord
  2
PHANTOMX2
 70
0
  3
Phantom (2x)____________    ____    ____    ____________
 72
65
 73
6
 40
10.795
 49
6.35
 74
0
 49
-0.635
 74
0
 49
1.27
 74
0
 49
-0.635
 74
0
 49
1.27
 74
0
 49
-0.635
 74
0
  0
LTYPE
  5
37
330
2
100
AcDbSymbolTableRecord
100
AcDbLinetypeTableRecord
  2
PHANTOM2
 70
0
  3
Phantom (.5x) ___ _ _ ___ _ _ ___ _ _ ___ _ _ ___
 72
65
 73
6
 40
3.175
 49
1.587
 74
0
 49
-0.318
 74
0
 49
0.318
 74
0
 49
-0.318
 74
0
 49
0.318
 74
0
 49
-0.318
 74
0
  0
LTYPE
  5
38
330
2
100
AcDbSymbolTableRecord
100
AcDbLinetypeTableRecord
  2
DASHDOT
 70
0
  3
Dash dot __ . __ . __ . __ . __ . __ . __ . __
 72
65
 73
4
 40
3.556
 49
2.54
 74
0
 49
-0.508
 74
0
 49
0.0
 74
0
 49
-0.508
 74
0
  0
LTYPE
  5
39
330
2
100
AcDbSymbolTableRecord
100
AcDbLinetypeTableRecord
  2
DASHDOTX2
 70
0
  3
Dash dot (2x) ____  .  ____  .  ____  .  ____
 72
65
 73
4
 40
6.096
 49
5.08
 74
0
 49
-0.508
 74
0
 49
0.0
 74
0
 49
-0.508
 74
0
  0
LTYPE
  5
3A
330
2
100
AcDbSymbolTableRecord
100
AcDbLinetypeTableRecord
  2
DASHDOT2
 70
0
  3
Dash dot (.5x) _ . _ . _ . _ . _ . _ . _ . _
 72
65
 73
4
 40
1.778
 49
1.27
 74
0
 49
-0.254
 74
0
 49
0.0
 74
0
 49
-0.254
 74
0
  0
LTYPE
  5
3B
330
2
100
AcDbSymbolTableRecord
100
AcDbLinetypeTableRecord
  2
DOT
 70
0
  3
Dot .  .  .  .  .  .  .  .  .  .  .  .  .  .  .  .
 72
65
 73
2
 40
0.508
 49
0.0
 74
0
 49
-0.508
 74
0
  0
LTYPE
  5
3C
330
2
100
AcDbSymbolTableRecord
100
AcDbLinetypeTableRecord
  2
DOTX2
 70
0
  3
Dot (2x) .    .    .    .    .    .    .    . 
 72
65
 73
2
 40
1.016
 49
0.0
 74
0
 49
-1.016
 74
0
  0
LTYPE
  5
3D
330
2
100
AcDbSymbolTableRecord
100
AcDbLinetypeTableRecord
  2
DOT2
 70
0
  3
Dot (.5) . . . . . . . . . . . . . . . . . . . 
 72
65
 73
2
 40
0.254
 49
0.0
 74
0
 49
-0.254
 74
0
  0
LTYPE
  5
3E
330
2
100
AcDbSymbolTableRecord
100
AcDbLinetypeTableRecord
  2
DIVIDE
 70
0
  3
Divide __ . . __ . . __ . . __ . . __ . . __
 72
65
 73
6
 40
4.064
 49
2.54
 74
0
 49
-0.508
 74
0
 49
0.0
 74
0
 49
-0.508
 74
0
 49
0.0
 74
0
 49
-0.508
 74
0
  0
LTYPE
  5
3F
330
2
100
AcDbSymbolTableRecord
100
AcDbLinetypeTableRecord
  2
DIVIDEX2
 70
0
  3
Divide (2x) ____  . .  ____  . .  ____  . .  ____
 72
65
 73
6
 40
6.604
 49
5.08
 74
0
 49
-0.508
 74
0
 49
0.0
 74
0
 49
-0.508
 74
0
 49
0.0
 74
0
 49
-0.508
 74
0
  0
LTYPE
  5
40
330
2
100
AcDbSymbolTableRecord
100
AcDbLinetypeTableRecord
  2
DIVIDE2
 70
0
  3
Divide(.5x) _ . _ . _ . _ . _ . _ . _ . _
 72
65
 73
6
 40
2.032
 49
1.27
 74
0
 49
-0.254
 74
0
 49
0.0
 74
0
 49
-0.254
 74
0
 49
0.0
 74
0
 49
-0.254
 74
0
  0
ENDTAB
  0
TABLE
  2
LAYER
  5
1
330
0
100
AcDbSymbolTable
 70
19
  0
LAYER
  5
27
330
1
100
AcDbSymbolTableRecord
100
AcDbLayerTableRecord
  2
0
 70
0
 62
7
  6
Continuous
370
-3
390
13
347
21
  0
LAYER
  5
28
330
1
100
AcDbSymbolTableRecord
100
AcDbLayerTableRecord
  2
Defpoints
 70
0
 62
7
  6
Continuous
290
0
370
-3
390
13
347
21
  0
LAYER
  5
8A
330
1
100
AcDbSymbolTableRecord
100
AcDbLayerTableRecord
  2
RBAR-T20-G
 70
0
 62
5
  6
Continuous
370
-3
390
13
347
21
  0
LAYER
  5
97
330
1
100
AcDbSymbolTableRecord
100
AcDbLayerTableRecord
  2
RBAR-T16-F1
 70
0
 62
4
  6
Continuous
370
-3
390
13
347
21
  0
LAYER
  5
C4
330
1
100
AcDbSymbolTableRecord
100
AcDbLayerTableRecord
  2
RBAR-T16-F
 70
0
 62
4
  6
Continuous
370
-3
390
13
347
21
  0
LAYER
  5
F1
330
1
100
AcDbSymbolTableRecord
100
AcDbLayerTableRecord
  2
RBAR-T16-E
 70
0
 62
4
  6
Continuous
370
-3
390
13
347
21
  0
LAYER
  5
102
330
1
100
AcDbSymbolTableRecord
100
AcDbLayerTableRecord
  2
RBAR-T12-D1
 70
0
 62
3
  6
Continuous
370
-3
390
13
347
21
  0
LAYER
  5
10B
330
1
100
AcDbSymbolTableRecord
100
AcDbLayerTableRecord
  2
RBAR-T12-D
 70
0
 62
3
  6
Continuous
370
-3
390
13
347
21
  0
LAYER
  5
118
330
1
100
AcDbSymbolTableRecord
100
AcDbLayerTableRecord
  2
RBAR-T8-C
 70
0
 62
1
  6
Continuous
370
-3
390
13
347
21
  0
LAYER
  5
19B
330
1
100
AcDbSymbolTableRecord
100
AcDbLayerTableRecord
  2
RBAR-T8-B2
 70
0
 62
1
  6
Continuous
370
-3
390
13
347
21
  0
LAYER
  5
6AE
330
1
100
AcDbSymbolTableRecord
100
AcDbLayerTableRecord
  2
RBAR-T8-B1
 70
0
 62
1
  6
Continuous
370
-3
390
13
347
21
  0
LAYER
  5
893
330
1
100
AcDbSymbolTableRecord
100
AcDbLayerTableRecord
  2
RBAR-T8-B
 70
0
 62
1
  6
Continuous
370
-3
390
13
347
21
  0
LAYER
  5
AD0
330
1
100
AcDbSymbolTableRecord
100
AcDbLayerTableRecord
  2
RBAR-T8-A3
 70
0
 62
1
  6
Continuous
370
-3
390
13
347
21
  0
LAYER
  5
AFD
330
1
100
AcDbSymbolTableRecord
100
AcDbLayerTableRecord
  2
RBAR-T8-A2
 70
0
 62
1
  6
Continuous
370
-3
390
13
347
21
  0
LAYER
  5
B2E
330
1
100
AcDbSymbolTableRecord
100
AcDbLayerTableRecord
  2
RBAR-T8-A1
 70
0
 62
1
  6
Continuous
370
-3
390
13
347
21
  0
LAYER
  5
BA7
330
1
100
AcDbSymbolTableRecord
100
AcDbLayerTableRecord
  2
RBAR-T8-A
 70
0
 62
1
  6
Continuous
370
-3
390
13
347
21
  0
LAYER
  5
C20
330
1
100
AcDbSymbolTableRecord
100
AcDbLayerTableRecord
  2
RBAR-T10-I
 70
0
 62
2
  6
Continuous
370
-3
390
13
347
21
  0
LAYER
  5
DB1
330
1
100
AcDbSymbolTableRecord
100
AcDbLayerTableRecord
  2
RBAR-T8-H
 70
0
 62
1
  6
Continuous
370
-3
390
13
347
21
  0
LAYER
  5
11C2
330
1
100
AcDbSymbolTableRecord
100
AcDbLayerTableRecord
  2
RBAR-T20-J
 70
0
 62
5
  6
Continuous
370
-3
390
13
347
21
  0
ENDTAB
  0
TABLE
  2
STYLE
  5
5
330
0
100
AcDbSymbolTable
 70
26
  0
STYLE
  5
29
330
5
100
AcDbSymbolTableRecord
100
AcDbTextStyleTableRecord
  2
Standard
 70
0
 40
0.0
 41
1.0
 50
0.0
 71
0
 42
2.5
  3
txt
  4

  0
STYLE
  5
41
330
5
100
AcDbSymbolTableRecord
100
AcDbTextStyleTableRecord
  2
OpenSans-Light
 70
0
 40
0.0
 41
1.0
 50
0.0
 71
0
 42
2.5
  3
OpenSans-Light.ttf
  4

  0
STYLE
  5
42
330
5
100
AcDbSymbolTableRecord
100
AcDbTextStyleTableRecord
  2
OpenSans-Light-Italic
 70
0
 40
0.0
 41
1.0
 50
0.0
 71
0
 42
2.5
  3
OpenSans-LightItalic.ttf
  4

  0
STYLE
  5
43
330
5
100
AcDbSymbolTableRecord
100
AcDbTextStyleTableRecord
  2
OpenSans
 70
0
 40
0.0
 41
1.0
 50
0.0
 71
0
 42
2.5
  3
OpenSans-Regular.ttf
  4

  0
STYLE
  5
44
330
5
100
AcDbSymbolTableRecord
100
AcDbTextStyleTableRecord
  2
OpenSans-Italic
 70
0
 40
0.0
 41
1.0
 50
0.0
 71
0
 42
2.5
  3
OpenSans-Italic.ttf
  4

  0
STYLE
  5
45
330
5
100
AcDbSymbolTableRecord
100
AcDbTextStyleTableRecord
  2
OpenSans-SemiBold
 70
0
 40
0.0
 41
1.0
 50
0.0
 71
0
 42
2.5
  3
OpenSans-SemiBold.ttf
  4

  0
STYLE
  5
46
330
5
100
AcDbSymbolTableRecord
100
AcDbTextStyleTableRecord
  2
OpenSans-SemiBoldItalic
 70
0
 40
0.0
 41
1.0
 50
0.0
 71
0
 42
2.5
  3
OpenSans-SemiBoldItalic.ttf
  4

  0
STYLE
  5
47
330
5
100
AcDbSymbolTableRecord
100
AcDbTextStyleTableRecord
  2
OpenSans-Bold
 70
0
 40
0.0
 41
1.0
 50
0.0
 71
0
 42
2.5
  3
OpenSans-Bold.ttf
  4

  0
STYLE
  5
48
330
5
100
AcDbSymbolTableRecord
100
AcDbTextStyleTableRecord
  2
OpenSans-BoldItalic
 70
0
 40
0.0
 41
1.0
 50
0.0
 71
0
 42
2.5
  3
OpenSans-BoldItalic.ttf
  4

  0
STYLE
  5
49
330
5
100
AcDbSymbolTableRecord
100
AcDbTextStyleTableRecord
  2
OpenSans-ExtraBold
 70
0
 40
0.0
 41
1.0
 50
0.0
 71
0
 42
2.5
  3
OpenSans-ExtraBold.ttf
  4

  0
STYLE
  5
4A
330
5
100
AcDbSymbolTableRecord
100
AcDbTextStyleTableRecord
  2
OpenSans-ExtraBoldItalic
 70
0
 40
0.0
 41
1.0
 50
0.0
 71
0
 42
2.5
  3
OpenSans-ExtraBoldItalic.ttf
  4

  0
STYLE
  5
4B
330
5
100
AcDbSymbolTableRecord
100
AcDbTextStyleTableRecord
  2
OpenSansCondensed-Bold
 70
0
 40
0.0
 41
1.0
 50
0.0
 71
0
 42
2.5
  3
OpenSansCondensed-Bold.ttf
  4

  0
STYLE
  5
4C
330
5
100
AcDbSymbolTableRecord
100
AcDbTextStyleTableRecord
  2
OpenSansCondensed-Light
 70
0
 40
0.0
 41
1.0
 50
0.0
 71
0
 42
2.5
  3
OpenSansCondensed-Light.ttf
  4

  0
STYLE
  5
4D
330
5
100
AcDbSymbolTableRecord
100
AcDbTextStyleTableRecord
  2
OpenSansCondensed-Italic
 70
0
 40
0.0
 41
1.0
 50
0.0
 71
0
 42
2.5
  3
OpenSansCondensed-LightItalic.ttf
  4

  0
STYLE
  5
4E
330
5
100
AcDbSymbolTableRecord
100
AcDbTextStyleTableRecord
  2
LiberationSans
 70
0
 40
0.0
 41
1.0
 50
0.0
 71
0
 42
2.5
  3
LiberationSans-Regular.ttf
  4

  0
STYLE
  5
4F
330
5
100
AcDbSymbolTableRecord
100
AcDbTextStyleTableRecord
  2
LiberationSans-Bold
 70
0
 40
0.0
 41
1.0
 50
0.0
 71
0
 42
2.5
  3
LiberationSans-Bold.ttf
  4

  0
STYLE
  5
50
330
5
100
AcDbSymbolTableRecord
100
AcDbTextStyleTableRecord
  2
LiberationSans-BoldItalic
 70
0
 40
0.0
 41
1.0
 50
0.0
 71
0
 42
2.5
  3
LiberationSans-BoldItalic.ttf
  4

  0
STYLE
  5
51
330
5
100
AcDbSymbolTableRecord
100
AcDbTextStyleTableRecord
  2
LiberationSans-Italic
 70
0
 40
0.0
 41
1.0
 50
0.0
 71
0
 42
2.5
  3
LiberationSans-Italic.ttf
  4

  0
STYLE
  5
52
330
5
100
AcDbSymbolTableRecord
100
AcDbTextStyleTableRecord
  2
LiberationSerif
 70
0
 40
0.0
 41
1.0
 50
0.0
 71
0
 42
2.5
  3
LiberationSerif-Regular.ttf
  4

  0
STYLE
  5
53
330
5
100
AcDbSymbolTableRecord
100
AcDbTextStyleTableRecord
  2
LiberationSerif-Bold
 70
0
 40
0.0
 41
1.0
 50
0.0
 71
0
 42
2.5
  3
LiberationSerif-Bold.ttf
  4

  0
STYLE
  5
54
330
5
100
AcDbSymbolTableRecord
100
AcDbTextStyleTableRecord
  2
LiberationSerif-BoldItalic
 70
0
 40
0.0
 41
1.0
 50
0.0
 71
0
 42
2.5
  3
LiberationSerif-BoldItalic.ttf
  4

  0
STYLE
  5
55
330
5
100
AcDbSymbolTableRecord
100
AcDbTextStyleTableRecord
  2
LiberationSerif-Italic
 70
0
 40
0.0
 41
1.0
 50
0.0
 71
0
 42
2.5
  3
LiberationSerif-Italic.ttf
  4

  0
STYLE
  5
56
330
5
100
AcDbSymbolTableRecord
100
AcDbTextStyleTableRecord
  2
LiberationMono
 70
0
 40
0.0
 41
1.0
 50
0.0
 71
0
 42
2.5
  3
LiberationMono-Regular.ttf
  4

  0
STYLE
  5
57
330
5
100
AcDbSymbolTableRecord
100
AcDbTextStyleTableRecord
  2
LiberationMono-Bold
 70
0
 40
0.0
 41
1.0
 50
0.0
 71
0
 42
2.5
  3
LiberationMono-Bold.ttf
  4

  0
STYLE
  5
58
330
5
100
AcDbSymbolTableRecord
100
AcDbTextStyleTableRecord
  2
LiberationMono-BoldItalic
 70
0
 40
0.0
 41
1.0
 50
0.0
 71
0
 42
2.5
  3
LiberationMono-BoldItalic.ttf
  4

  0
STYLE
  5
59
330
5
100
AcDbSymbolTableRecord
100
AcDbTextStyleTableRecord
  2
LiberationMono-Italic
 70
0
 40
0.0
 41
1.0
 50
0.0
 71
0
 42
2.5
  3
LiberationMono-Italic.ttf
  4

  0
ENDTAB
  0
TABLE
  2
VIEW
  5
7
330
0
100
AcDbSymbolTable
 70
0
  0
ENDTAB
  0
TABLE
  2
UCS
  5
6
330
0
100
AcDbSymbolTable
 70
0
  0
ENDTAB
  0
TABLE
  2
APPID
  5
3
330
0
100
AcDbSymbolTable
 70
3
  0
APPID
  5
2A
330
3
100
AcDbSymbolTableRecord
100
AcDbRegAppTableRecord
  2
ACAD
 70
0
  0
APPID
  5
11DB
330
3
100
AcDbSymbolTableRecord
100
AcDbRegAppTableRecord
  2
HATCHBACKGROUNDCOLOR
 70
0
  0
APPID
  5
11DC
330
3
100
AcDbSymbolTableRecord
100
AcDbRegAppTableRecord
  2
EZDXF
 70
0
  0
ENDTAB
  0
TABLE
  2
DIMSTYLE
  5
4
330
0
100
AcDbSymbolTable
 70
12
100
AcDbDimStyleTable
  0
DIMSTYLE
105
2B
330
4
100
AcDbSymbolTableRecord
100
AcDbDimStyleTableRecord
  2
Standard
 70
0
 40
1.0
 41
2.5
 42
0.625
 43
3.75
 44
1.25
 45
0.0
 46
0.0
 47
0.0
 48
0.0
 49
2.5
140
2.5
141
2.5
142
0.0
143
0.03937007874
144
1.0
145
0.0
146
1.0
147
0.625
148
0.0
 69
0
 70
0
 71
0
 72
0
 73
0
 74
0
 75
0
 76
0
 77
1
 78
8
 79
3
170
0
171
3
172
1
173
0
174
0
175
0
176
0
177
0
178
0
179
2
271
2
272
2
273
2
274
3
275
0
276
0
277
2
278
44
279
0
280
0
281
0
282
0
283
0
284
8
285
0
286
0
288
0
289
3
290
0
371
-2
372
-2
  0
DIMSTYLE
105
73
330
4
100
AcDbSymbolTableRecord
100
AcDbDimStyleTableRecord
  2
EZDXF
 70
0
 40
1.0
 41
0.175
 42
0.125
 43
3.75
 44
0.375
 45
0.0
 46
0.0
 47
0.0
 48
0.0
 49
2.5
140
0.25
141
2.5
142
0.0
143
0.03937007874
144
100.0
145
0.0
146
0.5
147
0.1
148
0.0
 69
0
 70
0
 71
0
 72
0
 73
0
 74
0
 75
0
 76
0
 77
1
 78
12
 79
3
170
0
171
3
172
1
173
0
174
0
175
0
176
0
177
0
178
0
179
2
271
2
272
2
273
2
274
3
275
0
276
0
277
2
278
46
279
2
280
0
281
0
282
0
283
0
284
8
285
0
286
0
288
1
289
3
290
0
340
4C
342
74
371
-2
372
-2
  0
DIMSTYLE
105
7C
330
4
100
AcDbSymbolTableRecord
100
AcDbDimStyleTableRecord
  2
EZ_M_100_H25_CM
 70
0
 40
1.0
 41
0.25
 42
0.125
 43
3.75
 44
0.375
 45
0.0
 46
0.0
 47
0.0
 48
0.0
 49
2.5
140
0.25
141
2.5
142
0.125
143
0.03937007874
144
100.0
145
0.0
146
0.5
147
0.1
148
0.0
 69
0
 70
0
 71
0
 72
0
 73
0
 74
0
 75
0
 76
0
 77
1
 78
12
 79
3
170
0
171
3
172
1
173
0
174
0
175
0
176
0
177
0
178
0
179
2
271
2
272
2
273
2
274
3
275
0
276
0
277
2
278
46
279
2
280
0
281
0
282
0
283
0
284
8
285
0
286
0
288
1
289
3
290
0
340
4C
371
-2
372
-2
  0
DIMSTYLE
105
7D
330
4
100
AcDbSymbolTableRecord
100
AcDbDimStyleTableRecord
  2
EZ_M_50_H25_CM
 70
0
 40
1.0
 41
0.125
 42
0.0625
 43
3.75
 44
0.1875
 45
0.0
 46
0.0
 47
0.0
 48
0.0
 49
2.5
140
0.125
141
2.5
142
0.0625
143
0.03937007874
144
100.0
145
0.0
146
0.5
147
0.05
148
0.0
 69
0
 70
0
 71
0
 72
0
 73
0
 74
0
 75
0
 76
0
 77
1
 78
12
 79
3
170
0
171
3
172
1
173
0
174
0
175
0
176
0
177
0
178
0
179
2
271
2
272
2
273
2
274
3
275
0
276
0
277
2
278
46
279
2
280
0
281
0
282
0
283
0
284
8
285
0
286
0
288
1
289
3
290
0
340
4C
371
-2
372
-2
  0
DIMSTYLE
105
7E
330
4
100
AcDbSymbolTableRecord
100
AcDbDimStyleTableRecord
  2
EZ_M_25_H25_CM
 70
0
 40
1.0
 41
0.0625
 42
0.03125
 43
3.75
 44
0.09375
 45
0.0
 46
0.0
 47
0.0
 48
0.0
 49
2.5
140
0.0625
141
2.5
142
0.03125
143
0.03937007874
144
100.0
145
0.0
146
0.5
147
0.025
148
0.0
 69
0
 70
0
 71
0
 72
0
 73
0
 74
0
 75
0
 76
0
 77
1
 78
12
 79
3
170
0
171
3
172
1
173
0
174
0
175
0
176
0
177
0
178
0
179
2
271
2
272
2
273
2
274
3
275
0
276
0
277
2
278
46
279
2
280
0
281
0
282
0
283
0
284
8
285
0
286
0
288
1
289
3
290
0
340
4C
371
-2
372
-2
  0
DIMSTYLE
105
7F
330
4
100
AcDbSymbolTableRecord
100
AcDbDimStyleTableRecord
  2
EZ_M_20_H25_CM
 70
0
 40
1.0
 41
0.05
 42
0.025
 43
3.75
 44
0.07500000000000001
 45
0.0
 46
0.0
 47
0.0
 48
0.0
 49
2.5
140
0.05
141
2.5
142
0.025
143
0.03937007874
144
100.0
145
0.0
146
0.5
147
0.020000000000000004
148
0.0
 69
0
 70
0
 71
0
 72
0
 73
0
 74
0
 75
0
 76
0
 77
1
 78
12
 79
3
170
0
171
3
172
1
173
0
174
0
175
0
176
0
177
0
178
0
179
2
271
2
272
2
273
2
274
3
275
0
276
0
277
2
278
46
279
2
280
0
281
0
282
0
283
0
284
8
285
0
286
0
288
1
289
3
290
0
340
4C
371
-2
372
-2
  0
DIMSTYLE
105
80
330
4
100
AcDbSymbolTableRecord
100
AcDbDimStyleTableRecord
  2
EZ_M_10_H25_CM
 70
0
 40
1.0
 41
0.025
 42
0.0125
 43
3.75
 44
0.037500000000000006
 45
0.0
 46
0.0
 47
0.0
 48
0.0
 49
2.5
140
0.025
141
2.5
142
0.0125
143
0.03937007874
144
100.0
145
0.0
146
0.5
147
0.010000000000000002
148
0.0
 69
0
 70
0
 71
0
 72
0
 73
0
 74
0
 75
0
 76
0
 77
1
 78
12
 79
3
170
0
171
3
172
1
173
0
174
0
175
0
176
0
177
0
178
0
179
2
271
2
272
2
273
2
274
3
275
0
276
0
277
2
278
46
279
2
280
0
281
0
282
0
283
0
284
8
285
0
286
0
288
1
289
3
290
0
340
4C
371
-2
372
-2
  0
DIMSTYLE
105
81
330
4
100
AcDbSymbolTableRecord
100
AcDbDimStyleTableRecord
  2
EZ_M_5_H25_CM
 70
0
 40
1.0
 41
0.0125
 42
0.00625
 43
3.75
 44
0.018750000000000003
 45
0.0
 46
0.0
 47
0.0
 48
0.0
 49
2.5
140
0.0125
141
2.5
142
0.00625
143
0.03937007874
144
100.0
145
0.0
146
0.5
147
0.005000000000000001
148
0.0
 69
0
 70
0
 71
0
 72
0
 73
0
 74
0
 75
0
 76
0
 77
1
 78
12
 79
3
170
0
171
3
172
1
173
0
174
0
175
0
176
0
177
0
178
0
179
2
271
2
272
2
273
2
274
3
275
0
276
0
277
2
278
46
279
2
280
0
281
0
282
0
283
0
284
8
285
0
286
0
288
1
289
3
290
0
340
4C
371
-2
372
-2
  0
DIMSTYLE
105
82
330
4
100
AcDbSymbolTableRecord
100
AcDbDimStyleTableRecord
  2
EZ_M_1_H25_CM
 70
0
 40
1.0
 41
0.0025
 42
0.00125
 43
3.75
 44
0.00375
 45
0.0
 46
0.0
 47
0.0
 48
0.0
 49
2.5
140
0.0025
141
2.5
142
0.00125
143
0.03937007874
144
100.0
145
0.0
146
0.5
147
0.001
148
0.0
 69
0
 70
0
 71
0
 72
0
 73
0
 74
0
 75
0
 76
0
 77
1
 78
12
 79
3
170
0
171
3
172
1
173
0
174
0
175
0
176
0
177
0
178
0
179
2
271
2
272
2
273
2
274
3
275
0
276
0
277
2
278
46
279
2
280
0
281
0
282
0
283
0
284
8
285
0
286
0
288
1
289
3
290
0
340
4C
371
-2
372
-2
  0
DIMSTYLE
105
83
330
4
100
AcDbSymbolTableRecord
100
AcDbDimStyleTableRecord
  2
EZ_RADIUS
 70
0
 40
1.0
 41
0.25
 42
0.125
 43
3.75
 44
0.375
 45
0.0
 46
0.0
 47
0.0
 48
0.0
 49
2.5
140
0.25
141
0.0
142
0.0
143
0.03937007874
144
100.0
145
0.0
146
0.5
147
0.1
148
0.0
 69
0
 70
0
 71
0
 72
0
 73
0
 74
0
 75
0
 76
0
 77
1
 78
12
 79
3
170
0
171
3
172
0
173
0
174
0
175
0
176
0
177
0
178
0
179
2
271
2
272
2
273
2
274
3
275
0
276
0
277
2
278
46
279
1
280
0
281
0
282
0
283
0
284
8
285
0
286
0
288
1
289
3
290
0
340
4C
342
84
371
-2
372
-2
  0
DIMSTYLE
105
88
330
4
100
AcDbSymbolTableRecord
100
AcDbDimStyleTableRecord
  2
EZ_RADIUS_INSIDE
 70
0
 40
1.0
 41
0.25
 42
0.125
 43
3.75
 44
0.375
 45
0.0
 46
0.0
 47
0.0
 48
0.0
 49
2.5
140
0.25
141
0.0
142
0.0
143
0.03937007874
144
100.0
145
0.0
146
0.5
147
0.1
148
0.0
 69
0
 70
0
 71
0
 72
0
 73
0
 74
0
 75
0
 76
0
 77
0
 78
12
 79
3
170
0
171
3
172
0
173
0
174
1
175
0
176
0
177
0
178
0
179
2
271
2
272
2
273
2
274
3
275
0
276
0
277
2
278
46
279
0
280
0
281
0
282
0
283
0
284
8
285
0
286
0
288
1
289
0
290
0
340
4C
342
84
371
-2
372
-2
  0
DIMSTYLE
105
89
330
4
100
AcDbSymbolTableRecord
100
AcDbDimStyleTableRecord
  2
EZ_CURVED
 70
0
 40
1.0
 41
0.25
 42
0.125
 43
3.75
 44
0.375
 45
0.0
 46
0.0
 47
0.0
 48
0.0
 49
2.5
140
0.25
141
2.5
142
0.0
143
0.03937007874
144
100.0
145
0.0
146
0.5
147
0.1
148
0.0
 69
0
 70
0
 71
0
 72
0
 73
0
 74
0
 75
0
 76
0
 77
1
 78
12
 79
2
 90
2
170
0
171
3
172
1
173
0
174
0
175
0
176
0
177
0
178
0
179
2
271
2
272
2
273
2
274
3
275
0
276
0
277
2
278
46
279
2
280
0
281
0
282
0
283
0
284
8
285
0
286
0
288
1
289
3
290
0
340
4C
371
-2
372
-2
  0
ENDTAB
  0
TABLE
  2
BLOCK_RECORD
  5
9
330
0
100
AcDbSymbolTable
 70
5
  0
BLOCK_RECORD
  5
17
330
9
100
AcDbSymbolTableRecord
100
AcDbBlockTableRecord
  2
*Model_Space
340
1A
 70
0
280
1
281
0
  0
BLOCK_RECORD
  5
1B
330
9
100
AcDbSymbolTableRecord
100
AcDbBlockTableRecord
  2
*Paper_Space
340
1E
 70
0
280
1
281
0
  0
BLOCK_RECORD
  5
74
330
9
100
AcDbSymbolTableRecord
100
AcDbBlockTableRecord
  2
_ARCHTICK
340
0
 70
0
280
1
281
0
  0
BLOCK_RECORD
  5
78
330
9
100
AcDbSymbolTableRecord
100
AcDbBlockTableRecord
  2
_CLOSEDFILLED
340
0
 70
0
280
1
281
0
  0
BLOCK_RECORD
  5
84
330
9
100
AcDbSymbolTableRecord
100
AcDbBlockTableRecord
  2
_CLOSEDBLANK
340
0
 70
0
280
1
281
0
  0
ENDTAB
  0
ENDSEC
  0
SECTION
  2
BLOCKS
  0
BLOCK
  5
18
330
17
100
AcDbEntity
  8
0
100
AcDbBlockBegin
  2
*Model_Space
 70
0
 10
0.0
 20
0.0
 30
0.0
  3
*Model_Space
  1

  0
ENDBLK
  5
19
330
17
100
AcDbEntity
  8
0
100
AcDbBlockEnd
  0
BLOCK
  5
1C
330
1B
100
AcDbEntity
  8
0
100
AcDbBlockBegin
  2
*Paper_Space
 70
0
 10
0.0
 20
0.0
 30
0.0
  3
*Paper_Space
  1

  0
ENDBLK
  5
1D
330
1B
100
AcDbEntity
  8
0
100
AcDbBlockEnd
  0
BLOCK
  5
75
330
74
100
AcDbEntity
  8
0
100
AcDbBlockBegin
  2
_ARCHTICK
 70
0
 10
0.0
 20
0.0
 30
0.0
  3
_ARCHTICK
  1

  0
LWPOLYLINE
  5
77
330
74
100
AcDbEntity
  8
0
  6
BYBLOCK
 62
0
100
AcDbPolyline
 90
2
 70
0
 43
0.15
 10
-0.5
 20
-0.5
 10
0.5
 20
0.5
  0
ENDBLK
  5
76
330
74
100
AcDbEntity
  8
0
100
AcDbBlockEnd
  0
BLOCK
  5
79
330
78
100
AcDbEntity
  8
0
100
AcDbBlockBegin
  2
_CLOSEDFILLED
 70
0
 10
0.0
 20
0.0
 30
0.0
  3
_CLOSEDFILLED
  1

  0
SOLID
  5
7B
330
78
100
AcDbEntity
  8
0
  6
BYBLOCK
 62
0
100
AcDbTrace
 10
-1.0
 20
0.16439898372402537
 30
0.0
 11
0.0
 21
0.0
 31
0.0
 12
-1.0
 22
-0.16439898372402537
 32
0.0
 13
-1.0
 23
-0.16439898372402537
 33
0.0
  0
ENDBLK
  5
7A
330
78
100
AcDbEntity
  8
0
100
AcDbBlockEnd
  0
BLOCK
  5
85
330
84
100
AcDbEntity
  8
0
100
AcDbBlockBegin
  2
_CLOSEDBLANK
 70
0
 10
0.0
 20
0.0
 30
0.0
  3
_CLOSEDBLANK
  1

  0
LWPOLYLINE
  5
87
330
84
100
AcDbEntity
  8
0
  6
BYBLOCK
 62
0
100
AcDbPolyline
 90
3
 70
1
 10
-1.0
 20
0.16439898372402537
 10
0.0
 20
0.0
 10
-1.0
 20
-0.16439898372402537
  0
ENDBLK
  5
86
330
84
100
AcDbEntity
  8
0
100
AcDbBlockEnd
  0
ENDSEC
  0
SECTION
  2
ENTITIES
  0
POLYLINE
  5
8B
330
17
100
AcDbEntity
  8
RBAR-T20-G
100
AcDb3dPolyline
 66
1
 10
0.0
 20
0.0
 30
0.0
 70
8
  0
VERTEX
  5
8D
330
17
100
AcDbEntity
  8
RBAR-T20-G
100
AcDbVertex
100
AcDb3dPolylineVertex
 10
40.0
 20
40.0
 30
0.0
 70
32
  0
VERTEX
  5
8E
330
17
100
AcDbEntity
  8
RBAR-T20-G
100
AcDbVertex
100
AcDb3dPolylineVertex
 10
2065.0
 20
40.0
 30
0.0
 70
32
  0
SEQEND
  5
8C
330
8B
100
AcDbEntity
  8
RBAR-T20-G
  0
POLYLINE
  5
8F
330
17
100
AcDbEntity
  8
RBAR-T20-G
100
AcDb3dPolyline
 66
1
 10
0.0
 20
0.0
 30
0.0
 70
8
  0
VERTEX
  5
91
330
17
100
AcDbEntity
  8
RBAR-T20-G
100
AcDbVertex
100
AcDb3dPolylineVertex
 10
40.0
 20
40.0
 30
0.0
 70
32
  0
VERTEX
  5
92
330
17
100
AcDbEntity
  8
RBAR-T20-G
100
AcDbVertex
100
AcDb3dPolylineVertex
 10
2065.0
 20
40.0
 30
0.0
 70
32
  0
SEQEND
  5
90
330
8F
100
AcDbEntity
  8
RBAR-T20-G
  0
POLYLINE
  5
93
330
17
100
AcDbEntity
  8
RBAR-T20-G
100
AcDb3dPolyline
 66
1
 10
0.0
 20
0.0
 30
0.0
 70
8
  0
VERTEX
  5
95
330
17
100
AcDbEntity
  8
RBAR-T20-G
100
AcDbVertex
100
AcDb3dPolylineVertex
 10
40.0
 20
40.0
 30
0.0
 70
32
  0
VERTEX
  5
96
330
17
100
AcDbEntity
  8
RBAR-T20-G
100
AcDbVertex
100
AcDb3dPolylineVertex
 10
2065.0
 20
40.0
 30
0.0
 70
32
  0
SEQEND
  5
94
330
93
100
AcDbEntity
  8
RBAR-T20-G
  0
POLYLINE
  5
98
330
17
100
AcDbEntity
  8
RBAR-T16-F1
100
AcDb3dPolyline
 66
1
 10
0.0
 20
0.0
 30
0.0
 70
8
  0
VERTEX
  5
9A
330
17
100
AcDbEntity
  8
RBAR-T16-F1
100
AcDbVertex
100
AcDb3dPolylineVertex
 10
1362.6
 20
38.0
 30
106.0
 70
32
  0
VERTEX
  5
9B
330
17
100
AcDbEntity
  8
RBAR-T16-F1
100
AcDbVertex
100
AcDb3dPolylineVertex
 10
2122.5
 20
38.0
 30
106.0
 70
32
  0
VERTEX
  5
9C
330
17
100
AcDbEntity
  8
RBAR-T16-F1
100
AcDbVertex
100
AcDb3dPolylineVertex
 10
2128.7
 20
38.0
 30
106.6
 70
32
  0
VERTEX
  5
9D
330
17
100
AcDbEntity
  8
RBAR-T16-F1
100
AcDbVertex
100
AcDb3dPolylineVertex
 10
2134.7
 20
38.0
 30
108.4
 70
32
  0
VERTEX
  5
9E
330
17
100
AcDbEntity
  8
RBAR-T16-F1
100
AcDbVertex
100
AcDb3dPolylineVertex
 10
2140.3
 20
38.0
 30
111.4
 70
32
  0
VERTEX
  5
9F
330
17
100
AcDbEntity
  8
RBAR-T16-F1
100
AcDbVertex
100
AcDb3dPolylineVertex
 10
2145.1
 20
38.0
 30
115.4
 70
32
  0
VERTEX
  5
A0
330
17
100
AcDbEntity
  8
RBAR-T16-F1
100
AcDbVertex
100
AcDb3dPolylineVertex
 10
2149.1
 20
38.0
 30
120.2
 70
32
  0
VERTEX
  5
A1
330
17
100
AcDbEntity
  8
RBAR-T16-F1
100
AcDbVertex
100
AcDb3dPolylineVertex
 10
2152.1
 20
38.0
 30
125.8
 70
32
  0
VERTEX
  5
A2
330
17
100
AcDbEntity
  8
RBAR-T16-F1
100
AcDbVertex
100
AcDb3dPolylineVertex
 10
2153.9
 20
38.0
 30
131.8
 70
32
  0
VERTEX
  5
A3
330
17
100
AcDbEntity
  8
RBAR-T16-F1
100
AcDbVertex
100
AcDb3dPolylineVertex
 10
2154.5
 20
38.0
 30
138.0
 70
32
  0
VERTEX
  5
A4
330
17
100
AcDbEntity
  8
RBAR-T16-F1
100
AcDbVertex
100
AcDb3dPolylineVertex
 10
2154.5
 20
38.0
 30
2092.8
 70
32
  0
VERTEX
  5
A5
330
17
100
AcDbEntity
  8
RBAR-T16-F1
100
AcDbVertex
100
AcDb3dPolylineVertex
 10
2153.9
 20
38.0
 30
2099.0
 70
32
  0
VERTEX
  5
A6
330
17
100
AcDbEntity
  8
RBAR-T16-F1
100
AcDbVertex
100
AcDb3dPolylineVertex
 10
2152.1
 20
38.0
 30
2105.0
 70
32
  0
VERTEX
  5
A7
330
17
100
AcDbEntity
  8
RBAR-T16-F1
100
AcDbVertex
100
AcDb3dPolylineVertex
 10
2149.1
 20
38.0
 30
2110.6
 70
32
  0
VERTEX
  5
A8
330
17
100
AcDbEntity
  8
RBAR-T16-F1
100
AcDbVertex
100
AcDb3dPolylineVertex
 10
2145.1
 20
38.0
 30
2115.4
 70
32
  0
VERTEX
  5
A9
330
17
100
AcDbEntity
  8
RBAR-T16-F1
100
AcDbVertex
100
AcDb3dPolylineVertex
 10
2140.3
 20
38.0
 30
2119.4
 70
32
  0
VERTEX
  5
AA
330
17
100
AcDbEntity
  8
RBAR-T16-F1
100
AcDbVertex
100
AcDb3dPolylineVertex
 10
2134.7
 20
38.0
 30
2122.4
 70
32
  0
VERTEX
  5
AB
330
17
100
AcDbEntity
  8
RBAR-T16-F1
100
AcDbVertex
100
AcDb3dPolylineVertex
 10
2128.7
 20
38.0
 30
2124.2
 70
32
  0
VERTEX
  5
AC
330
17
100
AcDbEntity
  8
RBAR-T16-F1
100
AcDbVertex
100
AcDb3dPolylineVertex
 10
2122.5
 20
38.0
 30
2124.8
 70
32
  0
VERTEX
  5
AD
330
17
100
AcDbEntity
  8
RBAR-T16-F1
100
AcDbVertex
100
AcDb3dPolylineVertex
 10
1362.6
 20
38.0
 30
2124.8
 70
32
  0
SEQEND
  5
99
330
98
100
AcDbEntity
  8
RBAR-T16-F1
  0
POLYLINE
  5
AE
330
17
100
AcDbEntity
  8
RBAR-T16-F1
100
AcDb3dPolyline
 66
1
 10
0.0
 20
0.0
 30
0.0
 70
8
  0
VERTEX
  5
B0
330
17
100
AcDbEntity
  8
RBAR-T16-F1
100
AcDbVertex
100
AcDb3dPolylineVertex
 10
1324.6
 20
38.0
 30
0.0
 70
32
  0
VERTEX
  5
B1
330
17
100
AcDbEntity
  8
RBAR-T16-F1
100
AcDbVertex
100
AcDb3dPolylineVertex
 10
2084.5
 20
38.0
 30
0.0
 70
32
  0
VERTEX
  5
B2
330
17
100
AcDbEntity
  8
RBAR-T16-F1
100
AcDbVertex
100
AcDb3dPolylineVertex
 10
2090.7
 20
38.0
 30
0.6
 70
32
  0
VERTEX
  5
B3
330
17
100
AcDbEntity
  8
RBAR-T16-F1
100
AcDbVertex
100
AcDb3dPolylineVertex
 10
2096.7
 20
38.0
 30
2.4
 70
32
  0
VERTEX
  5
B4
330
17
100
AcDbEntity
  8
RBAR-T16-F1
100
AcDbVertex
100
AcDb3dPolylineVertex
 10
2102.3
 20
38.0
 30
5.4
 70
32
  0
VERTEX
  5
B5
330
17
100
AcDbEntity
  8
RBAR-T16-F1
100
AcDbVertex
100
AcDb3dPolylineVertex
 10
2107.1
 20
38.0
 30
9.4
 70
32
  0
VERTEX
  5
B6
330
17
100
AcDbEntity
  8
RBAR-T16-F1
100
AcDbVertex
100
AcDb3dPolylineVertex
 10
2111.1
 20
38.0
 30
14.2
 70
32
  0
VERTEX
  5
B7
330
17
100
AcDbEntity
  8
RBAR-T16-F1
100
AcDbVertex
100
AcDb3dPolylineVertex
 10
2114.1
 20
38.0
 30
19.8
 70
32
  0
VERTEX
  5
B8
330
17
100
AcDbEntity
  8
RBAR-T16-F1
100
AcDbVertex
100
AcDb3dPolylineVertex
 10
2115.9
 20
38.0
 30
25.8
 70
32
  0
VERTEX
  5
B9
330
17
100
AcDbEntity
  8
RBAR-T16-F1
100
AcDbVertex
100
AcDb3dPolylineVertex
 10
2116.5
 20
38.0
 30
32.0
 70
32
  0
VERTEX
  5
BA
330
17
100
AcDbEntity
  8
RBAR-T16-F1
100
AcDbVertex
100
AcDb3dPolylineVertex
 10
2116.5
 20
38.0
 30
1986.8
 70
32
  0
VERTEX
  5
BB
330
17
100
AcDbEntity
  8
RBAR-T16-F1
100
AcDbVertex
100
AcDb3dPolylineVertex
 10
2115.9
 20
38.0
 30
1993.0
 70
32
  0
VERTEX
  5
BC
330
17
100
AcDbEntity
  8
RBAR-T16-F1
100
AcDbVertex
100
AcDb3dPolylineVertex
 10
2114.1
 20
38.0
 30
1999.0
 70
32
  0
VERTEX
  5
BD
330
17
100
AcDbEntity
  8
RBAR-T16-F1
100
AcDbVertex
100
AcDb3dPolylineVertex
 10
2111.1
 20
38.0
 30
2004.6
 70
32
  0
VERTEX
  5
BE
330
17
100
AcDbEntity
  8
RBAR-T16-F1
100
AcDbVertex
100
AcDb3dPolylineVertex
 10
2107.1
 20
38.0
 30
2009.4
 70
32
  0
VERTEX
  5
BF
330
17
100
AcDbEntity
  8
RBAR-T16-F1
100
AcDbVertex
100
AcDb3dPolylineVertex
 10
2102.3
 20
38.0
 30
2013.4
 70
32
  0
VERTEX
  5
C0
330
17
100
AcDbEntity
  8
RBAR-T16-F1
100
AcDbVertex
100
AcDb3dPolylineVertex
 10
2096.7
 20
38.0
 30
2016.4
 70
32
  0
VERTEX
  5
C1
330
17
100
AcDbEntity
  8
RBAR-T16-F1
100
AcDbVertex
100
AcDb3dPolylineVertex
 10
2090.7
 20
38.0
 30
2018.2
 70
32
  0
VERTEX
  5
C2
330
17
100
AcDbEntity
  8
RBAR-T16-F1
100
AcDbVertex
100
AcDb3dPolylineVertex
 10
2084.5
 20
38.0
 30
2018.8
 70
32
  0
VERTEX
  5
C3
330
17
100
AcDbEntity
  8
RBAR-T16-F1
100
AcDbVertex
100
AcDb3dPolylineVertex
 10
1324.6
 20
38.0
 30
2018.8
 70
32
  0
SEQEND
  5
AF
330
AE
100
AcDbEntity
  8
RBAR-T16-F1
  0
POLYLINE
  5
C5
330
17
100
AcDbEntity
  8
RBAR-T16-F
100
AcDb3dPolyline
 66
1
 10
0.0
 20
0.0
 30
0.0
 70
8
  0
VERTEX
  5
C7
330
17
100
AcDbEntity
  8
RBAR-T16-F
100
AcDbVertex
100
AcDb3dPolylineVertex
 10
141.6
 20
38.0
 30
0.0
 70
32
  0
VERTEX
  5
C8
330
17
100
AcDbEntity
  8
RBAR-T16-F
100
AcDbVertex
100
AcDb3dPolylineVertex
 10
899.4
 20
38.0
 30
0.0
 70
32
  0
VERTEX
  5
C9
330
17
100
AcDbEntity
  8
RBAR-T16-F
100
AcDbVertex
100
AcDb3dPolylineVertex
 10
905.6
 20
38.0
 30
0.6
 70
32
  0
VERTEX
  5
CA
330
17
100
AcDbEntity
  8
RBAR-T16-F
100
AcDbVertex
100
AcDb3dPolylineVertex
 10
911.6
 20
38.0
 30
2.4
 70
32
  0
VERTEX
  5
CB
330
17
100
AcDbEntity
  8
RBAR-T16-F
100
AcDbVertex
100
AcDb3dPolylineVertex
 10
917.1
 20
38.0
 30
5.4
 70
32
  0
VERTEX
  5
CC
330
17
100
AcDbEntity
  8
RBAR-T16-F
100
AcDbVertex
100
AcDb3dPolylineVertex
 10
921.9
 20
38.0
 30
9.3
 70
32
  0
VERTEX
  5
CD
330
17
100
AcDbEntity
  8
RBAR-T16-F
100
AcDbVertex
100
AcDb3dPolylineVertex
 10
925.9
 20
38.0
 30
14.2
 70
32
  0
VERTEX
  5
CE
330
17
100
AcDbEntity
  8
RBAR-T16-F
100
AcDbVertex
100
AcDb3dPolylineVertex
 10
928.9
 20
38.0
 30
19.7
 70
32
  0
VERTEX
  5
CF
330
17
100
AcDbEntity
  8
RBAR-T16-F
100
AcDbVertex
100
AcDb3dPolylineVertex
 10
930.7
 20
38.0
 30
25.7
 70
32
  0
VERTEX
  5
D0
330
17
100
AcDbEntity
  8
RBAR-T16-F
100
AcDbVertex
100
AcDb3dPolylineVertex
 10
931.3
 20
38.0
 30
31.9
 70
32
  0
VERTEX
  5
D1
330
17
100
AcDbEntity
  8
RBAR-T16-F
100
AcDbVertex
100
AcDb3dPolylineVertex
 10
931.3
 20
38.0
 30
1941.3
 70
32
  0
VERTEX
  5
D2
330
17
100
AcDbEntity
  8
RBAR-T16-F
100
AcDbVertex
100
AcDb3dPolylineVertex
 10
930.7
 20
38.0
 30
1947.5
 70
32
  0
VERTEX
  5
D3
330
17
100
AcDbEntity
  8
RBAR-T16-F
100
AcDbVertex
100
AcDb3dPolylineVertex
 10
928.9
 20
38.0
 30
1953.5
 70
32
  0
VERTEX
  5
D4
330
17
100
AcDbEntity
  8
RBAR-T16-F
100
AcDbVertex
100
AcDb3dPolylineVertex
 10
925.9
 20
38.0
 30
1959.0
 70
32
  0
VERTEX
  5
D5
330
17
100
AcDbEntity
  8
RBAR-T16-F
100
AcDbVertex
100
AcDb3dPolylineVertex
 10
921.9
 20
38.0
 30
1963.9
 70
32
  0
VERTEX
  5
D6
330
17
100
AcDbEntity
  8
RBAR-T16-F
100
AcDbVertex
100
AcDb3dPolylineVertex
 10
917.1
 20
38.0
 30
1967.8
 70
32
  0
VERTEX
  5
D7
330
17
100
AcDbEntity
  8
RBAR-T16-F
100
AcDbVertex
100
AcDb3dPolylineVertex
 10
911.6
 20
38.0
 30
1970.8
 70
32
  0
VERTEX
  5
D8
330
17
100
AcDbEntity
  8
RBAR-T16-F
100
AcDbVertex
100
AcDb3dPolylineVertex
 10
905.6
 20
38.0
 30
1972.6
 70
32
  0
VERTEX
  5
D9
330
17
100
AcDbEntity
  8
RBAR-T16-F
100
AcDbVertex
100
AcDb3dPolylineVertex
 10
899.4
 20
38.0
 30
1973.2
 70
32
  0
VERTEX
  5
DA
330
17
100
AcDbEntity
  8
RBAR-T16-F
100
AcDbVertex
100
AcDb3dPolylineVertex
 10
141.6
 20
38.0
 30
1973.2
 70
32
  0
SEQEND
  5
C6
330
C5
100
AcDbEntity
  8
RBAR-T16-F
  0
POLYLINE
  5
DB
330
17
100
AcDbEntity
  8
RBAR-T16-F
100
AcDb3dPolyline
 66
1
 10
0.0
 20
0.0
 30
0.0
 70
8
  0
VERTEX
  5
DD
330
17
100
AcDbEntity
  8
RBAR-T16-F
100
AcDbVertex
100
AcDb3dPolylineVertex
 10
1326.8
 20
38.0
 30
0.0
 70
32
  0
VERTEX
  5
DE
330
17
100
AcDbEntity
  8
RBAR-T16-F
100
AcDbVertex
100
AcDb3dPolylineVertex
 10
2084.6
 20
38.0
 30
0.0
 70
32
  0
VERTEX
  5
DF
330
17
100
AcDbEntity
  8
RBAR-T16-F
100
AcDbVertex
100
AcDb3dPolylineVertex
 10
2090.8
 20
38.0
 30
0.6
 70
32
  0
VERTEX
  5
E0
330
17
100
AcDbEntity
  8
RBAR-T16-F
100
AcDbVertex
100
AcDb3dPolylineVertex
 10
2096.8
 20
38.0
 30
2.4
 70
32
  0
VERTEX
  5
E1
330
17
100
AcDbEntity
  8
RBAR-T16-F
100
AcDbVertex
100
AcDb3dPolylineVertex
 10
2102.3
 20
38.0
 30
5.4
 70
32
  0
VERTEX
  5
E2
330
17
100
AcDbEntity
  8
RBAR-T16-F
100
AcDbVertex
100
AcDb3dPolylineVertex
 10
2107.2
 20
38.0
 30
9.3
 70
32
  0
VERTEX
  5
E3
330
17
100
AcDbEntity
  8
RBAR-T16-F
100
AcDbVertex
100
AcDb3dPolylineVertex
 10
2111.1
 20
38.0
 30
14.2
 70
32
  0
VERTEX
  5
E4
330
17
100
AcDbEntity
  8
RBAR-T16-F
100
AcDbVertex
100
AcDb3dPolylineVertex
 10
2114.1
 20
38.0
 30
19.7
 70
32
  0
VERTEX
  5
E5
330
17
100
AcDbEntity
  8
RBAR-T16-F
100
AcDbVertex
100
AcDb3dPolylineVertex
 10
2115.9
 20
38.0
 30
25.7
 70
32
  0
VERTEX
  5
E6
330
17
100
AcDbEntity
  8
RBAR-T16-F
100
AcDbVertex
100
AcDb3dPolylineVertex
 10
2116.5
 20
38.0
 30
31.9
 70
32
  0
VERTEX
  5
E7
330
17
100
AcDbEntity
  8
RBAR-T16-F
100
AcDbVertex
100
AcDb3dPolylineVertex
 10
2116.5
 20
38.0
 30
1941.3
 70
32
  0
VERTEX
  5
E8
330
17
100
AcDbEntity
  8
RBAR-T16-F
100
AcDbVertex
100
AcDb3dPolylineVertex
 10
2115.9
 20
38.0
 30
1947.5
 70
32
  0
VERTEX
  5
E9
330
17
100
AcDbEntity
  8
RBAR-T16-F
100
AcDbVertex
100
AcDb3dPolylineVertex
 10
2114.1
 20
38.0
 30
1953.5
 70
32
  0
VERTEX
  5
EA
330
17
100
AcDbEntity
  8
RBAR-T16-F
100
AcDbVertex
100
AcDb3dPolylineVertex
 10
2111.1
 20
38.0
 30
1959.0
 70
32
  0
VERTEX
  5
EB
330
17
100
AcDbEntity
  8
RBAR-T16-F
100
AcDbVertex
100
AcDb3dPolylineVertex
 10
2107.2
 20
38.0
 30
1963.9
 70
32
  0
VERTEX
  5
EC
330
17
100
AcDbEntity
  8
RBAR-T16-F
100
AcDbVertex
100
AcDb3dPolylineVertex
 10
2102.3
 20
38.0
 30
1967.8
 70
32
  0
VERTEX
  5
ED
330
17
100
AcDbEntity
  8
RBAR-T16-F
100
AcDbVertex
100
AcDb3dPolylineVertex
 10
2096.8
 20
38.0
 30
1970.8
 70
32
  0
VERTEX
  5
EE
330
17
100
AcDbEntity
  8
RBAR-T16-F
100
AcDbVertex
100
AcDb3dPolylineVertex
 10
2090.8
 20
38.0
 30
1972.6
 70
32
  0
VERTEX
  5
EF
330
17
100
AcDbEntity
  8
RBAR-T16-F
100
AcDbVertex
100
AcDb3dPolylineVertex
 10
2084.6
 20
38.0
 30
1973.2
 70
32
  0
VERTEX
  5
F0
330
17
100
AcDbEntity
  8
RBAR-T16-F
100
AcDbVertex
100
AcDb3dPolylineVertex
 10
1326.8
 20
38.0
 30
1973.2
 70
32
  0
SEQEND
  5
DC
330
DB
100
AcDbEntity
  8
RBAR-T16-F
  0
POLYLINE
  5
F2
330
17
100
AcDbEntity
  8
RBAR-T16-E
100
AcDb3dPolyline
 66
1
 10
0.0
 20
0.0
 30
0.0
 70
8
  0
VERTEX
  5
F4
330
17
100
AcDbEntity
  8
RBAR-T16-E
100
AcDbVertex
100
AcDb3dPolylineVertex
 10
99.0
 20
48.2
 30
38.0
 70
32
  0
VERTEX
  5
F5
330
17
100
AcDbEntity
  8
RBAR-T16-E
100
AcDbVertex
100
AcDb3dPolylineVertex
 10
99.0
 20
48.2
 30
5038.0
 70
32
  0
SEQEND
  5
F3
330
F2
100
AcDbEntity
  8
RBAR-T16-E
  0
POLYLINE
  5
F6
330
17
100
AcDbEntity
  8
RBAR-T16-E
100
AcDb3dPolyline
 66
1
 10
0.0
 20
0.0
 30
0.0
 70
8
  0
VERTEX
  5
F8
330
17
100
AcDbEntity
  8
RBAR-T16-E
100
AcDbVertex
100
AcDb3dPolylineVertex
 10
99.0
 20
152.0
 30
38.0
 70
32
  0
VERTEX
  5
F9
330
17
100
AcDbEntity
  8
RBAR-T16-E
100
AcDbVertex
100
AcDb3dPolylineVertex
 10
99.0
 20
152.0
 30
5038.0
 70
32
  0
SEQEND
  5
F7
330
F6
100
AcDbEntity
  8
RBAR-T16-E
  0
POLYLINE
  5
FA
330
17
100
AcDbEntity
  8
RBAR-T16-E
100
AcDb3dPolyline
 66
1
 10
0.0
 20
0.0
 30
0.0
 70
8
  0
VERTEX
  5
FC
330
17
100
AcDbEntity
  8
RBAR-T16-E
100
AcDbVertex
100
AcDb3dPolylineVertex
 10
2095.2
 20
48.2
 30
57.0
 70
32
  0
VERTEX
  5
FD
330
17
100
AcDbEntity
  8
RBAR-T16-E
100
AcDbVertex
100
AcDb3dPolylineVertex
 10
2095.2
 20
48.2
 30
5057.0
 70
32
  0
SEQEND
  5
FB
330
FA
100
AcDbEntity
  8
RBAR-T16-E
  0
POLYLINE
  5
FE
330
17
100
AcDbEntity
  8
RBAR-T16-E
100
AcDb3dPolyline
 66
1
 10
0.0
 20
0.0
 30
0.0
 70
8
  0
VERTEX
  5
100
330
17
100
AcDbEntity
  8
RBAR-T16-E
100
AcDbVertex
100
AcDb3dPolylineVertex
 10
2095.2
 20
152.0
 30
57.0
 70
32
  0
VERTEX
  5
101
330
17
100
AcDbEntity
  8
RBAR-T16-E
100
AcDbVertex
100
AcDb3dPolylineVertex
 10
2095.2
 20
152.0
 30
5057.0
 70
32
  0
SEQEND
  5
FF
330
FE
100
AcDbEntity
  8
RBAR-T16-E
  0
POLYLINE
  5
103
330
17
100
AcDbEntity
  8
RBAR-T12-D1
100
AcDb3dPolyline
 66
1
 10
0.0
 20
0.0
 30
0.0
 70
8
  0
VERTEX
  5
105
330
17
100
AcDbEntity
  8
RBAR-T12-D1
100
AcDbVertex
100
AcDb3dPolylineVertex
 10
36.0
 20
121.7
 30
0.0
 70
32
  0
VERTEX
  5
106
330
17
100
AcDbEntity
  8
RBAR-T12-D1
100
AcDbVertex
100
AcDb3dPolylineVertex
 10
2011.0
 20
121.7
 30
0.0
 70
32
  0
SEQEND
  5
104
330
103
100
AcDbEntity
  8
RBAR-T12-D1
  0
POLYLINE
  5
107
330
17
100
AcDbEntity
  8
RBAR-T12-D1
100
AcDb3dPolyline
 66
1
 10
0.0
 20
0.0
 30
0.0
 70
8
  0
VERTEX
  5
109
330
17
100
AcDbEntity
  8
RBAR-T12-D1
100
AcDbVertex
100
AcDb3dPolylineVertex
 10
36.0
 20
140.0
 30
0.0
 70
32
  0
VERTEX
  5
10A
330
17
100
AcDbEntity
  8
RBAR-T12-D1
100
AcDbVertex
100
AcDb3dPolylineVertex
 10
2011.0
 20
140.0
 30
0.0
 70
32
  0
SEQEND
  5
108
330
107
100
AcDbEntity
  8
RBAR-T12-D1
  0
POLYLINE
  5
10C
330
17
100
AcDbEntity
  8
RBAR-T12-D
100
AcDb3dPolyline
 66
1
 10
0.0
 20
0.0
 30
0.0
 70
8
  0
VERTEX
  5
10E
330
17
100
AcDbEntity
  8
RBAR-T12-D
100
AcDbVertex
100
AcDb3dPolylineVertex
 10
36.0
 20
0.0
 30
0.0
 70
32
  0
VERTEX
  5
10F
330
17
100
AcDbEntity
  8
RBAR-T12-D
100
AcDbVertex
100
AcDb3dPolylineVertex
 10
1911.0
 20
0.0
 30
0.0
 70
32
  0
SEQEND
  5
10D
330
10C
100
AcDbEntity
  8
RBAR-T12-D
  0
POLYLINE
  5
110
330
17
100
AcDbEntity
  8
RBAR-T12-D
100
AcDb3dPolyline
 66
1
 10
0.0
 20
0.0
 30
0.0
 70
8
  0
VERTEX
  5
112
330
17
100
AcDbEntity
  8
RBAR-T12-D
100
AcDbVertex
100
AcDb3dPolylineVertex
 10
36.0
 20
0.0
 30
0.0
 70
32
  0
VERTEX
  5
113
330
17
100
AcDbEntity
  8
RBAR-T12-D
100
AcDbVertex
100
AcDb3dPolylineVertex
 10
1911.0
 20
0.0
 30
0.0
 70
32
  0
SEQEND
  5
111
330
110
100
AcDbEntity
  8
RBAR-T12-D
  0
POLYLINE
  5
114
330
17
100
AcDbEntity
  8
RBAR-T12-D
100
AcDb3dPolyline
 66
1
 10
0.0
 20
0.0
 30
0.0
 70
8
  0
VERTEX
  5
116
330
17
100
AcDbEntity
  8
RBAR-T12-D
100
AcDbVertex
100
AcDb3dPolylineVertex
 10
243.5
 20
121.7
 30
0.0
 70
32
  0
VERTEX
  5
117
330
17
100
AcDbEntity
  8
RBAR-T12-D
100
AcDbVertex
100
AcDb3dPolylineVertex
 10
2118.5
 20
121.7
 30
0.0
 70
32
  0
SEQEND
  5
115
330
114
100
AcDbEntity
  8
RBAR-T12-D
  0
POLYLINE
  5
119
330
17
100
AcDbEntity
  8
RBAR-T8-C
100
AcDb3dPolyline
 66
1
 10
0.0
 20
0.0
 30
0.0
 70
8
  0
VERTEX
  5
11B
330
17
100
AcDbEntity
  8
RBAR-T8-C
100
AcDbVertex
100
AcDb3dPolylineVertex
 10
1449.1
 20
34.0
 30
648.9
 70
32
  0
VERTEX
  5
11C
330
17
100
AcDbEntity
  8
RBAR-T8-C
100
AcDbVertex
100
AcDb3dPolylineVertex
 10
2016.0
 20
34.0
 30
648.9
 70
32
  0
VERTEX
  5
11D
330
17
100
AcDbEntity
  8
RBAR-T8-C
100
AcDbVertex
100
AcDb3dPolylineVertex
 10
2019.1
 20
34.0
 30
648.6
 70
32
  0
VERTEX
  5
11E
330
17
100
AcDbEntity
  8
RBAR-T8-C
100
AcDbVertex
100
AcDb3dPolylineVertex
 10
2022.2
 20
34.0
 30
647.7
 70
32
  0
VERTEX
  5
11F
330
17
100
AcDbEntity
  8
RBAR-T8-C
100
AcDbVertex
100
AcDb3dPolylineVertex
 10
2025.0
 20
34.0
 30
646.2
 70
32
  0
VERTEX
  5
120
330
17
100
AcDbEntity
  8
RBAR-T8-C
100
AcDbVertex
100
AcDb3dPolylineVertex
 10
2027.4
 20
34.0
 30
644.2
 70
32
  0
VERTEX
  5
121
330
17
100
AcDbEntity
  8
RBAR-T8-C
100
AcDbVertex
100
AcDb3dPolylineVertex
 10
2029.4
 20
34.0
 30
641.7
 70
32
  0
VERTEX
  5
122
330
17
100
AcDbEntity
  8
RBAR-T8-C
100
AcDbVertex
100
AcDb3dPolylineVertex
 10
2030.9
 20
34.0
 30
638.9
 70
32
  0
VERTEX
  5
123
330
17
100
AcDbEntity
  8
RBAR-T8-C
100
AcDbVertex
100
AcDb3dPolylineVertex
 10
2031.8
 20
34.0
 30
635.9
 70
32
  0
VERTEX
  5
124
330
17
100
AcDbEntity
  8
RBAR-T8-C
100
AcDbVertex
100
AcDb3dPolylineVertex
 10
2032.2
 20
34.0
 30
632.7
 70
32
  0
VERTEX
  5
125
330
17
100
AcDbEntity
  8
RBAR-T8-C
100
AcDbVertex
100
AcDb3dPolylineVertex
 10
2032.2
 20
34.0
 30
0.0
 70
32
  0
SEQEND
  5
11A
330
119
100
AcDbEntity
  8
RBAR-T8-C
  0
POLYLINE
  5
126
330
17
100
AcDbEntity
  8
RBAR-T8-C
100
AcDb3dPolyline
 66
1
 10
0.0
 20
0.0
 30
0.0
 70
8
  0
VERTEX
  5
128
330
17
100
AcDbEntity
  8
RBAR-T8-C
100
AcDbVertex
100
AcDb3dPolylineVertex
 10
1571.4
 20
34.0
 30
648.9
 70
32
  0
VERTEX
  5
129
330
17
100
AcDbEntity
  8
RBAR-T8-C
100
AcDbVertex
100
AcDb3dPolylineVertex
 10
2138.3
 20
34.0
 30
648.9
 70
32
  0
VERTEX
  5
12A
330
17
100
AcDbEntity
  8
RBAR-T8-C
100
AcDbVertex
100
AcDb3dPolylineVertex
 10
2141.5
 20
34.0
 30
648.6
 70
32
  0
VERTEX
  5
12B
330
17
100
AcDbEntity
  8
RBAR-T8-C
100
AcDbVertex
100
AcDb3dPolylineVertex
 10
2144.5
 20
34.0
 30
647.7
 70
32
  0
VERTEX
  5
12C
330
17
100
AcDbEntity
  8
RBAR-T8-C
100
AcDbVertex
100
AcDb3dPolylineVertex
 10
2147.3
 20
34.0
 30
646.2
 70
32
  0
VERTEX
  5
12D
330
17
100
AcDbEntity
  8
RBAR-T8-C
100
AcDbVertex
100
AcDb3dPolylineVertex
 10
2149.8
 20
34.0
 30
644.2
 70
32
  0
VERTEX
  5
12E
330
17
100
AcDbEntity
  8
RBAR-T8-C
100
AcDbVertex
100
AcDb3dPolylineVertex
 10
2151.8
 20
34.0
 30
641.7
 70
32
  0
VERTEX
  5
12F
330
17
100
AcDbEntity
  8
RBAR-T8-C
100
AcDbVertex
100
AcDb3dPolylineVertex
 10
2153.3
 20
34.0
 30
638.9
 70
32
  0
VERTEX
  5
130
330
17
100
AcDbEntity
  8
RBAR-T8-C
100
AcDbVertex
100
AcDb3dPolylineVertex
 10
2154.2
 20
34.0
 30
635.9
 70
32
  0
VERTEX
  5
131
330
17
100
AcDbEntity
  8
RBAR-T8-C
100
AcDbVertex
100
AcDb3dPolylineVertex
 10
2154.5
 20
34.0
 30
632.7
 70
32
  0
VERTEX
  5
132
330
17
100
AcDbEntity
  8
RBAR-T8-C
100
AcDbVertex
100
AcDb3dPolylineVertex
 10
2154.5
 20
34.0
 30
0.0
 70
32
  0
SEQEND
  5
127
330
126
100
AcDbEntity
  8
RBAR-T8-C
  0
POLYLINE
  5
133
330
17
100
AcDbEntity
  8
RBAR-T8-C
100
AcDb3dPolyline
 66
1
 10
0.0
 20
0.0
 30
0.0
 70
8
  0
VERTEX
  5
135
330
17
100
AcDbEntity
  8
RBAR-T8-C
100
AcDbVertex
100
AcDb3dPolylineVertex
 10
1571.4
 20
34.0
 30
5024.2
 70
32
  0
VERTEX
  5
136
330
17
100
AcDbEntity
  8
RBAR-T8-C
100
AcDbVertex
100
AcDb3dPolylineVertex
 10
2138.3
 20
34.0
 30
5024.2
 70
32
  0
VERTEX
  5
137
330
17
100
AcDbEntity
  8
RBAR-T8-C
100
AcDbVertex
100
AcDb3dPolylineVertex
 10
2141.5
 20
34.0
 30
5023.9
 70
32
  0
VERTEX
  5
138
330
17
100
AcDbEntity
  8
RBAR-T8-C
100
AcDbVertex
100
AcDb3dPolylineVertex
 10
2144.5
 20
34.0
 30
5023.0
 70
32
  0
VERTEX
  5
139
330
17
100
AcDbEntity
  8
RBAR-T8-C
100
AcDbVertex
100
AcDb3dPolylineVertex
 10
2147.3
 20
34.0
 30
5021.5
 70
32
  0
VERTEX
  5
13A
330
17
100
AcDbEntity
  8
RBAR-T8-C
100
AcDbVertex
100
AcDb3dPolylineVertex
 10
2149.8
 20
34.0
 30
5019.5
 70
32
  0
VERTEX
  5
13B
330
17
100
AcDbEntity
  8
RBAR-T8-C
100
AcDbVertex
100
AcDb3dPolylineVertex
 10
2151.8
 20
34.0
 30
5017.0
 70
32
  0
VERTEX
  5
13C
330
17
100
AcDbEntity
  8
RBAR-T8-C
100
AcDbVertex
100
AcDb3dPolylineVertex
 10
2153.3
 20
34.0
 30
5014.2
 70
32
  0
VERTEX
  5
13D
330
17
100
AcDbEntity
  8
RBAR-T8-C
100
AcDbVertex
100
AcDb3dPolylineVertex
 10
2154.2
 20
34.0
 30
5011.2
 70
32
  0
VERTEX
  5
13E
330
17
100
AcDbEntity
  8
RBAR-T8-C
100
AcDbVertex
100
AcDb3dPolylineVertex
 10
2154.5
 20
34.0
 30
5008.0
 70
32
  0
VERTEX
  5
13F
330
17
100
AcDbEntity
  8
RBAR-T8-C
100
AcDbVertex
100
AcDb3dPolylineVertex
 10
2154.5
 20
34.0
 30
4375.3
 70
32
  0
SEQEND
  5
134
330
133
100
AcDbEntity
  8
RBAR-T8-C
  0
POLYLINE
  5
140
330
17
100
AcDbEntity
  8
RBAR-T8-C
100
AcDb3dPolyline
 66
1
 10
0.0
 20
0.0
 30
0.0
 70
8
  0
VERTEX
  5
142
330
17
100
AcDbEntity
  8
RBAR-T8-C
100
AcDbVertex
100
AcDb3dPolylineVertex
 10
34.0
 20
34.0
 30
648.9
 70
32
  0
VERTEX
  5
143
330
17
100
AcDbEntity
  8
RBAR-T8-C
100
AcDbVertex
100
AcDb3dPolylineVertex
 10
600.9
 20
34.0
 30
648.9
 70
32
  0
VERTEX
  5
144
330
17
100
AcDbEntity
  8
RBAR-T8-C
100
AcDbVertex
100
AcDb3dPolylineVertex
 10
604.1
 20
34.0
 30
648.6
 70
32
  0
VERTEX
  5
145
330
17
100
AcDbEntity
  8
RBAR-T8-C
100
AcDbVertex
100
AcDb3dPolylineVertex
 10
607.1
 20
34.0
 30
647.7
 70
32
  0
VERTEX
  5
146
330
17
100
AcDbEntity
  8
RBAR-T8-C
100
AcDbVertex
100
AcDb3dPolylineVertex
 10
609.9
 20
34.0
 30
646.2
 70
32
  0
VERTEX
  5
147
330
17
100
AcDbEntity
  8
RBAR-T8-C
100
AcDbVertex
100
AcDb3dPolylineVertex
 10
612.4
 20
34.0
 30
644.2
 70
32
  0
VERTEX
  5
148
330
17
100
AcDbEntity
  8
RBAR-T8-C
100
AcDbVertex
100
AcDb3dPolylineVertex
 10
614.4
 20
34.0
 30
641.7
 70
32
  0
VERTEX
  5
149
330
17
100
AcDbEntity
  8
RBAR-T8-C
100
AcDbVertex
100
AcDb3dPolylineVertex
 10
615.9
 20
34.0
 30
638.9
 70
32
  0
VERTEX
  5
14A
330
17
100
AcDbEntity
  8
RBAR-T8-C
100
AcDbVertex
100
AcDb3dPolylineVertex
 10
616.8
 20
34.0
 30
635.9
 70
32
  0
VERTEX
  5
14B
330
17
100
AcDbEntity
  8
RBAR-T8-C
100
AcDbVertex
100
AcDb3dPolylineVertex
 10
617.1
 20
34.0
 30
632.7
 70
32
  0
VERTEX
  5
14C
330
17
100
AcDbEntity
  8
RBAR-T8-C
100
AcDbVertex
100
AcDb3dPolylineVertex
 10
617.1
 20
34.0
 30
0.0
 70
32
  0
SEQEND
  5
141
330
140
100
AcDbEntity
  8
RBAR-T8-C
  0
POLYLINE
  5
14D
330
17
100
AcDbEntity
  8
RBAR-T8-C
100
AcDb3dPolyline
 66
1
 10
0.0
 20
0.0
 30
0.0
 70
8
  0
VERTEX
  5
14F
330
17
100
AcDbEntity
  8
RBAR-T8-C
100
AcDbVertex
100
AcDb3dPolylineVertex
 10
785.7
 20
34.0
 30
2350.9
 70
32
  0
VERTEX
  5
150
330
17
100
AcDbEntity
  8
RBAR-T8-C
100
AcDbVertex
100
AcDb3dPolylineVertex
 10
1352.6
 20
34.0
 30
2350.9
 70
32
  0
VERTEX
  5
151
330
17
100
AcDbEntity
  8
RBAR-T8-C
100
AcDbVertex
100
AcDb3dPolylineVertex
 10
1355.8
 20
34.0
 30
2350.6
 70
32
  0
VERTEX
  5
152
330
17
100
AcDbEntity
  8
RBAR-T8-C
100
AcDbVertex
100
AcDb3dPolylineVertex
 10
1358.8
 20
34.0
 30
2349.7
 70
32
  0
VERTEX
  5
153
330
17
100
AcDbEntity
  8
RBAR-T8-C
100
AcDbVertex
100
AcDb3dPolylineVertex
 10
1361.6
 20
34.0
 30
2348.2
 70
32
  0
VERTEX
  5
154
330
17
100
AcDbEntity
  8
RBAR-T8-C
100
AcDbVertex
100
AcDb3dPolylineVertex
 10
1364.1
 20
34.0
 30
2346.2
 70
32
  0
VERTEX
  5
155
330
17
100
AcDbEntity
  8
RBAR-T8-C
100
AcDbVertex
100
AcDb3dPolylineVertex
 10
1366.1
 20
34.0
 30
2343.8
 70
32
  0
VERTEX
  5
156
330
17
100
AcDbEntity
  8
RBAR-T8-C
100
AcDbVertex
100
AcDb3dPolylineVertex
 10
1367.6
 20
34.0
 30
2340.9
 70
32
  0
VERTEX
  5
157
330
17
100
AcDbEntity
  8
RBAR-T8-C
100
AcDbVertex
100
AcDb3dPolylineVertex
 10
1368.5
 20
34.0
 30
2337.9
 70
32
  0
VERTEX
  5
158
330
17
100
AcDbEntity
  8
RBAR-T8-C
100
AcDbVertex
100
AcDb3dPolylineVertex
 10
1368.8
 20
34.0
 30
2334.8
 70
32
  0
VERTEX
  5
159
330
17
100
AcDbEntity
  8
RBAR-T8-C
100
AcDbVertex
100
AcDb3dPolylineVertex
 10
1368.8
 20
34.0
 30
1702.1
 70
32
  0
SEQEND
  5
14E
330
14D
100
AcDbEntity
  8
RBAR-T8-C
  0
POLYLINE
  5
15A
330
17
100
AcDbEntity
  8
RBAR-T8-C
100
AcDb3dPolyline
 66
1
 10
0.0
 20
0.0
 30
0.0
 70
8
  0
VERTEX
  5
15C
330
17
100
AcDbEntity
  8
RBAR-T8-C
100
AcDbVertex
100
AcDb3dPolylineVertex
 10
785.7
 20
34.0
 30
2548.3
 70
32
  0
VERTEX
  5
15D
330
17
100
AcDbEntity
  8
RBAR-T8-C
100
AcDbVertex
100
AcDb3dPolylineVertex
 10
1352.6
 20
34.0
 30
2548.3
 70
32
  0
VERTEX
  5
15E
330
17
100
AcDbEntity
  8
RBAR-T8-C
100
AcDbVertex
100
AcDb3dPolylineVertex
 10
1355.8
 20
34.0
 30
2548.0
 70
32
  0
VERTEX
  5
15F
330
17
100
AcDbEntity
  8
RBAR-T8-C
100
AcDbVertex
100
AcDb3dPolylineVertex
 10
1358.8
 20
34.0
 30
2547.0
 70
32
  0
VERTEX
  5
160
330
17
100
AcDbEntity
  8
RBAR-T8-C
100
AcDbVertex
100
AcDb3dPolylineVertex
 10
1361.6
 20
34.0
 30
2545.5
 70
32
  0
VERTEX
  5
161
330
17
100
AcDbEntity
  8
RBAR-T8-C
100
AcDbVertex
100
AcDb3dPolylineVertex
 10
1364.1
 20
34.0
 30
2543.5
 70
32
  0
VERTEX
  5
162
330
17
100
AcDbEntity
  8
RBAR-T8-C
100
AcDbVertex
100
AcDb3dPolylineVertex
 10
1366.1
 20
34.0
 30
2541.1
 70
32
  0
VERTEX
  5
163
330
17
100
AcDbEntity
  8
RBAR-T8-C
100
AcDbVertex
100
AcDb3dPolylineVertex
 10
1367.6
 20
34.0
 30
2538.3
 70
32
  0
VERTEX
  5
164
330
17
100
AcDbEntity
  8
RBAR-T8-C
100
AcDbVertex
100
AcDb3dPolylineVertex
 10
1368.5
 20
34.0
 30
2535.2
 70
32
  0
VERTEX
  5
165
330
17
100
AcDbEntity
  8
RBAR-T8-C
100
AcDbVertex
100
AcDb3dPolylineVertex
 10
1368.8
 20
34.0
 30
2532.1
 70
32
  0
VERTEX
  5
166
330
17
100
AcDbEntity
  8
RBAR-T8-C
100
AcDbVertex
100
AcDb3dPolylineVertex
 10
1368.8
 20
34.0
 30
1899.4
 70
32
  0
SEQEND
  5
15B
330
15A
100
AcDbEntity
  8
RBAR-T8-C
  0
POLYLINE
  5
167
330
17
100
AcDbEntity
  8
RBAR-T8-C
100
AcDb3dPolyline
 66
1
 10
0.0
 20
0.0
 30
0.0
 70
8
  0
VERTEX
  5
169
330
17
100
AcDbEntity
  8
RBAR-T8-C
100
AcDbVertex
100
AcDb3dPolylineVertex
 10
785.7
 20
34.0
 30
2745.6
 70
32
  0
VERTEX
  5
16A
330
17
100
AcDbEntity
  8
RBAR-T8-C
100
AcDbVertex
100
AcDb3dPolylineVertex
 10
1352.6
 20
34.0
 30
2745.6
 70
32
  0
VERTEX
  5
16B
330
17
100
AcDbEntity
  8
RBAR-T8-C
100
AcDbVertex
100
AcDb3dPolylineVertex
 10
1355.8
 20
34.0
 30
2745.3
 70
32
  0
VERTEX
  5
16C
330
17
100
AcDbEntity
  8
RBAR-T8-C
100
AcDbVertex
100
AcDb3dPolylineVertex
 10
1358.8
 20
34.0
 30
2744.4
 70
32
  0
VERTEX
  5
16D
330
17
100
AcDbEntity
  8
RBAR-T8-C
100
AcDbVertex
100
AcDb3dPolylineVertex
 10
1361.6
 20
34.0
 30
2742.9
 70
32
  0
VERTEX
  5
16E
330
17
100
AcDbEntity
  8
RBAR-T8-C
100
AcDbVertex
100
AcDb3dPolylineVertex
 10
1364.1
 20
34.0
 30
2740.9
 70
32
  0
VERTEX
  5
16F
330
17
100
AcDbEntity
  8
RBAR-T8-C
100
AcDbVertex
100
AcDb3dPolylineVertex
 10
1366.1
 20
34.0
 30
2738.4
 70
32
  0
VERTEX
  5
170
330
17
100
AcDbEntity
  8
RBAR-T8-C
100
AcDbVertex
100
AcDb3dPolylineVertex
 10
1367.6
 20
34.0
 30
2735.6
 70
32
  0
VERTEX
  5
171
330
17
100
AcDbEntity
  8
RBAR-T8-C
100
AcDbVertex
100
AcDb3dPolylineVertex
 10
1368.5
 20
34.0
 30
2732.6
 70
32
  0
VERTEX
  5
172
330
17
100
AcDbEntity
  8
RBAR-T8-C
100
AcDbVertex
100
AcDb3dPolylineVertex
 10
1368.8
 20
34.0
 30
2729.4
 70
32
  0
VERTEX
  5
173
330
17
100
AcDbEntity
  8
RBAR-T8-C
100
AcDbVertex
100
AcDb3dPolylineVertex
 10
1368.8
 20
34.0
 30
2096.7
 70
32
  0
SEQEND
  5
168
330
167
100
AcDbEntity
  8
RBAR-T8-C
  0
POLYLINE
  5
174
330
17
100
AcDbEntity
  8
RBAR-T8-C
100
AcDb3dPolyline
 66
1
 10
0.0
 20
0.0
 30
0.0
 70
8
  0
VERTEX
  5
176
330
17
100
AcDbEntity
  8
RBAR-T8-C
100
AcDbVertex
100
AcDb3dPolylineVertex
 10
1537.4
 20
34.0
 30
648.9
 70
32
  0
VERTEX
  5
177
330
17
100
AcDbEntity
  8
RBAR-T8-C
100
AcDbVertex
100
AcDb3dPolylineVertex
 10
2104.3
 20
34.0
 30
648.9
 70
32
  0
VERTEX
  5
178
330
17
100
AcDbEntity
  8
RBAR-T8-C
100
AcDbVertex
100
AcDb3dPolylineVertex
 10
2107.5
 20
34.0
 30
648.6
 70
32
  0
VERTEX
  5
179
330
17
100
AcDbEntity
  8
RBAR-T8-C
100
AcDbVertex
100
AcDb3dPolylineVertex
 10
2110.5
 20
34.0
 30
647.7
 70
32
  0
VERTEX
  5
17A
330
17
100
AcDbEntity
  8
RBAR-T8-C
100
AcDbVertex
100
AcDb3dPolylineVertex
 10
2113.3
 20
34.0
 30
646.2
 70
32
  0
VERTEX
  5
17B
330
17
100
AcDbEntity
  8
RBAR-T8-C
100
AcDbVertex
100
AcDb3dPolylineVertex
 10
2115.8
 20
34.0
 30
644.2
 70
32
  0
VERTEX
  5
17C
330
17
100
AcDbEntity
  8
RBAR-T8-C
100
AcDbVertex
100
AcDb3dPolylineVertex
 10
2117.8
 20
34.0
 30
641.7
 70
32
  0
VERTEX
  5
17D
330
17
100
AcDbEntity
  8
RBAR-T8-C
100
AcDbVertex
100
AcDb3dPolylineVertex
 10
2119.3
 20
34.0
 30
638.9
 70
32
  0
VERTEX
  5
17E
330
17
100
AcDbEntity
  8
RBAR-T8-C
100
AcDbVertex
100
AcDb3dPolylineVertex
 10
2120.2
 20
34.0
 30
635.9
 70
32
  0
VERTEX
  5
17F
330
17
100
AcDbEntity
  8
RBAR-T8-C
100
AcDbVertex
100
AcDb3dPolylineVertex
 10
2120.5
 20
34.0
 30
632.7
 70
32
  0
VERTEX
  5
180
330
17
100
AcDbEntity
  8
RBAR-T8-C
100
AcDbVertex
100
AcDb3dPolylineVertex
 10
2120.5
 20
34.0
 30
0.0
 70
32
  0
SEQEND
  5
175
330
174
100
AcDbEntity
  8
RBAR-T8-C
  0
POLYLINE
  5
181
330
17
100
AcDbEntity
  8
RBAR-T8-C
100
AcDb3dPolyline
 66
1
 10
0.0
 20
0.0
 30
0.0
 70
8
  0
VERTEX
  5
183
330
17
100
AcDbEntity
  8
RBAR-T8-C
100
AcDbVertex
100
AcDb3dPolylineVertex
 10
1537.4
 20
34.0
 30
648.9
 70
32
  0
VERTEX
  5
184
330
17
100
AcDbEntity
  8
RBAR-T8-C
100
AcDbVertex
100
AcDb3dPolylineVertex
 10
2104.3
 20
34.0
 30
648.9
 70
32
  0
VERTEX
  5
185
330
17
100
AcDbEntity
  8
RBAR-T8-C
100
AcDbVertex
100
AcDb3dPolylineVertex
 10
2107.5
 20
34.0
 30
648.6
 70
32
  0
VERTEX
  5
186
330
17
100
AcDbEntity
  8
RBAR-T8-C
100
AcDbVertex
100
AcDb3dPolylineVertex
 10
2110.5
 20
34.0
 30
647.7
 70
32
  0
VERTEX
  5
187
330
17
100
AcDbEntity
  8
RBAR-T8-C
100
AcDbVertex
100
AcDb3dPolylineVertex
 10
2113.3
 20
34.0
 30
646.2
 70
32
  0
VERTEX
  5
188
330
17
100
AcDbEntity
  8
RBAR-T8-C
100
AcDbVertex
100
AcDb3dPolylineVertex
 10
2115.8
 20
34.0
 30
644.2
 70
32
  0
VERTEX
  5
189
330
17
100
AcDbEntity
  8
RBAR-T8-C
100
AcDbVertex
100
AcDb3dPolylineVertex
 10
2117.8
 20
34.0
 30
641.7
 70
32
  0
VERTEX
  5
18A
330
17
100
AcDbEntity
  8
RBAR-T8-C
100
AcDbVertex
100
AcDb3dPolylineVertex
 10
2119.3
 20
34.0
 30
638.9
 70
32
  0
VERTEX
  5
18B
330
17
100
AcDbEntity
  8
RBAR-T8-C
100
AcDbVertex
100
AcDb3dPolylineVertex
 10
2120.2
 20
34.0
 30
635.9
 70
32
  0
VERTEX
  5
18C
330
17
100
AcDbEntity
  8
RBAR-T8-C
100
AcDbVertex
100
AcDb3dPolylineVertex
 10
2120.5
 20
34.0
 30
632.7
 70
32
  0
VERTEX
  5
18D
330
17
100
AcDbEntity
  8
RBAR-T8-C
100
AcDbVertex
100
AcDb3dPolylineVertex
 10
2120.5
 20
34.0
 30
0.0
 70
32
  0
SEQEND
  5
182
330
181
100
AcDbEntity
  8
RBAR-T8-C
  0
POLYLINE
  5
18E
330
17
100
AcDbEntity
  8
RBAR-T8-C
100
AcDb3dPolyline
 66
1
 10
0.0
 20
0.0
 30
0.0
 70
8
  0
VERTEX
  5
190
330
17
100
AcDbEntity
  8
RBAR-T8-C
100
AcDbVertex
100
AcDb3dPolylineVertex
 10
1537.4
 20
34.0
 30
648.9
 70
32
  0
VERTEX
  5
191
330
17
100
AcDbEntity
  8
RBAR-T8-C
100
AcDbVertex
100
AcDb3dPolylineVertex
 10
2104.3
 20
34.0
 30
648.9
 70
32
  0
VERTEX
  5
192
330
17
100
AcDbEntity
  8
RBAR-T8-C
100
AcDbVertex
100
AcDb3dPolylineVertex
 10
2107.5
 20
34.0
 30
648.6
 70
32
  0
VERTEX
  5
193
330
17
100
AcDbEntity
  8
RBAR-T8-C
100
AcDbVertex
100
AcDb3dPolylineVertex
 10
2110.5
 20
34.0
 30
647.7
 70
32
  0
VERTEX
  5
194
330
17
100
AcDbEntity
  8
RBAR-T8-C
100
AcDbVertex
100
AcDb3dPolylineVertex
 10
2113.3
 20
34.0
 30
646.2
 70
32
  0
VERTEX
  5
195
330
17
100
AcDbEntity
  8
RBAR-T8-C
100
AcDbVertex
100
AcDb3dPolylineVertex
 10
2115.8
 20
34.0
 30
644.2
 70
32
  0
VERTEX
  5
196
330
17
100
AcDbEntity
  8
RBAR-T8-C
100
AcDbVertex
100
AcDb3dPolylineVertex
 10
2117.8
 20
34.0
 30
641.7
 70
32
  0
VERTEX
  5
197
330
17
100
AcDbEntity
  8
RBAR-T8-C
100
AcDbVertex
100
AcDb3dPolylineVertex
 10
2119.3
 20
34.0
 30
638.9
 70
32
  0
VERTEX
  5
198
330
17
100
AcDbEntity
  8
RBAR-T8-C
100
AcDbVertex
100
AcDb3dPolylineVertex
 10
2120.2
 20
34.0
 30
635.9
 70
32
  0
VERTEX
  5
199
330
17
100
AcDbEntity
  8
RBAR-T8-C
100
AcDbVertex
100
AcDb3dPolylineVertex
 10
2120.5
 20
34.0
 30
632.7
 70
32
  0
VERTEX
  5
19A
330
17
100
AcDbEntity
  8
RBAR-T8-C
100
AcDbVertex
100
AcDb3dPolylineVertex
 10
2120.5
 20
34.0
 30
0.0
 70
32
  0
SEQEND
  5
18F
330
18E
100
AcDbEntity
  8
RBAR-T8-C
  0
POLYLINE
  5
19C
330
17
100
AcDbEntity
  8
RBAR-T8-B2
100
AcDb3dPolyline
 66
1
 10
0.0
 20
0.0
 30
0.0
 70
8
  0
VERTEX
  5
19E
330
17
100
AcDbEntity
  8
RBAR-T8-B2
100
AcDbVertex
100
AcDb3dPolylineVertex
 10
4.0
 20
34.0
 30
0.0
 70
32
  0
VERTEX
  5
19F
330
17
100
AcDbEntity
  8
RBAR-T8-B2
100
AcDbVertex
100
AcDb3dPolylineVertex
 10
379.7
 20
34.0
 30
0.0
 70
32
  0
VERTEX
  5
1A0
330
17
100
AcDbEntity
  8
RBAR-T8-B2
100
AcDbVertex
100
AcDb3dPolylineVertex
 10
382.8
 20
34.3
 30
0.0
 70
32
  0
VERTEX
  5
1A1
330
17
100
AcDbEntity
  8
RBAR-T8-B2
100
AcDbVertex
100
AcDb3dPolylineVertex
 10
385.8
 20
35.2
 30
0.0
 70
32
  0
VERTEX
  5
1A2
330
17
100
AcDbEntity
  8
RBAR-T8-B2
100
AcDbVertex
100
AcDb3dPolylineVertex
 10
388.5
 20
36.7
 30
0.0
 70
32
  0
VERTEX
  5
1A3
330
17
100
AcDbEntity
  8
RBAR-T8-B2
100
AcDbVertex
100
AcDb3dPolylineVertex
 10
390.9
 20
38.6
 30
0.0
 70
32
  0
VERTEX
  5
1A4
330
17
100
AcDbEntity
  8
RBAR-T8-B2
100
AcDbVertex
100
AcDb3dPolylineVertex
 10
392.9
 20
41.0
 30
0.0
 70
32
  0
VERTEX
  5
1A5
330
17
100
AcDbEntity
  8
RBAR-T8-B2
100
AcDbVertex
100
AcDb3dPolylineVertex
 10
394.4
 20
43.8
 30
0.0
 70
32
  0
VERTEX
  5
1A6
330
17
100
AcDbEntity
  8
RBAR-T8-B2
100
AcDbVertex
100
AcDb3dPolylineVertex
 10
395.3
 20
46.7
 30
0.0
 70
32
  0
VERTEX
  5
1A7
330
17
100
AcDbEntity
  8
RBAR-T8-B2
100
AcDbVertex
100
AcDb3dPolylineVertex
 10
395.6
 20
49.8
 30
0.0
 70
32
  0
VERTEX
  5
1A8
330
17
100
AcDbEntity
  8
RBAR-T8-B2
100
AcDbVertex
100
AcDb3dPolylineVertex
 10
395.6
 20
148.7
 30
0.0
 70
32
  0
VERTEX
  5
1A9
330
17
100
AcDbEntity
  8
RBAR-T8-B2
100
AcDbVertex
100
AcDb3dPolylineVertex
 10
395.3
 20
151.8
 30
0.0
 70
32
  0
VERTEX
  5
1AA
330
17
100
AcDbEntity
  8
RBAR-T8-B2
100
AcDbVertex
100
AcDb3dPolylineVertex
 10
394.4
 20
154.8
 30
0.0
 70
32
  0
VERTEX
  5
1AB
330
17
100
AcDbEntity
  8
RBAR-T8-B2
100
AcDbVertex
100
AcDb3dPolylineVertex
 10
392.9
 20
157.5
 30
0.0
 70
32
  0
VERTEX
  5
1AC
330
17
100
AcDbEntity
  8
RBAR-T8-B2
100
AcDbVertex
100
AcDb3dPolylineVertex
 10
390.9
 20
159.9
 30
0.0
 70
32
  0
VERTEX
  5
1AD
330
17
100
AcDbEntity
  8
RBAR-T8-B2
100
AcDbVertex
100
AcDb3dPolylineVertex
 10
388.5
 20
161.9
 30
0.0
 70
32
  0
VERTEX
  5
1AE
330
17
100
AcDbEntity
  8
RBAR-T8-B2
100
AcDbVertex
100
AcDb3dPolylineVertex
 10
385.8
 20
163.3
 30
0.0
 70
32
  0
VERTEX
  5
1AF
330
17
100
AcDbEntity
  8
RBAR-T8-B2
100
AcDbVertex
100
AcDb3dPolylineVertex
 10
382.8
 20
164.2
 30
0.0
 70
32
  0
VERTEX
  5
1B0
330
17
100
AcDbEntity
  8
RBAR-T8-B2
100
AcDbVertex
100
AcDb3dPolylineVertex
 10
379.7
 20
164.5
 30
0.0
 70
32
  0
VERTEX
  5
1B1
330
17
100
AcDbEntity
  8
RBAR-T8-B2
100
AcDbVertex
100
AcDb3dPolylineVertex
 10
4.0
 20
164.5
 30
0.0
 70
32
  0
SEQEND
  5
19D
330
19C
100
AcDbEntity
  8
RBAR-T8-B2
  0
POLYLINE
  5
1B2
330
17
100
AcDbEntity
  8
RBAR-T8-B2
100
AcDb3dPolyline
 66
1
 10
0.0
 20
0.0
 30
0.0
 70
8
  0
VERTEX
  5
1B4
330
17
100
AcDbEntity
  8
RBAR-T8-B2
100
AcDbVertex
100
AcDb3dPolylineVertex
 10
1724.5
 20
34.0
 30
778.0
 70
32
  0
VERTEX
  5
1B5
330
17
100
AcDbEntity
  8
RBAR-T8-B2
100
AcDbVertex
100
AcDb3dPolylineVertex
 10
2100.2
 20
34.0
 30
778.0
 70
32
  0
VERTEX
  5
1B6
330
17
100
AcDbEntity
  8
RBAR-T8-B2
100
AcDbVertex
100
AcDb3dPolylineVertex
 10
2103.3
 20
34.3
 30
778.0
 70
32
  0
VERTEX
  5
1B7
330
17
100
AcDbEntity
  8
RBAR-T8-B2
100
AcDbVertex
100
AcDb3dPolylineVertex
 10
2106.3
 20
35.2
 30
778.0
 70
32
  0
VERTEX
  5
1B8
330
17
100
AcDbEntity
  8
RBAR-T8-B2
100
AcDbVertex
100
AcDb3dPolylineVertex
 10
2109.0
 20
36.7
 30
778.0
 70
32
  0
VERTEX
  5
1B9
330
17
100
AcDbEntity
  8
RBAR-T8-B2
100
AcDbVertex
100
AcDb3dPolylineVertex
 10
2111.4
 20
38.6
 30
778.0
 70
32
  0
VERTEX
  5
1BA
330
17
100
AcDbEntity
  8
RBAR-T8-B2
100
AcDbVertex
100
AcDb3dPolylineVertex
 10
2113.4
 20
41.0
 30
778.0
 70
32
  0
VERTEX
  5
1BB
330
17
100
AcDbEntity
  8
RBAR-T8-B2
100
AcDbVertex
100
AcDb3dPolylineVertex
 10
2114.9
 20
43.8
 30
778.0
 70
32
  0
VERTEX
  5
1BC
330
17
100
AcDbEntity
  8
RBAR-T8-B2
100
AcDbVertex
100
AcDb3dPolylineVertex
 10
2115.8
 20
46.7
 30
778.0
 70
32
  0
VERTEX
  5
1BD
330
17
100
AcDbEntity
  8
RBAR-T8-B2
100
AcDbVertex
100
AcDb3dPolylineVertex
 10
2116.1
 20
49.8
 30
778.0
 70
32
  0
VERTEX
  5
1BE
330
17
100
AcDbEntity
  8
RBAR-T8-B2
100
AcDbVertex
100
AcDb3dPolylineVertex
 10
2116.1
 20
148.7
 30
778.0
 70
32
  0
VERTEX
  5
1BF
330
17
100
AcDbEntity
  8
RBAR-T8-B2
100
AcDbVertex
100
AcDb3dPolylineVertex
 10
2115.8
 20
151.8
 30
778.0
 70
32
  0
VERTEX
  5
1C0
330
17
100
AcDbEntity
  8
RBAR-T8-B2
100
AcDbVertex
100
AcDb3dPolylineVertex
 10
2114.9
 20
154.8
 30
778.0
 70
32
  0
VERTEX
  5
1C1
330
17
100
AcDbEntity
  8
RBAR-T8-B2
100
AcDbVertex
100
AcDb3dPolylineVertex
 10
2113.4
 20
157.5
 30
778.0
 70
32
  0
VERTEX
  5
1C2
330
17
100
AcDbEntity
  8
RBAR-T8-B2
100
AcDbVertex
100
AcDb3dPolylineVertex
 10
2111.4
 20
159.9
 30
778.0
 70
32
  0
VERTEX
  5
1C3
330
17
100
AcDbEntity
  8
RBAR-T8-B2
100
AcDbVertex
100
AcDb3dPolylineVertex
 10
2109.0
 20
161.9
 30
778.0
 70
32
  0
VERTEX
  5
1C4
330
17
100
AcDbEntity
  8
RBAR-T8-B2
100
AcDbVertex
100
AcDb3dPolylineVertex
 10
2106.3
 20
163.3
 30
778.0
 70
32
  0
VERTEX
  5
1C5
330
17
100
AcDbEntity
  8
RBAR-T8-B2
100
AcDbVertex
100
AcDb3dPolylineVertex
 10
2103.3
 20
164.2
 30
778.0
 70
32
  0
VERTEX
  5
1C6
330
17
100
AcDbEntity
  8
RBAR-T8-B2
100
AcDbVertex
100
AcDb3dPolylineVertex
 10
2100.2
 20
164.5
 30
778.0
 70
32
  0
VERTEX
  5
1C7
330
17
100
AcDbEntity
  8
RBAR-T8-B2
100
AcDbVertex
100
AcDb3dPolylineVertex
 10
1724.5
 20
164.5
 30
778.0
 70
32
  0
SEQEND
  5
1B3
330
1B2
100
AcDbEntity
  8
RBAR-T8-B2
  0
POLYLINE
  5
1C8
330
17
100
AcDbEntity
  8
RBAR-T8-B2
100
AcDb3dPolyline
 66
1
 10
0.0
 20
0.0
 30
0.0
 70
8
  0
VERTEX
  5
1CA
330
17
100
AcDbEntity
  8
RBAR-T8-B2
100
AcDbVertex
100
AcDb3dPolylineVertex
 10
74.0
 20
34.0
 30
0.0
 70
32
  0
VERTEX
  5
1CB
330
17
100
AcDbEntity
  8
RBAR-T8-B2
100
AcDbVertex
100
AcDb3dPolylineVertex
 10
449.7
 20
34.0
 30
0.0
 70
32
  0
VERTEX
  5
1CC
330
17
100
AcDbEntity
  8
RBAR-T8-B2
100
AcDbVertex
100
AcDb3dPolylineVertex
 10
452.8
 20
34.3
 30
0.0
 70
32
  0
VERTEX
  5
1CD
330
17
100
AcDbEntity
  8
RBAR-T8-B2
100
AcDbVertex
100
AcDb3dPolylineVertex
 10
455.8
 20
35.2
 30
0.0
 70
32
  0
VERTEX
  5
1CE
330
17
100
AcDbEntity
  8
RBAR-T8-B2
100
AcDbVertex
100
AcDb3dPolylineVertex
 10
458.5
 20
36.7
 30
0.0
 70
32
  0
VERTEX
  5
1CF
330
17
100
AcDbEntity
  8
RBAR-T8-B2
100
AcDbVertex
100
AcDb3dPolylineVertex
 10
460.9
 20
38.6
 30
0.0
 70
32
  0
VERTEX
  5
1D0
330
17
100
AcDbEntity
  8
RBAR-T8-B2
100
AcDbVertex
100
AcDb3dPolylineVertex
 10
462.9
 20
41.0
 30
0.0
 70
32
  0
VERTEX
  5
1D1
330
17
100
AcDbEntity
  8
RBAR-T8-B2
100
AcDbVertex
100
AcDb3dPolylineVertex
 10
464.4
 20
43.8
 30
0.0
 70
32
  0
VERTEX
  5
1D2
330
17
100
AcDbEntity
  8
RBAR-T8-B2
100
AcDbVertex
100
AcDb3dPolylineVertex
 10
465.3
 20
46.7
 30
0.0
 70
32
  0
VERTEX
  5
1D3
330
17
100
AcDbEntity
  8
RBAR-T8-B2
100
AcDbVertex
100
AcDb3dPolylineVertex
 10
465.6
 20
49.8
 30
0.0
 70
32
  0
VERTEX
  5
1D4
330
17
100
AcDbEntity
  8
RBAR-T8-B2
100
AcDbVertex
100
AcDb3dPolylineVertex
 10
465.6
 20
148.7
 30
0.0
 70
32
  0
VERTEX
  5
1D5
330
17
100
AcDbEntity
  8
RBAR-T8-B2
100
AcDbVertex
100
AcDb3dPolylineVertex
 10
465.3
 20
151.8
 30
0.0
 70
32
  0
VERTEX
  5
1D6
330
17
100
AcDbEntity
  8
RBAR-T8-B2
100
AcDbVertex
100
AcDb3dPolylineVertex
 10
464.4
 20
154.8
 30
0.0
 70
32
  0
VERTEX
  5
1D7
330
17
100
AcDbEntity
  8
RBAR-T8-B2
100
AcDbVertex
100
AcDb3dPolylineVertex
 10
462.9
 20
157.5
 30
0.0
 70
32
  0
VERTEX
  5
1D8
330
17
100
AcDbEntity
  8
RBAR-T8-B2
100
AcDbVertex
100
AcDb3dPolylineVertex
 10
460.9
 20
159.9
 30
0.0
 70
32
  0
VERTEX
  5
1D9
330
17
100
AcDbEntity
  8
RBAR-T8-B2
100
AcDbVertex
100
AcDb3dPolylineVertex
 10
458.5
 20
161.9
 30
0.0
 70
32
  0
VERTEX
  5
1DA
330
17
100
AcDbEntity
  8
RBAR-T8-B2
100
AcDbVertex
100
AcDb3dPolylineVertex
 10
455.8
 20
163.3
 30
0.0
 70
32
  0
VERTEX
  5
1DB
330
17
100
AcDbEntity
  8
RBAR-T8-B2
100
AcDbVertex
100
AcDb3dPolylineVertex
 10
452.8
 20
164.2
 30
0.0
 70
32
  0
VERTEX
  5
1DC
330
17
100
AcDbEntity
  8
RBAR-T8-B2
100
AcDbVertex
100
AcDb3dPolylineVertex
 10
449.7
 20
164.5
 30
0.0
 70
32
  0
VERTEX
  5
1DD
330
17
100
AcDbEntity
  8
RBAR-T8-B2
100
AcDbVertex
100
AcDb3dPolylineVertex
 10
74.0
 20
164.5
 30
0.0
 70
32
  0
SEQEND
  5
1C9
330
1C8
100
AcDbEntity
  8
RBAR-T8-B2
  0
POLYLINE
  5
1DE
330
17
100
AcDbEntity
  8
RBAR-T8-B2
100
AcDb3dPolyline
 66
1
 10
0.0
 20
0.0
 30
0.0
 70
8
  0
VERTEX
  5
1E0
330
17
100
AcDbEntity
  8
RBAR-T8-B2
100
AcDbVertex
100
AcDb3dPolylineVertex
 10
4.0
 20
34.0
 30
0.0
 70
32
  0
VERTEX
  5
1E1
330
17
100
AcDbEntity
  8
RBAR-T8-B2
100
AcDbVertex
100
AcDb3dPolylineVertex
 10
379.7
 20
34.0
 30
0.0
 70
32
  0
VERTEX
  5
1E2
330
17
100
AcDbEntity
  8
RBAR-T8-B2
100
AcDbVertex
100
AcDb3dPolylineVertex
 10
382.8
 20
34.3
 30
0.0
 70
32
  0
VERTEX
  5
1E3
330
17
100
AcDbEntity
  8
RBAR-T8-B2
100
AcDbVertex
100
AcDb3dPolylineVertex
 10
385.8
 20
35.2
 30
0.0
 70
32
  0
VERTEX
  5
1E4
330
17
100
AcDbEntity
  8
RBAR-T8-B2
100
AcDbVertex
100
AcDb3dPolylineVertex
 10
388.5
 20
36.7
 30
0.0
 70
32
  0
VERTEX
  5
1E5
330
17
100
AcDbEntity
  8
RBAR-T8-B2
100
AcDbVertex
100
AcDb3dPolylineVertex
 10
390.9
 20
38.6
 30
0.0
 70
32
  0
VERTEX
  5
1E6
330
17
100
AcDbEntity
  8
RBAR-T8-B2
100
AcDbVertex
100
AcDb3dPolylineVertex
 10
392.9
 20
41.0
 30
0.0
 70
32
  0
VERTEX
  5
1E7
330
17
100
AcDbEntity
  8
RBAR-T8-B2
100
AcDbVertex
100
AcDb3dPolylineVertex
 10
394.4
 20
43.8
 30
0.0
 70
32
  0
VERTEX
  5
1E8
330
17
100
AcDbEntity
  8
RBAR-T8-B2
100
AcDbVertex
100
AcDb3dPolylineVertex
 10
395.3
 20
46.7
 30
0.0
 70
32
  0
VERTEX
  5
1E9
330
17
100
AcDbEntity
  8
RBAR-T8-B2
100
AcDbVertex
100
AcDb3dPolylineVertex
 10
395.6
 20
49.8
 30
0.0
 70
32
  0
VERTEX
  5
1EA
330
17
100
AcDbEntity
  8
RBAR-T8-B2
100
AcDbVertex
100
AcDb3dPolylineVertex
 10
395.6
 20
148.7
 30
0.0
 70
32
  0
VERTEX
  5
1EB
330
17
100
AcDbEntity
  8
RBAR-T8-B2
100
AcDbVertex
100
AcDb3dPolylineVertex
 10
395.3
 20
151.8
 30
0.0
 70
32
  0
VERTEX
  5
1EC
330
17
100
AcDbEntity
  8
RBAR-T8-B2
100
AcDbVertex
100
AcDb3dPolylineVertex
 10
394.4
 20
154.8
 30
0.0
 70
32
  0
VERTEX
  5
1ED
330
17
100
AcDbEntity
  8
RBAR-T8-B2
100
AcDbVertex
100
AcDb3dPolylineVertex
 10
392.9
 20
157.5
 30
0.0
 70
32
  0
VERTEX
  5
1EE
330
17
100
AcDbEntity
  8
RBAR-T8-B2
100
AcDbVertex
100
AcDb3dPolylineVertex
 10
390.9
 20
159.9
 30
0.0
 70
32
  0
VERTEX
  5
1EF
330
17
100
AcDbEntity
  8
RBAR-T8-B2
100
AcDbVertex
100
AcDb3dPolylineVertex
 10
388.5
 20
161.9
 30
0.0
 70
32
  0
VERTEX
  5
1F0
330
17
100
AcDbEntity
  8
RBAR-T8-B2
100
AcDbVertex
100
AcDb3dPolylineVertex
 10
385.8
 20
163.3
 30
0.0
 70
32
  0
VERTEX
  5
1F1
330
17
100
AcDbEntity
  8
RBAR-T8-B2
100
AcDbVertex
100
AcDb3dPolylineVertex
 10
382.8
 20
164.2
 30
0.0
 70
32
  0
VERTEX
  5
1F2
330
17
100
AcDbEntity
  8
RBAR-T8-B2
100
AcDbVertex
100
AcDb3dPolylineVertex
 10
379.7
 20
164.5
 30
0.0
 70
32
  0
VERTEX
  5
1F3
330
17
100
AcDbEntity
  8
RBAR-T8-B2
100
AcDbVertex
100
AcDb3dPolylineVertex
 10
4.0
 20
164.5
 30
0.0
 70
32
  0
SEQEND
  5
1DF
330
1DE
100
AcDbEntity
  8
RBAR-T8-B2
  0
POLYLINE
  5
1F4
330
17
100
AcDbEntity
  8
RBAR-T8-B2
100
AcDb3dPolyline
 66
1
 10
0.0
 20
0.0
 30
0.0
 70
8
  0
VERTEX
  5
1F6
330
17
100
AcDbEntity
  8
RBAR-T8-B2
100
AcDbVertex
100
AcDb3dPolylineVertex
 10
4.0
 20
34.0
 30
0.0
 70
32
  0
VERTEX
  5
1F7
330
17
100
AcDbEntity
  8
RBAR-T8-B2
100
AcDbVertex
100
AcDb3dPolylineVertex
 10
379.7
 20
34.0
 30
0.0
 70
32
  0
VERTEX
  5
1F8
330
17
100
AcDbEntity
  8
RBAR-T8-B2
100
AcDbVertex
100
AcDb3dPolylineVertex
 10
382.8
 20
34.3
 30
0.0
 70
32
  0
VERTEX
  5
1F9
330
17
100
AcDbEntity
  8
RBAR-T8-B2
100
AcDbVertex
100
AcDb3dPolylineVertex
 10
385.8
 20
35.2
 30
0.0
 70
32
  0
VERTEX
  5
1FA
330
17
100
AcDbEntity
  8
RBAR-T8-B2
100
AcDbVertex
100
AcDb3dPolylineVertex
 10
388.5
 20
36.7
 30
0.0
 70
32
  0
VERTEX
  5
1FB
330
17
100
AcDbEntity
  8
RBAR-T8-B2
100
AcDbVertex
100
AcDb3dPolylineVertex
 10
390.9
 20
38.6
 30
0.0
 70
32
  0
VERTEX
  5
1FC
330
17
100
AcDbEntity
  8
RBAR-T8-B2
100
AcDbVertex
100
AcDb3dPolylineVertex
 10
392.9
 20
41.0
 30
0.0
 70
32
  0
VERTEX
  5
1FD
330
17
100
AcDbEntity
  8
RBAR-T8-B2
100
AcDbVertex
100
AcDb3dPolylineVertex
 10
394.4
 20
43.8
 30
0.0
 70
32
  0
VERTEX
  5
1FE
330
17
100
AcDbEntity
  8
RBAR-T8-B2
100
AcDbVertex
100
AcDb3dPolylineVertex
 10
395.3
 20
46.7
 30
0.0
 70
32
  0
VERTEX
  5
1FF
330
17
100
AcDbEntity
  8
RBAR-T8-B2
100
AcDbVertex
100
AcDb3dPolylineVertex
 10
395.6
 20
49.8
 30
0.0
 70
32
  0
VERTEX
  5
200
330
17
100
AcDbEntity
  8
RBAR-T8-B2
100
AcDbVertex
100
AcDb3dPolylineVertex
 10
395.6
 20
148.7
 30
0.0
 70
32
  0
VERTEX
  5
201
330
17
100
AcDbEntity
  8
RBAR-T8-B2
100
AcDbVertex
100
AcDb3dPolylineVertex
 10
395.3
 20
151.8
 30
0.0
 70
32
  0
VERTEX
  5
202
330
17
100
AcDbEntity
  8
RBAR-T8-B2
100
AcDbVertex
100
AcDb3dPolylineVertex
 10
394.4
 20
154.8
 30
0.0
 70
32
  0
VERTEX
  5
203
330
17
100
AcDbEntity
  8
RBAR-T8-B2
100
AcDbVertex
100
AcDb3dPolylineVertex
 10
392.9
 20
157.5
 30
0.0
 70
32
  0
VERTEX
  5
204
330
17
100
AcDbEntity
  8
RBAR-T8-B2
100
AcDbVertex
100
AcDb3dPolylineVertex
 10
390.9
 20
159.9
 30
0.0
 70
32
  0
VERTEX
  5
205
330
17
100
AcDbEntity
  8
RBAR-T8-B2
100
AcDbVertex
100
AcDb3dPolylineVertex
 10
388.5
 20
161.9
 30
0.0
 70
32
  0
VERTEX
  5
206
330
17
100
AcDbEntity
  8
RBAR-T8-B2
100
AcDbVertex
100
AcDb3dPolylineVertex
 10
385.8
 20
163.3
 30
0.0
 70
32
  0
VERTEX
  5
207
330
17
100
AcDbEntity
  8
RBAR-T8-B2
100
AcDbVertex
100
AcDb3dPolylineVertex
 10
382.8
 20
164.2
 30
0.0
 70
32
  0
VERTEX
  5
208
330
17
100
AcDbEntity
  8
RBAR-T8-B2
100
AcDbVertex
100
AcDb3dPolylineVertex
 10
379.7
 20
164.5
 30
0.0
 70
32
  0
VERTEX
  5
209
330
17
100
AcDbEntity
  8
RBAR-T8-B2
100
AcDbVertex
100
AcDb3dPolylineVertex
 10
4.0
 20
164.5
 30
0.0
 70
32
  0
SEQEND
  5
1F5
330
1F4
100
AcDbEntity
  8
RBAR-T8-B2
  0
POLYLINE
  5
20A
330
17
100
AcDbEntity
  8
RBAR-T8-B2
100
AcDb3dPolyline
 66
1
 10
0.0
 20
0.0
 30
0.0
 70
8
  0
VERTEX
  5
20C
330
17
100
AcDbEntity
  8
RBAR-T8-B2
100
AcDbVertex
100
AcDb3dPolylineVertex
 10
1724.5
 20
34.0
 30
1964.5
 70
32
  0
VERTEX
  5
20D
330
17
100
AcDbEntity
  8
RBAR-T8-B2
100
AcDbVertex
100
AcDb3dPolylineVertex
 10
2100.2
 20
34.0
 30
1964.5
 70
32
  0
VERTEX
  5
20E
330
17
100
AcDbEntity
  8
RBAR-T8-B2
100
AcDbVertex
100
AcDb3dPolylineVertex
 10
2103.3
 20
34.3
 30
1964.5
 70
32
  0
VERTEX
  5
20F
330
17
100
AcDbEntity
  8
RBAR-T8-B2
100
AcDbVertex
100
AcDb3dPolylineVertex
 10
2106.3
 20
35.2
 30
1964.5
 70
32
  0
VERTEX
  5
210
330
17
100
AcDbEntity
  8
RBAR-T8-B2
100
AcDbVertex
100
AcDb3dPolylineVertex
 10
2109.0
 20
36.7
 30
1964.5
 70
32
  0
VERTEX
  5
211
330
17
100
AcDbEntity
  8
RBAR-T8-B2
100
AcDbVertex
100
AcDb3dPolylineVertex
 10
2111.4
 20
38.6
 30
1964.5
 70
32
  0
VERTEX
  5
212
330
17
100
AcDbEntity
  8
RBAR-T8-B2
100
AcDbVertex
100
AcDb3dPolylineVertex
 10
2113.4
 20
41.0
 30
1964.5
 70
32
  0
VERTEX
  5
213
330
17
100
AcDbEntity
  8
RBAR-T8-B2
100
AcDbVertex
100
AcDb3dPolylineVertex
 10
2114.9
 20
43.8
 30
1964.5
 70
32
  0
VERTEX
  5
214
330
17
100
AcDbEntity
  8
RBAR-T8-B2
100
AcDbVertex
100
AcDb3dPolylineVertex
 10
2115.8
 20
46.7
 30
1964.5
 70
32
  0
VERTEX
  5
215
330
17
100
AcDbEntity
  8
RBAR-T8-B2
100
AcDbVertex
100
AcDb3dPolylineVertex
 10
2116.1
 20
49.8
 30
1964.5
 70
32
  0
VERTEX
  5
216
330
17
100
AcDbEntity
  8
RBAR-T8-B2
100
AcDbVertex
100
AcDb3dPolylineVertex
 10
2116.1
 20
148.7
 30
1964.5
 70
32
  0
VERTEX
  5
217
330
17
100
AcDbEntity
  8
RBAR-T8-B2
100
AcDbVertex
100
AcDb3dPolylineVertex
 10
2115.8
 20
151.8
 30
1964.5
 70
32
  0
VERTEX
  5
218
330
17
100
AcDbEntity
  8
RBAR-T8-B2
100
AcDbVertex
100
AcDb3dPolylineVertex
 10
2114.9
 20
154.8
 30
1964.5
 70
32
  0
VERTEX
  5
219
330
17
100
AcDbEntity
  8
RBAR-T8-B2
100
AcDbVertex
100
AcDb3dPolylineVertex
 10
2113.4
 20
157.5
 30
1964.5
 70
32
  0
VERTEX
  5
21A
330
17
100
AcDbEntity
  8
RBAR-T8-B2
100
AcDbVertex
100
AcDb3dPolylineVertex
 10
2111.4
 20
159.9
 30
1964.5
 70
32
  0
VERTEX
  5
21B
330
17
100
AcDbEntity
  8
RBAR-T8-B2
100
AcDbVertex
100
AcDb3dPolylineVertex
 10
2109.0
 20
161.9
 30
1964.5
 70
32
  0
VERTEX
  5
21C
330
17
100
AcDbEntity
  8
RBAR-T8-B2
100
AcDbVertex
100
AcDb3dPolylineVertex
 10
2106.3
 20
163.3
 30
1964.5
 70
32
  0
VERTEX
  5
21D
330
17
100
AcDbEntity
  8
RBAR-T8-B2
100
AcDbVertex
100
AcDb3dPolylineVertex
 10
2103.3
 20
164.2
 30
1964.5
 70
32
  0
VERTEX
  5
21E
330
17
100
AcDbEntity
  8
RBAR-T8-B2
100
AcDbVertex
100
AcDb3dPolylineVertex
 10
2100.2
 20
164.5
 30
1964.5
 70
32
  0
VERTEX
  5
21F
330
17
100
AcDbEntity
  8
RBAR-T8-B2
100
AcDbVertex
100
AcDb3dPolylineVertex
 10
1724.5
 20
164.5
 30
1964.5
 70
32
  0
SEQEND
  5
20B
330
20A
100
AcDbEntity
  8
RBAR-T8-B2
  0
POLYLINE
  5
220
330
17
100
AcDbEntity
  8
RBAR-T8-B2
100
AcDb3dPolyline
 66
1
 10
0.0
 20
0.0
 30
0.0
 70
8
  0
VERTEX
  5
222
330
17
100
AcDbEntity
  8
RBAR-T8-B2
100
AcDbVertex
100
AcDb3dPolylineVertex
 10
1724.5
 20
34.0
 30
3151.0
 70
32
  0
VERTEX
  5
223
330
17
100
AcDbEntity
  8
RBAR-T8-B2
100
AcDbVertex
100
AcDb3dPolylineVertex
 10
2100.2
 20
34.0
 30
3151.0
 70
32
  0
VERTEX
  5
224
330
17
100
AcDbEntity
  8
RBAR-T8-B2
100
AcDbVertex
100
AcDb3dPolylineVertex
 10
2103.3
 20
34.3
 30
3151.0
 70
32
  0
VERTEX
  5
225
330
17
100
AcDbEntity
  8
RBAR-T8-B2
100
AcDbVertex
100
AcDb3dPolylineVertex
 10
2106.3
 20
35.2
 30
3151.0
 70
32
  0
VERTEX
  5
226
330
17
100
AcDbEntity
  8
RBAR-T8-B2
100
AcDbVertex
100
AcDb3dPolylineVertex
 10
2109.0
 20
36.7
 30
3151.0
 70
32
  0
VERTEX
  5
227
330
17
100
AcDbEntity
  8
RBAR-T8-B2
100
AcDbVertex
100
AcDb3dPolylineVertex
 10
2111.4
 20
38.6
 30
3151.0
 70
32
  0
VERTEX
  5
228
330
17
100
AcDbEntity
  8
RBAR-T8-B2
100
AcDbVertex
100
AcDb3dPolylineVertex
 10
2113.4
 20
41.0
 30
3151.0
 70
32
  0
VERTEX
  5
229
330
17
100
AcDbEntity
  8
RBAR-T8-B2
100
AcDbVertex
100
AcDb3dPolylineVertex
 10
2114.9
 20
43.8
 30
3151.0
 70
32
  0
VERTEX
  5
22A
330
17
100
AcDbEntity
  8
RBAR-T8-B2
100
AcDbVertex
100
AcDb3dPolylineVertex
 10
2115.8
 20
46.7
 30
3151.0
 70
32
  0
VERTEX
  5
22B
330
17
100
AcDbEntity
  8
RBAR-T8-B2
100
AcDbVertex
100
AcDb3dPolylineVertex
 10
2116.1
 20
49.8
 30
3151.0
 70
32
  0
VERTEX
  5
22C
330
17
100
AcDbEntity
  8
RBAR-T8-B2
100
AcDbVertex
100
AcDb3dPolylineVertex
 10
2116.1
 20
148.7
 30
3151.0
 70
32
  0
VERTEX
  5
22D
330
17
100
AcDbEntity
  8
RBAR-T8-B2
100
AcDbVertex
100
AcDb3dPolylineVertex
 10
2115.8
 20
151.8
 30
3151.0
 70
32
  0
VERTEX
  5
22E
330
17
100
AcDbEntity
  8
RBAR-T8-B2
100
AcDbVertex
100
AcDb3dPolylineVertex
 10
2114.9
 20
154.8
 30
3151.0
 70
32
  0
VERTEX
  5
22F
330
17
100
AcDbEntity
  8
RBAR-T8-B2
100
AcDbVertex
100
AcDb3dPolylineVertex
 10
2113.4
 20
157.5
 30
3151.0
 70
32
  0
VERTEX
  5
230
330
17
100
AcDbEntity
  8
RBAR-T8-B2
100
AcDbVertex
100
AcDb3dPolylineVertex
 10
2111.4
 20
159.9
 30
3151.0
 70
32
  0
VERTEX
  5
231
330
17
100
AcDbEntity
  8
RBAR-T8-B2
100
AcDbVertex
100
AcDb3dPolylineVertex
 10
2109.0
 20
161.9
 30
3151.0
 70
32
  0
VERTEX
  5
232
330
17
100
AcDbEntity
  8
RBAR-T8-B2
100
AcDbVertex
100
AcDb3dPolylineVertex
 10
2106.3
 20
163.3
 30
3151.0
 70
32
  0
VERTEX
  5
233
330
17
100
AcDbEntity
  8
RBAR-T8-B2
100
AcDbVertex
100
AcDb3dPolylineVertex
 10
2103.3
 20
164.2
 30
3151.0
 70
32
  0
VERTEX
  5
234
330
17
100
AcDbEntity
  8
RBAR-T8-B2
100
AcDbVertex
100
AcDb3dPolylineVertex
 10
2100.2
 20
164.5
 30
3151.0
 70
32
  0
VERTEX
  5
235
330
17
100
AcDbEntity
  8
RBAR-T8-B2
100
AcDbVertex
100
AcDb3dPolylineVertex
 10
1724.5
 20
164.5
 30
3151.0
 70
32
  0
SEQEND
  5
221
330
220
100
AcDbEntity
  8
RBAR-T8-B2
  0
POLYLINE
  5
236
330
17
100
AcDbEntity
  8
RBAR-T8-B2
100
AcDb3dPolyline
 66
1
 10
0.0
 20
0.0
 30
0.0
 70
8
  0
VERTEX
  5
238
330
17
100
AcDbEntity
  8
RBAR-T8-B2
100
AcDbVertex
100
AcDb3dPolylineVertex
 10
4.0
 20
34.0
 30
0.0
 70
32
  0
VERTEX
  5
239
330
17
100
AcDbEntity
  8
RBAR-T8-B2
100
AcDbVertex
100
AcDb3dPolylineVertex
 10
379.7
 20
34.0
 30
0.0
 70
32
  0
VERTEX
  5
23A
330
17
100
AcDbEntity
  8
RBAR-T8-B2
100
AcDbVertex
100
AcDb3dPolylineVertex
 10
382.8
 20
34.3
 30
0.0
 70
32
  0
VERTEX
  5
23B
330
17
100
AcDbEntity
  8
RBAR-T8-B2
100
AcDbVertex
100
AcDb3dPolylineVertex
 10
385.8
 20
35.2
 30
0.0
 70
32
  0
VERTEX
  5
23C
330
17
100
AcDbEntity
  8
RBAR-T8-B2
100
AcDbVertex
100
AcDb3dPolylineVertex
 10
388.5
 20
36.7
 30
0.0
 70
32
  0
VERTEX
  5
23D
330
17
100
AcDbEntity
  8
RBAR-T8-B2
100
AcDbVertex
100
AcDb3dPolylineVertex
 10
390.9
 20
38.6
 30
0.0
 70
32
  0
VERTEX
  5
23E
330
17
100
AcDbEntity
  8
RBAR-T8-B2
100
AcDbVertex
100
AcDb3dPolylineVertex
 10
392.9
 20
41.0
 30
0.0
 70
32
  0
VERTEX
  5
23F
330
17
100
AcDbEntity
  8
RBAR-T8-B2
100
AcDbVertex
100
AcDb3dPolylineVertex
 10
394.4
 20
43.8
 30
0.0
 70
32
  0
VERTEX
  5
240
330
17
100
AcDbEntity
  8
RBAR-T8-B2
100
AcDbVertex
100
AcDb3dPolylineVertex
 10
395.3
 20
46.7
 30
0.0
 70
32
  0
VERTEX
  5
241
330
17
100
AcDbEntity
  8
RBAR-T8-B2
100
AcDbVertex
100
AcDb3dPolylineVertex
 10
395.6
 20
49.8
 30
0.0
 70
32
  0
VERTEX
  5
242
330
17
100
AcDbEntity
  8
RBAR-T8-B2
100
AcDbVertex
100
AcDb3dPolylineVertex
 10
395.6
 20
148.7
 30
0.0
 70
32
  0
VERTEX
  5
243
330
17
100
AcDbEntity
  8
RBAR-T8-B2
100
AcDbVertex
100
AcDb3dPolylineVertex
 10
395.3
 20
151.8
 30
0.0
 70
32
  0
VERTEX
  5
244
330
17
100
AcDbEntity
  8
RBAR-T8-B2
100
AcDbVertex
100
AcDb3dPolylineVertex
 10
394.4
 20
154.8
 30
0.0
 70
32
  0
VERTEX
  5
245
330
17
100
AcDbEntity
  8
RBAR-T8-B2
100
AcDbVertex
100
AcDb3dPolylineVertex
 10
392.9
 20
157.5
 30
0.0
 70
32
  0
VERTEX
  5
246
330
17
100
AcDbEntity
  8
RBAR-T8-B2
100
AcDbVertex
100
AcDb3dPolylineVertex
 10
390.9
 20
159.9
 30
0.0
 70
32
  0
VERTEX
  5
247
330
17
100
AcDbEntity
  8
RBAR-T8-B2
100
AcDbVertex
100
AcDb3dPolylineVertex
 10
388.5
 20
161.9
 30
0.0
 70
32
  0
VERTEX
  5
248
330
17
100
AcDbEntity
  8
RBAR-T8-B2
100
AcDbVertex
100
AcDb3dPolylineVertex
 10
385.8
 20
163.3
 30
0.0
 70
32
  0
VERTEX
  5
249
330
17
100
AcDbEntity
  8
RBAR-T8-B2
100
AcDbVertex
100
AcDb3dPolylineVertex
 10
382.8
 20
164.2
 30
0.0
 70
32
  0
VERTEX
  5
24A
330
17
100
AcDbEntity
  8
RBAR-T8-B2
100
AcDbVertex
100
AcDb3dPolylineVertex
 10
379.7
 20
164.5
 30
0.0
 70
32
  0
VERTEX
  5
24B
330
17
100
AcDbEntity
  8
RBAR-T8-B2
100
AcDbVertex
100
AcDb3dPolylineVertex
 10
4.0
 20
164.5
 30
0.0
 70
32
  0
SEQEND
  5
237
330
236
100
AcDbEntity
  8
RBAR-T8-B2
  0
POLYLINE
  5
24C
330
17
100
AcDbEntity
  8
RBAR-T8-B2
100
AcDb3dPolyline
 66
1
 10
0.0
 20
0.0
 30
0.0
 70
8
  0
VERTEX
  5
24E
330
17
100
AcDbEntity
  8
RBAR-T8-B2
100
AcDbVertex
100
AcDb3dPolylineVertex
 10
1724.5
 20
34.0
 30
3320.5
 70
32
  0
VERTEX
  5
24F
330
17
100
AcDbEntity
  8
RBAR-T8-B2
100
AcDbVertex
100
AcDb3dPolylineVertex
 10
2100.2
 20
34.0
 30
3320.5
 70
32
  0
VERTEX
  5
250
330
17
100
AcDbEntity
  8
RBAR-T8-B2
100
AcDbVertex
100
AcDb3dPolylineVertex
 10
2103.3
 20
34.3
 30
3320.5
 70
32
  0
VERTEX
  5
251
330
17
100
AcDbEntity
  8
RBAR-T8-B2
100
AcDbVertex
100
AcDb3dPolylineVertex
 10
2106.3
 20
35.2
 30
3320.5
 70
32
  0
VERTEX
  5
252
330
17
100
AcDbEntity
  8
RBAR-T8-B2
100
AcDbVertex
100
AcDb3dPolylineVertex
 10
2109.0
 20
36.7
 30
3320.5
 70
32
  0
VERTEX
  5
253
330
17
100
AcDbEntity
  8
RBAR-T8-B2
100
AcDbVertex
100
AcDb3dPolylineVertex
 10
2111.4
 20
38.6
 30
3320.5
 70
32
  0
VERTEX
  5
254
330
17
100
AcDbEntity
  8
RBAR-T8-B2
100
AcDbVertex
100
AcDb3dPolylineVertex
 10
2113.4
 20
41.0
 30
3320.5
 70
32
  0
VERTEX
  5
255
330
17
100
AcDbEntity
  8
RBAR-T8-B2
100
AcDbVertex
100
AcDb3dPolylineVertex
 10
2114.9
 20
43.8
 30
3320.5
 70
32
  0
VERTEX
  5
256
330
17
100
AcDbEntity
  8
RBAR-T8-B2
100
AcDbVertex
100
AcDb3dPolylineVertex
 10
2115.8
 20
46.7
 30
3320.5
 70
32
  0
VERTEX
  5
257
330
17
100
AcDbEntity
  8
RBAR-T8-B2
100
AcDbVertex
100
AcDb3dPolylineVertex
 10
2116.1
 20
49.8
 30
3320.5
 70
32
  0
VERTEX
  5
258
330
17
100
AcDbEntity
  8
RBAR-T8-B2
100
AcDbVertex
100
AcDb3dPolylineVertex
 10
2116.1
 20
148.7
 30
3320.5
 70
32
  0
VERTEX
  5
259
330
17
100
AcDbEntity
  8
RBAR-T8-B2
100
AcDbVertex
100
AcDb3dPolylineVertex
 10
2115.8
 20
151.8
 30
3320.5
 70
32
  0
VERTEX
  5
25A
330
17
100
AcDbEntity
  8
RBAR-T8-B2
100
AcDbVertex
100
AcDb3dPolylineVertex
 10
2114.9
 20
154.8
 30
3320.5
 70
32
  0
VERTEX
  5
25B
330
17
100
AcDbEntity
  8
RBAR-T8-B2
100
AcDbVertex
100
AcDb3dPolylineVertex
 10
2113.4
 20
157.5
 30
3320.5
 70
32
  0
VERTEX
  5
25C
330
17
100
AcDbEntity
  8
RBAR-T8-B2
100
AcDbVertex
100
AcDb3dPolylineVertex
 10
2111.4
 20
159.9
 30
3320.5
 70
32
  0
VERTEX
  5
25D
330
17
100
AcDbEntity
  8
RBAR-T8-B2
100
AcDbVertex
100
AcDb3dPolylineVertex
 10
2109.0
 20
161.9
 30
3320.5
 70
32
  0
VERTEX
  5
25E
330
17
100
AcDbEntity
  8
RBAR-T8-B2
100
AcDbVertex
100
AcDb3dPolylineVertex
 10
2106.3
 20
163.3
 30
3320.5
 70
32
  0
VERTEX
  5
25F
330
17
100
AcDbEntity
  8
RBAR-T8-B2
100
AcDbVertex
100
AcDb3dPolylineVertex
 10
2103.3
 20
164.2
 30
3320.5
 70
32
  0
VERTEX
  5
260
330
17
100
AcDbEntity
  8
RBAR-T8-B2
100
AcDbVertex
100
AcDb3dPolylineVertex
 10
2100.2
 20
164.5
 30
3320.5
 70
32
  0
VERTEX
  5
261
330
17
100
AcDbEntity
  8
RBAR-T8-B2
100
AcDbVertex
100
AcDb3dPolylineVertex
 10
1724.5
 20
164.5
 30
3320.5
 70
32
  0
SEQEND
  5
24D
330
24C
100
AcDbEntity
  8
RBAR-T8-B2
  0
POLYLINE
  5
262
330
17
100
AcDbEntity
  8
RBAR-T8-B2
100
AcDb3dPolyline
 66
1
 10
0.0
 20
0.0
 30
0.0
 70
8
  0
VERTEX
  5
264
330
17
100
AcDbEntity
  8
RBAR-T8-B2
100
AcDbVertex
100
AcDb3dPolylineVertex
 10
74.0
 20
34.0
 30
0.0
 70
32
  0
VERTEX
  5
265
330
17
100
AcDbEntity
  8
RBAR-T8-B2
100
AcDbVertex
100
AcDb3dPolylineVertex
 10
449.7
 20
34.0
 30
0.0
 70
32
  0
VERTEX
  5
266
330
17
100
AcDbEntity
  8
RBAR-T8-B2
100
AcDbVertex
100
AcDb3dPolylineVertex
 10
452.8
 20
34.3
 30
0.0
 70
32
  0
VERTEX
  5
267
330
17
100
AcDbEntity
  8
RBAR-T8-B2
100
AcDbVertex
100
AcDb3dPolylineVertex
 10
455.8
 20
35.2
 30
0.0
 70
32
  0
VERTEX
  5
268
330
17
100
AcDbEntity
  8
RBAR-T8-B2
100
AcDbVertex
100
AcDb3dPolylineVertex
 10
458.5
 20
36.7
 30
0.0
 70
32
  0
VERTEX
  5
269
330
17
100
AcDbEntity
  8
RBAR-T8-B2
100
AcDbVertex
100
AcDb3dPolylineVertex
 10
460.9
 20
38.6
 30
0.0
 70
32
  0
VERTEX
  5
26A
330
17
100
AcDbEntity
  8
RBAR-T8-B2
100
AcDbVertex
100
AcDb3dPolylineVertex
 10
462.9
 20
41.0
 30
0.0
 70
32
  0
VERTEX
  5
26B
330
17
100
AcDbEntity
  8
RBAR-T8-B2
100
AcDbVertex
100
AcDb3dPolylineVertex
 10
464.4
 20
43.8
 30
0.0
 70
32
  0
VERTEX
  5
26C
330
17
100
AcDbEntity
  8
RBAR-T8-B2
100
AcDbVertex
100
AcDb3dPolylineVertex
 10
465.3
 20
46.7
 30
0.0
 70
32
  0
VERTEX
  5
26D
330
17
100
AcDbEntity
  8
RBAR-T8-B2
100
AcDbVertex
100
AcDb3dPolylineVertex
 10
465.6
 20
49.8
 30
0.0
 70
32
  0
VERTEX
  5
26E
330
17
100
AcDbEntity
  8
RBAR-T8-B2
100
AcDbVertex
100
AcDb3dPolylineVertex
 10
465.6
 20
148.7
 30
0.0
 70
32
  0
VERTEX
  5
26F
330
17
100
AcDbEntity
  8
RBAR-T8-B2
100
AcDbVertex
100
AcDb3dPolylineVertex
 10
465.3
 20
151.8
 30
0.0
 70
32
  0
VERTEX
  5
270
330
17
100
AcDbEntity
  8
RBAR-T8-B2
100
AcDbVertex
100
AcDb3dPolylineVertex
 10
464.4
 20
154.8
 30
0.0
 70
32
  0
VERTEX
  5
271
330
17
100
AcDbEntity
  8
RBAR-T8-B2
100
AcDbVertex
100
AcDb3dPolylineVertex
 10
462.9
 20
157.5
 30
0.0
 70
32
  0
VERTEX
  5
272
330
17
100
AcDbEntity
  8
RBAR-T8-B2
100
AcDbVertex
100
AcDb3dPolylineVertex
 10
460.9
 20
159.9
 30
0.0
 70
32
  0
VERTEX
  5
273
330
17
100
AcDbEntity
  8
RBAR-T8-B2
100
AcDbVertex
100
AcDb3dPolylineVertex
 10
458.5
 20
161.9
 30
0.0
 70
32
  0
VERTEX
  5
274
330
17
100
AcDbEntity
  8
RBAR-T8-B2
100
AcDbVertex
100
AcDb3dPolylineVertex
 10
455.8
 20
163.3
 30
0.0
 70
32
  0
VERTEX
  5
275
330
17
100
AcDbEntity
  8
RBAR-T8-B2
100
AcDbVertex
100
AcDb3dPolylineVertex
 10
452.8
 20
164.2
 30
0.0
 70
32
  0
VERTEX
  5
276
330
17
100
AcDbEntity
  8
RBAR-T8-B2
100
AcDbVertex
100
AcDb3dPolylineVertex
 10
449.7
 20
164.5
 30
0.0
 70
32
  0
VERTEX
  5
277
330
17
100
AcDbEntity
  8
RBAR-T8-B2
100
AcDbVertex
100
AcDb3dPolylineVertex
 10
74.0
 20
164.5
 30
0.0
 70
32
  0
SEQEND
  5
263
330
262
100
AcDbEntity
  8
RBAR-T8-B2
  0
POLYLINE
  5
278
330
17
100
AcDbEntity
  8
RBAR-T8-B2
100
AcDb3dPolyline
 66
1
 10
0.0
 20
0.0
 30
0.0
 70
8
  0
VERTEX
  5
27A
330
17
100
AcDbEntity
  8
RBAR-T8-B2
100
AcDbVertex
100
AcDb3dPolylineVertex
 10
599.0
 20
34.0
 30
1604.9
 70
32
  0
VERTEX
  5
27B
330
17
100
AcDbEntity
  8
RBAR-T8-B2
100
AcDbVertex
100
AcDb3dPolylineVertex
 10
974.7
 20
34.0
 30
1604.9
 70
32
  0
VERTEX
  5
27C
330
17
100
AcDbEntity
  8
RBAR-T8-B2
100
AcDbVertex
100
AcDb3dPolylineVertex
 10
977.8
 20
34.3
 30
1604.9
 70
32
  0
VERTEX
  5
27D
330
17
100
AcDbEntity
  8
RBAR-T8-B2
100
AcDbVertex
100
AcDb3dPolylineVertex
 10
980.8
 20
35.2
 30
1604.9
 70
32
  0
VERTEX
  5
27E
330
17
100
AcDbEntity
  8
RBAR-T8-B2
100
AcDbVertex
100
AcDb3dPolylineVertex
 10
983.5
 20
36.7
 30
1604.9
 70
32
  0
VERTEX
  5
27F
330
17
100
AcDbEntity
  8
RBAR-T8-B2
100
AcDbVertex
100
AcDb3dPolylineVertex
 10
985.9
 20
38.6
 30
1604.9
 70
32
  0
VERTEX
  5
280
330
17
100
AcDbEntity
  8
RBAR-T8-B2
100
AcDbVertex
100
AcDb3dPolylineVertex
 10
987.9
 20
41.0
 30
1604.9
 70
32
  0
VERTEX
  5
281
330
17
100
AcDbEntity
  8
RBAR-T8-B2
100
AcDbVertex
100
AcDb3dPolylineVertex
 10
989.3
 20
43.8
 30
1604.9
 70
32
  0
VERTEX
  5
282
330
17
100
AcDbEntity
  8
RBAR-T8-B2
100
AcDbVertex
100
AcDb3dPolylineVertex
 10
990.2
 20
46.7
 30
1604.9
 70
32
  0
VERTEX
  5
283
330
17
100
AcDbEntity
  8
RBAR-T8-B2
100
AcDbVertex
100
AcDb3dPolylineVertex
 10
990.5
 20
49.8
 30
1604.9
 70
32
  0
VERTEX
  5
284
330
17
100
AcDbEntity
  8
RBAR-T8-B2
100
AcDbVertex
100
AcDb3dPolylineVertex
 10
990.5
 20
148.7
 30
1604.9
 70
32
  0
VERTEX
  5
285
330
17
100
AcDbEntity
  8
RBAR-T8-B2
100
AcDbVertex
100
AcDb3dPolylineVertex
 10
990.2
 20
151.8
 30
1604.9
 70
32
  0
VERTEX
  5
286
330
17
100
AcDbEntity
  8
RBAR-T8-B2
100
AcDbVertex
100
AcDb3dPolylineVertex
 10
989.3
 20
154.8
 30
1604.9
 70
32
  0
VERTEX
  5
287
330
17
100
AcDbEntity
  8
RBAR-T8-B2
100
AcDbVertex
100
AcDb3dPolylineVertex
 10
987.9
 20
157.5
 30
1604.9
 70
32
  0
VERTEX
  5
288
330
17
100
AcDbEntity
  8
RBAR-T8-B2
100
AcDbVertex
100
AcDb3dPolylineVertex
 10
985.9
 20
159.9
 30
1604.9
 70
32
  0
VERTEX
  5
289
330
17
100
AcDbEntity
  8
RBAR-T8-B2
100
AcDbVertex
100
AcDb3dPolylineVertex
 10
983.5
 20
161.9
 30
1604.9
 70
32
  0
VERTEX
  5
28A
330
17
100
AcDbEntity
  8
RBAR-T8-B2
100
AcDbVertex
100
AcDb3dPolylineVertex
 10
980.8
 20
163.3
 30
1604.9
 70
32
  0
VERTEX
  5
28B
330
17
100
AcDbEntity
  8
RBAR-T8-B2
100
AcDbVertex
100
AcDb3dPolylineVertex
 10
977.8
 20
164.2
 30
1604.9
 70
32
  0
VERTEX
  5
28C
330
17
100
AcDbEntity
  8
RBAR-T8-B2
100
AcDbVertex
100
AcDb3dPolylineVertex
 10
974.7
 20
164.5
 30
1604.9
 70
32
  0
VERTEX
  5
28D
330
17
100
AcDbEntity
  8
RBAR-T8-B2
100
AcDbVertex
100
AcDb3dPolylineVertex
 10
599.0
 20
164.5
 30
1604.9
 70
32
  0
SEQEND
  5
279
330
278
100
AcDbEntity
  8
RBAR-T8-B2
  0
POLYLINE
  5
28E
330
17
100
AcDbEntity
  8
RBAR-T8-B2
100
AcDb3dPolyline
 66
1
 10
0.0
 20
0.0
 30
0.0
 70
8
  0
VERTEX
  5
290
330
17
100
AcDbEntity
  8
RBAR-T8-B2
100
AcDbVertex
100
AcDb3dPolylineVertex
 10
599.0
 20
34.0
 30
2233.3
 70
32
  0
VERTEX
  5
291
330
17
100
AcDbEntity
  8
RBAR-T8-B2
100
AcDbVertex
100
AcDb3dPolylineVertex
 10
974.7
 20
34.0
 30
2233.3
 70
32
  0
VERTEX
  5
292
330
17
100
AcDbEntity
  8
RBAR-T8-B2
100
AcDbVertex
100
AcDb3dPolylineVertex
 10
977.8
 20
34.3
 30
2233.3
 70
32
  0
VERTEX
  5
293
330
17
100
AcDbEntity
  8
RBAR-T8-B2
100
AcDbVertex
100
AcDb3dPolylineVertex
 10
980.8
 20
35.2
 30
2233.3
 70
32
  0
VERTEX
  5
294
330
17
100
AcDbEntity
  8
RBAR-T8-B2
100
AcDbVertex
100
AcDb3dPolylineVertex
 10
983.5
 20
36.7
 30
2233.3
 70
32
  0
VERTEX
  5
295
330
17
100
AcDbEntity
  8
RBAR-T8-B2
100
AcDbVertex
100
AcDb3dPolylineVertex
 10
985.9
 20
38.6
 30
2233.3
 70
32
  0
VERTEX
  5
296
330
17
100
AcDbEntity
  8
RBAR-T8-B2
100
AcDbVertex
100
AcDb3dPolylineVertex
 10
987.9
 20
41.0
 30
2233.3
 70
32
  0
VERTEX
  5
297
330
17
100
AcDbEntity
  8
RBAR-T8-B2
100
AcDbVertex
100
AcDb3dPolylineVertex
 10
989.3
 20
43.8
 30
2233.3
 70
32
  0
VERTEX
  5
298
330
17
100
AcDbEntity
  8
RBAR-T8-B2
100
AcDbVertex
100
AcDb3dPolylineVertex
 10
990.2
 20
46.7
 30
2233.3
 70
32
  0
VERTEX
  5
299
330
17
100
AcDbEntity
  8
RBAR-T8-B2
100
AcDbVertex
100
AcDb3dPolylineVertex
 10
990.5
 20
49.8
 30
2233.3
 70
32
  0
VERTEX
  5
29A
330
17
100
AcDbEntity
  8
RBAR-T8-B2
100
AcDbVertex
100
AcDb3dPolylineVertex
 10
990.5
 20
148.7
 30
2233.3
 70
32
  0
VERTEX
  5
29B
330
17
100
AcDbEntity
  8
RBAR-T8-B2
100
AcDbVertex
100
AcDb3dPolylineVertex
 10
990.2
 20
151.8
 30
2233.3
 70
32
  0
VERTEX
  5
29C
330
17
100
AcDbEntity
  8
RBAR-T8-B2
100
AcDbVertex
100
AcDb3dPolylineVertex
 10
989.3
 20
154.8
 30
2233.3
 70
32
  0
VERTEX
  5
29D
330
17
100
AcDbEntity
  8
RBAR-T8-B2
100
AcDbVertex
100
AcDb3dPolylineVertex
 10
987.9
 20
157.5
 30
2233.3
 70
32
  0
VERTEX
  5
29E
330
17
100
AcDbEntity
  8
RBAR-T8-B2
100
AcDbVertex
100
AcDb3dPolylineVertex
 10
985.9
 20
159.9
 30
2233.3
 70
32
  0
VERTEX
  5
29F
330
17
100
AcDbEntity
  8
RBAR-T8-B2
100
AcDbVertex
100
AcDb3dPolylineVertex
 10
983.5
 20
161.9
 30
2233.3
 70
32
  0
VERTEX
  5
2A0
330
17
100
AcDbEntity
  8
RBAR-T8-B2
100
AcDbVertex
100
AcDb3dPolylineVertex
 10
980.8
 20
163.3
 30
2233.3
 70
32
  0
VERTEX
  5
2A1
330
17
100
AcDbEntity
  8
RBAR-T8-B2
100
AcDbVertex
100
AcDb3dPolylineVertex
 10
977.8
 20
164.2
 30
2233.3
 70
32
  0
VERTEX
  5
2A2
330
17
100
AcDbEntity
  8
RBAR-T8-B2
100
AcDbVertex
100
AcDb3dPolylineVertex
 10
974.7
 20
164.5
 30
2233.3
 70
32
  0
VERTEX
  5
2A3
330
17
100
AcDbEntity
  8
RBAR-T8-B2
100
AcDbVertex
100
AcDb3dPolylineVertex
 10
599.0
 20
164.5
 30
2233.3
 70
32
  0
SEQEND
  5
28F
330
28E
100
AcDbEntity
  8
RBAR-T8-B2
  0
POLYLINE
  5
2A4
330
17
100
AcDbEntity
  8
RBAR-T8-B2
100
AcDb3dPolyline
 66
1
 10
0.0
 20
0.0
 30
0.0
 70
8
  0
VERTEX
  5
2A6
330
17
100
AcDbEntity
  8
RBAR-T8-B2
100
AcDbVertex
100
AcDb3dPolylineVertex
 10
599.0
 20
34.0
 30
2861.7
 70
32
  0
VERTEX
  5
2A7
330
17
100
AcDbEntity
  8
RBAR-T8-B2
100
AcDbVertex
100
AcDb3dPolylineVertex
 10
974.7
 20
34.0
 30
2861.7
 70
32
  0
VERTEX
  5
2A8
330
17
100
AcDbEntity
  8
RBAR-T8-B2
100
AcDbVertex
100
AcDb3dPolylineVertex
 10
977.8
 20
34.3
 30
2861.7
 70
32
  0
VERTEX
  5
2A9
330
17
100
AcDbEntity
  8
RBAR-T8-B2
100
AcDbVertex
100
AcDb3dPolylineVertex
 10
980.8
 20
35.2
 30
2861.7
 70
32
  0
VERTEX
  5
2AA
330
17
100
AcDbEntity
  8
RBAR-T8-B2
100
AcDbVertex
100
AcDb3dPolylineVertex
 10
983.5
 20
36.7
 30
2861.7
 70
32
  0
VERTEX
  5
2AB
330
17
100
AcDbEntity
  8
RBAR-T8-B2
100
AcDbVertex
100
AcDb3dPolylineVertex
 10
985.9
 20
38.6
 30
2861.7
 70
32
  0
VERTEX
  5
2AC
330
17
100
AcDbEntity
  8
RBAR-T8-B2
100
AcDbVertex
100
AcDb3dPolylineVertex
 10
987.9
 20
41.0
 30
2861.7
 70
32
  0
VERTEX
  5
2AD
330
17
100
AcDbEntity
  8
RBAR-T8-B2
100
AcDbVertex
100
AcDb3dPolylineVertex
 10
989.3
 20
43.8
 30
2861.7
 70
32
  0
VERTEX
  5
2AE
330
17
100
AcDbEntity
  8
RBAR-T8-B2
100
AcDbVertex
100
AcDb3dPolylineVertex
 10
990.2
 20
46.7
 30
2861.7
 70
32
  0
VERTEX
  5
2AF
330
17
100
AcDbEntity
  8
RBAR-T8-B2
100
AcDbVertex
100
AcDb3dPolylineVertex
 10
990.5
 20
49.8
 30
2861.7
 70
32
  0
VERTEX
  5
2B0
330
17
100
AcDbEntity
  8
RBAR-T8-B2
100
AcDbVertex
100
AcDb3dPolylineVertex
 10
990.5
 20
148.7
 30
2861.7
 70
32
  0
VERTEX
  5
2B1
330
17
100
AcDbEntity
  8
RBAR-T8-B2
100
AcDbVertex
100
AcDb3dPolylineVertex
 10
990.2
 20
151.8
 30
2861.7
 70
32
  0
VERTEX
  5
2B2
330
17
100
AcDbEntity
  8
RBAR-T8-B2
100
AcDbVertex
100
AcDb3dPolylineVertex
 10
989.3
 20
154.8
 30
2861.7
 70
32
  0
VERTEX
  5
2B3
330
17
100
AcDbEntity
  8
RBAR-T8-B2
100
AcDbVertex
100
AcDb3dPolylineVertex
 10
987.9
 20
157.5
 30
2861.7
 70
32
  0
VERTEX
  5
2B4
330
17
100
AcDbEntity
  8
RBAR-T8-B2
100
AcDbVertex
100
AcDb3dPolylineVertex
 10
985.9
 20
159.9
 30
2861.7
 70
32
  0
VERTEX
  5
2B5
330
17
100
AcDbEntity
  8
RBAR-T8-B2
100
AcDbVertex
100
AcDb3dPolylineVertex
 10
983.5
 20
161.9
 30
2861.7
 70
32
  0
VERTEX
  5
2B6
330
17
100
AcDbEntity
  8
RBAR-T8-B2
100
AcDbVertex
100
AcDb3dPolylineVertex
 10
980.8
 20
163.3
 30
2861.7
 70
32
  0
VERTEX
  5
2B7
330
17
100
AcDbEntity
  8
RBAR-T8-B2
100
AcDbVertex
100
AcDb3dPolylineVertex
 10
977.8
 20
164.2
 30
2861.7
 70
32
  0
VERTEX
  5
2B8
330
17
100
AcDbEntity
  8
RBAR-T8-B2
100
AcDbVertex
100
AcDb3dPolylineVertex
 10
974.7
 20
164.5
 30
2861.7
 70
32
  0
VERTEX
  5
2B9
330
17
100
AcDbEntity
  8
RBAR-T8-B2
100
AcDbVertex
100
AcDb3dPolylineVertex
 10
599.0
 20
164.5
 30
2861.7
 70
32
  0
SEQEND
  5
2A5
330
2A4
100
AcDbEntity
  8
RBAR-T8-B2
  0
POLYLINE
  5
2BA
330
17
100
AcDbEntity
  8
RBAR-T8-B2
100
AcDb3dPolyline
 66
1
 10
0.0
 20
0.0
 30
0.0
 70
8
  0
VERTEX
  5
2BC
330
17
100
AcDbEntity
  8
RBAR-T8-B2
100
AcDbVertex
100
AcDb3dPolylineVertex
 10
599.0
 20
34.0
 30
3490.1
 70
32
  0
VERTEX
  5
2BD
330
17
100
AcDbEntity
  8
RBAR-T8-B2
100
AcDbVertex
100
AcDb3dPolylineVertex
 10
974.7
 20
34.0
 30
3490.1
 70
32
  0
VERTEX
  5
2BE
330
17
100
AcDbEntity
  8
RBAR-T8-B2
100
AcDbVertex
100
AcDb3dPolylineVertex
 10
977.8
 20
34.3
 30
3490.1
 70
32
  0
VERTEX
  5
2BF
330
17
100
AcDbEntity
  8
RBAR-T8-B2
100
AcDbVertex
100
AcDb3dPolylineVertex
 10
980.8
 20
35.2
 30
3490.1
 70
32
  0
VERTEX
  5
2C0
330
17
100
AcDbEntity
  8
RBAR-T8-B2
100
AcDbVertex
100
AcDb3dPolylineVertex
 10
983.5
 20
36.7
 30
3490.1
 70
32
  0
VERTEX
  5
2C1
330
17
100
AcDbEntity
  8
RBAR-T8-B2
100
AcDbVertex
100
AcDb3dPolylineVertex
 10
985.9
 20
38.6
 30
3490.1
 70
32
  0
VERTEX
  5
2C2
330
17
100
AcDbEntity
  8
RBAR-T8-B2
100
AcDbVertex
100
AcDb3dPolylineVertex
 10
987.9
 20
41.0
 30
3490.1
 70
32
  0
VERTEX
  5
2C3
330
17
100
AcDbEntity
  8
RBAR-T8-B2
100
AcDbVertex
100
AcDb3dPolylineVertex
 10
989.3
 20
43.8
 30
3490.1
 70
32
  0
VERTEX
  5
2C4
330
17
100
AcDbEntity
  8
RBAR-T8-B2
100
AcDbVertex
100
AcDb3dPolylineVertex
 10
990.2
 20
46.7
 30
3490.1
 70
32
  0
VERTEX
  5
2C5
330
17
100
AcDbEntity
  8
RBAR-T8-B2
100
AcDbVertex
100
AcDb3dPolylineVertex
 10
990.5
 20
49.8
 30
3490.1
 70
32
  0
VERTEX
  5
2C6
330
17
100
AcDbEntity
  8
RBAR-T8-B2
100
AcDbVertex
100
AcDb3dPolylineVertex
 10
990.5
 20
148.7
 30
3490.1
 70
32
  0
VERTEX
  5
2C7
330
17
100
AcDbEntity
  8
RBAR-T8-B2
100
AcDbVertex
100
AcDb3dPolylineVertex
 10
990.2
 20
151.8
 30
3490.1
 70
32
  0
VERTEX
  5
2C8
330
17
100
AcDbEntity
  8
RBAR-T8-B2
100
AcDbVertex
100
AcDb3dPolylineVertex
 10
989.3
 20
154.8
 30
3490.1
 70
32
  0
VERTEX
  5
2C9
330
17
100
AcDbEntity
  8
RBAR-T8-B2
100
AcDbVertex
100
AcDb3dPolylineVertex
 10
987.9
 20
157.5
 30
3490.1
 70
32
  0
VERTEX
  5
2CA
330
17
100
AcDbEntity
  8
RBAR-T8-B2
100
AcDbVertex
100
AcDb3dPolylineVertex
 10
985.9
 20
159.9
 30
3490.1
 70
32
  0
VERTEX
  5
2CB
330
17
100
AcDbEntity
  8
RBAR-T8-B2
100
AcDbVertex
100
AcDb3dPolylineVertex
 10
983.5
 20
161.9
 30
3490.1
 70
32
  0
VERTEX
  5
2CC
330
17
100
AcDbEntity
  8
RBAR-T8-B2
100
AcDbVertex
100
AcDb3dPolylineVertex
 10
980.8
 20
163.3
 30
3490.1
 70
32
  0
VERTEX
  5
2CD
330
17
100
AcDbEntity
  8
RBAR-T8-B2
100
AcDbVertex
100
AcDb3dPolylineVertex
 10
977.8
 20
164.2
 30
3490.1
 70
32
  0
VERTEX
  5
2CE
330
17
100
AcDbEntity
  8
RBAR-T8-B2
100
AcDbVertex
100
AcDb3dPolylineVertex
 10
974.7
 20
164.5
 30
3490.1
 70
32
  0
VERTEX
  5
2CF
330
17
100
AcDbEntity
  8
RBAR-T8-B2
100
AcDbVertex
100
AcDb3dPolylineVertex
 10
599.0
 20
164.5
 30
3490.1
 70
32
  0
SEQEND
  5
2BB
330
2BA
100
AcDbEntity
  8
RBAR-T8-B2
  0
POLYLINE
  5
2D0
330
17
100
AcDbEntity
  8
RBAR-T8-B2
100
AcDb3dPolyline
 66
1
 10
0.0
 20
0.0
 30
0.0
 70
8
  0
VERTEX
  5
2D2
330
17
100
AcDbEntity
  8
RBAR-T8-B2
100
AcDbVertex
100
AcDb3dPolylineVertex
 10
599.0
 20
34.0
 30
4118.4
 70
32
  0
VERTEX
  5
2D3
330
17
100
AcDbEntity
  8
RBAR-T8-B2
100
AcDbVertex
100
AcDb3dPolylineVertex
 10
974.7
 20
34.0
 30
4118.4
 70
32
  0
VERTEX
  5
2D4
330
17
100
AcDbEntity
  8
RBAR-T8-B2
100
AcDbVertex
100
AcDb3dPolylineVertex
 10
977.8
 20
34.3
 30
4118.4
 70
32
  0
VERTEX
  5
2D5
330
17
100
AcDbEntity
  8
RBAR-T8-B2
100
AcDbVertex
100
AcDb3dPolylineVertex
 10
980.8
 20
35.2
 30
4118.4
 70
32
  0
VERTEX
  5
2D6
330
17
100
AcDbEntity
  8
RBAR-T8-B2
100
AcDbVertex
100
AcDb3dPolylineVertex
 10
983.5
 20
36.7
 30
4118.4
 70
32
  0
VERTEX
  5
2D7
330
17
100
AcDbEntity
  8
RBAR-T8-B2
100
AcDbVertex
100
AcDb3dPolylineVertex
 10
985.9
 20
38.6
 30
4118.4
 70
32
  0
VERTEX
  5
2D8
330
17
100
AcDbEntity
  8
RBAR-T8-B2
100
AcDbVertex
100
AcDb3dPolylineVertex
 10
987.9
 20
41.0
 30
4118.4
 70
32
  0
VERTEX
  5
2D9
330
17
100
AcDbEntity
  8
RBAR-T8-B2
100
AcDbVertex
100
AcDb3dPolylineVertex
 10
989.3
 20
43.8
 30
4118.4
 70
32
  0
VERTEX
  5
2DA
330
17
100
AcDbEntity
  8
RBAR-T8-B2
100
AcDbVertex
100
AcDb3dPolylineVertex
 10
990.2
 20
46.7
 30
4118.4
 70
32
  0
VERTEX
  5
2DB
330
17
100
AcDbEntity
  8
RBAR-T8-B2
100
AcDbVertex
100
AcDb3dPolylineVertex
 10
990.5
 20
49.8
 30
4118.4
 70
32
  0
VERTEX
  5
2DC
330
17
100
AcDbEntity
  8
RBAR-T8-B2
100
AcDbVertex
100
AcDb3dPolylineVertex
 10
990.5
 20
148.7
 30
4118.4
 70
32
  0
VERTEX
  5
2DD
330
17
100
AcDbEntity
  8
RBAR-T8-B2
100
AcDbVertex
100
AcDb3dPolylineVertex
 10
990.2
 20
151.8
 30
4118.4
 70
32
  0
VERTEX
  5
2DE
330
17
100
AcDbEntity
  8
RBAR-T8-B2
100
AcDbVertex
100
AcDb3dPolylineVertex
 10
989.3
 20
154.8
 30
4118.4
 70
32
  0
VERTEX
  5
2DF
330
17
100
AcDbEntity
  8
RBAR-T8-B2
100
AcDbVertex
100
AcDb3dPolylineVertex
 10
987.9
 20
157.5
 30
4118.4
 70
32
  0
VERTEX
  5
2E0
330
17
100
AcDbEntity
  8
RBAR-T8-B2
100
AcDbVertex
100
AcDb3dPolylineVertex
 10
985.9
 20
159.9
 30
4118.4
 70
32
  0
VERTEX
  5
2E1
330
17
100
AcDbEntity
  8
RBAR-T8-B2
100
AcDbVertex
100
AcDb3dPolylineVertex
 10
983.5
 20
161.9
 30
4118.4
 70
32
  0
VERTEX
  5
2E2
330
17
100
AcDbEntity
  8
RBAR-T8-B2
100
AcDbVertex
100
AcDb3dPolylineVertex
 10
980.8
 20
163.3
 30
4118.4
 70
32
  0
VERTEX
  5
2E3
330
17
100
AcDbEntity
  8
RBAR-T8-B2
100
AcDbVertex
100
AcDb3dPolylineVertex
 10
977.8
 20
164.2
 30
4118.4
 70
32
  0
VERTEX
  5
2E4
330
17
100
AcDbEntity
  8
RBAR-T8-B2
100
AcDbVertex
100
AcDb3dPolylineVertex
 10
974.7
 20
164.5
 30
4118.4
 70
32
  0
VERTEX
  5
2E5
330
17
100
AcDbEntity
  8
RBAR-T8-B2
100
AcDbVertex
100
AcDb3dPolylineVertex
 10
599.0
 20
164.5
 30
4118.4
 70
32
  0
SEQEND
  5
2D1
330
2D0
100
AcDbEntity
  8
RBAR-T8-B2
  0
POLYLINE
  5
2E6
330
17
100
AcDbEntity
  8
RBAR-T8-B2
100
AcDb3dPolyline
 66
1
 10
0.0
 20
0.0
 30
0.0
 70
8
  0
VERTEX
  5
2E8
330
17
100
AcDbEntity
  8
RBAR-T8-B2
100
AcDbVertex
100
AcDb3dPolylineVertex
 10
599.0
 20
34.0
 30
4746.8
 70
32
  0
VERTEX
  5
2E9
330
17
100
AcDbEntity
  8
RBAR-T8-B2
100
AcDbVertex
100
AcDb3dPolylineVertex
 10
974.7
 20
34.0
 30
4746.8
 70
32
  0
VERTEX
  5
2EA
330
17
100
AcDbEntity
  8
RBAR-T8-B2
100
AcDbVertex
100
AcDb3dPolylineVertex
 10
977.8
 20
34.3
 30
4746.8
 70
32
  0
VERTEX
  5
2EB
330
17
100
AcDbEntity
  8
RBAR-T8-B2
100
AcDbVertex
100
AcDb3dPolylineVertex
 10
980.8
 20
35.2
 30
4746.8
 70
32
  0
VERTEX
  5
2EC
330
17
100
AcDbEntity
  8
RBAR-T8-B2
100
AcDbVertex
100
AcDb3dPolylineVertex
 10
983.5
 20
36.7
 30
4746.8
 70
32
  0
VERTEX
  5
2ED
330
17
100
AcDbEntity
  8
RBAR-T8-B2
100
AcDbVertex
100
AcDb3dPolylineVertex
 10
985.9
 20
38.6
 30
4746.8
 70
32
  0
VERTEX
  5
2EE
330
17
100
AcDbEntity
  8
RBAR-T8-B2
100
AcDbVertex
100
AcDb3dPolylineVertex
 10
987.9
 20
41.0
 30
4746.8
 70
32
  0
VERTEX
  5
2EF
330
17
100
AcDbEntity
  8
RBAR-T8-B2
100
AcDbVertex
100
AcDb3dPolylineVertex
 10
989.3
 20
43.8
 30
4746.8
 70
32
  0
VERTEX
  5
2F0
330
17
100
AcDbEntity
  8
RBAR-T8-B2
100
AcDbVertex
100
AcDb3dPolylineVertex
 10
990.2
 20
46.7
 30
4746.8
 70
32
  0
VERTEX
  5
2F1
330
17
100
AcDbEntity
  8
RBAR-T8-B2
100
AcDbVertex
100
AcDb3dPolylineVertex
 10
990.5
 20
49.8
 30
4746.8
 70
32
  0
VERTEX
  5
2F2
330
17
100
AcDbEntity
  8
RBAR-T8-B2
100
AcDbVertex
100
AcDb3dPolylineVertex
 10
990.5
 20
148.7
 30
4746.8
 70
32
  0
VERTEX
  5
2F3
330
17
100
AcDbEntity
  8
RBAR-T8-B2
100
AcDbVertex
100
AcDb3dPolylineVertex
 10
990.2
 20
151.8
 30
4746.8
 70
32
  0
VERTEX
  5
2F4
330
17
100
AcDbEntity
  8
RBAR-T8-B2
100
AcDbVertex
100
AcDb3dPolylineVertex
 10
989.3
 20
154.8
 30
4746.8
 70
32
  0
VERTEX
  5
2F5
330
17
100
AcDbEntity
  8
RBAR-T8-B2
100
AcDbVertex
100
AcDb3dPolylineVertex
 10
987.9
 20
157.5
 30
4746.8
 70
32
  0
VERTEX
  5
2F6
330
17
100
AcDbEntity
  8
RBAR-T8-B2
100
AcDbVertex
100
AcDb3dPolylineVertex
 10
985.9
 20
159.9
 30
4746.8
 70
32
  0
VERTEX
  5
2F7
330
17
100
AcDbEntity
  8
RBAR-T8-B2
100
AcDbVertex
100
AcDb3dPolylineVertex
 10
983.5
 20
161.9
 30
4746.8
 70
32
  0
VERTEX
  5
2F8
330
17
100
AcDbEntity
  8
RBAR-T8-B2
100
AcDbVertex
100
AcDb3dPolylineVertex
 10
980.8
 20
163.3
 30
4746.8
 70
32
  0
VERTEX
  5
2F9
330
17
100
AcDbEntity
  8
RBAR-T8-B2
100
AcDbVertex
100
AcDb3dPolylineVertex
 10
977.8
 20
164.2
 30
4746.8
 70
32
  0
VERTEX
  5
2FA
330
17
100
AcDbEntity
  8
RBAR-T8-B2
100
AcDbVertex
100
AcDb3dPolylineVertex
 10
974.7
 20
164.5
 30
4746.8
 70
32
  0
VERTEX
  5
2FB
330
17
100
AcDbEntity
  8
RBAR-T8-B2
100
AcDbVertex
100
AcDb3dPolylineVertex
 10
599.0
 20
164.5
 30
4746.8
 70
32
  0
SEQEND
  5
2E7
330
2E6
100
AcDbEntity
  8
RBAR-T8-B2
  0
POLYLINE
  5
2FC
330
17
100
AcDbEntity
  8
RBAR-T8-B2
100
AcDb3dPolyline
 66
1
 10
0.0
 20
0.0
 30
0.0
 70
8
  0
VERTEX
  5
2FE
330
17
100
AcDbEntity
  8
RBAR-T8-B2
100
AcDbVertex
100
AcDb3dPolylineVertex
 10
1164.0
 20
34.0
 30
393.1
 70
32
  0
VERTEX
  5
2FF
330
17
100
AcDbEntity
  8
RBAR-T8-B2
100
AcDbVertex
100
AcDb3dPolylineVertex
 10
1539.7
 20
34.0
 30
393.1
 70
32
  0
VERTEX
  5
300
330
17
100
AcDbEntity
  8
RBAR-T8-B2
100
AcDbVertex
100
AcDb3dPolylineVertex
 10
1542.8
 20
34.3
 30
393.1
 70
32
  0
VERTEX
  5
301
330
17
100
AcDbEntity
  8
RBAR-T8-B2
100
AcDbVertex
100
AcDb3dPolylineVertex
 10
1545.8
 20
35.2
 30
393.1
 70
32
  0
VERTEX
  5
302
330
17
100
AcDbEntity
  8
RBAR-T8-B2
100
AcDbVertex
100
AcDb3dPolylineVertex
 10
1548.5
 20
36.7
 30
393.1
 70
32
  0
VERTEX
  5
303
330
17
100
AcDbEntity
  8
RBAR-T8-B2
100
AcDbVertex
100
AcDb3dPolylineVertex
 10
1550.9
 20
38.6
 30
393.1
 70
32
  0
VERTEX
  5
304
330
17
100
AcDbEntity
  8
RBAR-T8-B2
100
AcDbVertex
100
AcDb3dPolylineVertex
 10
1552.9
 20
41.0
 30
393.1
 70
32
  0
VERTEX
  5
305
330
17
100
AcDbEntity
  8
RBAR-T8-B2
100
AcDbVertex
100
AcDb3dPolylineVertex
 10
1554.3
 20
43.8
 30
393.1
 70
32
  0
VERTEX
  5
306
330
17
100
AcDbEntity
  8
RBAR-T8-B2
100
AcDbVertex
100
AcDb3dPolylineVertex
 10
1555.2
 20
46.7
 30
393.1
 70
32
  0
VERTEX
  5
307
330
17
100
AcDbEntity
  8
RBAR-T8-B2
100
AcDbVertex
100
AcDb3dPolylineVertex
 10
1555.5
 20
49.8
 30
393.1
 70
32
  0
VERTEX
  5
308
330
17
100
AcDbEntity
  8
RBAR-T8-B2
100
AcDbVertex
100
AcDb3dPolylineVertex
 10
1555.5
 20
148.7
 30
393.1
 70
32
  0
VERTEX
  5
309
330
17
100
AcDbEntity
  8
RBAR-T8-B2
100
AcDbVertex
100
AcDb3dPolylineVertex
 10
1555.2
 20
151.8
 30
393.1
 70
32
  0
VERTEX
  5
30A
330
17
100
AcDbEntity
  8
RBAR-T8-B2
100
AcDbVertex
100
AcDb3dPolylineVertex
 10
1554.3
 20
154.8
 30
393.1
 70
32
  0
VERTEX
  5
30B
330
17
100
AcDbEntity
  8
RBAR-T8-B2
100
AcDbVertex
100
AcDb3dPolylineVertex
 10
1552.9
 20
157.5
 30
393.1
 70
32
  0
VERTEX
  5
30C
330
17
100
AcDbEntity
  8
RBAR-T8-B2
100
AcDbVertex
100
AcDb3dPolylineVertex
 10
1550.9
 20
159.9
 30
393.1
 70
32
  0
VERTEX
  5
30D
330
17
100
AcDbEntity
  8
RBAR-T8-B2
100
AcDbVertex
100
AcDb3dPolylineVertex
 10
1548.5
 20
161.9
 30
393.1
 70
32
  0
VERTEX
  5
30E
330
17
100
AcDbEntity
  8
RBAR-T8-B2
100
AcDbVertex
100
AcDb3dPolylineVertex
 10
1545.8
 20
163.3
 30
393.1
 70
32
  0
VERTEX
  5
30F
330
17
100
AcDbEntity
  8
RBAR-T8-B2
100
AcDbVertex
100
AcDb3dPolylineVertex
 10
1542.8
 20
164.2
 30
393.1
 70
32
  0
VERTEX
  5
310
330
17
100
AcDbEntity
  8
RBAR-T8-B2
100
AcDbVertex
100
AcDb3dPolylineVertex
 10
1539.7
 20
164.5
 30
393.1
 70
32
  0
VERTEX
  5
311
330
17
100
AcDbEntity
  8
RBAR-T8-B2
100
AcDbVertex
100
AcDb3dPolylineVertex
 10
1164.0
 20
164.5
 30
393.1
 70
32
  0
SEQEND
  5
2FD
330
2FC
100
AcDbEntity
  8
RBAR-T8-B2
  0
POLYLINE
  5
312
330
17
100
AcDbEntity
  8
RBAR-T8-B2
100
AcDb3dPolyline
 66
1
 10
0.0
 20
0.0
 30
0.0
 70
8
  0
VERTEX
  5
314
330
17
100
AcDbEntity
  8
RBAR-T8-B2
100
AcDbVertex
100
AcDb3dPolylineVertex
 10
1164.0
 20
34.0
 30
1111.2
 70
32
  0
VERTEX
  5
315
330
17
100
AcDbEntity
  8
RBAR-T8-B2
100
AcDbVertex
100
AcDb3dPolylineVertex
 10
1539.7
 20
34.0
 30
1111.2
 70
32
  0
VERTEX
  5
316
330
17
100
AcDbEntity
  8
RBAR-T8-B2
100
AcDbVertex
100
AcDb3dPolylineVertex
 10
1542.8
 20
34.3
 30
1111.2
 70
32
  0
VERTEX
  5
317
330
17
100
AcDbEntity
  8
RBAR-T8-B2
100
AcDbVertex
100
AcDb3dPolylineVertex
 10
1545.8
 20
35.2
 30
1111.2
 70
32
  0
VERTEX
  5
318
330
17
100
AcDbEntity
  8
RBAR-T8-B2
100
AcDbVertex
100
AcDb3dPolylineVertex
 10
1548.5
 20
36.7
 30
1111.2
 70
32
  0
VERTEX
  5
319
330
17
100
AcDbEntity
  8
RBAR-T8-B2
100
AcDbVertex
100
AcDb3dPolylineVertex
 10
1550.9
 20
38.6
 30
1111.2
 70
32
  0
VERTEX
  5
31A
330
17
100
AcDbEntity
  8
RBAR-T8-B2
100
AcDbVertex
100
AcDb3dPolylineVertex
 10
1552.9
 20
41.0
 30
1111.2
 70
32
  0
VERTEX
  5
31B
330
17
100
AcDbEntity
  8
RBAR-T8-B2
100
AcDbVertex
100
AcDb3dPolylineVertex
 10
1554.3
 20
43.8
 30
1111.2
 70
32
  0
VERTEX
  5
31C
330
17
100
AcDbEntity
  8
RBAR-T8-B2
100
AcDbVertex
100
AcDb3dPolylineVertex
 10
1555.2
 20
46.7
 30
1111.2
 70
32
  0
VERTEX
  5
31D
330
17
100
AcDbEntity
  8
RBAR-T8-B2
100
AcDbVertex
100
AcDb3dPolylineVertex
 10
1555.5
 20
49.8
 30
1111.2
 70
32
  0
VERTEX
  5
31E
330
17
100
AcDbEntity
  8
RBAR-T8-B2
100
AcDbVertex
100
AcDb3dPolylineVertex
 10
1555.5
 20
148.7
 30
1111.2
 70
32
  0
VERTEX
  5
31F
330
17
100
AcDbEntity
  8
RBAR-T8-B2
100
AcDbVertex
100
AcDb3dPolylineVertex
 10
1555.2
 20
151.8
 30
1111.2
 70
32
  0
VERTEX
  5
320
330
17
100
AcDbEntity
  8
RBAR-T8-B2
100
AcDbVertex
100
AcDb3dPolylineVertex
 10
1554.3
 20
154.8
 30
1111.2
 70
32
  0
VERTEX
  5
321
330
17
100
AcDbEntity
  8
RBAR-T8-B2
100
AcDbVertex
100
AcDb3dPolylineVertex
 10
1552.9
 20
157.5
 30
1111.2
 70
32
  0
VERTEX
  5
322
330
17
100
AcDbEntity
  8
RBAR-T8-B2
100
AcDbVertex
100
AcDb3dPolylineVertex
 10
1550.9
 20
159.9
 30
1111.2
 70
32
  0
VERTEX
  5
323
330
17
100
AcDbEntity
  8
RBAR-T8-B2
100
AcDbVertex
100
AcDb3dPolylineVertex
 10
1548.5
 20
161.9
 30
1111.2
 70
32
  0
VERTEX
  5
324
330
17
100
AcDbEntity
  8
RBAR-T8-B2
100
AcDbVertex
100
AcDb3dPolylineVertex
 10
1545.8
 20
163.3
 30
1111.2
 70
32
  0
VERTEX
  5
325
330
17
100
AcDbEntity
  8
RBAR-T8-B2
100
AcDbVertex
100
AcDb3dPolylineVertex
 10
1542.8
 20
164.2
 30
1111.2
 70
32
  0
VERTEX
  5
326
330
17
100
AcDbEntity
  8
RBAR-T8-B2
100
AcDbVertex
100
AcDb3dPolylineVertex
 10
1539.7
 20
164.5
 30
1111.2
 70
32
  0
VERTEX
  5
327
330
17
100
AcDbEntity
  8
RBAR-T8-B2
100
AcDbVertex
100
AcDb3dPolylineVertex
 10
1164.0
 20
164.5
 30
1111.2
 70
32
  0
SEQEND
  5
313
330
312
100
AcDbEntity
  8
RBAR-T8-B2
  0
POLYLINE
  5
328
330
17
100
AcDbEntity
  8
RBAR-T8-B2
100
AcDb3dPolyline
 66
1
 10
0.0
 20
0.0
 30
0.0
 70
8
  0
VERTEX
  5
32A
330
17
100
AcDbEntity
  8
RBAR-T8-B2
100
AcDbVertex
100
AcDb3dPolylineVertex
 10
1164.0
 20
34.0
 30
1829.4
 70
32
  0
VERTEX
  5
32B
330
17
100
AcDbEntity
  8
RBAR-T8-B2
100
AcDbVertex
100
AcDb3dPolylineVertex
 10
1539.7
 20
34.0
 30
1829.4
 70
32
  0
VERTEX
  5
32C
330
17
100
AcDbEntity
  8
RBAR-T8-B2
100
AcDbVertex
100
AcDb3dPolylineVertex
 10
1542.8
 20
34.3
 30
1829.4
 70
32
  0
VERTEX
  5
32D
330
17
100
AcDbEntity
  8
RBAR-T8-B2
100
AcDbVertex
100
AcDb3dPolylineVertex
 10
1545.8
 20
35.2
 30
1829.4
 70
32
  0
VERTEX
  5
32E
330
17
100
AcDbEntity
  8
RBAR-T8-B2
100
AcDbVertex
100
AcDb3dPolylineVertex
 10
1548.5
 20
36.7
 30
1829.4
 70
32
  0
VERTEX
  5
32F
330
17
100
AcDbEntity
  8
RBAR-T8-B2
100
AcDbVertex
100
AcDb3dPolylineVertex
 10
1550.9
 20
38.6
 30
1829.4
 70
32
  0
VERTEX
  5
330
330
17
100
AcDbEntity
  8
RBAR-T8-B2
100
AcDbVertex
100
AcDb3dPolylineVertex
 10
1552.9
 20
41.0
 30
1829.4
 70
32
  0
VERTEX
  5
331
330
17
100
AcDbEntity
  8
RBAR-T8-B2
100
AcDbVertex
100
AcDb3dPolylineVertex
 10
1554.3
 20
43.8
 30
1829.4
 70
32
  0
VERTEX
  5
332
330
17
100
AcDbEntity
  8
RBAR-T8-B2
100
AcDbVertex
100
AcDb3dPolylineVertex
 10
1555.2
 20
46.7
 30
1829.4
 70
32
  0
VERTEX
  5
333
330
17
100
AcDbEntity
  8
RBAR-T8-B2
100
AcDbVertex
100
AcDb3dPolylineVertex
 10
1555.5
 20
49.8
 30
1829.4
 70
32
  0
VERTEX
  5
334
330
17
100
AcDbEntity
  8
RBAR-T8-B2
100
AcDbVertex
100
AcDb3dPolylineVertex
 10
1555.5
 20
148.7
 30
1829.4
 70
32
  0
VERTEX
  5
335
330
17
100
AcDbEntity
  8
RBAR-T8-B2
100
AcDbVertex
100
AcDb3dPolylineVertex
 10
1555.2
 20
151.8
 30
1829.4
 70
32
  0
VERTEX
  5
336
330
17
100
AcDbEntity
  8
RBAR-T8-B2
100
AcDbVertex
100
AcDb3dPolylineVertex
 10
1554.3
 20
154.8
 30
1829.4
 70
32
  0
VERTEX
  5
337
330
17
100
AcDbEntity
  8
RBAR-T8-B2
100
AcDbVertex
100
AcDb3dPolylineVertex
 10
1552.9
 20
157.5
 30
1829.4
 70
32
  0
VERTEX
  5
338
330
17
100
AcDbEntity
  8
RBAR-T8-B2
100
AcDbVertex
100
AcDb3dPolylineVertex
 10
1550.9
 20
159.9
 30
1829.4
 70
32
  0
VERTEX
  5
339
330
17
100
AcDbEntity
  8
RBAR-T8-B2
100
AcDbVertex
100
AcDb3dPolylineVertex
 10
1548.5
 20
161.9
 30
1829.4
 70
32
  0
VERTEX
  5
33A
330
17
100
AcDbEntity
  8
RBAR-T8-B2
100
AcDbVertex
100
AcDb3dPolylineVertex
 10
1545.8
 20
163.3
 30
1829.4
 70
32
  0
VERTEX
  5
33B
330
17
100
AcDbEntity
  8
RBAR-T8-B2
100
AcDbVertex
100
AcDb3dPolylineVertex
 10
1542.8
 20
164.2
 30
1829.4
 70
32
  0
VERTEX
  5
33C
330
17
100
AcDbEntity
  8
RBAR-T8-B2
100
AcDbVertex
100
AcDb3dPolylineVertex
 10
1539.7
 20
164.5
 30
1829.4
 70
32
  0
VERTEX
  5
33D
330
17
100
AcDbEntity
  8
RBAR-T8-B2
100
AcDbVertex
100
AcDb3dPolylineVertex
 10
1164.0
 20
164.5
 30
1829.4
 70
32
  0
SEQEND
  5
329
330
328
100
AcDbEntity
  8
RBAR-T8-B2
  0
POLYLINE
  5
33E
330
17
100
AcDbEntity
  8
RBAR-T8-B2
100
AcDb3dPolyline
 66
1
 10
0.0
 20
0.0
 30
0.0
 70
8
  0
VERTEX
  5
340
330
17
100
AcDbEntity
  8
RBAR-T8-B2
100
AcDbVertex
100
AcDb3dPolylineVertex
 10
1164.0
 20
34.0
 30
2547.5
 70
32
  0
VERTEX
  5
341
330
17
100
AcDbEntity
  8
RBAR-T8-B2
100
AcDbVertex
100
AcDb3dPolylineVertex
 10
1539.7
 20
34.0
 30
2547.5
 70
32
  0
VERTEX
  5
342
330
17
100
AcDbEntity
  8
RBAR-T8-B2
100
AcDbVertex
100
AcDb3dPolylineVertex
 10
1542.8
 20
34.3
 30
2547.5
 70
32
  0
VERTEX
  5
343
330
17
100
AcDbEntity
  8
RBAR-T8-B2
100
AcDbVertex
100
AcDb3dPolylineVertex
 10
1545.8
 20
35.2
 30
2547.5
 70
32
  0
VERTEX
  5
344
330
17
100
AcDbEntity
  8
RBAR-T8-B2
100
AcDbVertex
100
AcDb3dPolylineVertex
 10
1548.5
 20
36.7
 30
2547.5
 70
32
  0
VERTEX
  5
345
330
17
100
AcDbEntity
  8
RBAR-T8-B2
100
AcDbVertex
100
AcDb3dPolylineVertex
 10
1550.9
 20
38.6
 30
2547.5
 70
32
  0
VERTEX
  5
346
330
17
100
AcDbEntity
  8
RBAR-T8-B2
100
AcDbVertex
100
AcDb3dPolylineVertex
 10
1552.9
 20
41.0
 30
2547.5
 70
32
  0
VERTEX
  5
347
330
17
100
AcDbEntity
  8
RBAR-T8-B2
100
AcDbVertex
100
AcDb3dPolylineVertex
 10
1554.3
 20
43.8
 30
2547.5
 70
32
  0
VERTEX
  5
348
330
17
100
AcDbEntity
  8
RBAR-T8-B2
100
AcDbVertex
100
AcDb3dPolylineVertex
 10
1555.2
 20
46.7
 30
2547.5
 70
32
  0
VERTEX
  5
349
330
17
100
AcDbEntity
  8
RBAR-T8-B2
100
AcDbVertex
100
AcDb3dPolylineVertex
 10
1555.5
 20
49.8
 30
2547.5
 70
32
  0
VERTEX
  5
34A
330
17
100
AcDbEntity
  8
RBAR-T8-B2
100
AcDbVertex
100
AcDb3dPolylineVertex
 10
1555.5
 20
148.7
 30
2547.5
 70
32
  0
VERTEX
  5
34B
330
17
100
AcDbEntity
  8
RBAR-T8-B2
100
AcDbVertex
100
AcDb3dPolylineVertex
 10
1555.2
 20
151.8
 30
2547.5
 70
32
  0
VERTEX
  5
34C
330
17
100
AcDbEntity
  8
RBAR-T8-B2
100
AcDbVertex
100
AcDb3dPolylineVertex
 10
1554.3
 20
154.8
 30
2547.5
 70
32
  0
VERTEX
  5
34D
330
17
100
AcDbEntity
  8
RBAR-T8-B2
100
AcDbVertex
100
AcDb3dPolylineVertex
 10
1552.9
 20
157.5
 30
2547.5
 70
32
  0
VERTEX
  5
34E
330
17
100
AcDbEntity
  8
RBAR-T8-B2
100
AcDbVertex
100
AcDb3dPolylineVertex
 10
1550.9
 20
159.9
 30
2547.5
 70
32
  0
VERTEX
  5
34F
330
17
100
AcDbEntity
  8
RBAR-T8-B2
100
AcDbVertex
100
AcDb3dPolylineVertex
 10
1548.5
 20
161.9
 30
2547.5
 70
32
  0
VERTEX
  5
350
330
17
100
AcDbEntity
  8
RBAR-T8-B2
100
AcDbVertex
100
AcDb3dPolylineVertex
 10
1545.8
 20
163.3
 30
2547.5
 70
32
  0
VERTEX
  5
351
330
17
100
AcDbEntity
  8
RBAR-T8-B2
100
AcDbVertex
100
AcDb3dPolylineVertex
 10
1542.8
 20
164.2
 30
2547.5
 70
32
  0
VERTEX
  5
352
330
17
100
AcDbEntity
  8
RBAR-T8-B2
100
AcDbVertex
100
AcDb3dPolylineVertex
 10
1539.7
 20
164.5
 30
2547.5
 70
32
  0
VERTEX
  5
353
330
17
100
AcDbEntity
  8
RBAR-T8-B2
100
AcDbVertex
100
AcDb3dPolylineVertex
 10
1164.0
 20
164.5
 30
2547.5
 70
32
  0
SEQEND
  5
33F
330
33E
100
AcDbEntity
  8
RBAR-T8-B2
  0
POLYLINE
  5
354
330
17
100
AcDbEntity
  8
RBAR-T8-B2
100
AcDb3dPolyline
 66
1
 10
0.0
 20
0.0
 30
0.0
 70
8
  0
VERTEX
  5
356
330
17
100
AcDbEntity
  8
RBAR-T8-B2
100
AcDbVertex
100
AcDb3dPolylineVertex
 10
1164.0
 20
34.0
 30
3265.6
 70
32
  0
VERTEX
  5
357
330
17
100
AcDbEntity
  8
RBAR-T8-B2
100
AcDbVertex
100
AcDb3dPolylineVertex
 10
1539.7
 20
34.0
 30
3265.6
 70
32
  0
VERTEX
  5
358
330
17
100
AcDbEntity
  8
RBAR-T8-B2
100
AcDbVertex
100
AcDb3dPolylineVertex
 10
1542.8
 20
34.3
 30
3265.6
 70
32
  0
VERTEX
  5
359
330
17
100
AcDbEntity
  8
RBAR-T8-B2
100
AcDbVertex
100
AcDb3dPolylineVertex
 10
1545.8
 20
35.2
 30
3265.6
 70
32
  0
VERTEX
  5
35A
330
17
100
AcDbEntity
  8
RBAR-T8-B2
100
AcDbVertex
100
AcDb3dPolylineVertex
 10
1548.5
 20
36.7
 30
3265.6
 70
32
  0
VERTEX
  5
35B
330
17
100
AcDbEntity
  8
RBAR-T8-B2
100
AcDbVertex
100
AcDb3dPolylineVertex
 10
1550.9
 20
38.6
 30
3265.6
 70
32
  0
VERTEX
  5
35C
330
17
100
AcDbEntity
  8
RBAR-T8-B2
100
AcDbVertex
100
AcDb3dPolylineVertex
 10
1552.9
 20
41.0
 30
3265.6
 70
32
  0
VERTEX
  5
35D
330
17
100
AcDbEntity
  8
RBAR-T8-B2
100
AcDbVertex
100
AcDb3dPolylineVertex
 10
1554.3
 20
43.8
 30
3265.6
 70
32
  0
VERTEX
  5
35E
330
17
100
AcDbEntity
  8
RBAR-T8-B2
100
AcDbVertex
100
AcDb3dPolylineVertex
 10
1555.2
 20
46.7
 30
3265.6
 70
32
  0
VERTEX
  5
35F
330
17
100
AcDbEntity
  8
RBAR-T8-B2
100
AcDbVertex
100
AcDb3dPolylineVertex
 10
1555.5
 20
49.8
 30
3265.6
 70
32
  0
VERTEX
  5
360
330
17
100
AcDbEntity
  8
RBAR-T8-B2
100
AcDbVertex
100
AcDb3dPolylineVertex
 10
1555.5
 20
148.7
 30
3265.6
 70
32
  0
VERTEX
  5
361
330
17
100
AcDbEntity
  8
RBAR-T8-B2
100
AcDbVertex
100
AcDb3dPolylineVertex
 10
1555.2
 20
151.8
 30
3265.6
 70
32
  0
VERTEX
  5
362
330
17
100
AcDbEntity
  8
RBAR-T8-B2
100
AcDbVertex
100
AcDb3dPolylineVertex
 10
1554.3
 20
154.8
 30
3265.6
 70
32
  0
VERTEX
  5
363
330
17
100
AcDbEntity
  8
RBAR-T8-B2
100
AcDbVertex
100
AcDb3dPolylineVertex
 10
1552.9
 20
157.5
 30
3265.6
 70
32
  0
VERTEX
  5
364
330
17
100
AcDbEntity
  8
RBAR-T8-B2
100
AcDbVertex
100
AcDb3dPolylineVertex
 10
1550.9
 20
159.9
 30
3265.6
 70
32
  0
VERTEX
  5
365
330
17
100
AcDbEntity
  8
RBAR-T8-B2
100
AcDbVertex
100
AcDb3dPolylineVertex
 10
1548.5
 20
161.9
 30
3265.6
 70
32
  0
VERTEX
  5
366
330
17
100
AcDbEntity
  8
RBAR-T8-B2
100
AcDbVertex
100
AcDb3dPolylineVertex
 10
1545.8
 20
163.3
 30
3265.6
 70
32
  0
VERTEX
  5
367
330
17
100
AcDbEntity
  8
RBAR-T8-B2
100
AcDbVertex
100
AcDb3dPolylineVertex
 10
1542.8
 20
164.2
 30
3265.6
 70
32
  0
VERTEX
  5
368
330
17
100
AcDbEntity
  8
RBAR-T8-B2
100
AcDbVertex
100
AcDb3dPolylineVertex
 10
1539.7
 20
164.5
 30
3265.6
 70
32
  0
VERTEX
  5
369
330
17
100
AcDbEntity
  8
RBAR-T8-B2
100
AcDbVertex
100
AcDb3dPolylineVertex
 10
1164.0
 20
164.5
 30
3265.6
 70
32
  0
SEQEND
  5
355
330
354
100
AcDbEntity
  8
RBAR-T8-B2
  0
POLYLINE
  5
36A
330
17
100
AcDbEntity
  8
RBAR-T8-B2
100
AcDb3dPolyline
 66
1
 10
0.0
 20
0.0
 30
0.0
 70
8
  0
VERTEX
  5
36C
330
17
100
AcDbEntity
  8
RBAR-T8-B2
100
AcDbVertex
100
AcDb3dPolylineVertex
 10
1164.0
 20
34.0
 30
3983.8
 70
32
  0
VERTEX
  5
36D
330
17
100
AcDbEntity
  8
RBAR-T8-B2
100
AcDbVertex
100
AcDb3dPolylineVertex
 10
1539.7
 20
34.0
 30
3983.8
 70
32
  0
VERTEX
  5
36E
330
17
100
AcDbEntity
  8
RBAR-T8-B2
100
AcDbVertex
100
AcDb3dPolylineVertex
 10
1542.8
 20
34.3
 30
3983.8
 70
32
  0
VERTEX
  5
36F
330
17
100
AcDbEntity
  8
RBAR-T8-B2
100
AcDbVertex
100
AcDb3dPolylineVertex
 10
1545.8
 20
35.2
 30
3983.8
 70
32
  0
VERTEX
  5
370
330
17
100
AcDbEntity
  8
RBAR-T8-B2
100
AcDbVertex
100
AcDb3dPolylineVertex
 10
1548.5
 20
36.7
 30
3983.8
 70
32
  0
VERTEX
  5
371
330
17
100
AcDbEntity
  8
RBAR-T8-B2
100
AcDbVertex
100
AcDb3dPolylineVertex
 10
1550.9
 20
38.6
 30
3983.8
 70
32
  0
VERTEX
  5
372
330
17
100
AcDbEntity
  8
RBAR-T8-B2
100
AcDbVertex
100
AcDb3dPolylineVertex
 10
1552.9
 20
41.0
 30
3983.8
 70
32
  0
VERTEX
  5
373
330
17
100
AcDbEntity
  8
RBAR-T8-B2
100
AcDbVertex
100
AcDb3dPolylineVertex
 10
1554.3
 20
43.8
 30
3983.8
 70
32
  0
VERTEX
  5
374
330
17
100
AcDbEntity
  8
RBAR-T8-B2
100
AcDbVertex
100
AcDb3dPolylineVertex
 10
1555.2
 20
46.7
 30
3983.8
 70
32
  0
VERTEX
  5
375
330
17
100
AcDbEntity
  8
RBAR-T8-B2
100
AcDbVertex
100
AcDb3dPolylineVertex
 10
1555.5
 20
49.8
 30
3983.8
 70
32
  0
VERTEX
  5
376
330
17
100
AcDbEntity
  8
RBAR-T8-B2
100
AcDbVertex
100
AcDb3dPolylineVertex
 10
1555.5
 20
148.7
 30
3983.8
 70
32
  0
VERTEX
  5
377
330
17
100
AcDbEntity
  8
RBAR-T8-B2
100
AcDbVertex
100
AcDb3dPolylineVertex
 10
1555.2
 20
151.8
 30
3983.8
 70
32
  0
VERTEX
  5
378
330
17
100
AcDbEntity
  8
RBAR-T8-B2
100
AcDbVertex
100
AcDb3dPolylineVertex
 10
1554.3
 20
154.8
 30
3983.8
 70
32
  0
VERTEX
  5
379
330
17
100
AcDbEntity
  8
RBAR-T8-B2
100
AcDbVertex
100
AcDb3dPolylineVertex
 10
1552.9
 20
157.5
 30
3983.8
 70
32
  0
VERTEX
  5
37A
330
17
100
AcDbEntity
  8
RBAR-T8-B2
100
AcDbVertex
100
AcDb3dPolylineVertex
 10
1550.9
 20
159.9
 30
3983.8
 70
32
  0
VERTEX
  5
37B
330
17
100
AcDbEntity
  8
RBAR-T8-B2
100
AcDbVertex
100
AcDb3dPolylineVertex
 10
1548.5
 20
161.9
 30
3983.8
 70
32
  0
VERTEX
  5
37C
330
17
100
AcDbEntity
  8
RBAR-T8-B2
100
AcDbVertex
100
AcDb3dPolylineVertex
 10
1545.8
 20
163.3
 30
3983.8
 70
32
  0
VERTEX
  5
37D
330
17
100
AcDbEntity
  8
RBAR-T8-B2
100
AcDbVertex
100
AcDb3dPolylineVertex
 10
1542.8
 20
164.2
 30
3983.8
 70
32
  0
VERTEX
  5
37E
330
17
100
AcDbEntity
  8
RBAR-T8-B2
100
AcDbVertex
100
AcDb3dPolylineVertex
 10
1539.7
 20
164.5
 30
3983.8
 70
32
  0
VERTEX
  5
37F
330
17
100
AcDbEntity
  8
RBAR-T8-B2
100
AcDbVertex
100
AcDb3dPolylineVertex
 10
1164.0
 20
164.5
 30
3983.8
 70
32
  0
SEQEND
  5
36B
330
36A
100
AcDbEntity
  8
RBAR-T8-B2
  0
POLYLINE
  5
380
330
17
100
AcDbEntity
  8
RBAR-T8-B2
100
AcDb3dPolyline
 66
1
 10
0.0
 20
0.0
 30
0.0
 70
8
  0
VERTEX
  5
382
330
17
100
AcDbEntity
  8
RBAR-T8-B2
100
AcDbVertex
100
AcDb3dPolylineVertex
 10
1164.0
 20
34.0
 30
4701.9
 70
32
  0
VERTEX
  5
383
330
17
100
AcDbEntity
  8
RBAR-T8-B2
100
AcDbVertex
100
AcDb3dPolylineVertex
 10
1539.7
 20
34.0
 30
4701.9
 70
32
  0
VERTEX
  5
384
330
17
100
AcDbEntity
  8
RBAR-T8-B2
100
AcDbVertex
100
AcDb3dPolylineVertex
 10
1542.8
 20
34.3
 30
4701.9
 70
32
  0
VERTEX
  5
385
330
17
100
AcDbEntity
  8
RBAR-T8-B2
100
AcDbVertex
100
AcDb3dPolylineVertex
 10
1545.8
 20
35.2
 30
4701.9
 70
32
  0
VERTEX
  5
386
330
17
100
AcDbEntity
  8
RBAR-T8-B2
100
AcDbVertex
100
AcDb3dPolylineVertex
 10
1548.5
 20
36.7
 30
4701.9
 70
32
  0
VERTEX
  5
387
330
17
100
AcDbEntity
  8
RBAR-T8-B2
100
AcDbVertex
100
AcDb3dPolylineVertex
 10
1550.9
 20
38.6
 30
4701.9
 70
32
  0
VERTEX
  5
388
330
17
100
AcDbEntity
  8
RBAR-T8-B2
100
AcDbVertex
100
AcDb3dPolylineVertex
 10
1552.9
 20
41.0
 30
4701.9
 70
32
  0
VERTEX
  5
389
330
17
100
AcDbEntity
  8
RBAR-T8-B2
100
AcDbVertex
100
AcDb3dPolylineVertex
 10
1554.3
 20
43.8
 30
4701.9
 70
32
  0
VERTEX
  5
38A
330
17
100
AcDbEntity
  8
RBAR-T8-B2
100
AcDbVertex
100
AcDb3dPolylineVertex
 10
1555.2
 20
46.7
 30
4701.9
 70
32
  0
VERTEX
  5
38B
330
17
100
AcDbEntity
  8
RBAR-T8-B2
100
AcDbVertex
100
AcDb3dPolylineVertex
 10
1555.5
 20
49.8
 30
4701.9
 70
32
  0
VERTEX
  5
38C
330
17
100
AcDbEntity
  8
RBAR-T8-B2
100
AcDbVertex
100
AcDb3dPolylineVertex
 10
1555.5
 20
148.7
 30
4701.9
 70
32
  0
VERTEX
  5
38D
330
17
100
AcDbEntity
  8
RBAR-T8-B2
100
AcDbVertex
100
AcDb3dPolylineVertex
 10
1555.2
 20
151.8
 30
4701.9
 70
32
  0
VERTEX
  5
38E
330
17
100
AcDbEntity
  8
RBAR-T8-B2
100
AcDbVertex
100
AcDb3dPolylineVertex
 10
1554.3
 20
154.8
 30
4701.9
 70
32
  0
VERTEX
  5
38F
330
17
100
AcDbEntity
  8
RBAR-T8-B2
100
AcDbVertex
100
AcDb3dPolylineVertex
 10
1552.9
 20
157.5
 30
4701.9
 70
32
  0
VERTEX
  5
390
330
17
100
AcDbEntity
  8
RBAR-T8-B2
100
AcDbVertex
100
AcDb3dPolylineVertex
 10
1550.9
 20
159.9
 30
4701.9
 70
32
  0
VERTEX
  5
391
330
17
100
AcDbEntity
  8
RBAR-T8-B2
100
AcDbVertex
100
AcDb3dPolylineVertex
 10
1548.5
 20
161.9
 30
4701.9
 70
32
  0
VERTEX
  5
392
330
17
100
AcDbEntity
  8
RBAR-T8-B2
100
AcDbVertex
100
AcDb3dPolylineVertex
 10
1545.8
 20
163.3
 30
4701.9
 70
32
  0
VERTEX
  5
393
330
17
100
AcDbEntity
  8
RBAR-T8-B2
100
AcDbVertex
100
AcDb3dPolylineVertex
 10
1542.8
 20
164.2
 30
4701.9
 70
32
  0
VERTEX
  5
394
330
17
100
AcDbEntity
  8
RBAR-T8-B2
100
AcDbVertex
100
AcDb3dPolylineVertex
 10
1539.7
 20
164.5
 30
4701.9
 70
32
  0
VERTEX
  5
395
330
17
100
AcDbEntity
  8
RBAR-T8-B2
100
AcDbVertex
100
AcDb3dPolylineVertex
 10
1164.0
 20
164.5
 30
4701.9
 70
32
  0
SEQEND
  5
381
330
380
100
AcDbEntity
  8
RBAR-T8-B2
  0
POLYLINE
  5
396
330
17
100
AcDbEntity
  8
RBAR-T8-B2
100
AcDb3dPolyline
 66
1
 10
0.0
 20
0.0
 30
0.0
 70
8
  0
VERTEX
  5
398
330
17
100
AcDbEntity
  8
RBAR-T8-B2
100
AcDbVertex
100
AcDb3dPolylineVertex
 10
1728.9
 20
34.0
 30
393.1
 70
32
  0
VERTEX
  5
399
330
17
100
AcDbEntity
  8
RBAR-T8-B2
100
AcDbVertex
100
AcDb3dPolylineVertex
 10
2104.7
 20
34.0
 30
393.1
 70
32
  0
VERTEX
  5
39A
330
17
100
AcDbEntity
  8
RBAR-T8-B2
100
AcDbVertex
100
AcDb3dPolylineVertex
 10
2107.8
 20
34.3
 30
393.1
 70
32
  0
VERTEX
  5
39B
330
17
100
AcDbEntity
  8
RBAR-T8-B2
100
AcDbVertex
100
AcDb3dPolylineVertex
 10
2110.7
 20
35.2
 30
393.1
 70
32
  0
VERTEX
  5
39C
330
17
100
AcDbEntity
  8
RBAR-T8-B2
100
AcDbVertex
100
AcDb3dPolylineVertex
 10
2113.5
 20
36.7
 30
393.1
 70
32
  0
VERTEX
  5
39D
330
17
100
AcDbEntity
  8
RBAR-T8-B2
100
AcDbVertex
100
AcDb3dPolylineVertex
 10
2115.9
 20
38.6
 30
393.1
 70
32
  0
VERTEX
  5
39E
330
17
100
AcDbEntity
  8
RBAR-T8-B2
100
AcDbVertex
100
AcDb3dPolylineVertex
 10
2117.8
 20
41.0
 30
393.1
 70
32
  0
VERTEX
  5
39F
330
17
100
AcDbEntity
  8
RBAR-T8-B2
100
AcDbVertex
100
AcDb3dPolylineVertex
 10
2119.3
 20
43.8
 30
393.1
 70
32
  0
VERTEX
  5
3A0
330
17
100
AcDbEntity
  8
RBAR-T8-B2
100
AcDbVertex
100
AcDb3dPolylineVertex
 10
2120.2
 20
46.7
 30
393.1
 70
32
  0
VERTEX
  5
3A1
330
17
100
AcDbEntity
  8
RBAR-T8-B2
100
AcDbVertex
100
AcDb3dPolylineVertex
 10
2120.5
 20
49.8
 30
393.1
 70
32
  0
VERTEX
  5
3A2
330
17
100
AcDbEntity
  8
RBAR-T8-B2
100
AcDbVertex
100
AcDb3dPolylineVertex
 10
2120.5
 20
148.7
 30
393.1
 70
32
  0
VERTEX
  5
3A3
330
17
100
AcDbEntity
  8
RBAR-T8-B2
100
AcDbVertex
100
AcDb3dPolylineVertex
 10
2120.2
 20
151.8
 30
393.1
 70
32
  0
VERTEX
  5
3A4
330
17
100
AcDbEntity
  8
RBAR-T8-B2
100
AcDbVertex
100
AcDb3dPolylineVertex
 10
2119.3
 20
154.8
 30
393.1
 70
32
  0
VERTEX
  5
3A5
330
17
100
AcDbEntity
  8
RBAR-T8-B2
100
AcDbVertex
100
AcDb3dPolylineVertex
 10
2117.8
 20
157.5
 30
393.1
 70
32
  0
VERTEX
  5
3A6
330
17
100
AcDbEntity
  8
RBAR-T8-B2
100
AcDbVertex
100
AcDb3dPolylineVertex
 10
2115.9
 20
159.9
 30
393.1
 70
32
  0
VERTEX
  5
3A7
330
17
100
AcDbEntity
  8
RBAR-T8-B2
100
AcDbVertex
100
AcDb3dPolylineVertex
 10
2113.5
 20
161.9
 30
393.1
 70
32
  0
VERTEX
  5
3A8
330
17
100
AcDbEntity
  8
RBAR-T8-B2
100
AcDbVertex
100
AcDb3dPolylineVertex
 10
2110.7
 20
163.3
 30
393.1
 70
32
  0
VERTEX
  5
3A9
330
17
100
AcDbEntity
  8
RBAR-T8-B2
100
AcDbVertex
100
AcDb3dPolylineVertex
 10
2107.8
 20
164.2
 30
393.1
 70
32
  0
VERTEX
  5
3AA
330
17
100
AcDbEntity
  8
RBAR-T8-B2
100
AcDbVertex
100
AcDb3dPolylineVertex
 10
2104.7
 20
164.5
 30
393.1
 70
32
  0
VERTEX
  5
3AB
330
17
100
AcDbEntity
  8
RBAR-T8-B2
100
AcDbVertex
100
AcDb3dPolylineVertex
 10
1728.9
 20
164.5
 30
393.1
 70
32
  0
SEQEND
  5
397
330
396
100
AcDbEntity
  8
RBAR-T8-B2
  0
POLYLINE
  5
3AC
330
17
100
AcDbEntity
  8
RBAR-T8-B2
100
AcDb3dPolyline
 66
1
 10
0.0
 20
0.0
 30
0.0
 70
8
  0
VERTEX
  5
3AE
330
17
100
AcDbEntity
  8
RBAR-T8-B2
100
AcDbVertex
100
AcDb3dPolylineVertex
 10
1728.9
 20
34.0
 30
1111.2
 70
32
  0
VERTEX
  5
3AF
330
17
100
AcDbEntity
  8
RBAR-T8-B2
100
AcDbVertex
100
AcDb3dPolylineVertex
 10
2104.7
 20
34.0
 30
1111.2
 70
32
  0
VERTEX
  5
3B0
330
17
100
AcDbEntity
  8
RBAR-T8-B2
100
AcDbVertex
100
AcDb3dPolylineVertex
 10
2107.8
 20
34.3
 30
1111.2
 70
32
  0
VERTEX
  5
3B1
330
17
100
AcDbEntity
  8
RBAR-T8-B2
100
AcDbVertex
100
AcDb3dPolylineVertex
 10
2110.7
 20
35.2
 30
1111.2
 70
32
  0
VERTEX
  5
3B2
330
17
100
AcDbEntity
  8
RBAR-T8-B2
100
AcDbVertex
100
AcDb3dPolylineVertex
 10
2113.5
 20
36.7
 30
1111.2
 70
32
  0
VERTEX
  5
3B3
330
17
100
AcDbEntity
  8
RBAR-T8-B2
100
AcDbVertex
100
AcDb3dPolylineVertex
 10
2115.9
 20
38.6
 30
1111.2
 70
32
  0
VERTEX
  5
3B4
330
17
100
AcDbEntity
  8
RBAR-T8-B2
100
AcDbVertex
100
AcDb3dPolylineVertex
 10
2117.8
 20
41.0
 30
1111.2
 70
32
  0
VERTEX
  5
3B5
330
17
100
AcDbEntity
  8
RBAR-T8-B2
100
AcDbVertex
100
AcDb3dPolylineVertex
 10
2119.3
 20
43.8
 30
1111.2
 70
32
  0
VERTEX
  5
3B6
330
17
100
AcDbEntity
  8
RBAR-T8-B2
100
AcDbVertex
100
AcDb3dPolylineVertex
 10
2120.2
 20
46.7
 30
1111.2
 70
32
  0
VERTEX
  5
3B7
330
17
100
AcDbEntity
  8
RBAR-T8-B2
100
AcDbVertex
100
AcDb3dPolylineVertex
 10
2120.5
 20
49.8
 30
1111.2
 70
32
  0
VERTEX
  5
3B8
330
17
100
AcDbEntity
  8
RBAR-T8-B2
100
AcDbVertex
100
AcDb3dPolylineVertex
 10
2120.5
 20
148.7
 30
1111.2
 70
32
  0
VERTEX
  5
3B9
330
17
100
AcDbEntity
  8
RBAR-T8-B2
100
AcDbVertex
100
AcDb3dPolylineVertex
 10
2120.2
 20
151.8
 30
1111.2
 70
32
  0
VERTEX
  5
3BA
330
17
100
AcDbEntity
  8
RBAR-T8-B2
100
AcDbVertex
100
AcDb3dPolylineVertex
 10
2119.3
 20
154.8
 30
1111.2
 70
32
  0
VERTEX
  5
3BB
330
17
100
AcDbEntity
  8
RBAR-T8-B2
100
AcDbVertex
100
AcDb3dPolylineVertex
 10
2117.8
 20
157.5
 30
1111.2
 70
32
  0
VERTEX
  5
3BC
330
17
100
AcDbEntity
  8
RBAR-T8-B2
100
AcDbVertex
100
AcDb3dPolylineVertex
 10
2115.9
 20
159.9
 30
1111.2
 70
32
  0
VERTEX
  5
3BD
330
17
100
AcDbEntity
  8
RBAR-T8-B2
100
AcDbVertex
100
AcDb3dPolylineVertex
 10
2113.5
 20
161.9
 30
1111.2
 70
32
  0
VERTEX
  5
3BE
330
17
100
AcDbEntity
  8
RBAR-T8-B2
100
AcDbVertex
100
AcDb3dPolylineVertex
 10
2110.7
 20
163.3
 30
1111.2
 70
32
  0
VERTEX
  5
3BF
330
17
100
AcDbEntity
  8
RBAR-T8-B2
100
AcDbVertex
100
AcDb3dPolylineVertex
 10
2107.8
 20
164.2
 30
1111.2
 70
32
  0
VERTEX
  5
3C0
330
17
100
AcDbEntity
  8
RBAR-T8-B2
100
AcDbVertex
100
AcDb3dPolylineVertex
 10
2104.7
 20
164.5
 30
1111.2
 70
32
  0
VERTEX
  5
3C1
330
17
100
AcDbEntity
  8
RBAR-T8-B2
100
AcDbVertex
100
AcDb3dPolylineVertex
 10
1728.9
 20
164.5
 30
1111.2
 70
32
  0
SEQEND
  5
3AD
330
3AC
100
AcDbEntity
  8
RBAR-T8-B2
  0
POLYLINE
  5
3C2
330
17
100
AcDbEntity
  8
RBAR-T8-B2
100
AcDb3dPolyline
 66
1
 10
0.0
 20
0.0
 30
0.0
 70
8
  0
VERTEX
  5
3C4
330
17
100
AcDbEntity
  8
RBAR-T8-B2
100
AcDbVertex
100
AcDb3dPolylineVertex
 10
1728.9
 20
34.0
 30
1829.4
 70
32
  0
VERTEX
  5
3C5
330
17
100
AcDbEntity
  8
RBAR-T8-B2
100
AcDbVertex
100
AcDb3dPolylineVertex
 10
2104.7
 20
34.0
 30
1829.4
 70
32
  0
VERTEX
  5
3C6
330
17
100
AcDbEntity
  8
RBAR-T8-B2
100
AcDbVertex
100
AcDb3dPolylineVertex
 10
2107.8
 20
34.3
 30
1829.4
 70
32
  0
VERTEX
  5
3C7
330
17
100
AcDbEntity
  8
RBAR-T8-B2
100
AcDbVertex
100
AcDb3dPolylineVertex
 10
2110.7
 20
35.2
 30
1829.4
 70
32
  0
VERTEX
  5
3C8
330
17
100
AcDbEntity
  8
RBAR-T8-B2
100
AcDbVertex
100
AcDb3dPolylineVertex
 10
2113.5
 20
36.7
 30
1829.4
 70
32
  0
VERTEX
  5
3C9
330
17
100
AcDbEntity
  8
RBAR-T8-B2
100
AcDbVertex
100
AcDb3dPolylineVertex
 10
2115.9
 20
38.6
 30
1829.4
 70
32
  0
VERTEX
  5
3CA
330
17
100
AcDbEntity
  8
RBAR-T8-B2
100
AcDbVertex
100
AcDb3dPolylineVertex
 10
2117.8
 20
41.0
 30
1829.4
 70
32
  0
VERTEX
  5
3CB
330
17
100
AcDbEntity
  8
RBAR-T8-B2
100
AcDbVertex
100
AcDb3dPolylineVertex
 10
2119.3
 20
43.8
 30
1829.4
 70
32
  0
VERTEX
  5
3CC
330
17
100
AcDbEntity
  8
RBAR-T8-B2
100
AcDbVertex
100
AcDb3dPolylineVertex
 10
2120.2
 20
46.7
 30
1829.4
 70
32
  0
VERTEX
  5
3CD
330
17
100
AcDbEntity
  8
RBAR-T8-B2
100
AcDbVertex
100
AcDb3dPolylineVertex
 10
2120.5
 20
49.8
 30
1829.4
 70
32
  0
VERTEX
  5
3CE
330
17
100
AcDbEntity
  8
RBAR-T8-B2
100
AcDbVertex
100
AcDb3dPolylineVertex
 10
2120.5
 20
148.7
 30
1829.4
 70
32
  0
VERTEX
  5
3CF
330
17
100
AcDbEntity
  8
RBAR-T8-B2
100
AcDbVertex
100
AcDb3dPolylineVertex
 10
2120.2
 20
151.8
 30
1829.4
 70
32
  0
VERTEX
  5
3D0
330
17
100
AcDbEntity
  8
RBAR-T8-B2
100
AcDbVertex
100
AcDb3dPolylineVertex
 10
2119.3
 20
154.8
 30
1829.4
 70
32
  0
VERTEX
  5
3D1
330
17
100
AcDbEntity
  8
RBAR-T8-B2
100
AcDbVertex
100
AcDb3dPolylineVertex
 10
2117.8
 20
157.5
 30
1829.4
 70
32
  0
VERTEX
  5
3D2
330
17
100
AcDbEntity
  8
RBAR-T8-B2
100
AcDbVertex
100
AcDb3dPolylineVertex
 10
2115.9
 20
159.9
 30
1829.4
 70
32
  0
VERTEX
  5
3D3
330
17
100
AcDbEntity
  8
RBAR-T8-B2
100
AcDbVertex
100
AcDb3dPolylineVertex
 10
2113.5
 20
161.9
 30
1829.4
 70
32
  0
VERTEX
  5
3D4
330
17
100
AcDbEntity
  8
RBAR-T8-B2
100
AcDbVertex
100
AcDb3dPolylineVertex
 10
2110.7
 20
163.3
 30
1829.4
 70
32
  0
VERTEX
  5
3D5
330
17
100
AcDbEntity
  8
RBAR-T8-B2
100
AcDbVertex
100
AcDb3dPolylineVertex
 10
2107.8
 20
164.2
 30
1829.4
 70
32
  0
VERTEX
  5
3D6
330
17
100
AcDbEntity
  8
RBAR-T8-B2
100
AcDbVertex
100
AcDb3dPolylineVertex
 10
2104.7
 20
164.5
 30
1829.4
 70
32
  0
VERTEX
  5
3D7
330
17
100
AcDbEntity
  8
RBAR-T8-B2
100
AcDbVertex
100
AcDb3dPolylineVertex
 10
1728.9
 20
164.5
 30
1829.4
 70
32
  0
SEQEND
  5
3C3
330
3C2
100
AcDbEntity
  8
RBAR-T8-B2
  0
POLYLINE
  5
3D8
330
17
100
AcDbEntity
  8
RBAR-T8-B2
100
AcDb3dPolyline
 66
1
 10
0.0
 20
0.0
 30
0.0
 70
8
  0
VERTEX
  5
3DA
330
17
100
AcDbEntity
  8
RBAR-T8-B2
100
AcDbVertex
100
AcDb3dPolylineVertex
 10
1728.9
 20
34.0
 30
2547.5
 70
32
  0
VERTEX
  5
3DB
330
17
100
AcDbEntity
  8
RBAR-T8-B2
100
AcDbVertex
100
AcDb3dPolylineVertex
 10
2104.7
 20
34.0
 30
2547.5
 70
32
  0
VERTEX
  5
3DC
330
17
100
AcDbEntity
  8
RBAR-T8-B2
100
AcDbVertex
100
AcDb3dPolylineVertex
 10
2107.8
 20
34.3
 30
2547.5
 70
32
  0
VERTEX
  5
3DD
330
17
100
AcDbEntity
  8
RBAR-T8-B2
100
AcDbVertex
100
AcDb3dPolylineVertex
 10
2110.7
 20
35.2
 30
2547.5
 70
32
  0
VERTEX
  5
3DE
330
17
100
AcDbEntity
  8
RBAR-T8-B2
100
AcDbVertex
100
AcDb3dPolylineVertex
 10
2113.5
 20
36.7
 30
2547.5
 70
32
  0
VERTEX
  5
3DF
330
17
100
AcDbEntity
  8
RBAR-T8-B2
100
AcDbVertex
100
AcDb3dPolylineVertex
 10
2115.9
 20
38.6
 30
2547.5
 70
32
  0
VERTEX
  5
3E0
330
17
100
AcDbEntity
  8
RBAR-T8-B2
100
AcDbVertex
100
AcDb3dPolylineVertex
 10
2117.8
 20
41.0
 30
2547.5
 70
32
  0
VERTEX
  5
3E1
330
17
100
AcDbEntity
  8
RBAR-T8-B2
100
AcDbVertex
100
AcDb3dPolylineVertex
 10
2119.3
 20
43.8
 30
2547.5
 70
32
  0
VERTEX
  5
3E2
330
17
100
AcDbEntity
  8
RBAR-T8-B2
100
AcDbVertex
100
AcDb3dPolylineVertex
 10
2120.2
 20
46.7
 30
2547.5
 70
32
  0
VERTEX
  5
3E3
330
17
100
AcDbEntity
  8
RBAR-T8-B2
100
AcDbVertex
100
AcDb3dPolylineVertex
 10
2120.5
 20
49.8
 30
2547.5
 70
32
  0
VERTEX
  5
3E4
330
17
100
AcDbEntity
  8
RBAR-T8-B2
100
AcDbVertex
100
AcDb3dPolylineVertex
 10
2120.5
 20
148.7
 30
2547.5
 70
32
  0
VERTEX
  5
3E5
330
17
100
AcDbEntity
  8
RBAR-T8-B2
100
AcDbVertex
100
AcDb3dPolylineVertex
 10
2120.2
 20
151.8
 30
2547.5
 70
32
  0
VERTEX
  5
3E6
330
17
100
AcDbEntity
  8
RBAR-T8-B2
100
AcDbVertex
100
AcDb3dPolylineVertex
 10
2119.3
 20
154.8
 30
2547.5
 70
32
  0
VERTEX
  5
3E7
330
17
100
AcDbEntity
  8
RBAR-T8-B2
100
AcDbVertex
100
AcDb3dPolylineVertex
 10
2117.8
 20
157.5
 30
2547.5
 70
32
  0
VERTEX
  5
3E8
330
17
100
AcDbEntity
  8
RBAR-T8-B2
100
AcDbVertex
100
AcDb3dPolylineVertex
 10
2115.9
 20
159.9
 30
2547.5
 70
32
  0
VERTEX
  5
3E9
330
17
100
AcDbEntity
  8
RBAR-T8-B2
100
AcDbVertex
100
AcDb3dPolylineVertex
 10
2113.5
 20
161.9
 30
2547.5
 70
32
  0
VERTEX
  5
3EA
330
17
100
AcDbEntity
  8
RBAR-T8-B2
100
AcDbVertex
100
AcDb3dPolylineVertex
 10
2110.7
 20
163.3
 30
2547.5
 70
32
  0
VERTEX
  5
3EB
330
17
100
AcDbEntity
  8
RBAR-T8-B2
100
AcDbVertex
100
AcDb3dPolylineVertex
 10
2107.8
 20
164.2
 30
2547.5
 70
32
  0
VERTEX
  5
3EC
330
17
100
AcDbEntity
  8
RBAR-T8-B2
100
AcDbVertex
100
AcDb3dPolylineVertex
 10
2104.7
 20
164.5
 30
2547.5
 70
32
  0
VERTEX
  5
3ED
330
17
100
AcDbEntity
  8
RBAR-T8-B2
100
AcDbVertex
100
AcDb3dPolylineVertex
 10
1728.9
 20
164.5
 30
2547.5
 70
32
  0
SEQEND
  5
3D9
330
3D8
100
AcDbEntity
  8
RBAR-T8-B2
  0
POLYLINE
  5
3EE
330
17
100
AcDbEntity
  8
RBAR-T8-B2
100
AcDb3dPolyline
 66
1
 10
0.0
 20
0.0
 30
0.0
 70
8
  0
VERTEX
  5
3F0
330
17
100
AcDbEntity
  8
RBAR-T8-B2
100
AcDbVertex
100
AcDb3dPolylineVertex
 10
1728.9
 20
34.0
 30
3265.6
 70
32
  0
VERTEX
  5
3F1
330
17
100
AcDbEntity
  8
RBAR-T8-B2
100
AcDbVertex
100
AcDb3dPolylineVertex
 10
2104.7
 20
34.0
 30
3265.6
 70
32
  0
VERTEX
  5
3F2
330
17
100
AcDbEntity
  8
RBAR-T8-B2
100
AcDbVertex
100
AcDb3dPolylineVertex
 10
2107.8
 20
34.3
 30
3265.6
 70
32
  0
VERTEX
  5
3F3
330
17
100
AcDbEntity
  8
RBAR-T8-B2
100
AcDbVertex
100
AcDb3dPolylineVertex
 10
2110.7
 20
35.2
 30
3265.6
 70
32
  0
VERTEX
  5
3F4
330
17
100
AcDbEntity
  8
RBAR-T8-B2
100
AcDbVertex
100
AcDb3dPolylineVertex
 10
2113.5
 20
36.7
 30
3265.6
 70
32
  0
VERTEX
  5
3F5
330
17
100
AcDbEntity
  8
RBAR-T8-B2
100
AcDbVertex
100
AcDb3dPolylineVertex
 10
2115.9
 20
38.6
 30
3265.6
 70
32
  0
VERTEX
  5
3F6
330
17
100
AcDbEntity
  8
RBAR-T8-B2
100
AcDbVertex
100
AcDb3dPolylineVertex
 10
2117.8
 20
41.0
 30
3265.6
 70
32
  0
VERTEX
  5
3F7
330
17
100
AcDbEntity
  8
RBAR-T8-B2
100
AcDbVertex
100
AcDb3dPolylineVertex
 10
2119.3
 20
43.8
 30
3265.6
 70
32
  0
VERTEX
  5
3F8
330
17
100
AcDbEntity
  8
RBAR-T8-B2
100
AcDbVertex
100
AcDb3dPolylineVertex
 10
2120.2
 20
46.7
 30
3265.6
 70
32
  0
VERTEX
  5
3F9
330
17
100
AcDbEntity
  8
RBAR-T8-B2
100
AcDbVertex
100
AcDb3dPolylineVertex
 10
2120.5
 20
49.8
 30
3265.6
 70
32
  0
VERTEX
  5
3FA
330
17
100
AcDbEntity
  8
RBAR-T8-B2
100
AcDbVertex
100
AcDb3dPolylineVertex
 10
2120.5
 20
148.7
 30
3265.6
 70
32
  0
VERTEX
  5
3FB
330
17
100
AcDbEntity
  8
RBAR-T8-B2
100
AcDbVertex
100
AcDb3dPolylineVertex
 10
2120.2
 20
151.8
 30
3265.6
 70
32
  0
VERTEX
  5
3FC
330
17
100
AcDbEntity
  8
RBAR-T8-B2
100
AcDbVertex
100
AcDb3dPolylineVertex
 10
2119.3
 20
154.8
 30
3265.6
 70
32
  0
VERTEX
  5
3FD
330
17
100
AcDbEntity
  8
RBAR-T8-B2
100
AcDbVertex
100
AcDb3dPolylineVertex
 10
2117.8
 20
157.5
 30
3265.6
 70
32
  0
VERTEX
  5
3FE
330
17
100
AcDbEntity
  8
RBAR-T8-B2
100
AcDbVertex
100
AcDb3dPolylineVertex
 10
2115.9
 20
159.9
 30
3265.6
 70
32
  0
VERTEX
  5
3FF
330
17
100
AcDbEntity
  8
RBAR-T8-B2
100
AcDbVertex
100
AcDb3dPolylineVertex
 10
2113.5
 20
161.9
 30
3265.6
 70
32
  0
VERTEX
  5
400
330
17
100
AcDbEntity
  8
RBAR-T8-B2
100
AcDbVertex
100
AcDb3dPolylineVertex
 10
2110.7
 20
163.3
 30
3265.6
 70
32
  0
VERTEX
  5
401
330
17
100
AcDbEntity
  8
RBAR-T8-B2
100
AcDbVertex
100
AcDb3dPolylineVertex
 10
2107.8
 20
164.2
 30
3265.6
 70
32
  0
VERTEX
  5
402
330
17
100
AcDbEntity
  8
RBAR-T8-B2
100
AcDbVertex
100
AcDb3dPolylineVertex
 10
2104.7
 20
164.5
 30
3265.6
 70
32
  0
VERTEX
  5
403
330
17
100
AcDbEntity
  8
RBAR-T8-B2
100
AcDbVertex
100
AcDb3dPolylineVertex
 10
1728.9
 20
164.5
 30
3265.6
 70
32
  0
SEQEND
  5
3EF
330
3EE
100
AcDbEntity
  8
RBAR-T8-B2
  0
POLYLINE
  5
404
330
17
100
AcDbEntity
  8
RBAR-T8-B2
100
AcDb3dPolyline
 66
1
 10
0.0
 20
0.0
 30
0.0
 70
8
  0
VERTEX
  5
406
330
17
100
AcDbEntity
  8
RBAR-T8-B2
100
AcDbVertex
100
AcDb3dPolylineVertex
 10
1728.9
 20
34.0
 30
3983.8
 70
32
  0
VERTEX
  5
407
330
17
100
AcDbEntity
  8
RBAR-T8-B2
100
AcDbVertex
100
AcDb3dPolylineVertex
 10
2104.7
 20
34.0
 30
3983.8
 70
32
  0
VERTEX
  5
408
330
17
100
AcDbEntity
  8
RBAR-T8-B2
100
AcDbVertex
100
AcDb3dPolylineVertex
 10
2107.8
 20
34.3
 30
3983.8
 70
32
  0
VERTEX
  5
409
330
17
100
AcDbEntity
  8
RBAR-T8-B2
100
AcDbVertex
100
AcDb3dPolylineVertex
 10
2110.7
 20
35.2
 30
3983.8
 70
32
  0
VERTEX
  5
40A
330
17
100
AcDbEntity
  8
RBAR-T8-B2
100
AcDbVertex
100
AcDb3dPolylineVertex
 10
2113.5
 20
36.7
 30
3983.8
 70
32
  0
VERTEX
  5
40B
330
17
100
AcDbEntity
  8
RBAR-T8-B2
100
AcDbVertex
100
AcDb3dPolylineVertex
 10
2115.9
 20
38.6
 30
3983.8
 70
32
  0
VERTEX
  5
40C
330
17
100
AcDbEntity
  8
RBAR-T8-B2
100
AcDbVertex
100
AcDb3dPolylineVertex
 10
2117.8
 20
41.0
 30
3983.8
 70
32
  0
VERTEX
  5
40D
330
17
100
AcDbEntity
  8
RBAR-T8-B2
100
AcDbVertex
100
AcDb3dPolylineVertex
 10
2119.3
 20
43.8
 30
3983.8
 70
32
  0
VERTEX
  5
40E
330
17
100
AcDbEntity
  8
RBAR-T8-B2
100
AcDbVertex
100
AcDb3dPolylineVertex
 10
2120.2
 20
46.7
 30
3983.8
 70
32
  0
VERTEX
  5
40F
330
17
100
AcDbEntity
  8
RBAR-T8-B2
100
AcDbVertex
100
AcDb3dPolylineVertex
 10
2120.5
 20
49.8
 30
3983.8
 70
32
  0
VERTEX
  5
410
330
17
100
AcDbEntity
  8
RBAR-T8-B2
100
AcDbVertex
100
AcDb3dPolylineVertex
 10
2120.5
 20
148.7
 30
3983.8
 70
32
  0
VERTEX
  5
411
330
17
100
AcDbEntity
  8
RBAR-T8-B2
100
AcDbVertex
100
AcDb3dPolylineVertex
 10
2120.2
 20
151.8
 30
3983.8
 70
32
  0
VERTEX
  5
412
330
17
100
AcDbEntity
  8
RBAR-T8-B2
100
AcDbVertex
100
AcDb3dPolylineVertex
 10
2119.3
 20
154.8
 30
3983.8
 70
32
  0
VERTEX
  5
413
330
17
100
AcDbEntity
  8
RBAR-T8-B2
100
AcDbVertex
100
AcDb3dPolylineVertex
 10
2117.8
 20
157.5
 30
3983.8
 70
32
  0
VERTEX
  5
414
330
17
100
AcDbEntity
  8
RBAR-T8-B2
100
AcDbVertex
100
AcDb3dPolylineVertex
 10
2115.9
 20
159.9
 30
3983.8
 70
32
  0
VERTEX
  5
415
330
17
100
AcDbEntity
  8
RBAR-T8-B2
100
AcDbVertex
100
AcDb3dPolylineVertex
 10
2113.5
 20
161.9
 30
3983.8
 70
32
  0
VERTEX
  5
416
330
17
100
AcDbEntity
  8
RBAR-T8-B2
100
AcDbVertex
100
AcDb3dPolylineVertex
 10
2110.7
 20
163.3
 30
3983.8
 70
32
  0
VERTEX
  5
417
330
17
100
AcDbEntity
  8
RBAR-T8-B2
100
AcDbVertex
100
AcDb3dPolylineVertex
 10
2107.8
 20
164.2
 30
3983.8
 70
32
  0
VERTEX
  5
418
330
17
100
AcDbEntity
  8
RBAR-T8-B2
100
AcDbVertex
100
AcDb3dPolylineVertex
 10
2104.7
 20
164.5
 30
3983.8
 70
32
  0
VERTEX
  5
419
330
17
100
AcDbEntity
  8
RBAR-T8-B2
100
AcDbVertex
100
AcDb3dPolylineVertex
 10
1728.9
 20
164.5
 30
3983.8
 70
32
  0
SEQEND
  5
405
330
404
100
AcDbEntity
  8
RBAR-T8-B2
  0
POLYLINE
  5
41A
330
17
100
AcDbEntity
  8
RBAR-T8-B2
100
AcDb3dPolyline
 66
1
 10
0.0
 20
0.0
 30
0.0
 70
8
  0
VERTEX
  5
41C
330
17
100
AcDbEntity
  8
RBAR-T8-B2
100
AcDbVertex
100
AcDb3dPolylineVertex
 10
1728.9
 20
34.0
 30
4701.9
 70
32
  0
VERTEX
  5
41D
330
17
100
AcDbEntity
  8
RBAR-T8-B2
100
AcDbVertex
100
AcDb3dPolylineVertex
 10
2104.7
 20
34.0
 30
4701.9
 70
32
  0
VERTEX
  5
41E
330
17
100
AcDbEntity
  8
RBAR-T8-B2
100
AcDbVertex
100
AcDb3dPolylineVertex
 10
2107.8
 20
34.3
 30
4701.9
 70
32
  0
VERTEX
  5
41F
330
17
100
AcDbEntity
  8
RBAR-T8-B2
100
AcDbVertex
100
AcDb3dPolylineVertex
 10
2110.7
 20
35.2
 30
4701.9
 70
32
  0
VERTEX
  5
420
330
17
100
AcDbEntity
  8
RBAR-T8-B2
100
AcDbVertex
100
AcDb3dPolylineVertex
 10
2113.5
 20
36.7
 30
4701.9
 70
32
  0
VERTEX
  5
421
330
17
100
AcDbEntity
  8
RBAR-T8-B2
100
AcDbVertex
100
AcDb3dPolylineVertex
 10
2115.9
 20
38.6
 30
4701.9
 70
32
  0
VERTEX
  5
422
330
17
100
AcDbEntity
  8
RBAR-T8-B2
100
AcDbVertex
100
AcDb3dPolylineVertex
 10
2117.8
 20
41.0
 30
4701.9
 70
32
  0
VERTEX
  5
423
330
17
100
AcDbEntity
  8
RBAR-T8-B2
100
AcDbVertex
100
AcDb3dPolylineVertex
 10
2119.3
 20
43.8
 30
4701.9
 70
32
  0
VERTEX
  5
424
330
17
100
AcDbEntity
  8
RBAR-T8-B2
100
AcDbVertex
100
AcDb3dPolylineVertex
 10
2120.2
 20
46.7
 30
4701.9
 70
32
  0
VERTEX
  5
425
330
17
100
AcDbEntity
  8
RBAR-T8-B2
100
AcDbVertex
100
AcDb3dPolylineVertex
 10
2120.5
 20
49.8
 30
4701.9
 70
32
  0
VERTEX
  5
426
330
17
100
AcDbEntity
  8
RBAR-T8-B2
100
AcDbVertex
100
AcDb3dPolylineVertex
 10
2120.5
 20
148.7
 30
4701.9
 70
32
  0
VERTEX
  5
427
330
17
100
AcDbEntity
  8
RBAR-T8-B2
100
AcDbVertex
100
AcDb3dPolylineVertex
 10
2120.2
 20
151.8
 30
4701.9
 70
32
  0
VERTEX
  5
428
330
17
100
AcDbEntity
  8
RBAR-T8-B2
100
AcDbVertex
100
AcDb3dPolylineVertex
 10
2119.3
 20
154.8
 30
4701.9
 70
32
  0
VERTEX
  5
429
330
17
100
AcDbEntity
  8
RBAR-T8-B2
100
AcDbVertex
100
AcDb3dPolylineVertex
 10
2117.8
 20
157.5
 30
4701.9
 70
32
  0
VERTEX
  5
42A
330
17
100
AcDbEntity
  8
RBAR-T8-B2
100
AcDbVertex
100
AcDb3dPolylineVertex
 10
2115.9
 20
159.9
 30
4701.9
 70
32
  0
VERTEX
  5
42B
330
17
100
AcDbEntity
  8
RBAR-T8-B2
100
AcDbVertex
100
AcDb3dPolylineVertex
 10
2113.5
 20
161.9
 30
4701.9
 70
32
  0
VERTEX
  5
42C
330
17
100
AcDbEntity
  8
RBAR-T8-B2
100
AcDbVertex
100
AcDb3dPolylineVertex
 10
2110.7
 20
163.3
 30
4701.9
 70
32
  0
VERTEX
  5
42D
330
17
100
AcDbEntity
  8
RBAR-T8-B2
100
AcDbVertex
100
AcDb3dPolylineVertex
 10
2107.8
 20
164.2
 30
4701.9
 70
32
  0
VERTEX
  5
42E
330
17
100
AcDbEntity
  8
RBAR-T8-B2
100
AcDbVertex
100
AcDb3dPolylineVertex
 10
2104.7
 20
164.5
 30
4701.9
 70
32
  0
VERTEX
  5
42F
330
17
100
AcDbEntity
  8
RBAR-T8-B2
100
AcDbVertex
100
AcDb3dPolylineVertex
 10
1728.9
 20
164.5
 30
4701.9
 70
32
  0
SEQEND
  5
41B
330
41A
100
AcDbEntity
  8
RBAR-T8-B2
  0
POLYLINE
  5
430
330
17
100
AcDbEntity
  8
RBAR-T8-B2
100
AcDb3dPolyline
 66
1
 10
0.0
 20
0.0
 30
0.0
 70
8
  0
VERTEX
  5
432
330
17
100
AcDbEntity
  8
RBAR-T8-B2
100
AcDbVertex
100
AcDb3dPolylineVertex
 10
1728.9
 20
34.0
 30
348.2
 70
32
  0
VERTEX
  5
433
330
17
100
AcDbEntity
  8
RBAR-T8-B2
100
AcDbVertex
100
AcDb3dPolylineVertex
 10
2104.7
 20
34.0
 30
348.2
 70
32
  0
VERTEX
  5
434
330
17
100
AcDbEntity
  8
RBAR-T8-B2
100
AcDbVertex
100
AcDb3dPolylineVertex
 10
2107.8
 20
34.3
 30
348.2
 70
32
  0
VERTEX
  5
435
330
17
100
AcDbEntity
  8
RBAR-T8-B2
100
AcDbVertex
100
AcDb3dPolylineVertex
 10
2110.7
 20
35.2
 30
348.2
 70
32
  0
VERTEX
  5
436
330
17
100
AcDbEntity
  8
RBAR-T8-B2
100
AcDbVertex
100
AcDb3dPolylineVertex
 10
2113.5
 20
36.7
 30
348.2
 70
32
  0
VERTEX
  5
437
330
17
100
AcDbEntity
  8
RBAR-T8-B2
100
AcDbVertex
100
AcDb3dPolylineVertex
 10
2115.9
 20
38.6
 30
348.2
 70
32
  0
VERTEX
  5
438
330
17
100
AcDbEntity
  8
RBAR-T8-B2
100
AcDbVertex
100
AcDb3dPolylineVertex
 10
2117.8
 20
41.0
 30
348.2
 70
32
  0
VERTEX
  5
439
330
17
100
AcDbEntity
  8
RBAR-T8-B2
100
AcDbVertex
100
AcDb3dPolylineVertex
 10
2119.3
 20
43.8
 30
348.2
 70
32
  0
VERTEX
  5
43A
330
17
100
AcDbEntity
  8
RBAR-T8-B2
100
AcDbVertex
100
AcDb3dPolylineVertex
 10
2120.2
 20
46.7
 30
348.2
 70
32
  0
VERTEX
  5
43B
330
17
100
AcDbEntity
  8
RBAR-T8-B2
100
AcDbVertex
100
AcDb3dPolylineVertex
 10
2120.5
 20
49.8
 30
348.2
 70
32
  0
VERTEX
  5
43C
330
17
100
AcDbEntity
  8
RBAR-T8-B2
100
AcDbVertex
100
AcDb3dPolylineVertex
 10
2120.5
 20
148.7
 30
348.2
 70
32
  0
VERTEX
  5
43D
330
17
100
AcDbEntity
  8
RBAR-T8-B2
100
AcDbVertex
100
AcDb3dPolylineVertex
 10
2120.2
 20
151.8
 30
348.2
 70
32
  0
VERTEX
  5
43E
330
17
100
AcDbEntity
  8
RBAR-T8-B2
100
AcDbVertex
100
AcDb3dPolylineVertex
 10
2119.3
 20
154.8
 30
348.2
 70
32
  0
VERTEX
  5
43F
330
17
100
AcDbEntity
  8
RBAR-T8-B2
100
AcDbVertex
100
AcDb3dPolylineVertex
 10
2117.8
 20
157.5
 30
348.2
 70
32
  0
VERTEX
  5
440
330
17
100
AcDbEntity
  8
RBAR-T8-B2
100
AcDbVertex
100
AcDb3dPolylineVertex
 10
2115.9
 20
159.9
 30
348.2
 70
32
  0
VERTEX
  5
441
330
17
100
AcDbEntity
  8
RBAR-T8-B2
100
AcDbVertex
100
AcDb3dPolylineVertex
 10
2113.5
 20
161.9
 30
348.2
 70
32
  0
VERTEX
  5
442
330
17
100
AcDbEntity
  8
RBAR-T8-B2
100
AcDbVertex
100
AcDb3dPolylineVertex
 10
2110.7
 20
163.3
 30
348.2
 70
32
  0
VERTEX
  5
443
330
17
100
AcDbEntity
  8
RBAR-T8-B2
100
AcDbVertex
100
AcDb3dPolylineVertex
 10
2107.8
 20
164.2
 30
348.2
 70
32
  0
VERTEX
  5
444
330
17
100
AcDbEntity
  8
RBAR-T8-B2
100
AcDbVertex
100
AcDb3dPolylineVertex
 10
2104.7
 20
164.5
 30
348.2
 70
32
  0
VERTEX
  5
445
330
17
100
AcDbEntity
  8
RBAR-T8-B2
100
AcDbVertex
100
AcDb3dPolylineVertex
 10
1728.9
 20
164.5
 30
348.2
 70
32
  0
SEQEND
  5
431
330
430
100
AcDbEntity
  8
RBAR-T8-B2
  0
POLYLINE
  5
446
330
17
100
AcDbEntity
  8
RBAR-T8-B2
100
AcDb3dPolyline
 66
1
 10
0.0
 20
0.0
 30
0.0
 70
8
  0
VERTEX
  5
448
330
17
100
AcDbEntity
  8
RBAR-T8-B2
100
AcDbVertex
100
AcDb3dPolylineVertex
 10
1728.9
 20
34.0
 30
976.6
 70
32
  0
VERTEX
  5
449
330
17
100
AcDbEntity
  8
RBAR-T8-B2
100
AcDbVertex
100
AcDb3dPolylineVertex
 10
2104.7
 20
34.0
 30
976.6
 70
32
  0
VERTEX
  5
44A
330
17
100
AcDbEntity
  8
RBAR-T8-B2
100
AcDbVertex
100
AcDb3dPolylineVertex
 10
2107.8
 20
34.3
 30
976.6
 70
32
  0
VERTEX
  5
44B
330
17
100
AcDbEntity
  8
RBAR-T8-B2
100
AcDbVertex
100
AcDb3dPolylineVertex
 10
2110.7
 20
35.2
 30
976.6
 70
32
  0
VERTEX
  5
44C
330
17
100
AcDbEntity
  8
RBAR-T8-B2
100
AcDbVertex
100
AcDb3dPolylineVertex
 10
2113.5
 20
36.7
 30
976.6
 70
32
  0
VERTEX
  5
44D
330
17
100
AcDbEntity
  8
RBAR-T8-B2
100
AcDbVertex
100
AcDb3dPolylineVertex
 10
2115.9
 20
38.6
 30
976.6
 70
32
  0
VERTEX
  5
44E
330
17
100
AcDbEntity
  8
RBAR-T8-B2
100
AcDbVertex
100
AcDb3dPolylineVertex
 10
2117.8
 20
41.0
 30
976.6
 70
32
  0
VERTEX
  5
44F
330
17
100
AcDbEntity
  8
RBAR-T8-B2
100
AcDbVertex
100
AcDb3dPolylineVertex
 10
2119.3
 20
43.8
 30
976.6
 70
32
  0
VERTEX
  5
450
330
17
100
AcDbEntity
  8
RBAR-T8-B2
100
AcDbVertex
100
AcDb3dPolylineVertex
 10
2120.2
 20
46.7
 30
976.6
 70
32
  0
VERTEX
  5
451
330
17
100
AcDbEntity
  8
RBAR-T8-B2
100
AcDbVertex
100
AcDb3dPolylineVertex
 10
2120.5
 20
49.8
 30
976.6
 70
32
  0
VERTEX
  5
452
330
17
100
AcDbEntity
  8
RBAR-T8-B2
100
AcDbVertex
100
AcDb3dPolylineVertex
 10
2120.5
 20
148.7
 30
976.6
 70
32
  0
VERTEX
  5
453
330
17
100
AcDbEntity
  8
RBAR-T8-B2
100
AcDbVertex
100
AcDb3dPolylineVertex
 10
2120.2
 20
151.8
 30
976.6
 70
32
  0
VERTEX
  5
454
330
17
100
AcDbEntity
  8
RBAR-T8-B2
100
AcDbVertex
100
AcDb3dPolylineVertex
 10
2119.3
 20
154.8
 30
976.6
 70
32
  0
VERTEX
  5
455
330
17
100
AcDbEntity
  8
RBAR-T8-B2
100
AcDbVertex
100
AcDb3dPolylineVertex
 10
2117.8
 20
157.5
 30
976.6
 70
32
  0
VERTEX
  5
456
330
17
100
AcDbEntity
  8
RBAR-T8-B2
100
AcDbVertex
100
AcDb3dPolylineVertex
 10
2115.9
 20
159.9
 30
976.6
 70
32
  0
VERTEX
  5
457
330
17
100
AcDbEntity
  8
RBAR-T8-B2
100
AcDbVertex
100
AcDb3dPolylineVertex
 10
2113.5
 20
161.9
 30
976.6
 70
32
  0
VERTEX
  5
458
330
17
100
AcDbEntity
  8
RBAR-T8-B2
100
AcDbVertex
100
AcDb3dPolylineVertex
 10
2110.7
 20
163.3
 30
976.6
 70
32
  0
VERTEX
  5
459
330
17
100
AcDbEntity
  8
RBAR-T8-B2
100
AcDbVertex
100
AcDb3dPolylineVertex
 10
2107.8
 20
164.2
 30
976.6
 70
32
  0
VERTEX
  5
45A
330
17
100
AcDbEntity
  8
RBAR-T8-B2
100
AcDbVertex
100
AcDb3dPolylineVertex
 10
2104.7
 20
164.5
 30
976.6
 70
32
  0
VERTEX
  5
45B
330
17
100
AcDbEntity
  8
RBAR-T8-B2
100
AcDbVertex
100
AcDb3dPolylineVertex
 10
1728.9
 20
164.5
 30
976.6
 70
32
  0
SEQEND
  5
447
330
446
100
AcDbEntity
  8
RBAR-T8-B2
  0
POLYLINE
  5
45C
330
17
100
AcDbEntity
  8
RBAR-T8-B2
100
AcDb3dPolyline
 66
1
 10
0.0
 20
0.0
 30
0.0
 70
8
  0
VERTEX
  5
45E
330
17
100
AcDbEntity
  8
RBAR-T8-B2
100
AcDbVertex
100
AcDb3dPolylineVertex
 10
1728.9
 20
34.0
 30
1604.9
 70
32
  0
VERTEX
  5
45F
330
17
100
AcDbEntity
  8
RBAR-T8-B2
100
AcDbVertex
100
AcDb3dPolylineVertex
 10
2104.7
 20
34.0
 30
1604.9
 70
32
  0
VERTEX
  5
460
330
17
100
AcDbEntity
  8
RBAR-T8-B2
100
AcDbVertex
100
AcDb3dPolylineVertex
 10
2107.8
 20
34.3
 30
1604.9
 70
32
  0
VERTEX
  5
461
330
17
100
AcDbEntity
  8
RBAR-T8-B2
100
AcDbVertex
100
AcDb3dPolylineVertex
 10
2110.7
 20
35.2
 30
1604.9
 70
32
  0
VERTEX
  5
462
330
17
100
AcDbEntity
  8
RBAR-T8-B2
100
AcDbVertex
100
AcDb3dPolylineVertex
 10
2113.5
 20
36.7
 30
1604.9
 70
32
  0
VERTEX
  5
463
330
17
100
AcDbEntity
  8
RBAR-T8-B2
100
AcDbVertex
100
AcDb3dPolylineVertex
 10
2115.9
 20
38.6
 30
1604.9
 70
32
  0
VERTEX
  5
464
330
17
100
AcDbEntity
  8
RBAR-T8-B2
100
AcDbVertex
100
AcDb3dPolylineVertex
 10
2117.8
 20
41.0
 30
1604.9
 70
32
  0
VERTEX
  5
465
330
17
100
AcDbEntity
  8
RBAR-T8-B2
100
AcDbVertex
100
AcDb3dPolylineVertex
 10
2119.3
 20
43.8
 30
1604.9
 70
32
  0
VERTEX
  5
466
330
17
100
AcDbEntity
  8
RBAR-T8-B2
100
AcDbVertex
100
AcDb3dPolylineVertex
 10
2120.2
 20
46.7
 30
1604.9
 70
32
  0
VERTEX
  5
467
330
17
100
AcDbEntity
  8
RBAR-T8-B2
100
AcDbVertex
100
AcDb3dPolylineVertex
 10
2120.5
 20
49.8
 30
1604.9
 70
32
  0
VERTEX
  5
468
330
17
100
AcDbEntity
  8
RBAR-T8-B2
100
AcDbVertex
100
AcDb3dPolylineVertex
 10
2120.5
 20
148.7
 30
1604.9
 70
32
  0
VERTEX
  5
469
330
17
100
AcDbEntity
  8
RBAR-T8-B2
100
AcDbVertex
100
AcDb3dPolylineVertex
 10
2120.2
 20
151.8
 30
1604.9
 70
32
  0
VERTEX
  5
46A
330
17
100
AcDbEntity
  8
RBAR-T8-B2
100
AcDbVertex
100
AcDb3dPolylineVertex
 10
2119.3
 20
154.8
 30
1604.9
 70
32
  0
VERTEX
  5
46B
330
17
100
AcDbEntity
  8
RBAR-T8-B2
100
AcDbVertex
100
AcDb3dPolylineVertex
 10
2117.8
 20
157.5
 30
1604.9
 70
32
  0
VERTEX
  5
46C
330
17
100
AcDbEntity
  8
RBAR-T8-B2
100
AcDbVertex
100
AcDb3dPolylineVertex
 10
2115.9
 20
159.9
 30
1604.9
 70
32
  0
VERTEX
  5
46D
330
17
100
AcDbEntity
  8
RBAR-T8-B2
100
AcDbVertex
100
AcDb3dPolylineVertex
 10
2113.5
 20
161.9
 30
1604.9
 70
32
  0
VERTEX
  5
46E
330
17
100
AcDbEntity
  8
RBAR-T8-B2
100
AcDbVertex
100
AcDb3dPolylineVertex
 10
2110.7
 20
163.3
 30
1604.9
 70
32
  0
VERTEX
  5
46F
330
17
100
AcDbEntity
  8
RBAR-T8-B2
100
AcDbVertex
100
AcDb3dPolylineVertex
 10
2107.8
 20
164.2
 30
1604.9
 70
32
  0
VERTEX
  5
470
330
17
100
AcDbEntity
  8
RBAR-T8-B2
100
AcDbVertex
100
AcDb3dPolylineVertex
 10
2104.7
 20
164.5
 30
1604.9
 70
32
  0
VERTEX
  5
471
330
17
100
AcDbEntity
  8
RBAR-T8-B2
100
AcDbVertex
100
AcDb3dPolylineVertex
 10
1728.9
 20
164.5
 30
1604.9
 70
32
  0
SEQEND
  5
45D
330
45C
100
AcDbEntity
  8
RBAR-T8-B2
  0
POLYLINE
  5
472
330
17
100
AcDbEntity
  8
RBAR-T8-B2
100
AcDb3dPolyline
 66
1
 10
0.0
 20
0.0
 30
0.0
 70
8
  0
VERTEX
  5
474
330
17
100
AcDbEntity
  8
RBAR-T8-B2
100
AcDbVertex
100
AcDb3dPolylineVertex
 10
1728.9
 20
34.0
 30
2233.3
 70
32
  0
VERTEX
  5
475
330
17
100
AcDbEntity
  8
RBAR-T8-B2
100
AcDbVertex
100
AcDb3dPolylineVertex
 10
2104.7
 20
34.0
 30
2233.3
 70
32
  0
VERTEX
  5
476
330
17
100
AcDbEntity
  8
RBAR-T8-B2
100
AcDbVertex
100
AcDb3dPolylineVertex
 10
2107.8
 20
34.3
 30
2233.3
 70
32
  0
VERTEX
  5
477
330
17
100
AcDbEntity
  8
RBAR-T8-B2
100
AcDbVertex
100
AcDb3dPolylineVertex
 10
2110.7
 20
35.2
 30
2233.3
 70
32
  0
VERTEX
  5
478
330
17
100
AcDbEntity
  8
RBAR-T8-B2
100
AcDbVertex
100
AcDb3dPolylineVertex
 10
2113.5
 20
36.7
 30
2233.3
 70
32
  0
VERTEX
  5
479
330
17
100
AcDbEntity
  8
RBAR-T8-B2
100
AcDbVertex
100
AcDb3dPolylineVertex
 10
2115.9
 20
38.6
 30
2233.3
 70
32
  0
VERTEX
  5
47A
330
17
100
AcDbEntity
  8
RBAR-T8-B2
100
AcDbVertex
100
AcDb3dPolylineVertex
 10
2117.8
 20
41.0
 30
2233.3
 70
32
  0
VERTEX
  5
47B
330
17
100
AcDbEntity
  8
RBAR-T8-B2
100
AcDbVertex
100
AcDb3dPolylineVertex
 10
2119.3
 20
43.8
 30
2233.3
 70
32
  0
VERTEX
  5
47C
330
17
100
AcDbEntity
  8
RBAR-T8-B2
100
AcDbVertex
100
AcDb3dPolylineVertex
 10
2120.2
 20
46.7
 30
2233.3
 70
32
  0
VERTEX
  5
47D
330
17
100
AcDbEntity
  8
RBAR-T8-B2
100
AcDbVertex
100
AcDb3dPolylineVertex
 10
2120.5
 20
49.8
 30
2233.3
 70
32
  0
VERTEX
  5
47E
330
17
100
AcDbEntity
  8
RBAR-T8-B2
100
AcDbVertex
100
AcDb3dPolylineVertex
 10
2120.5
 20
148.7
 30
2233.3
 70
32
  0
VERTEX
  5
47F
330
17
100
AcDbEntity
  8
RBAR-T8-B2
100
AcDbVertex
100
AcDb3dPolylineVertex
 10
2120.2
 20
151.8
 30
2233.3
 70
32
  0
VERTEX
  5
480
330
17
100
AcDbEntity
  8
RBAR-T8-B2
100
AcDbVertex
100
AcDb3dPolylineVertex
 10
2119.3
 20
154.8
 30
2233.3
 70
32
  0
VERTEX
  5
481
330
17
100
AcDbEntity
  8
RBAR-T8-B2
100
AcDbVertex
100
AcDb3dPolylineVertex
 10
2117.8
 20
157.5
 30
2233.3
 70
32
  0
VERTEX
  5
482
330
17
100
AcDbEntity
  8
RBAR-T8-B2
100
AcDbVertex
100
AcDb3dPolylineVertex
 10
2115.9
 20
159.9
 30
2233.3
 70
32
  0
VERTEX
  5
483
330
17
100
AcDbEntity
  8
RBAR-T8-B2
100
AcDbVertex
100
AcDb3dPolylineVertex
 10
2113.5
 20
161.9
 30
2233.3
 70
32
  0
VERTEX
  5
484
330
17
100
AcDbEntity
  8
RBAR-T8-B2
100
AcDbVertex
100
AcDb3dPolylineVertex
 10
2110.7
 20
163.3
 30
2233.3
 70
32
  0
VERTEX
  5
485
330
17
100
AcDbEntity
  8
RBAR-T8-B2
100
AcDbVertex
100
AcDb3dPolylineVertex
 10
2107.8
 20
164.2
 30
2233.3
 70
32
  0
VERTEX
  5
486
330
17
100
AcDbEntity
  8
RBAR-T8-B2
100
AcDbVertex
100
AcDb3dPolylineVertex
 10
2104.7
 20
164.5
 30
2233.3
 70
32
  0
VERTEX
  5
487
330
17
100
AcDbEntity
  8
RBAR-T8-B2
100
AcDbVertex
100
AcDb3dPolylineVertex
 10
1728.9
 20
164.5
 30
2233.3
 70
32
  0
SEQEND
  5
473
330
472
100
AcDbEntity
  8
RBAR-T8-B2
  0
POLYLINE
  5
488
330
17
100
AcDbEntity
  8
RBAR-T8-B2
100
AcDb3dPolyline
 66
1
 10
0.0
 20
0.0
 30
0.0
 70
8
  0
VERTEX
  5
48A
330
17
100
AcDbEntity
  8
RBAR-T8-B2
100
AcDbVertex
100
AcDb3dPolylineVertex
 10
1728.9
 20
34.0
 30
2861.7
 70
32
  0
VERTEX
  5
48B
330
17
100
AcDbEntity
  8
RBAR-T8-B2
100
AcDbVertex
100
AcDb3dPolylineVertex
 10
2104.7
 20
34.0
 30
2861.7
 70
32
  0
VERTEX
  5
48C
330
17
100
AcDbEntity
  8
RBAR-T8-B2
100
AcDbVertex
100
AcDb3dPolylineVertex
 10
2107.8
 20
34.3
 30
2861.7
 70
32
  0
VERTEX
  5
48D
330
17
100
AcDbEntity
  8
RBAR-T8-B2
100
AcDbVertex
100
AcDb3dPolylineVertex
 10
2110.7
 20
35.2
 30
2861.7
 70
32
  0
VERTEX
  5
48E
330
17
100
AcDbEntity
  8
RBAR-T8-B2
100
AcDbVertex
100
AcDb3dPolylineVertex
 10
2113.5
 20
36.7
 30
2861.7
 70
32
  0
VERTEX
  5
48F
330
17
100
AcDbEntity
  8
RBAR-T8-B2
100
AcDbVertex
100
AcDb3dPolylineVertex
 10
2115.9
 20
38.6
 30
2861.7
 70
32
  0
VERTEX
  5
490
330
17
100
AcDbEntity
  8
RBAR-T8-B2
100
AcDbVertex
100
AcDb3dPolylineVertex
 10
2117.8
 20
41.0
 30
2861.7
 70
32
  0
VERTEX
  5
491
330
17
100
AcDbEntity
  8
RBAR-T8-B2
100
AcDbVertex
100
AcDb3dPolylineVertex
 10
2119.3
 20
43.8
 30
2861.7
 70
32
  0
VERTEX
  5
492
330
17
100
AcDbEntity
  8
RBAR-T8-B2
100
AcDbVertex
100
AcDb3dPolylineVertex
 10
2120.2
 20
46.7
 30
2861.7
 70
32
  0
VERTEX
  5
493
330
17
100
AcDbEntity
  8
RBAR-T8-B2
100
AcDbVertex
100
AcDb3dPolylineVertex
 10
2120.5
 20
49.8
 30
2861.7
 70
32
  0
VERTEX
  5
494
330
17
100
AcDbEntity
  8
RBAR-T8-B2
100
AcDbVertex
100
AcDb3dPolylineVertex
 10
2120.5
 20
148.7
 30
2861.7
 70
32
  0
VERTEX
  5
495
330
17
100
AcDbEntity
  8
RBAR-T8-B2
100
AcDbVertex
100
AcDb3dPolylineVertex
 10
2120.2
 20
151.8
 30
2861.7
 70
32
  0
VERTEX
  5
496
330
17
100
AcDbEntity
  8
RBAR-T8-B2
100
AcDbVertex
100
AcDb3dPolylineVertex
 10
2119.3
 20
154.8
 30
2861.7
 70
32
  0
VERTEX
  5
497
330
17
100
AcDbEntity
  8
RBAR-T8-B2
100
AcDbVertex
100
AcDb3dPolylineVertex
 10
2117.8
 20
157.5
 30
2861.7
 70
32
  0
VERTEX
  5
498
330
17
100
AcDbEntity
  8
RBAR-T8-B2
100
AcDbVertex
100
AcDb3dPolylineVertex
 10
2115.9
 20
159.9
 30
2861.7
 70
32
  0
VERTEX
  5
499
330
17
100
AcDbEntity
  8
RBAR-T8-B2
100
AcDbVertex
100
AcDb3dPolylineVertex
 10
2113.5
 20
161.9
 30
2861.7
 70
32
  0
VERTEX
  5
49A
330
17
100
AcDbEntity
  8
RBAR-T8-B2
100
AcDbVertex
100
AcDb3dPolylineVertex
 10
2110.7
 20
163.3
 30
2861.7
 70
32
  0
VERTEX
  5
49B
330
17
100
AcDbEntity
  8
RBAR-T8-B2
100
AcDbVertex
100
AcDb3dPolylineVertex
 10
2107.8
 20
164.2
 30
2861.7
 70
32
  0
VERTEX
  5
49C
330
17
100
AcDbEntity
  8
RBAR-T8-B2
100
AcDbVertex
100
AcDb3dPolylineVertex
 10
2104.7
 20
164.5
 30
2861.7
 70
32
  0
VERTEX
  5
49D
330
17
100
AcDbEntity
  8
RBAR-T8-B2
100
AcDbVertex
100
AcDb3dPolylineVertex
 10
1728.9
 20
164.5
 30
2861.7
 70
32
  0
SEQEND
  5
489
330
488
100
AcDbEntity
  8
RBAR-T8-B2
  0
POLYLINE
  5
49E
330
17
100
AcDbEntity
  8
RBAR-T8-B2
100
AcDb3dPolyline
 66
1
 10
0.0
 20
0.0
 30
0.0
 70
8
  0
VERTEX
  5
4A0
330
17
100
AcDbEntity
  8
RBAR-T8-B2
100
AcDbVertex
100
AcDb3dPolylineVertex
 10
1728.9
 20
34.0
 30
3490.1
 70
32
  0
VERTEX
  5
4A1
330
17
100
AcDbEntity
  8
RBAR-T8-B2
100
AcDbVertex
100
AcDb3dPolylineVertex
 10
2104.7
 20
34.0
 30
3490.1
 70
32
  0
VERTEX
  5
4A2
330
17
100
AcDbEntity
  8
RBAR-T8-B2
100
AcDbVertex
100
AcDb3dPolylineVertex
 10
2107.8
 20
34.3
 30
3490.1
 70
32
  0
VERTEX
  5
4A3
330
17
100
AcDbEntity
  8
RBAR-T8-B2
100
AcDbVertex
100
AcDb3dPolylineVertex
 10
2110.7
 20
35.2
 30
3490.1
 70
32
  0
VERTEX
  5
4A4
330
17
100
AcDbEntity
  8
RBAR-T8-B2
100
AcDbVertex
100
AcDb3dPolylineVertex
 10
2113.5
 20
36.7
 30
3490.1
 70
32
  0
VERTEX
  5
4A5
330
17
100
AcDbEntity
  8
RBAR-T8-B2
100
AcDbVertex
100
AcDb3dPolylineVertex
 10
2115.9
 20
38.6
 30
3490.1
 70
32
  0
VERTEX
  5
4A6
330
17
100
AcDbEntity
  8
RBAR-T8-B2
100
AcDbVertex
100
AcDb3dPolylineVertex
 10
2117.8
 20
41.0
 30
3490.1
 70
32
  0
VERTEX
  5
4A7
330
17
100
AcDbEntity
  8
RBAR-T8-B2
100
AcDbVertex
100
AcDb3dPolylineVertex
 10
2119.3
 20
43.8
 30
3490.1
 70
32
  0
VERTEX
  5
4A8
330
17
100
AcDbEntity
  8
RBAR-T8-B2
100
AcDbVertex
100
AcDb3dPolylineVertex
 10
2120.2
 20
46.7
 30
3490.1
 70
32
  0
VERTEX
  5
4A9
330
17
100
AcDbEntity
  8
RBAR-T8-B2
100
AcDbVertex
100
AcDb3dPolylineVertex
 10
2120.5
 20
49.8
 30
3490.1
 70
32
  0
VERTEX
  5
4AA
330
17
100
AcDbEntity
  8
RBAR-T8-B2
100
AcDbVertex
100
AcDb3dPolylineVertex
 10
2120.5
 20
148.7
 30
3490.1
 70
32
  0
VERTEX
  5
4AB
330
17
100
AcDbEntity
  8
RBAR-T8-B2
100
AcDbVertex
100
AcDb3dPolylineVertex
 10
2120.2
 20
151.8
 30
3490.1
 70
32
  0
VERTEX
  5
4AC
330
17
100
AcDbEntity
  8
RBAR-T8-B2
100
AcDbVertex
100
AcDb3dPolylineVertex
 10
2119.3
 20
154.8
 30
3490.1
 70
32
  0
VERTEX
  5
4AD
330
17
100
AcDbEntity
  8
RBAR-T8-B2
100
AcDbVertex
100
AcDb3dPolylineVertex
 10
2117.8
 20
157.5
 30
3490.1
 70
32
  0
VERTEX
  5
4AE
330
17
100
AcDbEntity
  8
RBAR-T8-B2
100
AcDbVertex
100
AcDb3dPolylineVertex
 10
2115.9
 20
159.9
 30
3490.1
 70
32
  0
VERTEX
  5
4AF
330
17
100
AcDbEntity
  8
RBAR-T8-B2
100
AcDbVertex
100
AcDb3dPolylineVertex
 10
2113.5
 20
161.9
 30
3490.1
 70
32
  0
VERTEX
  5
4B0
330
17
100
AcDbEntity
  8
RBAR-T8-B2
100
AcDbVertex
100
AcDb3dPolylineVertex
 10
2110.7
 20
163.3
 30
3490.1
 70
32
  0
VERTEX
  5
4B1
330
17
100
AcDbEntity
  8
RBAR-T8-B2
100
AcDbVertex
100
AcDb3dPolylineVertex
 10
2107.8
 20
164.2
 30
3490.1
 70
32
  0
VERTEX
  5
4B2
330
17
100
AcDbEntity
  8
RBAR-T8-B2
100
AcDbVertex
100
AcDb3dPolylineVertex
 10
2104.7
 20
164.5
 30
3490.1
 70
32
  0
VERTEX
  5
4B3
330
17
100
AcDbEntity
  8
RBAR-T8-B2
100
AcDbVertex
100
AcDb3dPolylineVertex
 10
1728.9
 20
164.5
 30
3490.1
 70
32
  0
SEQEND
  5
49F
330
49E
100
AcDbEntity
  8
RBAR-T8-B2
  0
POLYLINE
  5
4B4
330
17
100
AcDbEntity
  8
RBAR-T8-B2
100
AcDb3dPolyline
 66
1
 10
0.0
 20
0.0
 30
0.0
 70
8
  0
VERTEX
  5
4B6
330
17
100
AcDbEntity
  8
RBAR-T8-B2
100
AcDbVertex
100
AcDb3dPolylineVertex
 10
1728.9
 20
34.0
 30
4118.4
 70
32
  0
VERTEX
  5
4B7
330
17
100
AcDbEntity
  8
RBAR-T8-B2
100
AcDbVertex
100
AcDb3dPolylineVertex
 10
2104.7
 20
34.0
 30
4118.4
 70
32
  0
VERTEX
  5
4B8
330
17
100
AcDbEntity
  8
RBAR-T8-B2
100
AcDbVertex
100
AcDb3dPolylineVertex
 10
2107.8
 20
34.3
 30
4118.4
 70
32
  0
VERTEX
  5
4B9
330
17
100
AcDbEntity
  8
RBAR-T8-B2
100
AcDbVertex
100
AcDb3dPolylineVertex
 10
2110.7
 20
35.2
 30
4118.4
 70
32
  0
VERTEX
  5
4BA
330
17
100
AcDbEntity
  8
RBAR-T8-B2
100
AcDbVertex
100
AcDb3dPolylineVertex
 10
2113.5
 20
36.7
 30
4118.4
 70
32
  0
VERTEX
  5
4BB
330
17
100
AcDbEntity
  8
RBAR-T8-B2
100
AcDbVertex
100
AcDb3dPolylineVertex
 10
2115.9
 20
38.6
 30
4118.4
 70
32
  0
VERTEX
  5
4BC
330
17
100
AcDbEntity
  8
RBAR-T8-B2
100
AcDbVertex
100
AcDb3dPolylineVertex
 10
2117.8
 20
41.0
 30
4118.4
 70
32
  0
VERTEX
  5
4BD
330
17
100
AcDbEntity
  8
RBAR-T8-B2
100
AcDbVertex
100
AcDb3dPolylineVertex
 10
2119.3
 20
43.8
 30
4118.4
 70
32
  0
VERTEX
  5
4BE
330
17
100
AcDbEntity
  8
RBAR-T8-B2
100
AcDbVertex
100
AcDb3dPolylineVertex
 10
2120.2
 20
46.7
 30
4118.4
 70
32
  0
VERTEX
  5
4BF
330
17
100
AcDbEntity
  8
RBAR-T8-B2
100
AcDbVertex
100
AcDb3dPolylineVertex
 10
2120.5
 20
49.8
 30
4118.4
 70
32
  0
VERTEX
  5
4C0
330
17
100
AcDbEntity
  8
RBAR-T8-B2
100
AcDbVertex
100
AcDb3dPolylineVertex
 10
2120.5
 20
148.7
 30
4118.4
 70
32
  0
VERTEX
  5
4C1
330
17
100
AcDbEntity
  8
RBAR-T8-B2
100
AcDbVertex
100
AcDb3dPolylineVertex
 10
2120.2
 20
151.8
 30
4118.4
 70
32
  0
VERTEX
  5
4C2
330
17
100
AcDbEntity
  8
RBAR-T8-B2
100
AcDbVertex
100
AcDb3dPolylineVertex
 10
2119.3
 20
154.8
 30
4118.4
 70
32
  0
VERTEX
  5
4C3
330
17
100
AcDbEntity
  8
RBAR-T8-B2
100
AcDbVertex
100
AcDb3dPolylineVertex
 10
2117.8
 20
157.5
 30
4118.4
 70
32
  0
VERTEX
  5
4C4
330
17
100
AcDbEntity
  8
RBAR-T8-B2
100
AcDbVertex
100
AcDb3dPolylineVertex
 10
2115.9
 20
159.9
 30
4118.4
 70
32
  0
VERTEX
  5
4C5
330
17
100
AcDbEntity
  8
RBAR-T8-B2
100
AcDbVertex
100
AcDb3dPolylineVertex
 10
2113.5
 20
161.9
 30
4118.4
 70
32
  0
VERTEX
  5
4C6
330
17
100
AcDbEntity
  8
RBAR-T8-B2
100
AcDbVertex
100
AcDb3dPolylineVertex
 10
2110.7
 20
163.3
 30
4118.4
 70
32
  0
VERTEX
  5
4C7
330
17
100
AcDbEntity
  8
RBAR-T8-B2
100
AcDbVertex
100
AcDb3dPolylineVertex
 10
2107.8
 20
164.2
 30
4118.4
 70
32
  0
VERTEX
  5
4C8
330
17
100
AcDbEntity
  8
RBAR-T8-B2
100
AcDbVertex
100
AcDb3dPolylineVertex
 10
2104.7
 20
164.5
 30
4118.4
 70
32
  0
VERTEX
  5
4C9
330
17
100
AcDbEntity
  8
RBAR-T8-B2
100
AcDbVertex
100
AcDb3dPolylineVertex
 10
1728.9
 20
164.5
 30
4118.4
 70
32
  0
SEQEND
  5
4B5
330
4B4
100
AcDbEntity
  8
RBAR-T8-B2
  0
POLYLINE
  5
4CA
330
17
100
AcDbEntity
  8
RBAR-T8-B2
100
AcDb3dPolyline
 66
1
 10
0.0
 20
0.0
 30
0.0
 70
8
  0
VERTEX
  5
4CC
330
17
100
AcDbEntity
  8
RBAR-T8-B2
100
AcDbVertex
100
AcDb3dPolylineVertex
 10
1728.9
 20
34.0
 30
4746.8
 70
32
  0
VERTEX
  5
4CD
330
17
100
AcDbEntity
  8
RBAR-T8-B2
100
AcDbVertex
100
AcDb3dPolylineVertex
 10
2104.7
 20
34.0
 30
4746.8
 70
32
  0
VERTEX
  5
4CE
330
17
100
AcDbEntity
  8
RBAR-T8-B2
100
AcDbVertex
100
AcDb3dPolylineVertex
 10
2107.8
 20
34.3
 30
4746.8
 70
32
  0
VERTEX
  5
4CF
330
17
100
AcDbEntity
  8
RBAR-T8-B2
100
AcDbVertex
100
AcDb3dPolylineVertex
 10
2110.7
 20
35.2
 30
4746.8
 70
32
  0
VERTEX
  5
4D0
330
17
100
AcDbEntity
  8
RBAR-T8-B2
100
AcDbVertex
100
AcDb3dPolylineVertex
 10
2113.5
 20
36.7
 30
4746.8
 70
32
  0
VERTEX
  5
4D1
330
17
100
AcDbEntity
  8
RBAR-T8-B2
100
AcDbVertex
100
AcDb3dPolylineVertex
 10
2115.9
 20
38.6
 30
4746.8
 70
32
  0
VERTEX
  5
4D2
330
17
100
AcDbEntity
  8
RBAR-T8-B2
100
AcDbVertex
100
AcDb3dPolylineVertex
 10
2117.8
 20
41.0
 30
4746.8
 70
32
  0
VERTEX
  5
4D3
330
17
100
AcDbEntity
  8
RBAR-T8-B2
100
AcDbVertex
100
AcDb3dPolylineVertex
 10
2119.3
 20
43.8
 30
4746.8
 70
32
  0
VERTEX
  5
4D4
330
17
100
AcDbEntity
  8
RBAR-T8-B2
100
AcDbVertex
100
AcDb3dPolylineVertex
 10
2120.2
 20
46.7
 30
4746.8
 70
32
  0
VERTEX
  5
4D5
330
17
100
AcDbEntity
  8
RBAR-T8-B2
100
AcDbVertex
100
AcDb3dPolylineVertex
 10
2120.5
 20
49.8
 30
4746.8
 70
32
  0
VERTEX
  5
4D6
330
17
100
AcDbEntity
  8
RBAR-T8-B2
100
AcDbVertex
100
AcDb3dPolylineVertex
 10
2120.5
 20
148.7
 30
4746.8
 70
32
  0
VERTEX
  5
4D7
330
17
100
AcDbEntity
  8
RBAR-T8-B2
100
AcDbVertex
100
AcDb3dPolylineVertex
 10
2120.2
 20
151.8
 30
4746.8
 70
32
  0
VERTEX
  5
4D8
330
17
100
AcDbEntity
  8
RBAR-T8-B2
100
AcDbVertex
100
AcDb3dPolylineVertex
 10
2119.3
 20
154.8
 30
4746.8
 70
32
  0
VERTEX
  5
4D9
330
17
100
AcDbEntity
  8
RBAR-T8-B2
100
AcDbVertex
100
AcDb3dPolylineVertex
 10
2117.8
 20
157.5
 30
4746.8
 70
32
  0
VERTEX
  5
4DA
330
17
100
AcDbEntity
  8
RBAR-T8-B2
100
AcDbVertex
100
AcDb3dPolylineVertex
 10
2115.9
 20
159.9
 30
4746.8
 70
32
  0
VERTEX
  5
4DB
330
17
100
AcDbEntity
  8
RBAR-T8-B2
100
AcDbVertex
100
AcDb3dPolylineVertex
 10
2113.5
 20
161.9
 30
4746.8
 70
32
  0
VERTEX
  5
4DC
330
17
100
AcDbEntity
  8
RBAR-T8-B2
100
AcDbVertex
100
AcDb3dPolylineVertex
 10
2110.7
 20
163.3
 30
4746.8
 70
32
  0
VERTEX
  5
4DD
330
17
100
AcDbEntity
  8
RBAR-T8-B2
100
AcDbVertex
100
AcDb3dPolylineVertex
 10
2107.8
 20
164.2
 30
4746.8
 70
32
  0
VERTEX
  5
4DE
330
17
100
AcDbEntity
  8
RBAR-T8-B2
100
AcDbVertex
100
AcDb3dPolylineVertex
 10
2104.7
 20
164.5
 30
4746.8
 70
32
  0
VERTEX
  5
4DF
330
17
100
AcDbEntity
  8
RBAR-T8-B2
100
AcDbVertex
100
AcDb3dPolylineVertex
 10
1728.9
 20
164.5
 30
4746.8
 70
32
  0
SEQEND
  5
4CB
330
4CA
100
AcDbEntity
  8
RBAR-T8-B2
  0
POLYLINE
  5
4E0
330
17
100
AcDbEntity
  8
RBAR-T8-B2
100
AcDb3dPolyline
 66
1
 10
0.0
 20
0.0
 30
0.0
 70
8
  0
VERTEX
  5
4E2
330
17
100
AcDbEntity
  8
RBAR-T8-B2
100
AcDbVertex
100
AcDb3dPolylineVertex
 10
1164.0
 20
34.0
 30
393.1
 70
32
  0
VERTEX
  5
4E3
330
17
100
AcDbEntity
  8
RBAR-T8-B2
100
AcDbVertex
100
AcDb3dPolylineVertex
 10
1539.7
 20
34.0
 30
393.1
 70
32
  0
VERTEX
  5
4E4
330
17
100
AcDbEntity
  8
RBAR-T8-B2
100
AcDbVertex
100
AcDb3dPolylineVertex
 10
1542.8
 20
34.3
 30
393.1
 70
32
  0
VERTEX
  5
4E5
330
17
100
AcDbEntity
  8
RBAR-T8-B2
100
AcDbVertex
100
AcDb3dPolylineVertex
 10
1545.8
 20
35.2
 30
393.1
 70
32
  0
VERTEX
  5
4E6
330
17
100
AcDbEntity
  8
RBAR-T8-B2
100
AcDbVertex
100
AcDb3dPolylineVertex
 10
1548.5
 20
36.7
 30
393.1
 70
32
  0
VERTEX
  5
4E7
330
17
100
AcDbEntity
  8
RBAR-T8-B2
100
AcDbVertex
100
AcDb3dPolylineVertex
 10
1550.9
 20
38.6
 30
393.1
 70
32
  0
VERTEX
  5
4E8
330
17
100
AcDbEntity
  8
RBAR-T8-B2
100
AcDbVertex
100
AcDb3dPolylineVertex
 10
1552.9
 20
41.0
 30
393.1
 70
32
  0
VERTEX
  5
4E9
330
17
100
AcDbEntity
  8
RBAR-T8-B2
100
AcDbVertex
100
AcDb3dPolylineVertex
 10
1554.3
 20
43.8
 30
393.1
 70
32
  0
VERTEX
  5
4EA
330
17
100
AcDbEntity
  8
RBAR-T8-B2
100
AcDbVertex
100
AcDb3dPolylineVertex
 10
1555.2
 20
46.7
 30
393.1
 70
32
  0
VERTEX
  5
4EB
330
17
100
AcDbEntity
  8
RBAR-T8-B2
100
AcDbVertex
100
AcDb3dPolylineVertex
 10
1555.5
 20
49.8
 30
393.1
 70
32
  0
VERTEX
  5
4EC
330
17
100
AcDbEntity
  8
RBAR-T8-B2
100
AcDbVertex
100
AcDb3dPolylineVertex
 10
1555.5
 20
148.7
 30
393.1
 70
32
  0
VERTEX
  5
4ED
330
17
100
AcDbEntity
  8
RBAR-T8-B2
100
AcDbVertex
100
AcDb3dPolylineVertex
 10
1555.2
 20
151.8
 30
393.1
 70
32
  0
VERTEX
  5
4EE
330
17
100
AcDbEntity
  8
RBAR-T8-B2
100
AcDbVertex
100
AcDb3dPolylineVertex
 10
1554.3
 20
154.8
 30
393.1
 70
32
  0
VERTEX
  5
4EF
330
17
100
AcDbEntity
  8
RBAR-T8-B2
100
AcDbVertex
100
AcDb3dPolylineVertex
 10
1552.9
 20
157.5
 30
393.1
 70
32
  0
VERTEX
  5
4F0
330
17
100
AcDbEntity
  8
RBAR-T8-B2
100
AcDbVertex
100
AcDb3dPolylineVertex
 10
1550.9
 20
159.9
 30
393.1
 70
32
  0
VERTEX
  5
4F1
330
17
100
AcDbEntity
  8
RBAR-T8-B2
100
AcDbVertex
100
AcDb3dPolylineVertex
 10
1548.5
 20
161.9
 30
393.1
 70
32
  0
VERTEX
  5
4F2
330
17
100
AcDbEntity
  8
RBAR-T8-B2
100
AcDbVertex
100
AcDb3dPolylineVertex
 10
1545.8
 20
163.3
 30
393.1
 70
32
  0
VERTEX
  5
4F3
330
17
100
AcDbEntity
  8
RBAR-T8-B2
100
AcDbVertex
100
AcDb3dPolylineVertex
 10
1542.8
 20
164.2
 30
393.1
 70
32
  0
VERTEX
  5
4F4
330
17
100
AcDbEntity
  8
RBAR-T8-B2
100
AcDbVertex
100
AcDb3dPolylineVertex
 10
1539.7
 20
164.5
 30
393.1
 70
32
  0
VERTEX
  5
4F5
330
17
100
AcDbEntity
  8
RBAR-T8-B2
100
AcDbVertex
100
AcDb3dPolylineVertex
 10
1164.0
 20
164.5
 30
393.1
 70
32
  0
SEQEND
  5
4E1
330
4E0
100
AcDbEntity
  8
RBAR-T8-B2
  0
POLYLINE
  5
4F6
330
17
100
AcDbEntity
  8
RBAR-T8-B2
100
AcDb3dPolyline
 66
1
 10
0.0
 20
0.0
 30
0.0
 70
8
  0
VERTEX
  5
4F8
330
17
100
AcDbEntity
  8
RBAR-T8-B2
100
AcDbVertex
100
AcDb3dPolylineVertex
 10
1164.0
 20
34.0
 30
1111.2
 70
32
  0
VERTEX
  5
4F9
330
17
100
AcDbEntity
  8
RBAR-T8-B2
100
AcDbVertex
100
AcDb3dPolylineVertex
 10
1539.7
 20
34.0
 30
1111.2
 70
32
  0
VERTEX
  5
4FA
330
17
100
AcDbEntity
  8
RBAR-T8-B2
100
AcDbVertex
100
AcDb3dPolylineVertex
 10
1542.8
 20
34.3
 30
1111.2
 70
32
  0
VERTEX
  5
4FB
330
17
100
AcDbEntity
  8
RBAR-T8-B2
100
AcDbVertex
100
AcDb3dPolylineVertex
 10
1545.8
 20
35.2
 30
1111.2
 70
32
  0
VERTEX
  5
4FC
330
17
100
AcDbEntity
  8
RBAR-T8-B2
100
AcDbVertex
100
AcDb3dPolylineVertex
 10
1548.5
 20
36.7
 30
1111.2
 70
32
  0
VERTEX
  5
4FD
330
17
100
AcDbEntity
  8
RBAR-T8-B2
100
AcDbVertex
100
AcDb3dPolylineVertex
 10
1550.9
 20
38.6
 30
1111.2
 70
32
  0
VERTEX
  5
4FE
330
17
100
AcDbEntity
  8
RBAR-T8-B2
100
AcDbVertex
100
AcDb3dPolylineVertex
 10
1552.9
 20
41.0
 30
1111.2
 70
32
  0
VERTEX
  5
4FF
330
17
100
AcDbEntity
  8
RBAR-T8-B2
100
AcDbVertex
100
AcDb3dPolylineVertex
 10
1554.3
 20
43.8
 30
1111.2
 70
32
  0
VERTEX
  5
500
330
17
100
AcDbEntity
  8
RBAR-T8-B2
100
AcDbVertex
100
AcDb3dPolylineVertex
 10
1555.2
 20
46.7
 30
1111.2
 70
32
  0
VERTEX
  5
501
330
17
100
AcDbEntity
  8
RBAR-T8-B2
100
AcDbVertex
100
AcDb3dPolylineVertex
 10
1555.5
 20
49.8
 30
1111.2
 70
32
  0
VERTEX
  5
502
330
17
100
AcDbEntity
  8
RBAR-T8-B2
100
AcDbVertex
100
AcDb3dPolylineVertex
 10
1555.5
 20
148.7
 30
1111.2
 70
32
  0
VERTEX
  5
503
330
17
100
AcDbEntity
  8
RBAR-T8-B2
100
AcDbVertex
100
AcDb3dPolylineVertex
 10
1555.2
 20
151.8
 30
1111.2
 70
32
  0
VERTEX
  5
504
330
17
100
AcDbEntity
  8
RBAR-T8-B2
100
AcDbVertex
100
AcDb3dPolylineVertex
 10
1554.3
 20
154.8
 30
1111.2
 70
32
  0
VERTEX
  5
505
330
17
100
AcDbEntity
  8
RBAR-T8-B2
100
AcDbVertex
100
AcDb3dPolylineVertex
 10
1552.9
 20
157.5
 30
1111.2
 70
32
  0
VERTEX
  5
506
330
17
100
AcDbEntity
  8
RBAR-T8-B2
100
AcDbVertex
100
AcDb3dPolylineVertex
 10
1550.9
 20
159.9
 30
1111.2
 70
32
  0
VERTEX
  5
507
330
17
100
AcDbEntity
  8
RBAR-T8-B2
100
AcDbVertex
100
AcDb3dPolylineVertex
 10
1548.5
 20
161.9
 30
1111.2
 70
32
  0
VERTEX
  5
508
330
17
100
AcDbEntity
  8
RBAR-T8-B2
100
AcDbVertex
100
AcDb3dPolylineVertex
 10
1545.8
 20
163.3
 30
1111.2
 70
32
  0
VERTEX
  5
509
330
17
100
AcDbEntity
  8
RBAR-T8-B2
100
AcDbVertex
100
AcDb3dPolylineVertex
 10
1542.8
 20
164.2
 30
1111.2
 70
32
  0
VERTEX
  5
50A
330
17
100
AcDbEntity
  8
RBAR-T8-B2
100
AcDbVertex
100
AcDb3dPolylineVertex
 10
1539.7
 20
164.5
 30
1111.2
 70
32
  0
VERTEX
  5
50B
330
17
100
AcDbEntity
  8
RBAR-T8-B2
100
AcDbVertex
100
AcDb3dPolylineVertex
 10
1164.0
 20
164.5
 30
1111.2
 70
32
  0
SEQEND
  5
4F7
330
4F6
100
AcDbEntity
  8
RBAR-T8-B2
  0
POLYLINE
  5
50C
330
17
100
AcDbEntity
  8
RBAR-T8-B2
100
AcDb3dPolyline
 66
1
 10
0.0
 20
0.0
 30
0.0
 70
8
  0
VERTEX
  5
50E
330
17
100
AcDbEntity
  8
RBAR-T8-B2
100
AcDbVertex
100
AcDb3dPolylineVertex
 10
1164.0
 20
34.0
 30
1829.4
 70
32
  0
VERTEX
  5
50F
330
17
100
AcDbEntity
  8
RBAR-T8-B2
100
AcDbVertex
100
AcDb3dPolylineVertex
 10
1539.7
 20
34.0
 30
1829.4
 70
32
  0
VERTEX
  5
510
330
17
100
AcDbEntity
  8
RBAR-T8-B2
100
AcDbVertex
100
AcDb3dPolylineVertex
 10
1542.8
 20
34.3
 30
1829.4
 70
32
  0
VERTEX
  5
511
330
17
100
AcDbEntity
  8
RBAR-T8-B2
100
AcDbVertex
100
AcDb3dPolylineVertex
 10
1545.8
 20
35.2
 30
1829.4
 70
32
  0
VERTEX
  5
512
330
17
100
AcDbEntity
  8
RBAR-T8-B2
100
AcDbVertex
100
AcDb3dPolylineVertex
 10
1548.5
 20
36.7
 30
1829.4
 70
32
  0
VERTEX
  5
513
330
17
100
AcDbEntity
  8
RBAR-T8-B2
100
AcDbVertex
100
AcDb3dPolylineVertex
 10
1550.9
 20
38.6
 30
1829.4
 70
32
  0
VERTEX
  5
514
330
17
100
AcDbEntity
  8
RBAR-T8-B2
100
AcDbVertex
100
AcDb3dPolylineVertex
 10
1552.9
 20
41.0
 30
1829.4
 70
32
  0
VERTEX
  5
515
330
17
100
AcDbEntity
  8
RBAR-T8-B2
100
AcDbVertex
100
AcDb3dPolylineVertex
 10
1554.3
 20
43.8
 30
1829.4
 70
32
  0
VERTEX
  5
516
330
17
100
AcDbEntity
  8
RBAR-T8-B2
100
AcDbVertex
100
AcDb3dPolylineVertex
 10
1555.2
 20
46.7
 30
1829.4
 70
32
  0
VERTEX
  5
517
330
17
100
AcDbEntity
  8
RBAR-T8-B2
100
AcDbVertex
100
AcDb3dPolylineVertex
 10
1555.5
 20
49.8
 30
1829.4
 70
32
  0
VERTEX
  5
518
330
17
100
AcDbEntity
  8
RBAR-T8-B2
100
AcDbVertex
100
AcDb3dPolylineVertex
 10
1555.5
 20
148.7
 30
1829.4
 70
32
  0
VERTEX
  5
519
330
17
100
AcDbEntity
  8
RBAR-T8-B2
100
AcDbVertex
100
AcDb3dPolylineVertex
 10
1555.2
 20
151.8
 30
1829.4
 70
32
  0
VERTEX
  5
51A
330
17
100
AcDbEntity
  8
RBAR-T8-B2
100
AcDbVertex
100
AcDb3dPolylineVertex
 10
1554.3
 20
154.8
 30
1829.4
 70
32
  0
VERTEX
  5
51B
330
17
100
AcDbEntity
  8
RBAR-T8-B2
100
AcDbVertex
100
AcDb3dPolylineVertex
 10
1552.9
 20
157.5
 30
1829.4
 70
32
  0
VERTEX
  5
51C
330
17
100
AcDbEntity
  8
RBAR-T8-B2
100
AcDbVertex
100
AcDb3dPolylineVertex
 10
1550.9
 20
159.9
 30
1829.4
 70
32
  0
VERTEX
  5
51D
330
17
100
AcDbEntity
  8
RBAR-T8-B2
100
AcDbVertex
100
AcDb3dPolylineVertex
 10
1548.5
 20
161.9
 30
1829.4
 70
32
  0
VERTEX
  5
51E
330
17
100
AcDbEntity
  8
RBAR-T8-B2
100
AcDbVertex
100
AcDb3dPolylineVertex
 10
1545.8
 20
163.3
 30
1829.4
 70
32
  0
VERTEX
  5
51F
330
17
100
AcDbEntity
  8
RBAR-T8-B2
100
AcDbVertex
100
AcDb3dPolylineVertex
 10
1542.8
 20
164.2
 30
1829.4
 70
32
  0
VERTEX
  5
520
330
17
100
AcDbEntity
  8
RBAR-T8-B2
100
AcDbVertex
100
AcDb3dPolylineVertex
 10
1539.7
 20
164.5
 30
1829.4
 70
32
  0
VERTEX
  5
521
330
17
100
AcDbEntity
  8
RBAR-T8-B2
100
AcDbVertex
100
AcDb3dPolylineVertex
 10
1164.0
 20
164.5
 30
1829.4
 70
32
  0
SEQEND
  5
50D
330
50C
100
AcDbEntity
  8
RBAR-T8-B2
  0
POLYLINE
  5
522
330
17
100
AcDbEntity
  8
RBAR-T8-B2
100
AcDb3dPolyline
 66
1
 10
0.0
 20
0.0
 30
0.0
 70
8
  0
VERTEX
  5
524
330
17
100
AcDbEntity
  8
RBAR-T8-B2
100
AcDbVertex
100
AcDb3dPolylineVertex
 10
1164.0
 20
34.0
 30
2547.5
 70
32
  0
VERTEX
  5
525
330
17
100
AcDbEntity
  8
RBAR-T8-B2
100
AcDbVertex
100
AcDb3dPolylineVertex
 10
1539.7
 20
34.0
 30
2547.5
 70
32
  0
VERTEX
  5
526
330
17
100
AcDbEntity
  8
RBAR-T8-B2
100
AcDbVertex
100
AcDb3dPolylineVertex
 10
1542.8
 20
34.3
 30
2547.5
 70
32
  0
VERTEX
  5
527
330
17
100
AcDbEntity
  8
RBAR-T8-B2
100
AcDbVertex
100
AcDb3dPolylineVertex
 10
1545.8
 20
35.2
 30
2547.5
 70
32
  0
VERTEX
  5
528
330
17
100
AcDbEntity
  8
RBAR-T8-B2
100
AcDbVertex
100
AcDb3dPolylineVertex
 10
1548.5
 20
36.7
 30
2547.5
 70
32
  0
VERTEX
  5
529
330
17
100
AcDbEntity
  8
RBAR-T8-B2
100
AcDbVertex
100
AcDb3dPolylineVertex
 10
1550.9
 20
38.6
 30
2547.5
 70
32
  0
VERTEX
  5
52A
330
17
100
AcDbEntity
  8
RBAR-T8-B2
100
AcDbVertex
100
AcDb3dPolylineVertex
 10
1552.9
 20
41.0
 30
2547.5
 70
32
  0
VERTEX
  5
52B
330
17
100
AcDbEntity
  8
RBAR-T8-B2
100
AcDbVertex
100
AcDb3dPolylineVertex
 10
1554.3
 20
43.8
 30
2547.5
 70
32
  0
VERTEX
  5
52C
330
17
100
AcDbEntity
  8
RBAR-T8-B2
100
AcDbVertex
100
AcDb3dPolylineVertex
 10
1555.2
 20
46.7
 30
2547.5
 70
32
  0
VERTEX
  5
52D
330
17
100
AcDbEntity
  8
RBAR-T8-B2
100
AcDbVertex
100
AcDb3dPolylineVertex
 10
1555.5
 20
49.8
 30
2547.5
 70
32
  0
VERTEX
  5
52E
330
17
100
AcDbEntity
  8
RBAR-T8-B2
100
AcDbVertex
100
AcDb3dPolylineVertex
 10
1555.5
 20
148.7
 30
2547.5
 70
32
  0
VERTEX
  5
52F
330
17
100
AcDbEntity
  8
RBAR-T8-B2
100
AcDbVertex
100
AcDb3dPolylineVertex
 10
1555.2
 20
151.8
 30
2547.5
 70
32
  0
VERTEX
  5
530
330
17
100
AcDbEntity
  8
RBAR-T8-B2
100
AcDbVertex
100
AcDb3dPolylineVertex
 10
1554.3
 20
154.8
 30
2547.5
 70
32
  0
VERTEX
  5
531
330
17
100
AcDbEntity
  8
RBAR-T8-B2
100
AcDbVertex
100
AcDb3dPolylineVertex
 10
1552.9
 20
157.5
 30
2547.5
 70
32
  0
VERTEX
  5
532
330
17
100
AcDbEntity
  8
RBAR-T8-B2
100
AcDbVertex
100
AcDb3dPolylineVertex
 10
1550.9
 20
159.9
 30
2547.5
 70
32
  0
VERTEX
  5
533
330
17
100
AcDbEntity
  8
RBAR-T8-B2
100
AcDbVertex
100
AcDb3dPolylineVertex
 10
1548.5
 20
161.9
 30
2547.5
 70
32
  0
VERTEX
  5
534
330
17
100
AcDbEntity
  8
RBAR-T8-B2
100
AcDbVertex
100
AcDb3dPolylineVertex
 10
1545.8
 20
163.3
 30
2547.5
 70
32
  0
VERTEX
  5
535
330
17
100
AcDbEntity
  8
RBAR-T8-B2
100
AcDbVertex
100
AcDb3dPolylineVertex
 10
1542.8
 20
164.2
 30
2547.5
 70
32
  0
VERTEX
  5
536
330
17
100
AcDbEntity
  8
RBAR-T8-B2
100
AcDbVertex
100
AcDb3dPolylineVertex
 10
1539.7
 20
164.5
 30
2547.5
 70
32
  0
VERTEX
  5
537
330
17
100
AcDbEntity
  8
RBAR-T8-B2
100
AcDbVertex
100
AcDb3dPolylineVertex
 10
1164.0
 20
164.5
 30
2547.5
 70
32
  0
SEQEND
  5
523
330
522
100
AcDbEntity
  8
RBAR-T8-B2
  0
POLYLINE
  5
538
330
17
100
AcDbEntity
  8
RBAR-T8-B2
100
AcDb3dPolyline
 66
1
 10
0.0
 20
0.0
 30
0.0
 70
8
  0
VERTEX
  5
53A
330
17
100
AcDbEntity
  8
RBAR-T8-B2
100
AcDbVertex
100
AcDb3dPolylineVertex
 10
1164.0
 20
34.0
 30
3265.6
 70
32
  0
VERTEX
  5
53B
330
17
100
AcDbEntity
  8
RBAR-T8-B2
100
AcDbVertex
100
AcDb3dPolylineVertex
 10
1539.7
 20
34.0
 30
3265.6
 70
32
  0
VERTEX
  5
53C
330
17
100
AcDbEntity
  8
RBAR-T8-B2
100
AcDbVertex
100
AcDb3dPolylineVertex
 10
1542.8
 20
34.3
 30
3265.6
 70
32
  0
VERTEX
  5
53D
330
17
100
AcDbEntity
  8
RBAR-T8-B2
100
AcDbVertex
100
AcDb3dPolylineVertex
 10
1545.8
 20
35.2
 30
3265.6
 70
32
  0
VERTEX
  5
53E
330
17
100
AcDbEntity
  8
RBAR-T8-B2
100
AcDbVertex
100
AcDb3dPolylineVertex
 10
1548.5
 20
36.7
 30
3265.6
 70
32
  0
VERTEX
  5
53F
330
17
100
AcDbEntity
  8
RBAR-T8-B2
100
AcDbVertex
100
AcDb3dPolylineVertex
 10
1550.9
 20
38.6
 30
3265.6
 70
32
  0
VERTEX
  5
540
330
17
100
AcDbEntity
  8
RBAR-T8-B2
100
AcDbVertex
100
AcDb3dPolylineVertex
 10
1552.9
 20
41.0
 30
3265.6
 70
32
  0
VERTEX
  5
541
330
17
100
AcDbEntity
  8
RBAR-T8-B2
100
AcDbVertex
100
AcDb3dPolylineVertex
 10
1554.3
 20
43.8
 30
3265.6
 70
32
  0
VERTEX
  5
542
330
17
100
AcDbEntity
  8
RBAR-T8-B2
100
AcDbVertex
100
AcDb3dPolylineVertex
 10
1555.2
 20
46.7
 30
3265.6
 70
32
  0
VERTEX
  5
543
330
17
100
AcDbEntity
  8
RBAR-T8-B2
100
AcDbVertex
100
AcDb3dPolylineVertex
 10
1555.5
 20
49.8
 30
3265.6
 70
32
  0
VERTEX
  5
544
330
17
100
AcDbEntity
  8
RBAR-T8-B2
100
AcDbVertex
100
AcDb3dPolylineVertex
 10
1555.5
 20
148.7
 30
3265.6
 70
32
  0
VERTEX
  5
545
330
17
100
AcDbEntity
  8
RBAR-T8-B2
100
AcDbVertex
100
AcDb3dPolylineVertex
 10
1555.2
 20
151.8
 30
3265.6
 70
32
  0
VERTEX
  5
546
330
17
100
AcDbEntity
  8
RBAR-T8-B2
100
AcDbVertex
100
AcDb3dPolylineVertex
 10
1554.3
 20
154.8
 30
3265.6
 70
32
  0
VERTEX
  5
547
330
17
100
AcDbEntity
  8
RBAR-T8-B2
100
AcDbVertex
100
AcDb3dPolylineVertex
 10
1552.9
 20
157.5
 30
3265.6
 70
32
  0
VERTEX
  5
548
330
17
100
AcDbEntity
  8
RBAR-T8-B2
100
AcDbVertex
100
AcDb3dPolylineVertex
 10
1550.9
 20
159.9
 30
3265.6
 70
32
  0
VERTEX
  5
549
330
17
100
AcDbEntity
  8
RBAR-T8-B2
100
AcDbVertex
100
AcDb3dPolylineVertex
 10
1548.5
 20
161.9
 30
3265.6
 70
32
  0
VERTEX
  5
54A
330
17
100
AcDbEntity
  8
RBAR-T8-B2
100
AcDbVertex
100
AcDb3dPolylineVertex
 10
1545.8
 20
163.3
 30
3265.6
 70
32
  0
VERTEX
  5
54B
330
17
100
AcDbEntity
  8
RBAR-T8-B2
100
AcDbVertex
100
AcDb3dPolylineVertex
 10
1542.8
 20
164.2
 30
3265.6
 70
32
  0
VERTEX
  5
54C
330
17
100
AcDbEntity
  8
RBAR-T8-B2
100
AcDbVertex
100
AcDb3dPolylineVertex
 10
1539.7
 20
164.5
 30
3265.6
 70
32
  0
VERTEX
  5
54D
330
17
100
AcDbEntity
  8
RBAR-T8-B2
100
AcDbVertex
100
AcDb3dPolylineVertex
 10
1164.0
 20
164.5
 30
3265.6
 70
32
  0
SEQEND
  5
539
330
538
100
AcDbEntity
  8
RBAR-T8-B2
  0
POLYLINE
  5
54E
330
17
100
AcDbEntity
  8
RBAR-T8-B2
100
AcDb3dPolyline
 66
1
 10
0.0
 20
0.0
 30
0.0
 70
8
  0
VERTEX
  5
550
330
17
100
AcDbEntity
  8
RBAR-T8-B2
100
AcDbVertex
100
AcDb3dPolylineVertex
 10
1164.0
 20
34.0
 30
3983.8
 70
32
  0
VERTEX
  5
551
330
17
100
AcDbEntity
  8
RBAR-T8-B2
100
AcDbVertex
100
AcDb3dPolylineVertex
 10
1539.7
 20
34.0
 30
3983.8
 70
32
  0
VERTEX
  5
552
330
17
100
AcDbEntity
  8
RBAR-T8-B2
100
AcDbVertex
100
AcDb3dPolylineVertex
 10
1542.8
 20
34.3
 30
3983.8
 70
32
  0
VERTEX
  5
553
330
17
100
AcDbEntity
  8
RBAR-T8-B2
100
AcDbVertex
100
AcDb3dPolylineVertex
 10
1545.8
 20
35.2
 30
3983.8
 70
32
  0
VERTEX
  5
554
330
17
100
AcDbEntity
  8
RBAR-T8-B2
100
AcDbVertex
100
AcDb3dPolylineVertex
 10
1548.5
 20
36.7
 30
3983.8
 70
32
  0
VERTEX
  5
555
330
17
100
AcDbEntity
  8
RBAR-T8-B2
100
AcDbVertex
100
AcDb3dPolylineVertex
 10
1550.9
 20
38.6
 30
3983.8
 70
32
  0
VERTEX
  5
556
330
17
100
AcDbEntity
  8
RBAR-T8-B2
100
AcDbVertex
100
AcDb3dPolylineVertex
 10
1552.9
 20
41.0
 30
3983.8
 70
32
  0
VERTEX
  5
557
330
17
100
AcDbEntity
  8
RBAR-T8-B2
100
AcDbVertex
100
AcDb3dPolylineVertex
 10
1554.3
 20
43.8
 30
3983.8
 70
32
  0
VERTEX
  5
558
330
17
100
AcDbEntity
  8
RBAR-T8-B2
100
AcDbVertex
100
AcDb3dPolylineVertex
 10
1555.2
 20
46.7
 30
3983.8
 70
32
  0
VERTEX
  5
559
330
17
100
AcDbEntity
  8
RBAR-T8-B2
100
AcDbVertex
100
AcDb3dPolylineVertex
 10
1555.5
 20
49.8
 30
3983.8
 70
32
  0
VERTEX
  5
55A
330
17
100
AcDbEntity
  8
RBAR-T8-B2
100
AcDbVertex
100
AcDb3dPolylineVertex
 10
1555.5
 20
148.7
 30
3983.8
 70
32
  0
VERTEX
  5
55B
330
17
100
AcDbEntity
  8
RBAR-T8-B2
100
AcDbVertex
100
AcDb3dPolylineVertex
 10
1555.2
 20
151.8
 30
3983.8
 70
32
  0
VERTEX
  5
55C
330
17
100
AcDbEntity
  8
RBAR-T8-B2
100
AcDbVertex
100
AcDb3dPolylineVertex
 10
1554.3
 20
154.8
 30
3983.8
 70
32
  0
VERTEX
  5
55D
330
17
100
AcDbEntity
  8
RBAR-T8-B2
100
AcDbVertex
100
AcDb3dPolylineVertex
 10
1552.9
 20
157.5
 30
3983.8
 70
32
  0
VERTEX
  5
55E
330
17
100
AcDbEntity
  8
RBAR-T8-B2
100
AcDbVertex
100
AcDb3dPolylineVertex
 10
1550.9
 20
159.9
 30
3983.8
 70
32
  0
VERTEX
  5
55F
330
17
100
AcDbEntity
  8
RBAR-T8-B2
100
AcDbVertex
100
AcDb3dPolylineVertex
 10
1548.5
 20
161.9
 30
3983.8
 70
32
  0
VERTEX
  5
560
330
17
100
AcDbEntity
  8
RBAR-T8-B2
100
AcDbVertex
100
AcDb3dPolylineVertex
 10
1545.8
 20
163.3
 30
3983.8
 70
32
  0
VERTEX
  5
561
330
17
100
AcDbEntity
  8
RBAR-T8-B2
100
AcDbVertex
100
AcDb3dPolylineVertex
 10
1542.8
 20
164.2
 30
3983.8
 70
32
  0
VERTEX
  5
562
330
17
100
AcDbEntity
  8
RBAR-T8-B2
100
AcDbVertex
100
AcDb3dPolylineVertex
 10
1539.7
 20
164.5
 30
3983.8
 70
32
  0
VERTEX
  5
563
330
17
100
AcDbEntity
  8
RBAR-T8-B2
100
AcDbVertex
100
AcDb3dPolylineVertex
 10
1164.0
 20
164.5
 30
3983.8
 70
32
  0
SEQEND
  5
54F
330
54E
100
AcDbEntity
  8
RBAR-T8-B2
  0
POLYLINE
  5
564
330
17
100
AcDbEntity
  8
RBAR-T8-B2
100
AcDb3dPolyline
 66
1
 10
0.0
 20
0.0
 30
0.0
 70
8
  0
VERTEX
  5
566
330
17
100
AcDbEntity
  8
RBAR-T8-B2
100
AcDbVertex
100
AcDb3dPolylineVertex
 10
1164.0
 20
34.0
 30
4701.9
 70
32
  0
VERTEX
  5
567
330
17
100
AcDbEntity
  8
RBAR-T8-B2
100
AcDbVertex
100
AcDb3dPolylineVertex
 10
1539.7
 20
34.0
 30
4701.9
 70
32
  0
VERTEX
  5
568
330
17
100
AcDbEntity
  8
RBAR-T8-B2
100
AcDbVertex
100
AcDb3dPolylineVertex
 10
1542.8
 20
34.3
 30
4701.9
 70
32
  0
VERTEX
  5
569
330
17
100
AcDbEntity
  8
RBAR-T8-B2
100
AcDbVertex
100
AcDb3dPolylineVertex
 10
1545.8
 20
35.2
 30
4701.9
 70
32
  0
VERTEX
  5
56A
330
17
100
AcDbEntity
  8
RBAR-T8-B2
100
AcDbVertex
100
AcDb3dPolylineVertex
 10
1548.5
 20
36.7
 30
4701.9
 70
32
  0
VERTEX
  5
56B
330
17
100
AcDbEntity
  8
RBAR-T8-B2
100
AcDbVertex
100
AcDb3dPolylineVertex
 10
1550.9
 20
38.6
 30
4701.9
 70
32
  0
VERTEX
  5
56C
330
17
100
AcDbEntity
  8
RBAR-T8-B2
100
AcDbVertex
100
AcDb3dPolylineVertex
 10
1552.9
 20
41.0
 30
4701.9
 70
32
  0
VERTEX
  5
56D
330
17
100
AcDbEntity
  8
RBAR-T8-B2
100
AcDbVertex
100
AcDb3dPolylineVertex
 10
1554.3
 20
43.8
 30
4701.9
 70
32
  0
VERTEX
  5
56E
330
17
100
AcDbEntity
  8
RBAR-T8-B2
100
AcDbVertex
100
AcDb3dPolylineVertex
 10
1555.2
 20
46.7
 30
4701.9
 70
32
  0
VERTEX
  5
56F
330
17
100
AcDbEntity
  8
RBAR-T8-B2
100
AcDbVertex
100
AcDb3dPolylineVertex
 10
1555.5
 20
49.8
 30
4701.9
 70
32
  0
VERTEX
  5
570
330
17
100
AcDbEntity
  8
RBAR-T8-B2
100
AcDbVertex
100
AcDb3dPolylineVertex
 10
1555.5
 20
148.7
 30
4701.9
 70
32
  0
VERTEX
  5
571
330
17
100
AcDbEntity
  8
RBAR-T8-B2
100
AcDbVertex
100
AcDb3dPolylineVertex
 10
1555.2
 20
151.8
 30
4701.9
 70
32
  0
VERTEX
  5
572
330
17
100
AcDbEntity
  8
RBAR-T8-B2
100
AcDbVertex
100
AcDb3dPolylineVertex
 10
1554.3
 20
154.8
 30
4701.9
 70
32
  0
VERTEX
  5
573
330
17
100
AcDbEntity
  8
RBAR-T8-B2
100
AcDbVertex
100
AcDb3dPolylineVertex
 10
1552.9
 20
157.5
 30
4701.9
 70
32
  0
VERTEX
  5
574
330
17
100
AcDbEntity
  8
RBAR-T8-B2
100
AcDbVertex
100
AcDb3dPolylineVertex
 10
1550.9
 20
159.9
 30
4701.9
 70
32
  0
VERTEX
  5
575
330
17
100
AcDbEntity
  8
RBAR-T8-B2
100
AcDbVertex
100
AcDb3dPolylineVertex
 10
1548.5
 20
161.9
 30
4701.9
 70
32
  0
VERTEX
  5
576
330
17
100
AcDbEntity
  8
RBAR-T8-B2
100
AcDbVertex
100
AcDb3dPolylineVertex
 10
1545.8
 20
163.3
 30
4701.9
 70
32
  0
VERTEX
  5
577
330
17
100
AcDbEntity
  8
RBAR-T8-B2
100
AcDbVertex
100
AcDb3dPolylineVertex
 10
1542.8
 20
164.2
 30
4701.9
 70
32
  0
VERTEX
  5
578
330
17
100
AcDbEntity
  8
RBAR-T8-B2
100
AcDbVertex
100
AcDb3dPolylineVertex
 10
1539.7
 20
164.5
 30
4701.9
 70
32
  0
VERTEX
  5
579
330
17
100
AcDbEntity
  8
RBAR-T8-B2
100
AcDbVertex
100
AcDb3dPolylineVertex
 10
1164.0
 20
164.5
 30
4701.9
 70
32
  0
SEQEND
  5
565
330
564
100
AcDbEntity
  8
RBAR-T8-B2
  0
POLYLINE
  5
57A
330
17
100
AcDbEntity
  8
RBAR-T8-B2
100
AcDb3dPolyline
 66
1
 10
0.0
 20
0.0
 30
0.0
 70
8
  0
VERTEX
  5
57C
330
17
100
AcDbEntity
  8
RBAR-T8-B2
100
AcDbVertex
100
AcDb3dPolylineVertex
 10
599.0
 20
34.0
 30
393.1
 70
32
  0
VERTEX
  5
57D
330
17
100
AcDbEntity
  8
RBAR-T8-B2
100
AcDbVertex
100
AcDb3dPolylineVertex
 10
974.7
 20
34.0
 30
393.1
 70
32
  0
VERTEX
  5
57E
330
17
100
AcDbEntity
  8
RBAR-T8-B2
100
AcDbVertex
100
AcDb3dPolylineVertex
 10
977.8
 20
34.3
 30
393.1
 70
32
  0
VERTEX
  5
57F
330
17
100
AcDbEntity
  8
RBAR-T8-B2
100
AcDbVertex
100
AcDb3dPolylineVertex
 10
980.8
 20
35.2
 30
393.1
 70
32
  0
VERTEX
  5
580
330
17
100
AcDbEntity
  8
RBAR-T8-B2
100
AcDbVertex
100
AcDb3dPolylineVertex
 10
983.5
 20
36.7
 30
393.1
 70
32
  0
VERTEX
  5
581
330
17
100
AcDbEntity
  8
RBAR-T8-B2
100
AcDbVertex
100
AcDb3dPolylineVertex
 10
985.9
 20
38.6
 30
393.1
 70
32
  0
VERTEX
  5
582
330
17
100
AcDbEntity
  8
RBAR-T8-B2
100
AcDbVertex
100
AcDb3dPolylineVertex
 10
987.9
 20
41.0
 30
393.1
 70
32
  0
VERTEX
  5
583
330
17
100
AcDbEntity
  8
RBAR-T8-B2
100
AcDbVertex
100
AcDb3dPolylineVertex
 10
989.3
 20
43.8
 30
393.1
 70
32
  0
VERTEX
  5
584
330
17
100
AcDbEntity
  8
RBAR-T8-B2
100
AcDbVertex
100
AcDb3dPolylineVertex
 10
990.2
 20
46.7
 30
393.1
 70
32
  0
VERTEX
  5
585
330
17
100
AcDbEntity
  8
RBAR-T8-B2
100
AcDbVertex
100
AcDb3dPolylineVertex
 10
990.5
 20
49.8
 30
393.1
 70
32
  0
VERTEX
  5
586
330
17
100
AcDbEntity
  8
RBAR-T8-B2
100
AcDbVertex
100
AcDb3dPolylineVertex
 10
990.5
 20
148.7
 30
393.1
 70
32
  0
VERTEX
  5
587
330
17
100
AcDbEntity
  8
RBAR-T8-B2
100
AcDbVertex
100
AcDb3dPolylineVertex
 10
990.2
 20
151.8
 30
393.1
 70
32
  0
VERTEX
  5
588
330
17
100
AcDbEntity
  8
RBAR-T8-B2
100
AcDbVertex
100
AcDb3dPolylineVertex
 10
989.3
 20
154.8
 30
393.1
 70
32
  0
VERTEX
  5
589
330
17
100
AcDbEntity
  8
RBAR-T8-B2
100
AcDbVertex
100
AcDb3dPolylineVertex
 10
987.9
 20
157.5
 30
393.1
 70
32
  0
VERTEX
  5
58A
330
17
100
AcDbEntity
  8
RBAR-T8-B2
100
AcDbVertex
100
AcDb3dPolylineVertex
 10
985.9
 20
159.9
 30
393.1
 70
32
  0
VERTEX
  5
58B
330
17
100
AcDbEntity
  8
RBAR-T8-B2
100
AcDbVertex
100
AcDb3dPolylineVertex
 10
983.5
 20
161.9
 30
393.1
 70
32
  0
VERTEX
  5
58C
330
17
100
AcDbEntity
  8
RBAR-T8-B2
100
AcDbVertex
100
AcDb3dPolylineVertex
 10
980.8
 20
163.3
 30
393.1
 70
32
  0
VERTEX
  5
58D
330
17
100
AcDbEntity
  8
RBAR-T8-B2
100
AcDbVertex
100
AcDb3dPolylineVertex
 10
977.8
 20
164.2
 30
393.1
 70
32
  0
VERTEX
  5
58E
330
17
100
AcDbEntity
  8
RBAR-T8-B2
100
AcDbVertex
100
AcDb3dPolylineVertex
 10
974.7
 20
164.5
 30
393.1
 70
32
  0
VERTEX
  5
58F
330
17
100
AcDbEntity
  8
RBAR-T8-B2
100
AcDbVertex
100
AcDb3dPolylineVertex
 10
599.0
 20
164.5
 30
393.1
 70
32
  0
SEQEND
  5
57B
330
57A
100
AcDbEntity
  8
RBAR-T8-B2
  0
POLYLINE
  5
590
330
17
100
AcDbEntity
  8
RBAR-T8-B2
100
AcDb3dPolyline
 66
1
 10
0.0
 20
0.0
 30
0.0
 70
8
  0
VERTEX
  5
592
330
17
100
AcDbEntity
  8
RBAR-T8-B2
100
AcDbVertex
100
AcDb3dPolylineVertex
 10
599.0
 20
34.0
 30
1111.2
 70
32
  0
VERTEX
  5
593
330
17
100
AcDbEntity
  8
RBAR-T8-B2
100
AcDbVertex
100
AcDb3dPolylineVertex
 10
974.7
 20
34.0
 30
1111.2
 70
32
  0
VERTEX
  5
594
330
17
100
AcDbEntity
  8
RBAR-T8-B2
100
AcDbVertex
100
AcDb3dPolylineVertex
 10
977.8
 20
34.3
 30
1111.2
 70
32
  0
VERTEX
  5
595
330
17
100
AcDbEntity
  8
RBAR-T8-B2
100
AcDbVertex
100
AcDb3dPolylineVertex
 10
980.8
 20
35.2
 30
1111.2
 70
32
  0
VERTEX
  5
596
330
17
100
AcDbEntity
  8
RBAR-T8-B2
100
AcDbVertex
100
AcDb3dPolylineVertex
 10
983.5
 20
36.7
 30
1111.2
 70
32
  0
VERTEX
  5
597
330
17
100
AcDbEntity
  8
RBAR-T8-B2
100
AcDbVertex
100
AcDb3dPolylineVertex
 10
985.9
 20
38.6
 30
1111.2
 70
32
  0
VERTEX
  5
598
330
17
100
AcDbEntity
  8
RBAR-T8-B2
100
AcDbVertex
100
AcDb3dPolylineVertex
 10
987.9
 20
41.0
 30
1111.2
 70
32
  0
VERTEX
  5
599
330
17
100
AcDbEntity
  8
RBAR-T8-B2
100
AcDbVertex
100
AcDb3dPolylineVertex
 10
989.3
 20
43.8
 30
1111.2
 70
32
  0
VERTEX
  5
59A
330
17
100
AcDbEntity
  8
RBAR-T8-B2
100
AcDbVertex
100
AcDb3dPolylineVertex
 10
990.2
 20
46.7
 30
1111.2
 70
32
  0
VERTEX
  5
59B
330
17
100
AcDbEntity
  8
RBAR-T8-B2
100
AcDbVertex
100
AcDb3dPolylineVertex
 10
990.5
 20
49.8
 30
1111.2
 70
32
  0
VERTEX
  5
59C
330
17
100
AcDbEntity
  8
RBAR-T8-B2
100
AcDbVertex
100
AcDb3dPolylineVertex
 10
990.5
 20
148.7
 30
1111.2
 70
32
  0
VERTEX
  5
59D
330
17
100
AcDbEntity
  8
RBAR-T8-B2
100
AcDbVertex
100
AcDb3dPolylineVertex
 10
990.2
 20
151.8
 30
1111.2
 70
32
  0
VERTEX
  5
59E
330
17
100
AcDbEntity
  8
RBAR-T8-B2
100
AcDbVertex
100
AcDb3dPolylineVertex
 10
989.3
 20
154.8
 30
1111.2
 70
32
  0
VERTEX
  5
59F
330
17
100
AcDbEntity
  8
RBAR-T8-B2
100
AcDbVertex
100
AcDb3dPolylineVertex
 10
987.9
 20
157.5
 30
1111.2
 70
32
  0
VERTEX
  5
5A0
330
17
100
AcDbEntity
  8
RBAR-T8-B2
100
AcDbVertex
100
AcDb3dPolylineVertex
 10
985.9
 20
159.9
 30
1111.2
 70
32
  0
VERTEX
  5
5A1
330
17
100
AcDbEntity
  8
RBAR-T8-B2
100
AcDbVertex
100
AcDb3dPolylineVertex
 10
983.5
 20
161.9
 30
1111.2
 70
32
  0
VERTEX
  5
5A2
330
17
100
AcDbEntity
  8
RBAR-T8-B2
100
AcDbVertex
100
AcDb3dPolylineVertex
 10
980.8
 20
163.3
 30
1111.2
 70
32
  0
VERTEX
  5
5A3
330
17
100
AcDbEntity
  8
RBAR-T8-B2
100
AcDbVertex
100
AcDb3dPolylineVertex
 10
977.8
 20
164.2
 30
1111.2
 70
32
  0
VERTEX
  5
5A4
330
17
100
AcDbEntity
  8
RBAR-T8-B2
100
AcDbVertex
100
AcDb3dPolylineVertex
 10
974.7
 20
164.5
 30
1111.2
 70
32
  0
VERTEX
  5
5A5
330
17
100
AcDbEntity
  8
RBAR-T8-B2
100
AcDbVertex
100
AcDb3dPolylineVertex
 10
599.0
 20
164.5
 30
1111.2
 70
32
  0
SEQEND
  5
591
330
590
100
AcDbEntity
  8
RBAR-T8-B2
  0
POLYLINE
  5
5A6
330
17
100
AcDbEntity
  8
RBAR-T8-B2
100
AcDb3dPolyline
 66
1
 10
0.0
 20
0.0
 30
0.0
 70
8
  0
VERTEX
  5
5A8
330
17
100
AcDbEntity
  8
RBAR-T8-B2
100
AcDbVertex
100
AcDb3dPolylineVertex
 10
599.0
 20
34.0
 30
1829.4
 70
32
  0
VERTEX
  5
5A9
330
17
100
AcDbEntity
  8
RBAR-T8-B2
100
AcDbVertex
100
AcDb3dPolylineVertex
 10
974.7
 20
34.0
 30
1829.4
 70
32
  0
VERTEX
  5
5AA
330
17
100
AcDbEntity
  8
RBAR-T8-B2
100
AcDbVertex
100
AcDb3dPolylineVertex
 10
977.8
 20
34.3
 30
1829.4
 70
32
  0
VERTEX
  5
5AB
330
17
100
AcDbEntity
  8
RBAR-T8-B2
100
AcDbVertex
100
AcDb3dPolylineVertex
 10
980.8
 20
35.2
 30
1829.4
 70
32
  0
VERTEX
  5
5AC
330
17
100
AcDbEntity
  8
RBAR-T8-B2
100
AcDbVertex
100
AcDb3dPolylineVertex
 10
983.5
 20
36.7
 30
1829.4
 70
32
  0
VERTEX
  5
5AD
330
17
100
AcDbEntity
  8
RBAR-T8-B2
100
AcDbVertex
100
AcDb3dPolylineVertex
 10
985.9
 20
38.6
 30
1829.4
 70
32
  0
VERTEX
  5
5AE
330
17
100
AcDbEntity
  8
RBAR-T8-B2
100
AcDbVertex
100
AcDb3dPolylineVertex
 10
987.9
 20
41.0
 30
1829.4
 70
32
  0
VERTEX
  5
5AF
330
17
100
AcDbEntity
  8
RBAR-T8-B2
100
AcDbVertex
100
AcDb3dPolylineVertex
 10
989.3
 20
43.8
 30
1829.4
 70
32
  0
VERTEX
  5
5B0
330
17
100
AcDbEntity
  8
RBAR-T8-B2
100
AcDbVertex
100
AcDb3dPolylineVertex
 10
990.2
 20
46.7
 30
1829.4
 70
32
  0
VERTEX
  5
5B1
330
17
100
AcDbEntity
  8
RBAR-T8-B2
100
AcDbVertex
100
AcDb3dPolylineVertex
 10
990.5
 20
49.8
 30
1829.4
 70
32
  0
VERTEX
  5
5B2
330
17
100
AcDbEntity
  8
RBAR-T8-B2
100
AcDbVertex
100
AcDb3dPolylineVertex
 10
990.5
 20
148.7
 30
1829.4
 70
32
  0
VERTEX
  5
5B3
330
17
100
AcDbEntity
  8
RBAR-T8-B2
100
AcDbVertex
100
AcDb3dPolylineVertex
 10
990.2
 20
151.8
 30
1829.4
 70
32
  0
VERTEX
  5
5B4
330
17
100
AcDbEntity
  8
RBAR-T8-B2
100
AcDbVertex
100
AcDb3dPolylineVertex
 10
989.3
 20
154.8
 30
1829.4
 70
32
  0
VERTEX
  5
5B5
330
17
100
AcDbEntity
  8
RBAR-T8-B2
100
AcDbVertex
100
AcDb3dPolylineVertex
 10
987.9
 20
157.5
 30
1829.4
 70
32
  0
VERTEX
  5
5B6
330
17
100
AcDbEntity
  8
RBAR-T8-B2
100
AcDbVertex
100
AcDb3dPolylineVertex
 10
985.9
 20
159.9
 30
1829.4
 70
32
  0
VERTEX
  5
5B7
330
17
100
AcDbEntity
  8
RBAR-T8-B2
100
AcDbVertex
100
AcDb3dPolylineVertex
 10
983.5
 20
161.9
 30
1829.4
 70
32
  0
VERTEX
  5
5B8
330
17
100
AcDbEntity
  8
RBAR-T8-B2
100
AcDbVertex
100
AcDb3dPolylineVertex
 10
980.8
 20
163.3
 30
1829.4
 70
32
  0
VERTEX
  5
5B9
330
17
100
AcDbEntity
  8
RBAR-T8-B2
100
AcDbVertex
100
AcDb3dPolylineVertex
 10
977.8
 20
164.2
 30
1829.4
 70
32
  0
VERTEX
  5
5BA
330
17
100
AcDbEntity
  8
RBAR-T8-B2
100
AcDbVertex
100
AcDb3dPolylineVertex
 10
974.7
 20
164.5
 30
1829.4
 70
32
  0
VERTEX
  5
5BB
330
17
100
AcDbEntity
  8
RBAR-T8-B2
100
AcDbVertex
100
AcDb3dPolylineVertex
 10
599.0
 20
164.5
 30
1829.4
 70
32
  0
SEQEND
  5
5A7
330
5A6
100
AcDbEntity
  8
RBAR-T8-B2
  0
POLYLINE
  5
5BC
330
17
100
AcDbEntity
  8
RBAR-T8-B2
100
AcDb3dPolyline
 66
1
 10
0.0
 20
0.0
 30
0.0
 70
8
  0
VERTEX
  5
5BE
330
17
100
AcDbEntity
  8
RBAR-T8-B2
100
AcDbVertex
100
AcDb3dPolylineVertex
 10
599.0
 20
34.0
 30
2547.5
 70
32
  0
VERTEX
  5
5BF
330
17
100
AcDbEntity
  8
RBAR-T8-B2
100
AcDbVertex
100
AcDb3dPolylineVertex
 10
974.7
 20
34.0
 30
2547.5
 70
32
  0
VERTEX
  5
5C0
330
17
100
AcDbEntity
  8
RBAR-T8-B2
100
AcDbVertex
100
AcDb3dPolylineVertex
 10
977.8
 20
34.3
 30
2547.5
 70
32
  0
VERTEX
  5
5C1
330
17
100
AcDbEntity
  8
RBAR-T8-B2
100
AcDbVertex
100
AcDb3dPolylineVertex
 10
980.8
 20
35.2
 30
2547.5
 70
32
  0
VERTEX
  5
5C2
330
17
100
AcDbEntity
  8
RBAR-T8-B2
100
AcDbVertex
100
AcDb3dPolylineVertex
 10
983.5
 20
36.7
 30
2547.5
 70
32
  0
VERTEX
  5
5C3
330
17
100
AcDbEntity
  8
RBAR-T8-B2
100
AcDbVertex
100
AcDb3dPolylineVertex
 10
985.9
 20
38.6
 30
2547.5
 70
32
  0
VERTEX
  5
5C4
330
17
100
AcDbEntity
  8
RBAR-T8-B2
100
AcDbVertex
100
AcDb3dPolylineVertex
 10
987.9
 20
41.0
 30
2547.5
 70
32
  0
VERTEX
  5
5C5
330
17
100
AcDbEntity
  8
RBAR-T8-B2
100
AcDbVertex
100
AcDb3dPolylineVertex
 10
989.3
 20
43.8
 30
2547.5
 70
32
  0
VERTEX
  5
5C6
330
17
100
AcDbEntity
  8
RBAR-T8-B2
100
AcDbVertex
100
AcDb3dPolylineVertex
 10
990.2
 20
46.7
 30
2547.5
 70
32
  0
VERTEX
  5
5C7
330
17
100
AcDbEntity
  8
RBAR-T8-B2
100
AcDbVertex
100
AcDb3dPolylineVertex
 10
990.5
 20
49.8
 30
2547.5
 70
32
  0
VERTEX
  5
5C8
330
17
100
AcDbEntity
  8
RBAR-T8-B2
100
AcDbVertex
100
AcDb3dPolylineVertex
 10
990.5
 20
148.7
 30
2547.5
 70
32
  0
VERTEX
  5
5C9
330
17
100
AcDbEntity
  8
RBAR-T8-B2
100
AcDbVertex
100
AcDb3dPolylineVertex
 10
990.2
 20
151.8
 30
2547.5
 70
32
  0
VERTEX
  5
5CA
330
17
100
AcDbEntity
  8
RBAR-T8-B2
100
AcDbVertex
100
AcDb3dPolylineVertex
 10
989.3
 20
154.8
 30
2547.5
 70
32
  0
VERTEX
  5
5CB
330
17
100
AcDbEntity
  8
RBAR-T8-B2
100
AcDbVertex
100
AcDb3dPolylineVertex
 10
987.9
 20
157.5
 30
2547.5
 70
32
  0
VERTEX
  5
5CC
330
17
100
AcDbEntity
  8
RBAR-T8-B2
100
AcDbVertex
100
AcDb3dPolylineVertex
 10
985.9
 20
159.9
 30
2547.5
 70
32
  0
VERTEX
  5
5CD
330
17
100
AcDbEntity
  8
RBAR-T8-B2
100
AcDbVertex
100
AcDb3dPolylineVertex
 10
983.5
 20
161.9
 30
2547.5
 70
32
  0
VERTEX
  5
5CE
330
17
100
AcDbEntity
  8
RBAR-T8-B2
100
AcDbVertex
100
AcDb3dPolylineVertex
 10
980.8
 20
163.3
 30
2547.5
 70
32
  0
VERTEX
  5
5CF
330
17
100
AcDbEntity
  8
RBAR-T8-B2
100
AcDbVertex
100
AcDb3dPolylineVertex
 10
977.8
 20
164.2
 30
2547.5
 70
32
  0
VERTEX
  5
5D0
330
17
100
AcDbEntity
  8
RBAR-T8-B2
100
AcDbVertex
100
AcDb3dPolylineVertex
 10
974.7
 20
164.5
 30
2547.5
 70
32
  0
VERTEX
  5
5D1
330
17
100
AcDbEntity
  8
RBAR-T8-B2
100
AcDbVertex
100
AcDb3dPolylineVertex
 10
599.0
 20
164.5
 30
2547.5
 70
32
  0
SEQEND
  5
5BD
330
5BC
100
AcDbEntity
  8
RBAR-T8-B2
  0
POLYLINE
  5
5D2
330
17
100
AcDbEntity
  8
RBAR-T8-B2
100
AcDb3dPolyline
 66
1
 10
0.0
 20
0.0
 30
0.0
 70
8
  0
VERTEX
  5
5D4
330
17
100
AcDbEntity
  8
RBAR-T8-B2
100
AcDbVertex
100
AcDb3dPolylineVertex
 10
599.0
 20
34.0
 30
3265.6
 70
32
  0
VERTEX
  5
5D5
330
17
100
AcDbEntity
  8
RBAR-T8-B2
100
AcDbVertex
100
AcDb3dPolylineVertex
 10
974.7
 20
34.0
 30
3265.6
 70
32
  0
VERTEX
  5
5D6
330
17
100
AcDbEntity
  8
RBAR-T8-B2
100
AcDbVertex
100
AcDb3dPolylineVertex
 10
977.8
 20
34.3
 30
3265.6
 70
32
  0
VERTEX
  5
5D7
330
17
100
AcDbEntity
  8
RBAR-T8-B2
100
AcDbVertex
100
AcDb3dPolylineVertex
 10
980.8
 20
35.2
 30
3265.6
 70
32
  0
VERTEX
  5
5D8
330
17
100
AcDbEntity
  8
RBAR-T8-B2
100
AcDbVertex
100
AcDb3dPolylineVertex
 10
983.5
 20
36.7
 30
3265.6
 70
32
  0
VERTEX
  5
5D9
330
17
100
AcDbEntity
  8
RBAR-T8-B2
100
AcDbVertex
100
AcDb3dPolylineVertex
 10
985.9
 20
38.6
 30
3265.6
 70
32
  0
VERTEX
  5
5DA
330
17
100
AcDbEntity
  8
RBAR-T8-B2
100
AcDbVertex
100
AcDb3dPolylineVertex
 10
987.9
 20
41.0
 30
3265.6
 70
32
  0
VERTEX
  5
5DB
330
17
100
AcDbEntity
  8
RBAR-T8-B2
100
AcDbVertex
100
AcDb3dPolylineVertex
 10
989.3
 20
43.8
 30
3265.6
 70
32
  0
VERTEX
  5
5DC
330
17
100
AcDbEntity
  8
RBAR-T8-B2
100
AcDbVertex
100
AcDb3dPolylineVertex
 10
990.2
 20
46.7
 30
3265.6
 70
32
  0
VERTEX
  5
5DD
330
17
100
AcDbEntity
  8
RBAR-T8-B2
100
AcDbVertex
100
AcDb3dPolylineVertex
 10
990.5
 20
49.8
 30
3265.6
 70
32
  0
VERTEX
  5
5DE
330
17
100
AcDbEntity
  8
RBAR-T8-B2
100
AcDbVertex
100
AcDb3dPolylineVertex
 10
990.5
 20
148.7
 30
3265.6
 70
32
  0
VERTEX
  5
5DF
330
17
100
AcDbEntity
  8
RBAR-T8-B2
100
AcDbVertex
100
AcDb3dPolylineVertex
 10
990.2
 20
151.8
 30
3265.6
 70
32
  0
VERTEX
  5
5E0
330
17
100
AcDbEntity
  8
RBAR-T8-B2
100
AcDbVertex
100
AcDb3dPolylineVertex
 10
989.3
 20
154.8
 30
3265.6
 70
32
  0
VERTEX
  5
5E1
330
17
100
AcDbEntity
  8
RBAR-T8-B2
100
AcDbVertex
100
AcDb3dPolylineVertex
 10
987.9
 20
157.5
 30
3265.6
 70
32
  0
VERTEX
  5
5E2
330
17
100
AcDbEntity
  8
RBAR-T8-B2
100
AcDbVertex
100
AcDb3dPolylineVertex
 10
985.9
 20
159.9
 30
3265.6
 70
32
  0
VERTEX
  5
5E3
330
17
100
AcDbEntity
  8
RBAR-T8-B2
100
AcDbVertex
100
AcDb3dPolylineVertex
 10
983.5
 20
161.9
 30
3265.6
 70
32
  0
VERTEX
  5
5E4
330
17
100
AcDbEntity
  8
RBAR-T8-B2
100
AcDbVertex
100
AcDb3dPolylineVertex
 10
980.8
 20
163.3
 30
3265.6
 70
32
  0
VERTEX
  5
5E5
330
17
100
AcDbEntity
  8
RBAR-T8-B2
100
AcDbVertex
100
AcDb3dPolylineVertex
 10
977.8
 20
164.2
 30
3265.6
 70
32
  0
VERTEX
  5
5E6
330
17
100
AcDbEntity
  8
RBAR-T8-B2
100
AcDbVertex
100
AcDb3dPolylineVertex
 10
974.7
 20
164.5
 30
3265.6
 70
32
  0
VERTEX
  5
5E7
330
17
100
AcDbEntity
  8
RBAR-T8-B2
100
AcDbVertex
100
AcDb3dPolylineVertex
 10
599.0
 20
164.5
 30
3265.6
 70
32
  0
SEQEND
  5
5D3
330
5D2
100
AcDbEntity
  8
RBAR-T8-B2
  0
POLYLINE
  5
5E8
330
17
100
AcDbEntity
  8
RBAR-T8-B2
100
AcDb3dPolyline
 66
1
 10
0.0
 20
0.0
 30
0.0
 70
8
  0
VERTEX
  5
5EA
330
17
100
AcDbEntity
  8
RBAR-T8-B2
100
AcDbVertex
100
AcDb3dPolylineVertex
 10
599.0
 20
34.0
 30
3983.8
 70
32
  0
VERTEX
  5
5EB
330
17
100
AcDbEntity
  8
RBAR-T8-B2
100
AcDbVertex
100
AcDb3dPolylineVertex
 10
974.7
 20
34.0
 30
3983.8
 70
32
  0
VERTEX
  5
5EC
330
17
100
AcDbEntity
  8
RBAR-T8-B2
100
AcDbVertex
100
AcDb3dPolylineVertex
 10
977.8
 20
34.3
 30
3983.8
 70
32
  0
VERTEX
  5
5ED
330
17
100
AcDbEntity
  8
RBAR-T8-B2
100
AcDbVertex
100
AcDb3dPolylineVertex
 10
980.8
 20
35.2
 30
3983.8
 70
32
  0
VERTEX
  5
5EE
330
17
100
AcDbEntity
  8
RBAR-T8-B2
100
AcDbVertex
100
AcDb3dPolylineVertex
 10
983.5
 20
36.7
 30
3983.8
 70
32
  0
VERTEX
  5
5EF
330
17
100
AcDbEntity
  8
RBAR-T8-B2
100
AcDbVertex
100
AcDb3dPolylineVertex
 10
985.9
 20
38.6
 30
3983.8
 70
32
  0
VERTEX
  5
5F0
330
17
100
AcDbEntity
  8
RBAR-T8-B2
100
AcDbVertex
100
AcDb3dPolylineVertex
 10
987.9
 20
41.0
 30
3983.8
 70
32
  0
VERTEX
  5
5F1
330
17
100
AcDbEntity
  8
RBAR-T8-B2
100
AcDbVertex
100
AcDb3dPolylineVertex
 10
989.3
 20
43.8
 30
3983.8
 70
32
  0
VERTEX
  5
5F2
330
17
100
AcDbEntity
  8
RBAR-T8-B2
100
AcDbVertex
100
AcDb3dPolylineVertex
 10
990.2
 20
46.7
 30
3983.8
 70
32
  0
VERTEX
  5
5F3
330
17
100
AcDbEntity
  8
RBAR-T8-B2
100
AcDbVertex
100
AcDb3dPolylineVertex
 10
990.5
 20
49.8
 30
3983.8
 70
32
  0
VERTEX
  5
5F4
330
17
100
AcDbEntity
  8
RBAR-T8-B2
100
AcDbVertex
100
AcDb3dPolylineVertex
 10
990.5
 20
148.7
 30
3983.8
 70
32
  0
VERTEX
  5
5F5
330
17
100
AcDbEntity
  8
RBAR-T8-B2
100
AcDbVertex
100
AcDb3dPolylineVertex
 10
990.2
 20
151.8
 30
3983.8
 70
32
  0
VERTEX
  5
5F6
330
17
100
AcDbEntity
  8
RBAR-T8-B2
100
AcDbVertex
100
AcDb3dPolylineVertex
 10
989.3
 20
154.8
 30
3983.8
 70
32
  0
VERTEX
  5
5F7
330
17
100
AcDbEntity
  8
RBAR-T8-B2
100
AcDbVertex
100
AcDb3dPolylineVertex
 10
987.9
 20
157.5
 30
3983.8
 70
32
  0
VERTEX
  5
5F8
330
17
100
AcDbEntity
  8
RBAR-T8-B2
100
AcDbVertex
100
AcDb3dPolylineVertex
 10
985.9
 20
159.9
 30
3983.8
 70
32
  0
VERTEX
  5
5F9
330
17
100
AcDbEntity
  8
RBAR-T8-B2
100
AcDbVertex
100
AcDb3dPolylineVertex
 10
983.5
 20
161.9
 30
3983.8
 70
32
  0
VERTEX
  5
5FA
330
17
100
AcDbEntity
  8
RBAR-T8-B2
100
AcDbVertex
100
AcDb3dPolylineVertex
 10
980.8
 20
163.3
 30
3983.8
 70
32
  0
VERTEX
  5
5FB
330
17
100
AcDbEntity
  8
RBAR-T8-B2
100
AcDbVertex
100
AcDb3dPolylineVertex
 10
977.8
 20
164.2
 30
3983.8
 70
32
  0
VERTEX
  5
5FC
330
17
100
AcDbEntity
  8
RBAR-T8-B2
100
AcDbVertex
100
AcDb3dPolylineVertex
 10
974.7
 20
164.5
 30
3983.8
 70
32
  0
VERTEX
  5
5FD
330
17
100
AcDbEntity
  8
RBAR-T8-B2
100
AcDbVertex
100
AcDb3dPolylineVertex
 10
599.0
 20
164.5
 30
3983.8
 70
32
  0
SEQEND
  5
5E9
330
5E8
100
AcDbEntity
  8
RBAR-T8-B2
  0
POLYLINE
  5
5FE
330
17
100
AcDbEntity
  8
RBAR-T8-B2
100
AcDb3dPolyline
 66
1
 10
0.0
 20
0.0
 30
0.0
 70
8
  0
VERTEX
  5
600
330
17
100
AcDbEntity
  8
RBAR-T8-B2
100
AcDbVertex
100
AcDb3dPolylineVertex
 10
599.0
 20
34.0
 30
4701.9
 70
32
  0
VERTEX
  5
601
330
17
100
AcDbEntity
  8
RBAR-T8-B2
100
AcDbVertex
100
AcDb3dPolylineVertex
 10
974.7
 20
34.0
 30
4701.9
 70
32
  0
VERTEX
  5
602
330
17
100
AcDbEntity
  8
RBAR-T8-B2
100
AcDbVertex
100
AcDb3dPolylineVertex
 10
977.8
 20
34.3
 30
4701.9
 70
32
  0
VERTEX
  5
603
330
17
100
AcDbEntity
  8
RBAR-T8-B2
100
AcDbVertex
100
AcDb3dPolylineVertex
 10
980.8
 20
35.2
 30
4701.9
 70
32
  0
VERTEX
  5
604
330
17
100
AcDbEntity
  8
RBAR-T8-B2
100
AcDbVertex
100
AcDb3dPolylineVertex
 10
983.5
 20
36.7
 30
4701.9
 70
32
  0
VERTEX
  5
605
330
17
100
AcDbEntity
  8
RBAR-T8-B2
100
AcDbVertex
100
AcDb3dPolylineVertex
 10
985.9
 20
38.6
 30
4701.9
 70
32
  0
VERTEX
  5
606
330
17
100
AcDbEntity
  8
RBAR-T8-B2
100
AcDbVertex
100
AcDb3dPolylineVertex
 10
987.9
 20
41.0
 30
4701.9
 70
32
  0
VERTEX
  5
607
330
17
100
AcDbEntity
  8
RBAR-T8-B2
100
AcDbVertex
100
AcDb3dPolylineVertex
 10
989.3
 20
43.8
 30
4701.9
 70
32
  0
VERTEX
  5
608
330
17
100
AcDbEntity
  8
RBAR-T8-B2
100
AcDbVertex
100
AcDb3dPolylineVertex
 10
990.2
 20
46.7
 30
4701.9
 70
32
  0
VERTEX
  5
609
330
17
100
AcDbEntity
  8
RBAR-T8-B2
100
AcDbVertex
100
AcDb3dPolylineVertex
 10
990.5
 20
49.8
 30
4701.9
 70
32
  0
VERTEX
  5
60A
330
17
100
AcDbEntity
  8
RBAR-T8-B2
100
AcDbVertex
100
AcDb3dPolylineVertex
 10
990.5
 20
148.7
 30
4701.9
 70
32
  0
VERTEX
  5
60B
330
17
100
AcDbEntity
  8
RBAR-T8-B2
100
AcDbVertex
100
AcDb3dPolylineVertex
 10
990.2
 20
151.8
 30
4701.9
 70
32
  0
VERTEX
  5
60C
330
17
100
AcDbEntity
  8
RBAR-T8-B2
100
AcDbVertex
100
AcDb3dPolylineVertex
 10
989.3
 20
154.8
 30
4701.9
 70
32
  0
VERTEX
  5
60D
330
17
100
AcDbEntity
  8
RBAR-T8-B2
100
AcDbVertex
100
AcDb3dPolylineVertex
 10
987.9
 20
157.5
 30
4701.9
 70
32
  0
VERTEX
  5
60E
330
17
100
AcDbEntity
  8
RBAR-T8-B2
100
AcDbVertex
100
AcDb3dPolylineVertex
 10
985.9
 20
159.9
 30
4701.9
 70
32
  0
VERTEX
  5
60F
330
17
100
AcDbEntity
  8
RBAR-T8-B2
100
AcDbVertex
100
AcDb3dPolylineVertex
 10
983.5
 20
161.9
 30
4701.9
 70
32
  0
VERTEX
  5
610
330
17
100
AcDbEntity
  8
RBAR-T8-B2
100
AcDbVertex
100
AcDb3dPolylineVertex
 10
980.8
 20
163.3
 30
4701.9
 70
32
  0
VERTEX
  5
611
330
17
100
AcDbEntity
  8
RBAR-T8-B2
100
AcDbVertex
100
AcDb3dPolylineVertex
 10
977.8
 20
164.2
 30
4701.9
 70
32
  0
VERTEX
  5
612
330
17
100
AcDbEntity
  8
RBAR-T8-B2
100
AcDbVertex
100
AcDb3dPolylineVertex
 10
974.7
 20
164.5
 30
4701.9
 70
32
  0
VERTEX
  5
613
330
17
100
AcDbEntity
  8
RBAR-T8-B2
100
AcDbVertex
100
AcDb3dPolylineVertex
 10
599.0
 20
164.5
 30
4701.9
 70
32
  0
SEQEND
  5
5FF
330
5FE
100
AcDbEntity
  8
RBAR-T8-B2
  0
POLYLINE
  5
614
330
17
100
AcDbEntity
  8
RBAR-T8-B2
100
AcDb3dPolyline
 66
1
 10
0.0
 20
0.0
 30
0.0
 70
8
  0
VERTEX
  5
616
330
17
100
AcDbEntity
  8
RBAR-T8-B2
100
AcDbVertex
100
AcDb3dPolylineVertex
 10
34.0
 20
34.0
 30
0.0
 70
32
  0
VERTEX
  5
617
330
17
100
AcDbEntity
  8
RBAR-T8-B2
100
AcDbVertex
100
AcDb3dPolylineVertex
 10
409.7
 20
34.0
 30
0.0
 70
32
  0
VERTEX
  5
618
330
17
100
AcDbEntity
  8
RBAR-T8-B2
100
AcDbVertex
100
AcDb3dPolylineVertex
 10
412.8
 20
34.3
 30
0.0
 70
32
  0
VERTEX
  5
619
330
17
100
AcDbEntity
  8
RBAR-T8-B2
100
AcDbVertex
100
AcDb3dPolylineVertex
 10
415.8
 20
35.2
 30
0.0
 70
32
  0
VERTEX
  5
61A
330
17
100
AcDbEntity
  8
RBAR-T8-B2
100
AcDbVertex
100
AcDb3dPolylineVertex
 10
418.5
 20
36.7
 30
0.0
 70
32
  0
VERTEX
  5
61B
330
17
100
AcDbEntity
  8
RBAR-T8-B2
100
AcDbVertex
100
AcDb3dPolylineVertex
 10
420.9
 20
38.6
 30
0.0
 70
32
  0
VERTEX
  5
61C
330
17
100
AcDbEntity
  8
RBAR-T8-B2
100
AcDbVertex
100
AcDb3dPolylineVertex
 10
422.9
 20
41.0
 30
0.0
 70
32
  0
VERTEX
  5
61D
330
17
100
AcDbEntity
  8
RBAR-T8-B2
100
AcDbVertex
100
AcDb3dPolylineVertex
 10
424.4
 20
43.8
 30
0.0
 70
32
  0
VERTEX
  5
61E
330
17
100
AcDbEntity
  8
RBAR-T8-B2
100
AcDbVertex
100
AcDb3dPolylineVertex
 10
425.3
 20
46.7
 30
0.0
 70
32
  0
VERTEX
  5
61F
330
17
100
AcDbEntity
  8
RBAR-T8-B2
100
AcDbVertex
100
AcDb3dPolylineVertex
 10
425.6
 20
49.8
 30
0.0
 70
32
  0
VERTEX
  5
620
330
17
100
AcDbEntity
  8
RBAR-T8-B2
100
AcDbVertex
100
AcDb3dPolylineVertex
 10
425.6
 20
148.7
 30
0.0
 70
32
  0
VERTEX
  5
621
330
17
100
AcDbEntity
  8
RBAR-T8-B2
100
AcDbVertex
100
AcDb3dPolylineVertex
 10
425.3
 20
151.8
 30
0.0
 70
32
  0
VERTEX
  5
622
330
17
100
AcDbEntity
  8
RBAR-T8-B2
100
AcDbVertex
100
AcDb3dPolylineVertex
 10
424.4
 20
154.8
 30
0.0
 70
32
  0
VERTEX
  5
623
330
17
100
AcDbEntity
  8
RBAR-T8-B2
100
AcDbVertex
100
AcDb3dPolylineVertex
 10
422.9
 20
157.5
 30
0.0
 70
32
  0
VERTEX
  5
624
330
17
100
AcDbEntity
  8
RBAR-T8-B2
100
AcDbVertex
100
AcDb3dPolylineVertex
 10
420.9
 20
159.9
 30
0.0
 70
32
  0
VERTEX
  5
625
330
17
100
AcDbEntity
  8
RBAR-T8-B2
100
AcDbVertex
100
AcDb3dPolylineVertex
 10
418.5
 20
161.9
 30
0.0
 70
32
  0
VERTEX
  5
626
330
17
100
AcDbEntity
  8
RBAR-T8-B2
100
AcDbVertex
100
AcDb3dPolylineVertex
 10
415.8
 20
163.3
 30
0.0
 70
32
  0
VERTEX
  5
627
330
17
100
AcDbEntity
  8
RBAR-T8-B2
100
AcDbVertex
100
AcDb3dPolylineVertex
 10
412.8
 20
164.2
 30
0.0
 70
32
  0
VERTEX
  5
628
330
17
100
AcDbEntity
  8
RBAR-T8-B2
100
AcDbVertex
100
AcDb3dPolylineVertex
 10
409.7
 20
164.5
 30
0.0
 70
32
  0
VERTEX
  5
629
330
17
100
AcDbEntity
  8
RBAR-T8-B2
100
AcDbVertex
100
AcDb3dPolylineVertex
 10
34.0
 20
164.5
 30
0.0
 70
32
  0
SEQEND
  5
615
330
614
100
AcDbEntity
  8
RBAR-T8-B2
  0
POLYLINE
  5
62A
330
17
100
AcDbEntity
  8
RBAR-T8-B2
100
AcDb3dPolyline
 66
1
 10
0.0
 20
0.0
 30
0.0
 70
8
  0
VERTEX
  5
62C
330
17
100
AcDbEntity
  8
RBAR-T8-B2
100
AcDbVertex
100
AcDb3dPolylineVertex
 10
34.0
 20
34.0
 30
0.0
 70
32
  0
VERTEX
  5
62D
330
17
100
AcDbEntity
  8
RBAR-T8-B2
100
AcDbVertex
100
AcDb3dPolylineVertex
 10
409.7
 20
34.0
 30
0.0
 70
32
  0
VERTEX
  5
62E
330
17
100
AcDbEntity
  8
RBAR-T8-B2
100
AcDbVertex
100
AcDb3dPolylineVertex
 10
412.8
 20
34.3
 30
0.0
 70
32
  0
VERTEX
  5
62F
330
17
100
AcDbEntity
  8
RBAR-T8-B2
100
AcDbVertex
100
AcDb3dPolylineVertex
 10
415.8
 20
35.2
 30
0.0
 70
32
  0
VERTEX
  5
630
330
17
100
AcDbEntity
  8
RBAR-T8-B2
100
AcDbVertex
100
AcDb3dPolylineVertex
 10
418.5
 20
36.7
 30
0.0
 70
32
  0
VERTEX
  5
631
330
17
100
AcDbEntity
  8
RBAR-T8-B2
100
AcDbVertex
100
AcDb3dPolylineVertex
 10
420.9
 20
38.6
 30
0.0
 70
32
  0
VERTEX
  5
632
330
17
100
AcDbEntity
  8
RBAR-T8-B2
100
AcDbVertex
100
AcDb3dPolylineVertex
 10
422.9
 20
41.0
 30
0.0
 70
32
  0
VERTEX
  5
633
330
17
100
AcDbEntity
  8
RBAR-T8-B2
100
AcDbVertex
100
AcDb3dPolylineVertex
 10
424.4
 20
43.8
 30
0.0
 70
32
  0
VERTEX
  5
634
330
17
100
AcDbEntity
  8
RBAR-T8-B2
100
AcDbVertex
100
AcDb3dPolylineVertex
 10
425.3
 20
46.7
 30
0.0
 70
32
  0
VERTEX
  5
635
330
17
100
AcDbEntity
  8
RBAR-T8-B2
100
AcDbVertex
100
AcDb3dPolylineVertex
 10
425.6
 20
49.8
 30
0.0
 70
32
  0
VERTEX
  5
636
330
17
100
AcDbEntity
  8
RBAR-T8-B2
100
AcDbVertex
100
AcDb3dPolylineVertex
 10
425.6
 20
148.7
 30
0.0
 70
32
  0
VERTEX
  5
637
330
17
100
AcDbEntity
  8
RBAR-T8-B2
100
AcDbVertex
100
AcDb3dPolylineVertex
 10
425.3
 20
151.8
 30
0.0
 70
32
  0
VERTEX
  5
638
330
17
100
AcDbEntity
  8
RBAR-T8-B2
100
AcDbVertex
100
AcDb3dPolylineVertex
 10
424.4
 20
154.8
 30
0.0
 70
32
  0
VERTEX
  5
639
330
17
100
AcDbEntity
  8
RBAR-T8-B2
100
AcDbVertex
100
AcDb3dPolylineVertex
 10
422.9
 20
157.5
 30
0.0
 70
32
  0
VERTEX
  5
63A
330
17
100
AcDbEntity
  8
RBAR-T8-B2
100
AcDbVertex
100
AcDb3dPolylineVertex
 10
420.9
 20
159.9
 30
0.0
 70
32
  0
VERTEX
  5
63B
330
17
100
AcDbEntity
  8
RBAR-T8-B2
100
AcDbVertex
100
AcDb3dPolylineVertex
 10
418.5
 20
161.9
 30
0.0
 70
32
  0
VERTEX
  5
63C
330
17
100
AcDbEntity
  8
RBAR-T8-B2
100
AcDbVertex
100
AcDb3dPolylineVertex
 10
415.8
 20
163.3
 30
0.0
 70
32
  0
VERTEX
  5
63D
330
17
100
AcDbEntity
  8
RBAR-T8-B2
100
AcDbVertex
100
AcDb3dPolylineVertex
 10
412.8
 20
164.2
 30
0.0
 70
32
  0
VERTEX
  5
63E
330
17
100
AcDbEntity
  8
RBAR-T8-B2
100
AcDbVertex
100
AcDb3dPolylineVertex
 10
409.7
 20
164.5
 30
0.0
 70
32
  0
VERTEX
  5
63F
330
17
100
AcDbEntity
  8
RBAR-T8-B2
100
AcDbVertex
100
AcDb3dPolylineVertex
 10
34.0
 20
164.5
 30
0.0
 70
32
  0
SEQEND
  5
62B
330
62A
100
AcDbEntity
  8
RBAR-T8-B2
  0
POLYLINE
  5
640
330
17
100
AcDbEntity
  8
RBAR-T8-B2
100
AcDb3dPolyline
 66
1
 10
0.0
 20
0.0
 30
0.0
 70
8
  0
VERTEX
  5
642
330
17
100
AcDbEntity
  8
RBAR-T8-B2
100
AcDbVertex
100
AcDb3dPolylineVertex
 10
34.0
 20
34.0
 30
0.0
 70
32
  0
VERTEX
  5
643
330
17
100
AcDbEntity
  8
RBAR-T8-B2
100
AcDbVertex
100
AcDb3dPolylineVertex
 10
409.7
 20
34.0
 30
0.0
 70
32
  0
VERTEX
  5
644
330
17
100
AcDbEntity
  8
RBAR-T8-B2
100
AcDbVertex
100
AcDb3dPolylineVertex
 10
412.8
 20
34.3
 30
0.0
 70
32
  0
VERTEX
  5
645
330
17
100
AcDbEntity
  8
RBAR-T8-B2
100
AcDbVertex
100
AcDb3dPolylineVertex
 10
415.8
 20
35.2
 30
0.0
 70
32
  0
VERTEX
  5
646
330
17
100
AcDbEntity
  8
RBAR-T8-B2
100
AcDbVertex
100
AcDb3dPolylineVertex
 10
418.5
 20
36.7
 30
0.0
 70
32
  0
VERTEX
  5
647
330
17
100
AcDbEntity
  8
RBAR-T8-B2
100
AcDbVertex
100
AcDb3dPolylineVertex
 10
420.9
 20
38.6
 30
0.0
 70
32
  0
VERTEX
  5
648
330
17
100
AcDbEntity
  8
RBAR-T8-B2
100
AcDbVertex
100
AcDb3dPolylineVertex
 10
422.9
 20
41.0
 30
0.0
 70
32
  0
VERTEX
  5
649
330
17
100
AcDbEntity
  8
RBAR-T8-B2
100
AcDbVertex
100
AcDb3dPolylineVertex
 10
424.4
 20
43.8
 30
0.0
 70
32
  0
VERTEX
  5
64A
330
17
100
AcDbEntity
  8
RBAR-T8-B2
100
AcDbVertex
100
AcDb3dPolylineVertex
 10
425.3
 20
46.7
 30
0.0
 70
32
  0
VERTEX
  5
64B
330
17
100
AcDbEntity
  8
RBAR-T8-B2
100
AcDbVertex
100
AcDb3dPolylineVertex
 10
425.6
 20
49.8
 30
0.0
 70
32
  0
VERTEX
  5
64C
330
17
100
AcDbEntity
  8
RBAR-T8-B2
100
AcDbVertex
100
AcDb3dPolylineVertex
 10
425.6
 20
148.7
 30
0.0
 70
32
  0
VERTEX
  5
64D
330
17
100
AcDbEntity
  8
RBAR-T8-B2
100
AcDbVertex
100
AcDb3dPolylineVertex
 10
425.3
 20
151.8
 30
0.0
 70
32
  0
VERTEX
  5
64E
330
17
100
AcDbEntity
  8
RBAR-T8-B2
100
AcDbVertex
100
AcDb3dPolylineVertex
 10
424.4
 20
154.8
 30
0.0
 70
32
  0
VERTEX
  5
64F
330
17
100
AcDbEntity
  8
RBAR-T8-B2
100
AcDbVertex
100
AcDb3dPolylineVertex
 10
422.9
 20
157.5
 30
0.0
 70
32
  0
VERTEX
  5
650
330
17
100
AcDbEntity
  8
RBAR-T8-B2
100
AcDbVertex
100
AcDb3dPolylineVertex
 10
420.9
 20
159.9
 30
0.0
 70
32
  0
VERTEX
  5
651
330
17
100
AcDbEntity
  8
RBAR-T8-B2
100
AcDbVertex
100
AcDb3dPolylineVertex
 10
418.5
 20
161.9
 30
0.0
 70
32
  0
VERTEX
  5
652
330
17
100
AcDbEntity
  8
RBAR-T8-B2
100
AcDbVertex
100
AcDb3dPolylineVertex
 10
415.8
 20
163.3
 30
0.0
 70
32
  0
VERTEX
  5
653
330
17
100
AcDbEntity
  8
RBAR-T8-B2
100
AcDbVertex
100
AcDb3dPolylineVertex
 10
412.8
 20
164.2
 30
0.0
 70
32
  0
VERTEX
  5
654
330
17
100
AcDbEntity
  8
RBAR-T8-B2
100
AcDbVertex
100
AcDb3dPolylineVertex
 10
409.7
 20
164.5
 30
0.0
 70
32
  0
VERTEX
  5
655
330
17
100
AcDbEntity
  8
RBAR-T8-B2
100
AcDbVertex
100
AcDb3dPolylineVertex
 10
34.0
 20
164.5
 30
0.0
 70
32
  0
SEQEND
  5
641
330
640
100
AcDbEntity
  8
RBAR-T8-B2
  0
POLYLINE
  5
656
330
17
100
AcDbEntity
  8
RBAR-T8-B2
100
AcDb3dPolyline
 66
1
 10
0.0
 20
0.0
 30
0.0
 70
8
  0
VERTEX
  5
658
330
17
100
AcDbEntity
  8
RBAR-T8-B2
100
AcDbVertex
100
AcDb3dPolylineVertex
 10
34.0
 20
34.0
 30
0.0
 70
32
  0
VERTEX
  5
659
330
17
100
AcDbEntity
  8
RBAR-T8-B2
100
AcDbVertex
100
AcDb3dPolylineVertex
 10
409.7
 20
34.0
 30
0.0
 70
32
  0
VERTEX
  5
65A
330
17
100
AcDbEntity
  8
RBAR-T8-B2
100
AcDbVertex
100
AcDb3dPolylineVertex
 10
412.8
 20
34.3
 30
0.0
 70
32
  0
VERTEX
  5
65B
330
17
100
AcDbEntity
  8
RBAR-T8-B2
100
AcDbVertex
100
AcDb3dPolylineVertex
 10
415.8
 20
35.2
 30
0.0
 70
32
  0
VERTEX
  5
65C
330
17
100
AcDbEntity
  8
RBAR-T8-B2
100
AcDbVertex
100
AcDb3dPolylineVertex
 10
418.5
 20
36.7
 30
0.0
 70
32
  0
VERTEX
  5
65D
330
17
100
AcDbEntity
  8
RBAR-T8-B2
100
AcDbVertex
100
AcDb3dPolylineVertex
 10
420.9
 20
38.6
 30
0.0
 70
32
  0
VERTEX
  5
65E
330
17
100
AcDbEntity
  8
RBAR-T8-B2
100
AcDbVertex
100
AcDb3dPolylineVertex
 10
422.9
 20
41.0
 30
0.0
 70
32
  0
VERTEX
  5
65F
330
17
100
AcDbEntity
  8
RBAR-T8-B2
100
AcDbVertex
100
AcDb3dPolylineVertex
 10
424.4
 20
43.8
 30
0.0
 70
32
  0
VERTEX
  5
660
330
17
100
AcDbEntity
  8
RBAR-T8-B2
100
AcDbVertex
100
AcDb3dPolylineVertex
 10
425.3
 20
46.7
 30
0.0
 70
32
  0
VERTEX
  5
661
330
17
100
AcDbEntity
  8
RBAR-T8-B2
100
AcDbVertex
100
AcDb3dPolylineVertex
 10
425.6
 20
49.8
 30
0.0
 70
32
  0
VERTEX
  5
662
330
17
100
AcDbEntity
  8
RBAR-T8-B2
100
AcDbVertex
100
AcDb3dPolylineVertex
 10
425.6
 20
148.7
 30
0.0
 70
32
  0
VERTEX
  5
663
330
17
100
AcDbEntity
  8
RBAR-T8-B2
100
AcDbVertex
100
AcDb3dPolylineVertex
 10
425.3
 20
151.8
 30
0.0
 70
32
  0
VERTEX
  5
664
330
17
100
AcDbEntity
  8
RBAR-T8-B2
100
AcDbVertex
100
AcDb3dPolylineVertex
 10
424.4
 20
154.8
 30
0.0
 70
32
  0
VERTEX
  5
665
330
17
100
AcDbEntity
  8
RBAR-T8-B2
100
AcDbVertex
100
AcDb3dPolylineVertex
 10
422.9
 20
157.5
 30
0.0
 70
32
  0
VERTEX
  5
666
330
17
100
AcDbEntity
  8
RBAR-T8-B2
100
AcDbVertex
100
AcDb3dPolylineVertex
 10
420.9
 20
159.9
 30
0.0
 70
32
  0
VERTEX
  5
667
330
17
100
AcDbEntity
  8
RBAR-T8-B2
100
AcDbVertex
100
AcDb3dPolylineVertex
 10
418.5
 20
161.9
 30
0.0
 70
32
  0
VERTEX
  5
668
330
17
100
AcDbEntity
  8
RBAR-T8-B2
100
AcDbVertex
100
AcDb3dPolylineVertex
 10
415.8
 20
163.3
 30
0.0
 70
32
  0
VERTEX
  5
669
330
17
100
AcDbEntity
  8
RBAR-T8-B2
100
AcDbVertex
100
AcDb3dPolylineVertex
 10
412.8
 20
164.2
 30
0.0
 70
32
  0
VERTEX
  5
66A
330
17
100
AcDbEntity
  8
RBAR-T8-B2
100
AcDbVertex
100
AcDb3dPolylineVertex
 10
409.7
 20
164.5
 30
0.0
 70
32
  0
VERTEX
  5
66B
330
17
100
AcDbEntity
  8
RBAR-T8-B2
100
AcDbVertex
100
AcDb3dPolylineVertex
 10
34.0
 20
164.5
 30
0.0
 70
32
  0
SEQEND
  5
657
330
656
100
AcDbEntity
  8
RBAR-T8-B2
  0
POLYLINE
  5
66C
330
17
100
AcDbEntity
  8
RBAR-T8-B2
100
AcDb3dPolyline
 66
1
 10
0.0
 20
0.0
 30
0.0
 70
8
  0
VERTEX
  5
66E
330
17
100
AcDbEntity
  8
RBAR-T8-B2
100
AcDbVertex
100
AcDb3dPolylineVertex
 10
34.0
 20
34.0
 30
0.0
 70
32
  0
VERTEX
  5
66F
330
17
100
AcDbEntity
  8
RBAR-T8-B2
100
AcDbVertex
100
AcDb3dPolylineVertex
 10
409.7
 20
34.0
 30
0.0
 70
32
  0
VERTEX
  5
670
330
17
100
AcDbEntity
  8
RBAR-T8-B2
100
AcDbVertex
100
AcDb3dPolylineVertex
 10
412.8
 20
34.3
 30
0.0
 70
32
  0
VERTEX
  5
671
330
17
100
AcDbEntity
  8
RBAR-T8-B2
100
AcDbVertex
100
AcDb3dPolylineVertex
 10
415.8
 20
35.2
 30
0.0
 70
32
  0
VERTEX
  5
672
330
17
100
AcDbEntity
  8
RBAR-T8-B2
100
AcDbVertex
100
AcDb3dPolylineVertex
 10
418.5
 20
36.7
 30
0.0
 70
32
  0
VERTEX
  5
673
330
17
100
AcDbEntity
  8
RBAR-T8-B2
100
AcDbVertex
100
AcDb3dPolylineVertex
 10
420.9
 20
38.6
 30
0.0
 70
32
  0
VERTEX
  5
674
330
17
100
AcDbEntity
  8
RBAR-T8-B2
100
AcDbVertex
100
AcDb3dPolylineVertex
 10
422.9
 20
41.0
 30
0.0
 70
32
  0
VERTEX
  5
675
330
17
100
AcDbEntity
  8
RBAR-T8-B2
100
AcDbVertex
100
AcDb3dPolylineVertex
 10
424.4
 20
43.8
 30
0.0
 70
32
  0
VERTEX
  5
676
330
17
100
AcDbEntity
  8
RBAR-T8-B2
100
AcDbVertex
100
AcDb3dPolylineVertex
 10
425.3
 20
46.7
 30
0.0
 70
32
  0
VERTEX
  5
677
330
17
100
AcDbEntity
  8
RBAR-T8-B2
100
AcDbVertex
100
AcDb3dPolylineVertex
 10
425.6
 20
49.8
 30
0.0
 70
32
  0
VERTEX
  5
678
330
17
100
AcDbEntity
  8
RBAR-T8-B2
100
AcDbVertex
100
AcDb3dPolylineVertex
 10
425.6
 20
148.7
 30
0.0
 70
32
  0
VERTEX
  5
679
330
17
100
AcDbEntity
  8
RBAR-T8-B2
100
AcDbVertex
100
AcDb3dPolylineVertex
 10
425.3
 20
151.8
 30
0.0
 70
32
  0
VERTEX
  5
67A
330
17
100
AcDbEntity
  8
RBAR-T8-B2
100
AcDbVertex
100
AcDb3dPolylineVertex
 10
424.4
 20
154.8
 30
0.0
 70
32
  0
VERTEX
  5
67B
330
17
100
AcDbEntity
  8
RBAR-T8-B2
100
AcDbVertex
100
AcDb3dPolylineVertex
 10
422.9
 20
157.5
 30
0.0
 70
32
  0
VERTEX
  5
67C
330
17
100
AcDbEntity
  8
RBAR-T8-B2
100
AcDbVertex
100
AcDb3dPolylineVertex
 10
420.9
 20
159.9
 30
0.0
 70
32
  0
VERTEX
  5
67D
330
17
100
AcDbEntity
  8
RBAR-T8-B2
100
AcDbVertex
100
AcDb3dPolylineVertex
 10
418.5
 20
161.9
 30
0.0
 70
32
  0
VERTEX
  5
67E
330
17
100
AcDbEntity
  8
RBAR-T8-B2
100
AcDbVertex
100
AcDb3dPolylineVertex
 10
415.8
 20
163.3
 30
0.0
 70
32
  0
VERTEX
  5
67F
330
17
100
AcDbEntity
  8
RBAR-T8-B2
100
AcDbVertex
100
AcDb3dPolylineVertex
 10
412.8
 20
164.2
 30
0.0
 70
32
  0
VERTEX
  5
680
330
17
100
AcDbEntity
  8
RBAR-T8-B2
100
AcDbVertex
100
AcDb3dPolylineVertex
 10
409.7
 20
164.5
 30
0.0
 70
32
  0
VERTEX
  5
681
330
17
100
AcDbEntity
  8
RBAR-T8-B2
100
AcDbVertex
100
AcDb3dPolylineVertex
 10
34.0
 20
164.5
 30
0.0
 70
32
  0
SEQEND
  5
66D
330
66C
100
AcDbEntity
  8
RBAR-T8-B2
  0
POLYLINE
  5
682
330
17
100
AcDbEntity
  8
RBAR-T8-B2
100
AcDb3dPolyline
 66
1
 10
0.0
 20
0.0
 30
0.0
 70
8
  0
VERTEX
  5
684
330
17
100
AcDbEntity
  8
RBAR-T8-B2
100
AcDbVertex
100
AcDb3dPolylineVertex
 10
34.0
 20
34.0
 30
0.0
 70
32
  0
VERTEX
  5
685
330
17
100
AcDbEntity
  8
RBAR-T8-B2
100
AcDbVertex
100
AcDb3dPolylineVertex
 10
409.7
 20
34.0
 30
0.0
 70
32
  0
VERTEX
  5
686
330
17
100
AcDbEntity
  8
RBAR-T8-B2
100
AcDbVertex
100
AcDb3dPolylineVertex
 10
412.8
 20
34.3
 30
0.0
 70
32
  0
VERTEX
  5
687
330
17
100
AcDbEntity
  8
RBAR-T8-B2
100
AcDbVertex
100
AcDb3dPolylineVertex
 10
415.8
 20
35.2
 30
0.0
 70
32
  0
VERTEX
  5
688
330
17
100
AcDbEntity
  8
RBAR-T8-B2
100
AcDbVertex
100
AcDb3dPolylineVertex
 10
418.5
 20
36.7
 30
0.0
 70
32
  0
VERTEX
  5
689
330
17
100
AcDbEntity
  8
RBAR-T8-B2
100
AcDbVertex
100
AcDb3dPolylineVertex
 10
420.9
 20
38.6
 30
0.0
 70
32
  0
VERTEX
  5
68A
330
17
100
AcDbEntity
  8
RBAR-T8-B2
100
AcDbVertex
100
AcDb3dPolylineVertex
 10
422.9
 20
41.0
 30
0.0
 70
32
  0
VERTEX
  5
68B
330
17
100
AcDbEntity
  8
RBAR-T8-B2
100
AcDbVertex
100
AcDb3dPolylineVertex
 10
424.4
 20
43.8
 30
0.0
 70
32
  0
VERTEX
  5
68C
330
17
100
AcDbEntity
  8
RBAR-T8-B2
100
AcDbVertex
100
AcDb3dPolylineVertex
 10
425.3
 20
46.7
 30
0.0
 70
32
  0
VERTEX
  5
68D
330
17
100
AcDbEntity
  8
RBAR-T8-B2
100
AcDbVertex
100
AcDb3dPolylineVertex
 10
425.6
 20
49.8
 30
0.0
 70
32
  0
VERTEX
  5
68E
330
17
100
AcDbEntity
  8
RBAR-T8-B2
100
AcDbVertex
100
AcDb3dPolylineVertex
 10
425.6
 20
148.7
 30
0.0
 70
32
  0
VERTEX
  5
68F
330
17
100
AcDbEntity
  8
RBAR-T8-B2
100
AcDbVertex
100
AcDb3dPolylineVertex
 10
425.3
 20
151.8
 30
0.0
 70
32
  0
VERTEX
  5
690
330
17
100
AcDbEntity
  8
RBAR-T8-B2
100
AcDbVertex
100
AcDb3dPolylineVertex
 10
424.4
 20
154.8
 30
0.0
 70
32
  0
VERTEX
  5
691
330
17
100
AcDbEntity
  8
RBAR-T8-B2
100
AcDbVertex
100
AcDb3dPolylineVertex
 10
422.9
 20
157.5
 30
0.0
 70
32
  0
VERTEX
  5
692
330
17
100
AcDbEntity
  8
RBAR-T8-B2
100
AcDbVertex
100
AcDb3dPolylineVertex
 10
420.9
 20
159.9
 30
0.0
 70
32
  0
VERTEX
  5
693
330
17
100
AcDbEntity
  8
RBAR-T8-B2
100
AcDbVertex
100
AcDb3dPolylineVertex
 10
418.5
 20
161.9
 30
0.0
 70
32
  0
VERTEX
  5
694
330
17
100
AcDbEntity
  8
RBAR-T8-B2
100
AcDbVertex
100
AcDb3dPolylineVertex
 10
415.8
 20
163.3
 30
0.0
 70
32
  0
VERTEX
  5
695
330
17
100
AcDbEntity
  8
RBAR-T8-B2
100
AcDbVertex
100
AcDb3dPolylineVertex
 10
412.8
 20
164.2
 30
0.0
 70
32
  0
VERTEX
  5
696
330
17
100
AcDbEntity
  8
RBAR-T8-B2
100
AcDbVertex
100
AcDb3dPolylineVertex
 10
409.7
 20
164.5
 30
0.0
 70
32
  0
VERTEX
  5
697
330
17
100
AcDbEntity
  8
RBAR-T8-B2
100
AcDbVertex
100
AcDb3dPolylineVertex
 10
34.0
 20
164.5
 30
0.0
 70
32
  0
SEQEND
  5
683
330
682
100
AcDbEntity
  8
RBAR-T8-B2
  0
POLYLINE
  5
698
330
17
100
AcDbEntity
  8
RBAR-T8-B2
100
AcDb3dPolyline
 66
1
 10
0.0
 20
0.0
 30
0.0
 70
8
  0
VERTEX
  5
69A
330
17
100
AcDbEntity
  8
RBAR-T8-B2
100
AcDbVertex
100
AcDb3dPolylineVertex
 10
34.0
 20
34.0
 30
0.0
 70
32
  0
VERTEX
  5
69B
330
17
100
AcDbEntity
  8
RBAR-T8-B2
100
AcDbVertex
100
AcDb3dPolylineVertex
 10
409.7
 20
34.0
 30
0.0
 70
32
  0
VERTEX
  5
69C
330
17
100
AcDbEntity
  8
RBAR-T8-B2
100
AcDbVertex
100
AcDb3dPolylineVertex
 10
412.8
 20
34.3
 30
0.0
 70
32
  0
VERTEX
  5
69D
330
17
100
AcDbEntity
  8
RBAR-T8-B2
100
AcDbVertex
100
AcDb3dPolylineVertex
 10
415.8
 20
35.2
 30
0.0
 70
32
  0
VERTEX
  5
69E
330
17
100
AcDbEntity
  8
RBAR-T8-B2
100
AcDbVertex
100
AcDb3dPolylineVertex
 10
418.5
 20
36.7
 30
0.0
 70
32
  0
VERTEX
  5
69F
330
17
100
AcDbEntity
  8
RBAR-T8-B2
100
AcDbVertex
100
AcDb3dPolylineVertex
 10
420.9
 20
38.6
 30
0.0
 70
32
  0
VERTEX
  5
6A0
330
17
100
AcDbEntity
  8
RBAR-T8-B2
100
AcDbVertex
100
AcDb3dPolylineVertex
 10
422.9
 20
41.0
 30
0.0
 70
32
  0
VERTEX
  5
6A1
330
17
100
AcDbEntity
  8
RBAR-T8-B2
100
AcDbVertex
100
AcDb3dPolylineVertex
 10
424.4
 20
43.8
 30
0.0
 70
32
  0
VERTEX
  5
6A2
330
17
100
AcDbEntity
  8
RBAR-T8-B2
100
AcDbVertex
100
AcDb3dPolylineVertex
 10
425.3
 20
46.7
 30
0.0
 70
32
  0
VERTEX
  5
6A3
330
17
100
AcDbEntity
  8
RBAR-T8-B2
100
AcDbVertex
100
AcDb3dPolylineVertex
 10
425.6
 20
49.8
 30
0.0
 70
32
  0
VERTEX
  5
6A4
330
17
100
AcDbEntity
  8
RBAR-T8-B2
100
AcDbVertex
100
AcDb3dPolylineVertex
 10
425.6
 20
148.7
 30
0.0
 70
32
  0
VERTEX
  5
6A5
330
17
100
AcDbEntity
  8
RBAR-T8-B2
100
AcDbVertex
100
AcDb3dPolylineVertex
 10
425.3
 20
151.8
 30
0.0
 70
32
  0
VERTEX
  5
6A6
330
17
100
AcDbEntity
  8
RBAR-T8-B2
100
AcDbVertex
100
AcDb3dPolylineVertex
 10
424.4
 20
154.8
 30
0.0
 70
32
  0
VERTEX
  5
6A7
330
17
100
AcDbEntity
  8
RBAR-T8-B2
100
AcDbVertex
100
AcDb3dPolylineVertex
 10
422.9
 20
157.5
 30
0.0
 70
32
  0
VERTEX
  5
6A8
330
17
100
AcDbEntity
  8
RBAR-T8-B2
100
AcDbVertex
100
AcDb3dPolylineVertex
 10
420.9
 20
159.9
 30
0.0
 70
32
  0
VERTEX
  5
6A9
330
17
100
AcDbEntity
  8
RBAR-T8-B2
100
AcDbVertex
100
AcDb3dPolylineVertex
 10
418.5
 20
161.9
 30
0.0
 70
32
  0
VERTEX
  5
6AA
330
17
100
AcDbEntity
  8
RBAR-T8-B2
100
AcDbVertex
100
AcDb3dPolylineVertex
 10
415.8
 20
163.3
 30
0.0
 70
32
  0
VERTEX
  5
6AB
330
17
100
AcDbEntity
  8
RBAR-T8-B2
100
AcDbVertex
100
AcDb3dPolylineVertex
 10
412.8
 20
164.2
 30
0.0
 70
32
  0
VERTEX
  5
6AC
330
17
100
AcDbEntity
  8
RBAR-T8-B2
100
AcDbVertex
100
AcDb3dPolylineVertex
 10
409.7
 20
164.5
 30
0.0
 70
32
  0
VERTEX
  5
6AD
330
17
100
AcDbEntity
  8
RBAR-T8-B2
100
AcDbVertex
100
AcDb3dPolylineVertex
 10
34.0
 20
164.5
 30
0.0
 70
32
  0
SEQEND
  5
699
330
698
100
AcDbEntity
  8
RBAR-T8-B2
  0
POLYLINE
  5
6AF
330
17
100
AcDbEntity
  8
RBAR-T8-B1
100
AcDb3dPolyline
 66
1
 10
0.0
 20
0.0
 30
0.0
 70
8
  0
VERTEX
  5
6B1
330
17
100
AcDbEntity
  8
RBAR-T8-B1
100
AcDbVertex
100
AcDb3dPolylineVertex
 10
703.5
 20
34.0
 30
4680.0
 70
32
  0
VERTEX
  5
6B2
330
17
100
AcDbEntity
  8
RBAR-T8-B1
100
AcDbVertex
100
AcDb3dPolylineVertex
 10
1087.7
 20
34.0
 30
4680.0
 70
32
  0
VERTEX
  5
6B3
330
17
100
AcDbEntity
  8
RBAR-T8-B1
100
AcDbVertex
100
AcDb3dPolylineVertex
 10
1090.8
 20
34.3
 30
4680.0
 70
32
  0
VERTEX
  5
6B4
330
17
100
AcDbEntity
  8
RBAR-T8-B1
100
AcDbVertex
100
AcDb3dPolylineVertex
 10
1093.9
 20
35.2
 30
4680.0
 70
32
  0
VERTEX
  5
6B5
330
17
100
AcDbEntity
  8
RBAR-T8-B1
100
AcDbVertex
100
AcDb3dPolylineVertex
 10
1096.7
 20
36.7
 30
4680.0
 70
32
  0
VERTEX
  5
6B6
330
17
100
AcDbEntity
  8
RBAR-T8-B1
100
AcDbVertex
100
AcDb3dPolylineVertex
 10
1099.1
 20
38.7
 30
4680.0
 70
32
  0
VERTEX
  5
6B7
330
17
100
AcDbEntity
  8
RBAR-T8-B1
100
AcDbVertex
100
AcDb3dPolylineVertex
 10
1101.1
 20
41.2
 30
4680.0
 70
32
  0
VERTEX
  5
6B8
330
17
100
AcDbEntity
  8
RBAR-T8-B1
100
AcDbVertex
100
AcDb3dPolylineVertex
 10
1102.6
 20
44.0
 30
4680.0
 70
32
  0
VERTEX
  5
6B9
330
17
100
AcDbEntity
  8
RBAR-T8-B1
100
AcDbVertex
100
AcDb3dPolylineVertex
 10
1103.6
 20
47.0
 30
4680.0
 70
32
  0
VERTEX
  5
6BA
330
17
100
AcDbEntity
  8
RBAR-T8-B1
100
AcDbVertex
100
AcDb3dPolylineVertex
 10
1103.9
 20
50.2
 30
4680.0
 70
32
  0
VERTEX
  5
6BB
330
17
100
AcDbEntity
  8
RBAR-T8-B1
100
AcDbVertex
100
AcDb3dPolylineVertex
 10
1103.9
 20
131.1
 30
4680.0
 70
32
  0
VERTEX
  5
6BC
330
17
100
AcDbEntity
  8
RBAR-T8-B1
100
AcDbVertex
100
AcDb3dPolylineVertex
 10
1103.6
 20
134.2
 30
4680.0
 70
32
  0
VERTEX
  5
6BD
330
17
100
AcDbEntity
  8
RBAR-T8-B1
100
AcDbVertex
100
AcDb3dPolylineVertex
 10
1102.6
 20
137.2
 30
4680.0
 70
32
  0
VERTEX
  5
6BE
330
17
100
AcDbEntity
  8
RBAR-T8-B1
100
AcDbVertex
100
AcDb3dPolylineVertex
 10
1101.1
 20
140.0
 30
4680.0
 70
32
  0
VERTEX
  5
6BF
330
17
100
AcDbEntity
  8
RBAR-T8-B1
100
AcDbVertex
100
AcDb3dPolylineVertex
 10
1099.1
 20
142.5
 30
4680.0
 70
32
  0
VERTEX
  5
6C0
330
17
100
AcDbEntity
  8
RBAR-T8-B1
100
AcDbVertex
100
AcDb3dPolylineVertex
 10
1096.7
 20
144.5
 30
4680.0
 70
32
  0
VERTEX
  5
6C1
330
17
100
AcDbEntity
  8
RBAR-T8-B1
100
AcDbVertex
100
AcDb3dPolylineVertex
 10
1093.9
 20
146.0
 30
4680.0
 70
32
  0
VERTEX
  5
6C2
330
17
100
AcDbEntity
  8
RBAR-T8-B1
100
AcDbVertex
100
AcDb3dPolylineVertex
 10
1090.8
 20
146.9
 30
4680.0
 70
32
  0
VERTEX
  5
6C3
330
17
100
AcDbEntity
  8
RBAR-T8-B1
100
AcDbVertex
100
AcDb3dPolylineVertex
 10
1087.7
 20
147.2
 30
4680.0
 70
32
  0
VERTEX
  5
6C4
330
17
100
AcDbEntity
  8
RBAR-T8-B1
100
AcDbVertex
100
AcDb3dPolylineVertex
 10
703.5
 20
147.2
 30
4680.0
 70
32
  0
SEQEND
  5
6B0
330
6AF
100
AcDbEntity
  8
RBAR-T8-B1
  0
POLYLINE
  5
6C5
330
17
100
AcDbEntity
  8
RBAR-T8-B1
100
AcDb3dPolyline
 66
1
 10
0.0
 20
0.0
 30
0.0
 70
8
  0
VERTEX
  5
6C7
330
17
100
AcDbEntity
  8
RBAR-T8-B1
100
AcDbVertex
100
AcDb3dPolylineVertex
 10
886.7
 20
34.0
 30
34.5
 70
32
  0
VERTEX
  5
6C8
330
17
100
AcDbEntity
  8
RBAR-T8-B1
100
AcDbVertex
100
AcDb3dPolylineVertex
 10
1270.9
 20
34.0
 30
34.5
 70
32
  0
VERTEX
  5
6C9
330
17
100
AcDbEntity
  8
RBAR-T8-B1
100
AcDbVertex
100
AcDb3dPolylineVertex
 10
1274.0
 20
34.3
 30
34.5
 70
32
  0
VERTEX
  5
6CA
330
17
100
AcDbEntity
  8
RBAR-T8-B1
100
AcDbVertex
100
AcDb3dPolylineVertex
 10
1277.1
 20
35.2
 30
34.5
 70
32
  0
VERTEX
  5
6CB
330
17
100
AcDbEntity
  8
RBAR-T8-B1
100
AcDbVertex
100
AcDb3dPolylineVertex
 10
1279.9
 20
36.7
 30
34.5
 70
32
  0
VERTEX
  5
6CC
330
17
100
AcDbEntity
  8
RBAR-T8-B1
100
AcDbVertex
100
AcDb3dPolylineVertex
 10
1282.3
 20
38.7
 30
34.5
 70
32
  0
VERTEX
  5
6CD
330
17
100
AcDbEntity
  8
RBAR-T8-B1
100
AcDbVertex
100
AcDb3dPolylineVertex
 10
1284.3
 20
41.2
 30
34.5
 70
32
  0
VERTEX
  5
6CE
330
17
100
AcDbEntity
  8
RBAR-T8-B1
100
AcDbVertex
100
AcDb3dPolylineVertex
 10
1285.8
 20
44.0
 30
34.5
 70
32
  0
VERTEX
  5
6CF
330
17
100
AcDbEntity
  8
RBAR-T8-B1
100
AcDbVertex
100
AcDb3dPolylineVertex
 10
1286.7
 20
47.0
 30
34.5
 70
32
  0
VERTEX
  5
6D0
330
17
100
AcDbEntity
  8
RBAR-T8-B1
100
AcDbVertex
100
AcDb3dPolylineVertex
 10
1287.1
 20
50.2
 30
34.5
 70
32
  0
VERTEX
  5
6D1
330
17
100
AcDbEntity
  8
RBAR-T8-B1
100
AcDbVertex
100
AcDb3dPolylineVertex
 10
1287.1
 20
131.1
 30
34.5
 70
32
  0
VERTEX
  5
6D2
330
17
100
AcDbEntity
  8
RBAR-T8-B1
100
AcDbVertex
100
AcDb3dPolylineVertex
 10
1286.7
 20
134.2
 30
34.5
 70
32
  0
VERTEX
  5
6D3
330
17
100
AcDbEntity
  8
RBAR-T8-B1
100
AcDbVertex
100
AcDb3dPolylineVertex
 10
1285.8
 20
137.2
 30
34.5
 70
32
  0
VERTEX
  5
6D4
330
17
100
AcDbEntity
  8
RBAR-T8-B1
100
AcDbVertex
100
AcDb3dPolylineVertex
 10
1284.3
 20
140.0
 30
34.5
 70
32
  0
VERTEX
  5
6D5
330
17
100
AcDbEntity
  8
RBAR-T8-B1
100
AcDbVertex
100
AcDb3dPolylineVertex
 10
1282.3
 20
142.5
 30
34.5
 70
32
  0
VERTEX
  5
6D6
330
17
100
AcDbEntity
  8
RBAR-T8-B1
100
AcDbVertex
100
AcDb3dPolylineVertex
 10
1279.9
 20
144.5
 30
34.5
 70
32
  0
VERTEX
  5
6D7
330
17
100
AcDbEntity
  8
RBAR-T8-B1
100
AcDbVertex
100
AcDb3dPolylineVertex
 10
1277.1
 20
146.0
 30
34.5
 70
32
  0
VERTEX
  5
6D8
330
17
100
AcDbEntity
  8
RBAR-T8-B1
100
AcDbVertex
100
AcDb3dPolylineVertex
 10
1274.0
 20
146.9
 30
34.5
 70
32
  0
VERTEX
  5
6D9
330
17
100
AcDbEntity
  8
RBAR-T8-B1
100
AcDbVertex
100
AcDb3dPolylineVertex
 10
1270.9
 20
147.2
 30
34.5
 70
32
  0
VERTEX
  5
6DA
330
17
100
AcDbEntity
  8
RBAR-T8-B1
100
AcDbVertex
100
AcDb3dPolylineVertex
 10
886.7
 20
147.2
 30
34.5
 70
32
  0
SEQEND
  5
6C6
330
6C5
100
AcDbEntity
  8
RBAR-T8-B1
  0
POLYLINE
  5
6DB
330
17
100
AcDbEntity
  8
RBAR-T8-B1
100
AcDb3dPolyline
 66
1
 10
0.0
 20
0.0
 30
0.0
 70
8
  0
VERTEX
  5
6DD
330
17
100
AcDbEntity
  8
RBAR-T8-B1
100
AcDbVertex
100
AcDb3dPolylineVertex
 10
900.9
 20
34.0
 30
4679.0
 70
32
  0
VERTEX
  5
6DE
330
17
100
AcDbEntity
  8
RBAR-T8-B1
100
AcDbVertex
100
AcDb3dPolylineVertex
 10
1285.1
 20
34.0
 30
4679.0
 70
32
  0
VERTEX
  5
6DF
330
17
100
AcDbEntity
  8
RBAR-T8-B1
100
AcDbVertex
100
AcDb3dPolylineVertex
 10
1288.3
 20
34.3
 30
4679.0
 70
32
  0
VERTEX
  5
6E0
330
17
100
AcDbEntity
  8
RBAR-T8-B1
100
AcDbVertex
100
AcDb3dPolylineVertex
 10
1291.3
 20
35.2
 30
4679.0
 70
32
  0
VERTEX
  5
6E1
330
17
100
AcDbEntity
  8
RBAR-T8-B1
100
AcDbVertex
100
AcDb3dPolylineVertex
 10
1294.1
 20
36.7
 30
4679.0
 70
32
  0
VERTEX
  5
6E2
330
17
100
AcDbEntity
  8
RBAR-T8-B1
100
AcDbVertex
100
AcDb3dPolylineVertex
 10
1296.5
 20
38.7
 30
4679.0
 70
32
  0
VERTEX
  5
6E3
330
17
100
AcDbEntity
  8
RBAR-T8-B1
100
AcDbVertex
100
AcDb3dPolylineVertex
 10
1298.6
 20
41.2
 30
4679.0
 70
32
  0
VERTEX
  5
6E4
330
17
100
AcDbEntity
  8
RBAR-T8-B1
100
AcDbVertex
100
AcDb3dPolylineVertex
 10
1300.0
 20
44.0
 30
4679.0
 70
32
  0
VERTEX
  5
6E5
330
17
100
AcDbEntity
  8
RBAR-T8-B1
100
AcDbVertex
100
AcDb3dPolylineVertex
 10
1301.0
 20
47.0
 30
4679.0
 70
32
  0
VERTEX
  5
6E6
330
17
100
AcDbEntity
  8
RBAR-T8-B1
100
AcDbVertex
100
AcDb3dPolylineVertex
 10
1301.3
 20
50.2
 30
4679.0
 70
32
  0
VERTEX
  5
6E7
330
17
100
AcDbEntity
  8
RBAR-T8-B1
100
AcDbVertex
100
AcDb3dPolylineVertex
 10
1301.3
 20
131.1
 30
4679.0
 70
32
  0
VERTEX
  5
6E8
330
17
100
AcDbEntity
  8
RBAR-T8-B1
100
AcDbVertex
100
AcDb3dPolylineVertex
 10
1301.0
 20
134.2
 30
4679.0
 70
32
  0
VERTEX
  5
6E9
330
17
100
AcDbEntity
  8
RBAR-T8-B1
100
AcDbVertex
100
AcDb3dPolylineVertex
 10
1300.0
 20
137.2
 30
4679.0
 70
32
  0
VERTEX
  5
6EA
330
17
100
AcDbEntity
  8
RBAR-T8-B1
100
AcDbVertex
100
AcDb3dPolylineVertex
 10
1298.6
 20
140.0
 30
4679.0
 70
32
  0
VERTEX
  5
6EB
330
17
100
AcDbEntity
  8
RBAR-T8-B1
100
AcDbVertex
100
AcDb3dPolylineVertex
 10
1296.5
 20
142.5
 30
4679.0
 70
32
  0
VERTEX
  5
6EC
330
17
100
AcDbEntity
  8
RBAR-T8-B1
100
AcDbVertex
100
AcDb3dPolylineVertex
 10
1294.1
 20
144.5
 30
4679.0
 70
32
  0
VERTEX
  5
6ED
330
17
100
AcDbEntity
  8
RBAR-T8-B1
100
AcDbVertex
100
AcDb3dPolylineVertex
 10
1291.3
 20
146.0
 30
4679.0
 70
32
  0
VERTEX
  5
6EE
330
17
100
AcDbEntity
  8
RBAR-T8-B1
100
AcDbVertex
100
AcDb3dPolylineVertex
 10
1288.3
 20
146.9
 30
4679.0
 70
32
  0
VERTEX
  5
6EF
330
17
100
AcDbEntity
  8
RBAR-T8-B1
100
AcDbVertex
100
AcDb3dPolylineVertex
 10
1285.1
 20
147.2
 30
4679.0
 70
32
  0
VERTEX
  5
6F0
330
17
100
AcDbEntity
  8
RBAR-T8-B1
100
AcDbVertex
100
AcDb3dPolylineVertex
 10
900.9
 20
147.2
 30
4679.0
 70
32
  0
SEQEND
  5
6DC
330
6DB
100
AcDbEntity
  8
RBAR-T8-B1
  0
POLYLINE
  5
6F1
330
17
100
AcDbEntity
  8
RBAR-T8-B1
100
AcDb3dPolyline
 66
1
 10
0.0
 20
0.0
 30
0.0
 70
8
  0
VERTEX
  5
6F3
330
17
100
AcDbEntity
  8
RBAR-T8-B1
100
AcDbVertex
100
AcDb3dPolylineVertex
 10
1075.0
 20
34.0
 30
34.5
 70
32
  0
VERTEX
  5
6F4
330
17
100
AcDbEntity
  8
RBAR-T8-B1
100
AcDbVertex
100
AcDb3dPolylineVertex
 10
1459.2
 20
34.0
 30
34.5
 70
32
  0
VERTEX
  5
6F5
330
17
100
AcDbEntity
  8
RBAR-T8-B1
100
AcDbVertex
100
AcDb3dPolylineVertex
 10
1462.4
 20
34.3
 30
34.5
 70
32
  0
VERTEX
  5
6F6
330
17
100
AcDbEntity
  8
RBAR-T8-B1
100
AcDbVertex
100
AcDb3dPolylineVertex
 10
1465.4
 20
35.2
 30
34.5
 70
32
  0
VERTEX
  5
6F7
330
17
100
AcDbEntity
  8
RBAR-T8-B1
100
AcDbVertex
100
AcDb3dPolylineVertex
 10
1468.2
 20
36.7
 30
34.5
 70
32
  0
VERTEX
  5
6F8
330
17
100
AcDbEntity
  8
RBAR-T8-B1
100
AcDbVertex
100
AcDb3dPolylineVertex
 10
1470.7
 20
38.7
 30
34.5
 70
32
  0
VERTEX
  5
6F9
330
17
100
AcDbEntity
  8
RBAR-T8-B1
100
AcDbVertex
100
AcDb3dPolylineVertex
 10
1472.7
 20
41.2
 30
34.5
 70
32
  0
VERTEX
  5
6FA
330
17
100
AcDbEntity
  8
RBAR-T8-B1
100
AcDbVertex
100
AcDb3dPolylineVertex
 10
1474.2
 20
44.0
 30
34.5
 70
32
  0
VERTEX
  5
6FB
330
17
100
AcDbEntity
  8
RBAR-T8-B1
100
AcDbVertex
100
AcDb3dPolylineVertex
 10
1475.1
 20
47.0
 30
34.5
 70
32
  0
VERTEX
  5
6FC
330
17
100
AcDbEntity
  8
RBAR-T8-B1
100
AcDbVertex
100
AcDb3dPolylineVertex
 10
1475.4
 20
50.2
 30
34.5
 70
32
  0
VERTEX
  5
6FD
330
17
100
AcDbEntity
  8
RBAR-T8-B1
100
AcDbVertex
100
AcDb3dPolylineVertex
 10
1475.4
 20
131.1
 30
34.5
 70
32
  0
VERTEX
  5
6FE
330
17
100
AcDbEntity
  8
RBAR-T8-B1
100
AcDbVertex
100
AcDb3dPolylineVertex
 10
1475.1
 20
134.2
 30
34.5
 70
32
  0
VERTEX
  5
6FF
330
17
100
AcDbEntity
  8
RBAR-T8-B1
100
AcDbVertex
100
AcDb3dPolylineVertex
 10
1474.2
 20
137.2
 30
34.5
 70
32
  0
VERTEX
  5
700
330
17
100
AcDbEntity
  8
RBAR-T8-B1
100
AcDbVertex
100
AcDb3dPolylineVertex
 10
1472.7
 20
140.0
 30
34.5
 70
32
  0
VERTEX
  5
701
330
17
100
AcDbEntity
  8
RBAR-T8-B1
100
AcDbVertex
100
AcDb3dPolylineVertex
 10
1470.7
 20
142.5
 30
34.5
 70
32
  0
VERTEX
  5
702
330
17
100
AcDbEntity
  8
RBAR-T8-B1
100
AcDbVertex
100
AcDb3dPolylineVertex
 10
1468.2
 20
144.5
 30
34.5
 70
32
  0
VERTEX
  5
703
330
17
100
AcDbEntity
  8
RBAR-T8-B1
100
AcDbVertex
100
AcDb3dPolylineVertex
 10
1465.4
 20
146.0
 30
34.5
 70
32
  0
VERTEX
  5
704
330
17
100
AcDbEntity
  8
RBAR-T8-B1
100
AcDbVertex
100
AcDb3dPolylineVertex
 10
1462.4
 20
146.9
 30
34.5
 70
32
  0
VERTEX
  5
705
330
17
100
AcDbEntity
  8
RBAR-T8-B1
100
AcDbVertex
100
AcDb3dPolylineVertex
 10
1459.2
 20
147.2
 30
34.5
 70
32
  0
VERTEX
  5
706
330
17
100
AcDbEntity
  8
RBAR-T8-B1
100
AcDbVertex
100
AcDb3dPolylineVertex
 10
1075.0
 20
147.2
 30
34.5
 70
32
  0
SEQEND
  5
6F2
330
6F1
100
AcDbEntity
  8
RBAR-T8-B1
  0
POLYLINE
  5
707
330
17
100
AcDbEntity
  8
RBAR-T8-B1
100
AcDb3dPolyline
 66
1
 10
0.0
 20
0.0
 30
0.0
 70
8
  0
VERTEX
  5
709
330
17
100
AcDbEntity
  8
RBAR-T8-B1
100
AcDbVertex
100
AcDb3dPolylineVertex
 10
1085.8
 20
34.0
 30
4625.0
 70
32
  0
VERTEX
  5
70A
330
17
100
AcDbEntity
  8
RBAR-T8-B1
100
AcDbVertex
100
AcDb3dPolylineVertex
 10
1469.9
 20
34.0
 30
4625.0
 70
32
  0
VERTEX
  5
70B
330
17
100
AcDbEntity
  8
RBAR-T8-B1
100
AcDbVertex
100
AcDb3dPolylineVertex
 10
1473.1
 20
34.3
 30
4625.0
 70
32
  0
VERTEX
  5
70C
330
17
100
AcDbEntity
  8
RBAR-T8-B1
100
AcDbVertex
100
AcDb3dPolylineVertex
 10
1476.1
 20
35.2
 30
4625.0
 70
32
  0
VERTEX
  5
70D
330
17
100
AcDbEntity
  8
RBAR-T8-B1
100
AcDbVertex
100
AcDb3dPolylineVertex
 10
1478.9
 20
36.7
 30
4625.0
 70
32
  0
VERTEX
  5
70E
330
17
100
AcDbEntity
  8
RBAR-T8-B1
100
AcDbVertex
100
AcDb3dPolylineVertex
 10
1481.4
 20
38.7
 30
4625.0
 70
32
  0
VERTEX
  5
70F
330
17
100
AcDbEntity
  8
RBAR-T8-B1
100
AcDbVertex
100
AcDb3dPolylineVertex
 10
1483.4
 20
41.2
 30
4625.0
 70
32
  0
VERTEX
  5
710
330
17
100
AcDbEntity
  8
RBAR-T8-B1
100
AcDbVertex
100
AcDb3dPolylineVertex
 10
1484.9
 20
44.0
 30
4625.0
 70
32
  0
VERTEX
  5
711
330
17
100
AcDbEntity
  8
RBAR-T8-B1
100
AcDbVertex
100
AcDb3dPolylineVertex
 10
1485.8
 20
47.0
 30
4625.0
 70
32
  0
VERTEX
  5
712
330
17
100
AcDbEntity
  8
RBAR-T8-B1
100
AcDbVertex
100
AcDb3dPolylineVertex
 10
1486.1
 20
50.2
 30
4625.0
 70
32
  0
VERTEX
  5
713
330
17
100
AcDbEntity
  8
RBAR-T8-B1
100
AcDbVertex
100
AcDb3dPolylineVertex
 10
1486.1
 20
131.1
 30
4625.0
 70
32
  0
VERTEX
  5
714
330
17
100
AcDbEntity
  8
RBAR-T8-B1
100
AcDbVertex
100
AcDb3dPolylineVertex
 10
1485.8
 20
134.2
 30
4625.0
 70
32
  0
VERTEX
  5
715
330
17
100
AcDbEntity
  8
RBAR-T8-B1
100
AcDbVertex
100
AcDb3dPolylineVertex
 10
1484.9
 20
137.2
 30
4625.0
 70
32
  0
VERTEX
  5
716
330
17
100
AcDbEntity
  8
RBAR-T8-B1
100
AcDbVertex
100
AcDb3dPolylineVertex
 10
1483.4
 20
140.0
 30
4625.0
 70
32
  0
VERTEX
  5
717
330
17
100
AcDbEntity
  8
RBAR-T8-B1
100
AcDbVertex
100
AcDb3dPolylineVertex
 10
1481.4
 20
142.5
 30
4625.0
 70
32
  0
VERTEX
  5
718
330
17
100
AcDbEntity
  8
RBAR-T8-B1
100
AcDbVertex
100
AcDb3dPolylineVertex
 10
1478.9
 20
144.5
 30
4625.0
 70
32
  0
VERTEX
  5
719
330
17
100
AcDbEntity
  8
RBAR-T8-B1
100
AcDbVertex
100
AcDb3dPolylineVertex
 10
1476.1
 20
146.0
 30
4625.0
 70
32
  0
VERTEX
  5
71A
330
17
100
AcDbEntity
  8
RBAR-T8-B1
100
AcDbVertex
100
AcDb3dPolylineVertex
 10
1473.1
 20
146.9
 30
4625.0
 70
32
  0
VERTEX
  5
71B
330
17
100
AcDbEntity
  8
RBAR-T8-B1
100
AcDbVertex
100
AcDb3dPolylineVertex
 10
1469.9
 20
147.2
 30
4625.0
 70
32
  0
VERTEX
  5
71C
330
17
100
AcDbEntity
  8
RBAR-T8-B1
100
AcDbVertex
100
AcDb3dPolylineVertex
 10
1085.8
 20
147.2
 30
4625.0
 70
32
  0
SEQEND
  5
708
330
707
100
AcDbEntity
  8
RBAR-T8-B1
  0
POLYLINE
  5
71D
330
17
100
AcDbEntity
  8
RBAR-T8-B1
100
AcDb3dPolyline
 66
1
 10
0.0
 20
0.0
 30
0.0
 70
8
  0
VERTEX
  5
71F
330
17
100
AcDbEntity
  8
RBAR-T8-B1
100
AcDbVertex
100
AcDb3dPolylineVertex
 10
1283.4
 20
34.0
 30
0.0
 70
32
  0
VERTEX
  5
720
330
17
100
AcDbEntity
  8
RBAR-T8-B1
100
AcDbVertex
100
AcDb3dPolylineVertex
 10
1667.6
 20
34.0
 30
0.0
 70
32
  0
VERTEX
  5
721
330
17
100
AcDbEntity
  8
RBAR-T8-B1
100
AcDbVertex
100
AcDb3dPolylineVertex
 10
1670.7
 20
34.3
 30
0.0
 70
32
  0
VERTEX
  5
722
330
17
100
AcDbEntity
  8
RBAR-T8-B1
100
AcDbVertex
100
AcDb3dPolylineVertex
 10
1673.8
 20
35.2
 30
0.0
 70
32
  0
VERTEX
  5
723
330
17
100
AcDbEntity
  8
RBAR-T8-B1
100
AcDbVertex
100
AcDb3dPolylineVertex
 10
1676.6
 20
36.7
 30
0.0
 70
32
  0
VERTEX
  5
724
330
17
100
AcDbEntity
  8
RBAR-T8-B1
100
AcDbVertex
100
AcDb3dPolylineVertex
 10
1679.0
 20
38.7
 30
0.0
 70
32
  0
VERTEX
  5
725
330
17
100
AcDbEntity
  8
RBAR-T8-B1
100
AcDbVertex
100
AcDb3dPolylineVertex
 10
1681.0
 20
41.2
 30
0.0
 70
32
  0
VERTEX
  5
726
330
17
100
AcDbEntity
  8
RBAR-T8-B1
100
AcDbVertex
100
AcDb3dPolylineVertex
 10
1682.5
 20
44.0
 30
0.0
 70
32
  0
VERTEX
  5
727
330
17
100
AcDbEntity
  8
RBAR-T8-B1
100
AcDbVertex
100
AcDb3dPolylineVertex
 10
1683.4
 20
47.0
 30
0.0
 70
32
  0
VERTEX
  5
728
330
17
100
AcDbEntity
  8
RBAR-T8-B1
100
AcDbVertex
100
AcDb3dPolylineVertex
 10
1683.8
 20
50.2
 30
0.0
 70
32
  0
VERTEX
  5
729
330
17
100
AcDbEntity
  8
RBAR-T8-B1
100
AcDbVertex
100
AcDb3dPolylineVertex
 10
1683.8
 20
131.1
 30
0.0
 70
32
  0
VERTEX
  5
72A
330
17
100
AcDbEntity
  8
RBAR-T8-B1
100
AcDbVertex
100
AcDb3dPolylineVertex
 10
1683.4
 20
134.2
 30
0.0
 70
32
  0
VERTEX
  5
72B
330
17
100
AcDbEntity
  8
RBAR-T8-B1
100
AcDbVertex
100
AcDb3dPolylineVertex
 10
1682.5
 20
137.2
 30
0.0
 70
32
  0
VERTEX
  5
72C
330
17
100
AcDbEntity
  8
RBAR-T8-B1
100
AcDbVertex
100
AcDb3dPolylineVertex
 10
1681.0
 20
140.0
 30
0.0
 70
32
  0
VERTEX
  5
72D
330
17
100
AcDbEntity
  8
RBAR-T8-B1
100
AcDbVertex
100
AcDb3dPolylineVertex
 10
1679.0
 20
142.5
 30
0.0
 70
32
  0
VERTEX
  5
72E
330
17
100
AcDbEntity
  8
RBAR-T8-B1
100
AcDbVertex
100
AcDb3dPolylineVertex
 10
1676.6
 20
144.5
 30
0.0
 70
32
  0
VERTEX
  5
72F
330
17
100
AcDbEntity
  8
RBAR-T8-B1
100
AcDbVertex
100
AcDb3dPolylineVertex
 10
1673.8
 20
146.0
 30
0.0
 70
32
  0
VERTEX
  5
730
330
17
100
AcDbEntity
  8
RBAR-T8-B1
100
AcDbVertex
100
AcDb3dPolylineVertex
 10
1670.7
 20
146.9
 30
0.0
 70
32
  0
VERTEX
  5
731
330
17
100
AcDbEntity
  8
RBAR-T8-B1
100
AcDbVertex
100
AcDb3dPolylineVertex
 10
1667.6
 20
147.2
 30
0.0
 70
32
  0
VERTEX
  5
732
330
17
100
AcDbEntity
  8
RBAR-T8-B1
100
AcDbVertex
100
AcDb3dPolylineVertex
 10
1283.4
 20
147.2
 30
0.0
 70
32
  0
SEQEND
  5
71E
330
71D
100
AcDbEntity
  8
RBAR-T8-B1
  0
POLYLINE
  5
733
330
17
100
AcDbEntity
  8
RBAR-T8-B1
100
AcDb3dPolyline
 66
1
 10
0.0
 20
0.0
 30
0.0
 70
8
  0
VERTEX
  5
735
330
17
100
AcDbEntity
  8
RBAR-T8-B1
100
AcDbVertex
100
AcDb3dPolylineVertex
 10
1295.7
 20
34.0
 30
0.0
 70
32
  0
VERTEX
  5
736
330
17
100
AcDbEntity
  8
RBAR-T8-B1
100
AcDbVertex
100
AcDb3dPolylineVertex
 10
1679.9
 20
34.0
 30
0.0
 70
32
  0
VERTEX
  5
737
330
17
100
AcDbEntity
  8
RBAR-T8-B1
100
AcDbVertex
100
AcDb3dPolylineVertex
 10
1683.1
 20
34.3
 30
0.0
 70
32
  0
VERTEX
  5
738
330
17
100
AcDbEntity
  8
RBAR-T8-B1
100
AcDbVertex
100
AcDb3dPolylineVertex
 10
1686.1
 20
35.2
 30
0.0
 70
32
  0
VERTEX
  5
739
330
17
100
AcDbEntity
  8
RBAR-T8-B1
100
AcDbVertex
100
AcDb3dPolylineVertex
 10
1688.9
 20
36.7
 30
0.0
 70
32
  0
VERTEX
  5
73A
330
17
100
AcDbEntity
  8
RBAR-T8-B1
100
AcDbVertex
100
AcDb3dPolylineVertex
 10
1691.4
 20
38.7
 30
0.0
 70
32
  0
VERTEX
  5
73B
330
17
100
AcDbEntity
  8
RBAR-T8-B1
100
AcDbVertex
100
AcDb3dPolylineVertex
 10
1693.4
 20
41.2
 30
0.0
 70
32
  0
VERTEX
  5
73C
330
17
100
AcDbEntity
  8
RBAR-T8-B1
100
AcDbVertex
100
AcDb3dPolylineVertex
 10
1694.9
 20
44.0
 30
0.0
 70
32
  0
VERTEX
  5
73D
330
17
100
AcDbEntity
  8
RBAR-T8-B1
100
AcDbVertex
100
AcDb3dPolylineVertex
 10
1695.8
 20
47.0
 30
0.0
 70
32
  0
VERTEX
  5
73E
330
17
100
AcDbEntity
  8
RBAR-T8-B1
100
AcDbVertex
100
AcDb3dPolylineVertex
 10
1696.1
 20
50.2
 30
0.0
 70
32
  0
VERTEX
  5
73F
330
17
100
AcDbEntity
  8
RBAR-T8-B1
100
AcDbVertex
100
AcDb3dPolylineVertex
 10
1696.1
 20
131.1
 30
0.0
 70
32
  0
VERTEX
  5
740
330
17
100
AcDbEntity
  8
RBAR-T8-B1
100
AcDbVertex
100
AcDb3dPolylineVertex
 10
1695.8
 20
134.2
 30
0.0
 70
32
  0
VERTEX
  5
741
330
17
100
AcDbEntity
  8
RBAR-T8-B1
100
AcDbVertex
100
AcDb3dPolylineVertex
 10
1694.9
 20
137.2
 30
0.0
 70
32
  0
VERTEX
  5
742
330
17
100
AcDbEntity
  8
RBAR-T8-B1
100
AcDbVertex
100
AcDb3dPolylineVertex
 10
1693.4
 20
140.0
 30
0.0
 70
32
  0
VERTEX
  5
743
330
17
100
AcDbEntity
  8
RBAR-T8-B1
100
AcDbVertex
100
AcDb3dPolylineVertex
 10
1691.4
 20
142.5
 30
0.0
 70
32
  0
VERTEX
  5
744
330
17
100
AcDbEntity
  8
RBAR-T8-B1
100
AcDbVertex
100
AcDb3dPolylineVertex
 10
1688.9
 20
144.5
 30
0.0
 70
32
  0
VERTEX
  5
745
330
17
100
AcDbEntity
  8
RBAR-T8-B1
100
AcDbVertex
100
AcDb3dPolylineVertex
 10
1686.1
 20
146.0
 30
0.0
 70
32
  0
VERTEX
  5
746
330
17
100
AcDbEntity
  8
RBAR-T8-B1
100
AcDbVertex
100
AcDb3dPolylineVertex
 10
1683.1
 20
146.9
 30
0.0
 70
32
  0
VERTEX
  5
747
330
17
100
AcDbEntity
  8
RBAR-T8-B1
100
AcDbVertex
100
AcDb3dPolylineVertex
 10
1679.9
 20
147.2
 30
0.0
 70
32
  0
VERTEX
  5
748
330
17
100
AcDbEntity
  8
RBAR-T8-B1
100
AcDbVertex
100
AcDb3dPolylineVertex
 10
1295.7
 20
147.2
 30
0.0
 70
32
  0
SEQEND
  5
734
330
733
100
AcDbEntity
  8
RBAR-T8-B1
  0
POLYLINE
  5
749
330
17
100
AcDbEntity
  8
RBAR-T8-B1
100
AcDb3dPolyline
 66
1
 10
0.0
 20
0.0
 30
0.0
 70
8
  0
VERTEX
  5
74B
330
17
100
AcDbEntity
  8
RBAR-T8-B1
100
AcDbVertex
100
AcDb3dPolylineVertex
 10
1473.0
 20
34.0
 30
0.0
 70
32
  0
VERTEX
  5
74C
330
17
100
AcDbEntity
  8
RBAR-T8-B1
100
AcDbVertex
100
AcDb3dPolylineVertex
 10
1857.2
 20
34.0
 30
0.0
 70
32
  0
VERTEX
  5
74D
330
17
100
AcDbEntity
  8
RBAR-T8-B1
100
AcDbVertex
100
AcDb3dPolylineVertex
 10
1860.3
 20
34.3
 30
0.0
 70
32
  0
VERTEX
  5
74E
330
17
100
AcDbEntity
  8
RBAR-T8-B1
100
AcDbVertex
100
AcDb3dPolylineVertex
 10
1863.4
 20
35.2
 30
0.0
 70
32
  0
VERTEX
  5
74F
330
17
100
AcDbEntity
  8
RBAR-T8-B1
100
AcDbVertex
100
AcDb3dPolylineVertex
 10
1866.2
 20
36.7
 30
0.0
 70
32
  0
VERTEX
  5
750
330
17
100
AcDbEntity
  8
RBAR-T8-B1
100
AcDbVertex
100
AcDb3dPolylineVertex
 10
1868.6
 20
38.7
 30
0.0
 70
32
  0
VERTEX
  5
751
330
17
100
AcDbEntity
  8
RBAR-T8-B1
100
AcDbVertex
100
AcDb3dPolylineVertex
 10
1870.6
 20
41.2
 30
0.0
 70
32
  0
VERTEX
  5
752
330
17
100
AcDbEntity
  8
RBAR-T8-B1
100
AcDbVertex
100
AcDb3dPolylineVertex
 10
1872.1
 20
44.0
 30
0.0
 70
32
  0
VERTEX
  5
753
330
17
100
AcDbEntity
  8
RBAR-T8-B1
100
AcDbVertex
100
AcDb3dPolylineVertex
 10
1873.0
 20
47.0
 30
0.0
 70
32
  0
VERTEX
  5
754
330
17
100
AcDbEntity
  8
RBAR-T8-B1
100
AcDbVertex
100
AcDb3dPolylineVertex
 10
1873.4
 20
50.2
 30
0.0
 70
32
  0
VERTEX
  5
755
330
17
100
AcDbEntity
  8
RBAR-T8-B1
100
AcDbVertex
100
AcDb3dPolylineVertex
 10
1873.4
 20
131.1
 30
0.0
 70
32
  0
VERTEX
  5
756
330
17
100
AcDbEntity
  8
RBAR-T8-B1
100
AcDbVertex
100
AcDb3dPolylineVertex
 10
1873.0
 20
134.2
 30
0.0
 70
32
  0
VERTEX
  5
757
330
17
100
AcDbEntity
  8
RBAR-T8-B1
100
AcDbVertex
100
AcDb3dPolylineVertex
 10
1872.1
 20
137.2
 30
0.0
 70
32
  0
VERTEX
  5
758
330
17
100
AcDbEntity
  8
RBAR-T8-B1
100
AcDbVertex
100
AcDb3dPolylineVertex
 10
1870.6
 20
140.0
 30
0.0
 70
32
  0
VERTEX
  5
759
330
17
100
AcDbEntity
  8
RBAR-T8-B1
100
AcDbVertex
100
AcDb3dPolylineVertex
 10
1868.6
 20
142.5
 30
0.0
 70
32
  0
VERTEX
  5
75A
330
17
100
AcDbEntity
  8
RBAR-T8-B1
100
AcDbVertex
100
AcDb3dPolylineVertex
 10
1866.2
 20
144.5
 30
0.0
 70
32
  0
VERTEX
  5
75B
330
17
100
AcDbEntity
  8
RBAR-T8-B1
100
AcDbVertex
100
AcDb3dPolylineVertex
 10
1863.4
 20
146.0
 30
0.0
 70
32
  0
VERTEX
  5
75C
330
17
100
AcDbEntity
  8
RBAR-T8-B1
100
AcDbVertex
100
AcDb3dPolylineVertex
 10
1860.3
 20
146.9
 30
0.0
 70
32
  0
VERTEX
  5
75D
330
17
100
AcDbEntity
  8
RBAR-T8-B1
100
AcDbVertex
100
AcDb3dPolylineVertex
 10
1857.2
 20
147.2
 30
0.0
 70
32
  0
VERTEX
  5
75E
330
17
100
AcDbEntity
  8
RBAR-T8-B1
100
AcDbVertex
100
AcDb3dPolylineVertex
 10
1473.0
 20
147.2
 30
0.0
 70
32
  0
SEQEND
  5
74A
330
749
100
AcDbEntity
  8
RBAR-T8-B1
  0
POLYLINE
  5
75F
330
17
100
AcDbEntity
  8
RBAR-T8-B1
100
AcDb3dPolyline
 66
1
 10
0.0
 20
0.0
 30
0.0
 70
8
  0
VERTEX
  5
761
330
17
100
AcDbEntity
  8
RBAR-T8-B1
100
AcDbVertex
100
AcDb3dPolylineVertex
 10
1493.2
 20
34.0
 30
0.0
 70
32
  0
VERTEX
  5
762
330
17
100
AcDbEntity
  8
RBAR-T8-B1
100
AcDbVertex
100
AcDb3dPolylineVertex
 10
1877.3
 20
34.0
 30
0.0
 70
32
  0
VERTEX
  5
763
330
17
100
AcDbEntity
  8
RBAR-T8-B1
100
AcDbVertex
100
AcDb3dPolylineVertex
 10
1880.5
 20
34.3
 30
0.0
 70
32
  0
VERTEX
  5
764
330
17
100
AcDbEntity
  8
RBAR-T8-B1
100
AcDbVertex
100
AcDb3dPolylineVertex
 10
1883.5
 20
35.2
 30
0.0
 70
32
  0
VERTEX
  5
765
330
17
100
AcDbEntity
  8
RBAR-T8-B1
100
AcDbVertex
100
AcDb3dPolylineVertex
 10
1886.3
 20
36.7
 30
0.0
 70
32
  0
VERTEX
  5
766
330
17
100
AcDbEntity
  8
RBAR-T8-B1
100
AcDbVertex
100
AcDb3dPolylineVertex
 10
1888.8
 20
38.7
 30
0.0
 70
32
  0
VERTEX
  5
767
330
17
100
AcDbEntity
  8
RBAR-T8-B1
100
AcDbVertex
100
AcDb3dPolylineVertex
 10
1890.8
 20
41.2
 30
0.0
 70
32
  0
VERTEX
  5
768
330
17
100
AcDbEntity
  8
RBAR-T8-B1
100
AcDbVertex
100
AcDb3dPolylineVertex
 10
1892.3
 20
44.0
 30
0.0
 70
32
  0
VERTEX
  5
769
330
17
100
AcDbEntity
  8
RBAR-T8-B1
100
AcDbVertex
100
AcDb3dPolylineVertex
 10
1893.2
 20
47.0
 30
0.0
 70
32
  0
VERTEX
  5
76A
330
17
100
AcDbEntity
  8
RBAR-T8-B1
100
AcDbVertex
100
AcDb3dPolylineVertex
 10
1893.5
 20
50.2
 30
0.0
 70
32
  0
VERTEX
  5
76B
330
17
100
AcDbEntity
  8
RBAR-T8-B1
100
AcDbVertex
100
AcDb3dPolylineVertex
 10
1893.5
 20
131.1
 30
0.0
 70
32
  0
VERTEX
  5
76C
330
17
100
AcDbEntity
  8
RBAR-T8-B1
100
AcDbVertex
100
AcDb3dPolylineVertex
 10
1893.2
 20
134.2
 30
0.0
 70
32
  0
VERTEX
  5
76D
330
17
100
AcDbEntity
  8
RBAR-T8-B1
100
AcDbVertex
100
AcDb3dPolylineVertex
 10
1892.3
 20
137.2
 30
0.0
 70
32
  0
VERTEX
  5
76E
330
17
100
AcDbEntity
  8
RBAR-T8-B1
100
AcDbVertex
100
AcDb3dPolylineVertex
 10
1890.8
 20
140.0
 30
0.0
 70
32
  0
VERTEX
  5
76F
330
17
100
AcDbEntity
  8
RBAR-T8-B1
100
AcDbVertex
100
AcDb3dPolylineVertex
 10
1888.8
 20
142.5
 30
0.0
 70
32
  0
VERTEX
  5
770
330
17
100
AcDbEntity
  8
RBAR-T8-B1
100
AcDbVertex
100
AcDb3dPolylineVertex
 10
1886.3
 20
144.5
 30
0.0
 70
32
  0
VERTEX
  5
771
330
17
100
AcDbEntity
  8
RBAR-T8-B1
100
AcDbVertex
100
AcDb3dPolylineVertex
 10
1883.5
 20
146.0
 30
0.0
 70
32
  0
VERTEX
  5
772
330
17
100
AcDbEntity
  8
RBAR-T8-B1
100
AcDbVertex
100
AcDb3dPolylineVertex
 10
1880.5
 20
146.9
 30
0.0
 70
32
  0
VERTEX
  5
773
330
17
100
AcDbEntity
  8
RBAR-T8-B1
100
AcDbVertex
100
AcDb3dPolylineVertex
 10
1877.3
 20
147.2
 30
0.0
 70
32
  0
VERTEX
  5
774
330
17
100
AcDbEntity
  8
RBAR-T8-B1
100
AcDbVertex
100
AcDb3dPolylineVertex
 10
1493.2
 20
147.2
 30
0.0
 70
32
  0
SEQEND
  5
760
330
75F
100
AcDbEntity
  8
RBAR-T8-B1
  0
POLYLINE
  5
775
330
17
100
AcDbEntity
  8
RBAR-T8-B1
100
AcDb3dPolyline
 66
1
 10
0.0
 20
0.0
 30
0.0
 70
8
  0
VERTEX
  5
777
330
17
100
AcDbEntity
  8
RBAR-T8-B1
100
AcDbVertex
100
AcDb3dPolylineVertex
 10
1663.8
 20
34.0
 30
0.0
 70
32
  0
VERTEX
  5
778
330
17
100
AcDbEntity
  8
RBAR-T8-B1
100
AcDbVertex
100
AcDb3dPolylineVertex
 10
2048.0
 20
34.0
 30
0.0
 70
32
  0
VERTEX
  5
779
330
17
100
AcDbEntity
  8
RBAR-T8-B1
100
AcDbVertex
100
AcDb3dPolylineVertex
 10
2051.2
 20
34.3
 30
0.0
 70
32
  0
VERTEX
  5
77A
330
17
100
AcDbEntity
  8
RBAR-T8-B1
100
AcDbVertex
100
AcDb3dPolylineVertex
 10
2054.2
 20
35.2
 30
0.0
 70
32
  0
VERTEX
  5
77B
330
17
100
AcDbEntity
  8
RBAR-T8-B1
100
AcDbVertex
100
AcDb3dPolylineVertex
 10
2057.0
 20
36.7
 30
0.0
 70
32
  0
VERTEX
  5
77C
330
17
100
AcDbEntity
  8
RBAR-T8-B1
100
AcDbVertex
100
AcDb3dPolylineVertex
 10
2059.5
 20
38.7
 30
0.0
 70
32
  0
VERTEX
  5
77D
330
17
100
AcDbEntity
  8
RBAR-T8-B1
100
AcDbVertex
100
AcDb3dPolylineVertex
 10
2061.5
 20
41.2
 30
0.0
 70
32
  0
VERTEX
  5
77E
330
17
100
AcDbEntity
  8
RBAR-T8-B1
100
AcDbVertex
100
AcDb3dPolylineVertex
 10
2063.0
 20
44.0
 30
0.0
 70
32
  0
VERTEX
  5
77F
330
17
100
AcDbEntity
  8
RBAR-T8-B1
100
AcDbVertex
100
AcDb3dPolylineVertex
 10
2063.9
 20
47.0
 30
0.0
 70
32
  0
VERTEX
  5
780
330
17
100
AcDbEntity
  8
RBAR-T8-B1
100
AcDbVertex
100
AcDb3dPolylineVertex
 10
2064.2
 20
50.2
 30
0.0
 70
32
  0
VERTEX
  5
781
330
17
100
AcDbEntity
  8
RBAR-T8-B1
100
AcDbVertex
100
AcDb3dPolylineVertex
 10
2064.2
 20
131.1
 30
0.0
 70
32
  0
VERTEX
  5
782
330
17
100
AcDbEntity
  8
RBAR-T8-B1
100
AcDbVertex
100
AcDb3dPolylineVertex
 10
2063.9
 20
134.2
 30
0.0
 70
32
  0
VERTEX
  5
783
330
17
100
AcDbEntity
  8
RBAR-T8-B1
100
AcDbVertex
100
AcDb3dPolylineVertex
 10
2063.0
 20
137.2
 30
0.0
 70
32
  0
VERTEX
  5
784
330
17
100
AcDbEntity
  8
RBAR-T8-B1
100
AcDbVertex
100
AcDb3dPolylineVertex
 10
2061.5
 20
140.0
 30
0.0
 70
32
  0
VERTEX
  5
785
330
17
100
AcDbEntity
  8
RBAR-T8-B1
100
AcDbVertex
100
AcDb3dPolylineVertex
 10
2059.5
 20
142.5
 30
0.0
 70
32
  0
VERTEX
  5
786
330
17
100
AcDbEntity
  8
RBAR-T8-B1
100
AcDbVertex
100
AcDb3dPolylineVertex
 10
2057.0
 20
144.5
 30
0.0
 70
32
  0
VERTEX
  5
787
330
17
100
AcDbEntity
  8
RBAR-T8-B1
100
AcDbVertex
100
AcDb3dPolylineVertex
 10
2054.2
 20
146.0
 30
0.0
 70
32
  0
VERTEX
  5
788
330
17
100
AcDbEntity
  8
RBAR-T8-B1
100
AcDbVertex
100
AcDb3dPolylineVertex
 10
2051.2
 20
146.9
 30
0.0
 70
32
  0
VERTEX
  5
789
330
17
100
AcDbEntity
  8
RBAR-T8-B1
100
AcDbVertex
100
AcDb3dPolylineVertex
 10
2048.0
 20
147.2
 30
0.0
 70
32
  0
VERTEX
  5
78A
330
17
100
AcDbEntity
  8
RBAR-T8-B1
100
AcDbVertex
100
AcDb3dPolylineVertex
 10
1663.8
 20
147.2
 30
0.0
 70
32
  0
SEQEND
  5
776
330
775
100
AcDbEntity
  8
RBAR-T8-B1
  0
POLYLINE
  5
78B
330
17
100
AcDbEntity
  8
RBAR-T8-B1
100
AcDb3dPolyline
 66
1
 10
0.0
 20
0.0
 30
0.0
 70
8
  0
VERTEX
  5
78D
330
17
100
AcDbEntity
  8
RBAR-T8-B1
100
AcDbVertex
100
AcDb3dPolylineVertex
 10
1682.1
 20
34.0
 30
4625.0
 70
32
  0
VERTEX
  5
78E
330
17
100
AcDbEntity
  8
RBAR-T8-B1
100
AcDbVertex
100
AcDb3dPolylineVertex
 10
2066.3
 20
34.0
 30
4625.0
 70
32
  0
VERTEX
  5
78F
330
17
100
AcDbEntity
  8
RBAR-T8-B1
100
AcDbVertex
100
AcDb3dPolylineVertex
 10
2069.4
 20
34.3
 30
4625.0
 70
32
  0
VERTEX
  5
790
330
17
100
AcDbEntity
  8
RBAR-T8-B1
100
AcDbVertex
100
AcDb3dPolylineVertex
 10
2072.5
 20
35.2
 30
4625.0
 70
32
  0
VERTEX
  5
791
330
17
100
AcDbEntity
  8
RBAR-T8-B1
100
AcDbVertex
100
AcDb3dPolylineVertex
 10
2075.3
 20
36.7
 30
4625.0
 70
32
  0
VERTEX
  5
792
330
17
100
AcDbEntity
  8
RBAR-T8-B1
100
AcDbVertex
100
AcDb3dPolylineVertex
 10
2077.7
 20
38.7
 30
4625.0
 70
32
  0
VERTEX
  5
793
330
17
100
AcDbEntity
  8
RBAR-T8-B1
100
AcDbVertex
100
AcDb3dPolylineVertex
 10
2079.7
 20
41.2
 30
4625.0
 70
32
  0
VERTEX
  5
794
330
17
100
AcDbEntity
  8
RBAR-T8-B1
100
AcDbVertex
100
AcDb3dPolylineVertex
 10
2081.2
 20
44.0
 30
4625.0
 70
32
  0
VERTEX
  5
795
330
17
100
AcDbEntity
  8
RBAR-T8-B1
100
AcDbVertex
100
AcDb3dPolylineVertex
 10
2082.1
 20
47.0
 30
4625.0
 70
32
  0
VERTEX
  5
796
330
17
100
AcDbEntity
  8
RBAR-T8-B1
100
AcDbVertex
100
AcDb3dPolylineVertex
 10
2082.4
 20
50.2
 30
4625.0
 70
32
  0
VERTEX
  5
797
330
17
100
AcDbEntity
  8
RBAR-T8-B1
100
AcDbVertex
100
AcDb3dPolylineVertex
 10
2082.4
 20
131.1
 30
4625.0
 70
32
  0
VERTEX
  5
798
330
17
100
AcDbEntity
  8
RBAR-T8-B1
100
AcDbVertex
100
AcDb3dPolylineVertex
 10
2082.1
 20
134.2
 30
4625.0
 70
32
  0
VERTEX
  5
799
330
17
100
AcDbEntity
  8
RBAR-T8-B1
100
AcDbVertex
100
AcDb3dPolylineVertex
 10
2081.2
 20
137.2
 30
4625.0
 70
32
  0
VERTEX
  5
79A
330
17
100
AcDbEntity
  8
RBAR-T8-B1
100
AcDbVertex
100
AcDb3dPolylineVertex
 10
2079.7
 20
140.0
 30
4625.0
 70
32
  0
VERTEX
  5
79B
330
17
100
AcDbEntity
  8
RBAR-T8-B1
100
AcDbVertex
100
AcDb3dPolylineVertex
 10
2077.7
 20
142.5
 30
4625.0
 70
32
  0
VERTEX
  5
79C
330
17
100
AcDbEntity
  8
RBAR-T8-B1
100
AcDbVertex
100
AcDb3dPolylineVertex
 10
2075.3
 20
144.5
 30
4625.0
 70
32
  0
VERTEX
  5
79D
330
17
100
AcDbEntity
  8
RBAR-T8-B1
100
AcDbVertex
100
AcDb3dPolylineVertex
 10
2072.5
 20
146.0
 30
4625.0
 70
32
  0
VERTEX
  5
79E
330
17
100
AcDbEntity
  8
RBAR-T8-B1
100
AcDbVertex
100
AcDb3dPolylineVertex
 10
2069.4
 20
146.9
 30
4625.0
 70
32
  0
VERTEX
  5
79F
330
17
100
AcDbEntity
  8
RBAR-T8-B1
100
AcDbVertex
100
AcDb3dPolylineVertex
 10
2066.3
 20
147.2
 30
4625.0
 70
32
  0
VERTEX
  5
7A0
330
17
100
AcDbEntity
  8
RBAR-T8-B1
100
AcDbVertex
100
AcDb3dPolylineVertex
 10
1682.1
 20
147.2
 30
4625.0
 70
32
  0
SEQEND
  5
78C
330
78B
100
AcDbEntity
  8
RBAR-T8-B1
  0
POLYLINE
  5
7A1
330
17
100
AcDbEntity
  8
RBAR-T8-B1
100
AcDb3dPolyline
 66
1
 10
0.0
 20
0.0
 30
0.0
 70
8
  0
VERTEX
  5
7A3
330
17
100
AcDbEntity
  8
RBAR-T8-B1
100
AcDbVertex
100
AcDb3dPolylineVertex
 10
1754.1
 20
34.0
 30
34.5
 70
32
  0
VERTEX
  5
7A4
330
17
100
AcDbEntity
  8
RBAR-T8-B1
100
AcDbVertex
100
AcDb3dPolylineVertex
 10
2138.3
 20
34.0
 30
34.5
 70
32
  0
VERTEX
  5
7A5
330
17
100
AcDbEntity
  8
RBAR-T8-B1
100
AcDbVertex
100
AcDb3dPolylineVertex
 10
2141.5
 20
34.3
 30
34.5
 70
32
  0
VERTEX
  5
7A6
330
17
100
AcDbEntity
  8
RBAR-T8-B1
100
AcDbVertex
100
AcDb3dPolylineVertex
 10
2144.5
 20
35.2
 30
34.5
 70
32
  0
VERTEX
  5
7A7
330
17
100
AcDbEntity
  8
RBAR-T8-B1
100
AcDbVertex
100
AcDb3dPolylineVertex
 10
2147.3
 20
36.7
 30
34.5
 70
32
  0
VERTEX
  5
7A8
330
17
100
AcDbEntity
  8
RBAR-T8-B1
100
AcDbVertex
100
AcDb3dPolylineVertex
 10
2149.8
 20
38.7
 30
34.5
 70
32
  0
VERTEX
  5
7A9
330
17
100
AcDbEntity
  8
RBAR-T8-B1
100
AcDbVertex
100
AcDb3dPolylineVertex
 10
2151.8
 20
41.2
 30
34.5
 70
32
  0
VERTEX
  5
7AA
330
17
100
AcDbEntity
  8
RBAR-T8-B1
100
AcDbVertex
100
AcDb3dPolylineVertex
 10
2153.3
 20
44.0
 30
34.5
 70
32
  0
VERTEX
  5
7AB
330
17
100
AcDbEntity
  8
RBAR-T8-B1
100
AcDbVertex
100
AcDb3dPolylineVertex
 10
2154.2
 20
47.0
 30
34.5
 70
32
  0
VERTEX
  5
7AC
330
17
100
AcDbEntity
  8
RBAR-T8-B1
100
AcDbVertex
100
AcDb3dPolylineVertex
 10
2154.5
 20
50.2
 30
34.5
 70
32
  0
VERTEX
  5
7AD
330
17
100
AcDbEntity
  8
RBAR-T8-B1
100
AcDbVertex
100
AcDb3dPolylineVertex
 10
2154.5
 20
131.1
 30
34.5
 70
32
  0
VERTEX
  5
7AE
330
17
100
AcDbEntity
  8
RBAR-T8-B1
100
AcDbVertex
100
AcDb3dPolylineVertex
 10
2154.2
 20
134.2
 30
34.5
 70
32
  0
VERTEX
  5
7AF
330
17
100
AcDbEntity
  8
RBAR-T8-B1
100
AcDbVertex
100
AcDb3dPolylineVertex
 10
2153.3
 20
137.2
 30
34.5
 70
32
  0
VERTEX
  5
7B0
330
17
100
AcDbEntity
  8
RBAR-T8-B1
100
AcDbVertex
100
AcDb3dPolylineVertex
 10
2151.8
 20
140.0
 30
34.5
 70
32
  0
VERTEX
  5
7B1
330
17
100
AcDbEntity
  8
RBAR-T8-B1
100
AcDbVertex
100
AcDb3dPolylineVertex
 10
2149.8
 20
142.5
 30
34.5
 70
32
  0
VERTEX
  5
7B2
330
17
100
AcDbEntity
  8
RBAR-T8-B1
100
AcDbVertex
100
AcDb3dPolylineVertex
 10
2147.3
 20
144.5
 30
34.5
 70
32
  0
VERTEX
  5
7B3
330
17
100
AcDbEntity
  8
RBAR-T8-B1
100
AcDbVertex
100
AcDb3dPolylineVertex
 10
2144.5
 20
146.0
 30
34.5
 70
32
  0
VERTEX
  5
7B4
330
17
100
AcDbEntity
  8
RBAR-T8-B1
100
AcDbVertex
100
AcDb3dPolylineVertex
 10
2141.5
 20
146.9
 30
34.5
 70
32
  0
VERTEX
  5
7B5
330
17
100
AcDbEntity
  8
RBAR-T8-B1
100
AcDbVertex
100
AcDb3dPolylineVertex
 10
2138.3
 20
147.2
 30
34.5
 70
32
  0
VERTEX
  5
7B6
330
17
100
AcDbEntity
  8
RBAR-T8-B1
100
AcDbVertex
100
AcDb3dPolylineVertex
 10
1754.1
 20
147.2
 30
34.5
 70
32
  0
SEQEND
  5
7A2
330
7A1
100
AcDbEntity
  8
RBAR-T8-B1
  0
POLYLINE
  5
7B7
330
17
100
AcDbEntity
  8
RBAR-T8-B1
100
AcDb3dPolyline
 66
1
 10
0.0
 20
0.0
 30
0.0
 70
8
  0
VERTEX
  5
7B9
330
17
100
AcDbEntity
  8
RBAR-T8-B1
100
AcDbVertex
100
AcDb3dPolylineVertex
 10
1754.1
 20
34.0
 30
4625.0
 70
32
  0
VERTEX
  5
7BA
330
17
100
AcDbEntity
  8
RBAR-T8-B1
100
AcDbVertex
100
AcDb3dPolylineVertex
 10
2138.3
 20
34.0
 30
4625.0
 70
32
  0
VERTEX
  5
7BB
330
17
100
AcDbEntity
  8
RBAR-T8-B1
100
AcDbVertex
100
AcDb3dPolylineVertex
 10
2141.5
 20
34.3
 30
4625.0
 70
32
  0
VERTEX
  5
7BC
330
17
100
AcDbEntity
  8
RBAR-T8-B1
100
AcDbVertex
100
AcDb3dPolylineVertex
 10
2144.5
 20
35.2
 30
4625.0
 70
32
  0
VERTEX
  5
7BD
330
17
100
AcDbEntity
  8
RBAR-T8-B1
100
AcDbVertex
100
AcDb3dPolylineVertex
 10
2147.3
 20
36.7
 30
4625.0
 70
32
  0
VERTEX
  5
7BE
330
17
100
AcDbEntity
  8
RBAR-T8-B1
100
AcDbVertex
100
AcDb3dPolylineVertex
 10
2149.8
 20
38.7
 30
4625.0
 70
32
  0
VERTEX
  5
7BF
330
17
100
AcDbEntity
  8
RBAR-T8-B1
100
AcDbVertex
100
AcDb3dPolylineVertex
 10
2151.8
 20
41.2
 30
4625.0
 70
32
  0
VERTEX
  5
7C0
330
17
100
AcDbEntity
  8
RBAR-T8-B1
100
AcDbVertex
100
AcDb3dPolylineVertex
 10
2153.3
 20
44.0
 30
4625.0
 70
32
  0
VERTEX
  5
7C1
330
17
100
AcDbEntity
  8
RBAR-T8-B1
100
AcDbVertex
100
AcDb3dPolylineVertex
 10
2154.2
 20
47.0
 30
4625.0
 70
32
  0
VERTEX
  5
7C2
330
17
100
AcDbEntity
  8
RBAR-T8-B1
100
AcDbVertex
100
AcDb3dPolylineVertex
 10
2154.5
 20
50.2
 30
4625.0
 70
32
  0
VERTEX
  5
7C3
330
17
100
AcDbEntity
  8
RBAR-T8-B1
100
AcDbVertex
100
AcDb3dPolylineVertex
 10
2154.5
 20
131.1
 30
4625.0
 70
32
  0
VERTEX
  5
7C4
330
17
100
AcDbEntity
  8
RBAR-T8-B1
100
AcDbVertex
100
AcDb3dPolylineVertex
 10
2154.2
 20
134.2
 30
4625.0
 70
32
  0
VERTEX
  5
7C5
330
17
100
AcDbEntity
  8
RBAR-T8-B1
100
AcDbVertex
100
AcDb3dPolylineVertex
 10
2153.3
 20
137.2
 30
4625.0
 70
32
  0
VERTEX
  5
7C6
330
17
100
AcDbEntity
  8
RBAR-T8-B1
100
AcDbVertex
100
AcDb3dPolylineVertex
 10
2151.8
 20
140.0
 30
4625.0
 70
32
  0
VERTEX
  5
7C7
330
17
100
AcDbEntity
  8
RBAR-T8-B1
100
AcDbVertex
100
AcDb3dPolylineVertex
 10
2149.8
 20
142.5
 30
4625.0
 70
32
  0
VERTEX
  5
7C8
330
17
100
AcDbEntity
  8
RBAR-T8-B1
100
AcDbVertex
100
AcDb3dPolylineVertex
 10
2147.3
 20
144.5
 30
4625.0
 70
32
  0
VERTEX
  5
7C9
330
17
100
AcDbEntity
  8
RBAR-T8-B1
100
AcDbVertex
100
AcDb3dPolylineVertex
 10
2144.5
 20
146.0
 30
4625.0
 70
32
  0
VERTEX
  5
7CA
330
17
100
AcDbEntity
  8
RBAR-T8-B1
100
AcDbVertex
100
AcDb3dPolylineVertex
 10
2141.5
 20
146.9
 30
4625.0
 70
32
  0
VERTEX
  5
7CB
330
17
100
AcDbEntity
  8
RBAR-T8-B1
100
AcDbVertex
100
AcDb3dPolylineVertex
 10
2138.3
 20
147.2
 30
4625.0
 70
32
  0
VERTEX
  5
7CC
330
17
100
AcDbEntity
  8
RBAR-T8-B1
100
AcDbVertex
100
AcDb3dPolylineVertex
 10
1754.1
 20
147.2
 30
4625.0
 70
32
  0
SEQEND
  5
7B8
330
7B7
100
AcDbEntity
  8
RBAR-T8-B1
  0
POLYLINE
  5
7CD
330
17
100
AcDbEntity
  8
RBAR-T8-B1
100
AcDb3dPolyline
 66
1
 10
0.0
 20
0.0
 30
0.0
 70
8
  0
VERTEX
  5
7CF
330
17
100
AcDbEntity
  8
RBAR-T8-B1
100
AcDbVertex
100
AcDb3dPolylineVertex
 10
1754.1
 20
34.0
 30
34.5
 70
32
  0
VERTEX
  5
7D0
330
17
100
AcDbEntity
  8
RBAR-T8-B1
100
AcDbVertex
100
AcDb3dPolylineVertex
 10
2138.3
 20
34.0
 30
34.5
 70
32
  0
VERTEX
  5
7D1
330
17
100
AcDbEntity
  8
RBAR-T8-B1
100
AcDbVertex
100
AcDb3dPolylineVertex
 10
2141.5
 20
34.3
 30
34.5
 70
32
  0
VERTEX
  5
7D2
330
17
100
AcDbEntity
  8
RBAR-T8-B1
100
AcDbVertex
100
AcDb3dPolylineVertex
 10
2144.5
 20
35.2
 30
34.5
 70
32
  0
VERTEX
  5
7D3
330
17
100
AcDbEntity
  8
RBAR-T8-B1
100
AcDbVertex
100
AcDb3dPolylineVertex
 10
2147.3
 20
36.7
 30
34.5
 70
32
  0
VERTEX
  5
7D4
330
17
100
AcDbEntity
  8
RBAR-T8-B1
100
AcDbVertex
100
AcDb3dPolylineVertex
 10
2149.8
 20
38.7
 30
34.5
 70
32
  0
VERTEX
  5
7D5
330
17
100
AcDbEntity
  8
RBAR-T8-B1
100
AcDbVertex
100
AcDb3dPolylineVertex
 10
2151.8
 20
41.2
 30
34.5
 70
32
  0
VERTEX
  5
7D6
330
17
100
AcDbEntity
  8
RBAR-T8-B1
100
AcDbVertex
100
AcDb3dPolylineVertex
 10
2153.3
 20
44.0
 30
34.5
 70
32
  0
VERTEX
  5
7D7
330
17
100
AcDbEntity
  8
RBAR-T8-B1
100
AcDbVertex
100
AcDb3dPolylineVertex
 10
2154.2
 20
47.0
 30
34.5
 70
32
  0
VERTEX
  5
7D8
330
17
100
AcDbEntity
  8
RBAR-T8-B1
100
AcDbVertex
100
AcDb3dPolylineVertex
 10
2154.5
 20
50.2
 30
34.5
 70
32
  0
VERTEX
  5
7D9
330
17
100
AcDbEntity
  8
RBAR-T8-B1
100
AcDbVertex
100
AcDb3dPolylineVertex
 10
2154.5
 20
131.1
 30
34.5
 70
32
  0
VERTEX
  5
7DA
330
17
100
AcDbEntity
  8
RBAR-T8-B1
100
AcDbVertex
100
AcDb3dPolylineVertex
 10
2154.2
 20
134.2
 30
34.5
 70
32
  0
VERTEX
  5
7DB
330
17
100
AcDbEntity
  8
RBAR-T8-B1
100
AcDbVertex
100
AcDb3dPolylineVertex
 10
2153.3
 20
137.2
 30
34.5
 70
32
  0
VERTEX
  5
7DC
330
17
100
AcDbEntity
  8
RBAR-T8-B1
100
AcDbVertex
100
AcDb3dPolylineVertex
 10
2151.8
 20
140.0
 30
34.5
 70
32
  0
VERTEX
  5
7DD
330
17
100
AcDbEntity
  8
RBAR-T8-B1
100
AcDbVertex
100
AcDb3dPolylineVertex
 10
2149.8
 20
142.5
 30
34.5
 70
32
  0
VERTEX
  5
7DE
330
17
100
AcDbEntity
  8
RBAR-T8-B1
100
AcDbVertex
100
AcDb3dPolylineVertex
 10
2147.3
 20
144.5
 30
34.5
 70
32
  0
VERTEX
  5
7DF
330
17
100
AcDbEntity
  8
RBAR-T8-B1
100
AcDbVertex
100
AcDb3dPolylineVertex
 10
2144.5
 20
146.0
 30
34.5
 70
32
  0
VERTEX
  5
7E0
330
17
100
AcDbEntity
  8
RBAR-T8-B1
100
AcDbVertex
100
AcDb3dPolylineVertex
 10
2141.5
 20
146.9
 30
34.5
 70
32
  0
VERTEX
  5
7E1
330
17
100
AcDbEntity
  8
RBAR-T8-B1
100
AcDbVertex
100
AcDb3dPolylineVertex
 10
2138.3
 20
147.2
 30
34.5
 70
32
  0
VERTEX
  5
7E2
330
17
100
AcDbEntity
  8
RBAR-T8-B1
100
AcDbVertex
100
AcDb3dPolylineVertex
 10
1754.1
 20
147.2
 30
34.5
 70
32
  0
SEQEND
  5
7CE
330
7CD
100
AcDbEntity
  8
RBAR-T8-B1
  0
POLYLINE
  5
7E3
330
17
100
AcDbEntity
  8
RBAR-T8-B1
100
AcDb3dPolyline
 66
1
 10
0.0
 20
0.0
 30
0.0
 70
8
  0
VERTEX
  5
7E5
330
17
100
AcDbEntity
  8
RBAR-T8-B1
100
AcDbVertex
100
AcDb3dPolylineVertex
 10
1158.1
 20
34.0
 30
2547.5
 70
32
  0
VERTEX
  5
7E6
330
17
100
AcDbEntity
  8
RBAR-T8-B1
100
AcDbVertex
100
AcDb3dPolylineVertex
 10
1542.3
 20
34.0
 30
2547.5
 70
32
  0
VERTEX
  5
7E7
330
17
100
AcDbEntity
  8
RBAR-T8-B1
100
AcDbVertex
100
AcDb3dPolylineVertex
 10
1545.4
 20
34.3
 30
2547.5
 70
32
  0
VERTEX
  5
7E8
330
17
100
AcDbEntity
  8
RBAR-T8-B1
100
AcDbVertex
100
AcDb3dPolylineVertex
 10
1548.5
 20
35.2
 30
2547.5
 70
32
  0
VERTEX
  5
7E9
330
17
100
AcDbEntity
  8
RBAR-T8-B1
100
AcDbVertex
100
AcDb3dPolylineVertex
 10
1551.3
 20
36.7
 30
2547.5
 70
32
  0
VERTEX
  5
7EA
330
17
100
AcDbEntity
  8
RBAR-T8-B1
100
AcDbVertex
100
AcDb3dPolylineVertex
 10
1553.7
 20
38.7
 30
2547.5
 70
32
  0
VERTEX
  5
7EB
330
17
100
AcDbEntity
  8
RBAR-T8-B1
100
AcDbVertex
100
AcDb3dPolylineVertex
 10
1555.7
 20
41.2
 30
2547.5
 70
32
  0
VERTEX
  5
7EC
330
17
100
AcDbEntity
  8
RBAR-T8-B1
100
AcDbVertex
100
AcDb3dPolylineVertex
 10
1557.2
 20
44.0
 30
2547.5
 70
32
  0
VERTEX
  5
7ED
330
17
100
AcDbEntity
  8
RBAR-T8-B1
100
AcDbVertex
100
AcDb3dPolylineVertex
 10
1558.1
 20
47.0
 30
2547.5
 70
32
  0
VERTEX
  5
7EE
330
17
100
AcDbEntity
  8
RBAR-T8-B1
100
AcDbVertex
100
AcDb3dPolylineVertex
 10
1558.5
 20
50.2
 30
2547.5
 70
32
  0
VERTEX
  5
7EF
330
17
100
AcDbEntity
  8
RBAR-T8-B1
100
AcDbVertex
100
AcDb3dPolylineVertex
 10
1558.5
 20
131.1
 30
2547.5
 70
32
  0
VERTEX
  5
7F0
330
17
100
AcDbEntity
  8
RBAR-T8-B1
100
AcDbVertex
100
AcDb3dPolylineVertex
 10
1558.1
 20
134.2
 30
2547.5
 70
32
  0
VERTEX
  5
7F1
330
17
100
AcDbEntity
  8
RBAR-T8-B1
100
AcDbVertex
100
AcDb3dPolylineVertex
 10
1557.2
 20
137.2
 30
2547.5
 70
32
  0
VERTEX
  5
7F2
330
17
100
AcDbEntity
  8
RBAR-T8-B1
100
AcDbVertex
100
AcDb3dPolylineVertex
 10
1555.7
 20
140.0
 30
2547.5
 70
32
  0
VERTEX
  5
7F3
330
17
100
AcDbEntity
  8
RBAR-T8-B1
100
AcDbVertex
100
AcDb3dPolylineVertex
 10
1553.7
 20
142.5
 30
2547.5
 70
32
  0
VERTEX
  5
7F4
330
17
100
AcDbEntity
  8
RBAR-T8-B1
100
AcDbVertex
100
AcDb3dPolylineVertex
 10
1551.3
 20
144.5
 30
2547.5
 70
32
  0
VERTEX
  5
7F5
330
17
100
AcDbEntity
  8
RBAR-T8-B1
100
AcDbVertex
100
AcDb3dPolylineVertex
 10
1548.5
 20
146.0
 30
2547.5
 70
32
  0
VERTEX
  5
7F6
330
17
100
AcDbEntity
  8
RBAR-T8-B1
100
AcDbVertex
100
AcDb3dPolylineVertex
 10
1545.4
 20
146.9
 30
2547.5
 70
32
  0
VERTEX
  5
7F7
330
17
100
AcDbEntity
  8
RBAR-T8-B1
100
AcDbVertex
100
AcDb3dPolylineVertex
 10
1542.3
 20
147.2
 30
2547.5
 70
32
  0
VERTEX
  5
7F8
330
17
100
AcDbEntity
  8
RBAR-T8-B1
100
AcDbVertex
100
AcDb3dPolylineVertex
 10
1158.1
 20
147.2
 30
2547.5
 70
32
  0
SEQEND
  5
7E4
330
7E3
100
AcDbEntity
  8
RBAR-T8-B1
  0
POLYLINE
  5
7F9
330
17
100
AcDbEntity
  8
RBAR-T8-B1
100
AcDb3dPolyline
 66
1
 10
0.0
 20
0.0
 30
0.0
 70
8
  0
VERTEX
  5
7FB
330
17
100
AcDbEntity
  8
RBAR-T8-B1
100
AcDbVertex
100
AcDb3dPolylineVertex
 10
1158.1
 20
34.0
 30
2744.8
 70
32
  0
VERTEX
  5
7FC
330
17
100
AcDbEntity
  8
RBAR-T8-B1
100
AcDbVertex
100
AcDb3dPolylineVertex
 10
1542.3
 20
34.0
 30
2744.8
 70
32
  0
VERTEX
  5
7FD
330
17
100
AcDbEntity
  8
RBAR-T8-B1
100
AcDbVertex
100
AcDb3dPolylineVertex
 10
1545.4
 20
34.3
 30
2744.8
 70
32
  0
VERTEX
  5
7FE
330
17
100
AcDbEntity
  8
RBAR-T8-B1
100
AcDbVertex
100
AcDb3dPolylineVertex
 10
1548.5
 20
35.2
 30
2744.8
 70
32
  0
VERTEX
  5
7FF
330
17
100
AcDbEntity
  8
RBAR-T8-B1
100
AcDbVertex
100
AcDb3dPolylineVertex
 10
1551.3
 20
36.7
 30
2744.8
 70
32
  0
VERTEX
  5
800
330
17
100
AcDbEntity
  8
RBAR-T8-B1
100
AcDbVertex
100
AcDb3dPolylineVertex
 10
1553.7
 20
38.7
 30
2744.8
 70
32
  0
VERTEX
  5
801
330
17
100
AcDbEntity
  8
RBAR-T8-B1
100
AcDbVertex
100
AcDb3dPolylineVertex
 10
1555.7
 20
41.2
 30
2744.8
 70
32
  0
VERTEX
  5
802
330
17
100
AcDbEntity
  8
RBAR-T8-B1
100
AcDbVertex
100
AcDb3dPolylineVertex
 10
1557.2
 20
44.0
 30
2744.8
 70
32
  0
VERTEX
  5
803
330
17
100
AcDbEntity
  8
RBAR-T8-B1
100
AcDbVertex
100
AcDb3dPolylineVertex
 10
1558.1
 20
47.0
 30
2744.8
 70
32
  0
VERTEX
  5
804
330
17
100
AcDbEntity
  8
RBAR-T8-B1
100
AcDbVertex
100
AcDb3dPolylineVertex
 10
1558.5
 20
50.2
 30
2744.8
 70
32
  0
VERTEX
  5
805
330
17
100
AcDbEntity
  8
RBAR-T8-B1
100
AcDbVertex
100
AcDb3dPolylineVertex
 10
1558.5
 20
131.1
 30
2744.8
 70
32
  0
VERTEX
  5
806
330
17
100
AcDbEntity
  8
RBAR-T8-B1
100
AcDbVertex
100
AcDb3dPolylineVertex
 10
1558.1
 20
134.2
 30
2744.8
 70
32
  0
VERTEX
  5
807
330
17
100
AcDbEntity
  8
RBAR-T8-B1
100
AcDbVertex
100
AcDb3dPolylineVertex
 10
1557.2
 20
137.2
 30
2744.8
 70
32
  0
VERTEX
  5
808
330
17
100
AcDbEntity
  8
RBAR-T8-B1
100
AcDbVertex
100
AcDb3dPolylineVertex
 10
1555.7
 20
140.0
 30
2744.8
 70
32
  0
VERTEX
  5
809
330
17
100
AcDbEntity
  8
RBAR-T8-B1
100
AcDbVertex
100
AcDb3dPolylineVertex
 10
1553.7
 20
142.5
 30
2744.8
 70
32
  0
VERTEX
  5
80A
330
17
100
AcDbEntity
  8
RBAR-T8-B1
100
AcDbVertex
100
AcDb3dPolylineVertex
 10
1551.3
 20
144.5
 30
2744.8
 70
32
  0
VERTEX
  5
80B
330
17
100
AcDbEntity
  8
RBAR-T8-B1
100
AcDbVertex
100
AcDb3dPolylineVertex
 10
1548.5
 20
146.0
 30
2744.8
 70
32
  0
VERTEX
  5
80C
330
17
100
AcDbEntity
  8
RBAR-T8-B1
100
AcDbVertex
100
AcDb3dPolylineVertex
 10
1545.4
 20
146.9
 30
2744.8
 70
32
  0
VERTEX
  5
80D
330
17
100
AcDbEntity
  8
RBAR-T8-B1
100
AcDbVertex
100
AcDb3dPolylineVertex
 10
1542.3
 20
147.2
 30
2744.8
 70
32
  0
VERTEX
  5
80E
330
17
100
AcDbEntity
  8
RBAR-T8-B1
100
AcDbVertex
100
AcDb3dPolylineVertex
 10
1158.1
 20
147.2
 30
2744.8
 70
32
  0
SEQEND
  5
7FA
330
7F9
100
AcDbEntity
  8
RBAR-T8-B1
  0
POLYLINE
  5
80F
330
17
100
AcDbEntity
  8
RBAR-T8-B1
100
AcDb3dPolyline
 66
1
 10
0.0
 20
0.0
 30
0.0
 70
8
  0
VERTEX
  5
811
330
17
100
AcDbEntity
  8
RBAR-T8-B1
100
AcDbVertex
100
AcDb3dPolylineVertex
 10
1158.1
 20
34.0
 30
2942.2
 70
32
  0
VERTEX
  5
812
330
17
100
AcDbEntity
  8
RBAR-T8-B1
100
AcDbVertex
100
AcDb3dPolylineVertex
 10
1542.3
 20
34.0
 30
2942.2
 70
32
  0
VERTEX
  5
813
330
17
100
AcDbEntity
  8
RBAR-T8-B1
100
AcDbVertex
100
AcDb3dPolylineVertex
 10
1545.4
 20
34.3
 30
2942.2
 70
32
  0
VERTEX
  5
814
330
17
100
AcDbEntity
  8
RBAR-T8-B1
100
AcDbVertex
100
AcDb3dPolylineVertex
 10
1548.5
 20
35.2
 30
2942.2
 70
32
  0
VERTEX
  5
815
330
17
100
AcDbEntity
  8
RBAR-T8-B1
100
AcDbVertex
100
AcDb3dPolylineVertex
 10
1551.3
 20
36.7
 30
2942.2
 70
32
  0
VERTEX
  5
816
330
17
100
AcDbEntity
  8
RBAR-T8-B1
100
AcDbVertex
100
AcDb3dPolylineVertex
 10
1553.7
 20
38.7
 30
2942.2
 70
32
  0
VERTEX
  5
817
330
17
100
AcDbEntity
  8
RBAR-T8-B1
100
AcDbVertex
100
AcDb3dPolylineVertex
 10
1555.7
 20
41.2
 30
2942.2
 70
32
  0
VERTEX
  5
818
330
17
100
AcDbEntity
  8
RBAR-T8-B1
100
AcDbVertex
100
AcDb3dPolylineVertex
 10
1557.2
 20
44.0
 30
2942.2
 70
32
  0
VERTEX
  5
819
330
17
100
AcDbEntity
  8
RBAR-T8-B1
100
AcDbVertex
100
AcDb3dPolylineVertex
 10
1558.1
 20
47.0
 30
2942.2
 70
32
  0
VERTEX
  5
81A
330
17
100
AcDbEntity
  8
RBAR-T8-B1
100
AcDbVertex
100
AcDb3dPolylineVertex
 10
1558.5
 20
50.2
 30
2942.2
 70
32
  0
VERTEX
  5
81B
330
17
100
AcDbEntity
  8
RBAR-T8-B1
100
AcDbVertex
100
AcDb3dPolylineVertex
 10
1558.5
 20
131.1
 30
2942.2
 70
32
  0
VERTEX
  5
81C
330
17
100
AcDbEntity
  8
RBAR-T8-B1
100
AcDbVertex
100
AcDb3dPolylineVertex
 10
1558.1
 20
134.2
 30
2942.2
 70
32
  0
VERTEX
  5
81D
330
17
100
AcDbEntity
  8
RBAR-T8-B1
100
AcDbVertex
100
AcDb3dPolylineVertex
 10
1557.2
 20
137.2
 30
2942.2
 70
32
  0
VERTEX
  5
81E
330
17
100
AcDbEntity
  8
RBAR-T8-B1
100
AcDbVertex
100
AcDb3dPolylineVertex
 10
1555.7
 20
140.0
 30
2942.2
 70
32
  0
VERTEX
  5
81F
330
17
100
AcDbEntity
  8
RBAR-T8-B1
100
AcDbVertex
100
AcDb3dPolylineVertex
 10
1553.7
 20
142.5
 30
2942.2
 70
32
  0
VERTEX
  5
820
330
17
100
AcDbEntity
  8
RBAR-T8-B1
100
AcDbVertex
100
AcDb3dPolylineVertex
 10
1551.3
 20
144.5
 30
2942.2
 70
32
  0
VERTEX
  5
821
330
17
100
AcDbEntity
  8
RBAR-T8-B1
100
AcDbVertex
100
AcDb3dPolylineVertex
 10
1548.5
 20
146.0
 30
2942.2
 70
32
  0
VERTEX
  5
822
330
17
100
AcDbEntity
  8
RBAR-T8-B1
100
AcDbVertex
100
AcDb3dPolylineVertex
 10
1545.4
 20
146.9
 30
2942.2
 70
32
  0
VERTEX
  5
823
330
17
100
AcDbEntity
  8
RBAR-T8-B1
100
AcDbVertex
100
AcDb3dPolylineVertex
 10
1542.3
 20
147.2
 30
2942.2
 70
32
  0
VERTEX
  5
824
330
17
100
AcDbEntity
  8
RBAR-T8-B1
100
AcDbVertex
100
AcDb3dPolylineVertex
 10
1158.1
 20
147.2
 30
2942.2
 70
32
  0
SEQEND
  5
810
330
80F
100
AcDbEntity
  8
RBAR-T8-B1
  0
POLYLINE
  5
825
330
17
100
AcDbEntity
  8
RBAR-T8-B1
100
AcDb3dPolyline
 66
1
 10
0.0
 20
0.0
 30
0.0
 70
8
  0
VERTEX
  5
827
330
17
100
AcDbEntity
  8
RBAR-T8-B1
100
AcDbVertex
100
AcDb3dPolylineVertex
 10
1720.1
 20
34.0
 30
2152.8
 70
32
  0
VERTEX
  5
828
330
17
100
AcDbEntity
  8
RBAR-T8-B1
100
AcDbVertex
100
AcDb3dPolylineVertex
 10
2104.3
 20
34.0
 30
2152.8
 70
32
  0
VERTEX
  5
829
330
17
100
AcDbEntity
  8
RBAR-T8-B1
100
AcDbVertex
100
AcDb3dPolylineVertex
 10
2107.5
 20
34.3
 30
2152.8
 70
32
  0
VERTEX
  5
82A
330
17
100
AcDbEntity
  8
RBAR-T8-B1
100
AcDbVertex
100
AcDb3dPolylineVertex
 10
2110.5
 20
35.2
 30
2152.8
 70
32
  0
VERTEX
  5
82B
330
17
100
AcDbEntity
  8
RBAR-T8-B1
100
AcDbVertex
100
AcDb3dPolylineVertex
 10
2113.3
 20
36.7
 30
2152.8
 70
32
  0
VERTEX
  5
82C
330
17
100
AcDbEntity
  8
RBAR-T8-B1
100
AcDbVertex
100
AcDb3dPolylineVertex
 10
2115.8
 20
38.7
 30
2152.8
 70
32
  0
VERTEX
  5
82D
330
17
100
AcDbEntity
  8
RBAR-T8-B1
100
AcDbVertex
100
AcDb3dPolylineVertex
 10
2117.8
 20
41.2
 30
2152.8
 70
32
  0
VERTEX
  5
82E
330
17
100
AcDbEntity
  8
RBAR-T8-B1
100
AcDbVertex
100
AcDb3dPolylineVertex
 10
2119.3
 20
44.0
 30
2152.8
 70
32
  0
VERTEX
  5
82F
330
17
100
AcDbEntity
  8
RBAR-T8-B1
100
AcDbVertex
100
AcDb3dPolylineVertex
 10
2120.2
 20
47.0
 30
2152.8
 70
32
  0
VERTEX
  5
830
330
17
100
AcDbEntity
  8
RBAR-T8-B1
100
AcDbVertex
100
AcDb3dPolylineVertex
 10
2120.5
 20
50.2
 30
2152.8
 70
32
  0
VERTEX
  5
831
330
17
100
AcDbEntity
  8
RBAR-T8-B1
100
AcDbVertex
100
AcDb3dPolylineVertex
 10
2120.5
 20
131.1
 30
2152.8
 70
32
  0
VERTEX
  5
832
330
17
100
AcDbEntity
  8
RBAR-T8-B1
100
AcDbVertex
100
AcDb3dPolylineVertex
 10
2120.2
 20
134.2
 30
2152.8
 70
32
  0
VERTEX
  5
833
330
17
100
AcDbEntity
  8
RBAR-T8-B1
100
AcDbVertex
100
AcDb3dPolylineVertex
 10
2119.3
 20
137.2
 30
2152.8
 70
32
  0
VERTEX
  5
834
330
17
100
AcDbEntity
  8
RBAR-T8-B1
100
AcDbVertex
100
AcDb3dPolylineVertex
 10
2117.8
 20
140.0
 30
2152.8
 70
32
  0
VERTEX
  5
835
330
17
100
AcDbEntity
  8
RBAR-T8-B1
100
AcDbVertex
100
AcDb3dPolylineVertex
 10
2115.8
 20
142.5
 30
2152.8
 70
32
  0
VERTEX
  5
836
330
17
100
AcDbEntity
  8
RBAR-T8-B1
100
AcDbVertex
100
AcDb3dPolylineVertex
 10
2113.3
 20
144.5
 30
2152.8
 70
32
  0
VERTEX
  5
837
330
17
100
AcDbEntity
  8
RBAR-T8-B1
100
AcDbVertex
100
AcDb3dPolylineVertex
 10
2110.5
 20
146.0
 30
2152.8
 70
32
  0
VERTEX
  5
838
330
17
100
AcDbEntity
  8
RBAR-T8-B1
100
AcDbVertex
100
AcDb3dPolylineVertex
 10
2107.5
 20
146.9
 30
2152.8
 70
32
  0
VERTEX
  5
839
330
17
100
AcDbEntity
  8
RBAR-T8-B1
100
AcDbVertex
100
AcDb3dPolylineVertex
 10
2104.3
 20
147.2
 30
2152.8
 70
32
  0
VERTEX
  5
83A
330
17
100
AcDbEntity
  8
RBAR-T8-B1
100
AcDbVertex
100
AcDb3dPolylineVertex
 10
1720.1
 20
147.2
 30
2152.8
 70
32
  0
SEQEND
  5
826
330
825
100
AcDbEntity
  8
RBAR-T8-B1
  0
POLYLINE
  5
83B
330
17
100
AcDbEntity
  8
RBAR-T8-B1
100
AcDb3dPolyline
 66
1
 10
0.0
 20
0.0
 30
0.0
 70
8
  0
VERTEX
  5
83D
330
17
100
AcDbEntity
  8
RBAR-T8-B1
100
AcDbVertex
100
AcDb3dPolylineVertex
 10
1720.1
 20
34.0
 30
2350.2
 70
32
  0
VERTEX
  5
83E
330
17
100
AcDbEntity
  8
RBAR-T8-B1
100
AcDbVertex
100
AcDb3dPolylineVertex
 10
2104.3
 20
34.0
 30
2350.2
 70
32
  0
VERTEX
  5
83F
330
17
100
AcDbEntity
  8
RBAR-T8-B1
100
AcDbVertex
100
AcDb3dPolylineVertex
 10
2107.5
 20
34.3
 30
2350.2
 70
32
  0
VERTEX
  5
840
330
17
100
AcDbEntity
  8
RBAR-T8-B1
100
AcDbVertex
100
AcDb3dPolylineVertex
 10
2110.5
 20
35.2
 30
2350.2
 70
32
  0
VERTEX
  5
841
330
17
100
AcDbEntity
  8
RBAR-T8-B1
100
AcDbVertex
100
AcDb3dPolylineVertex
 10
2113.3
 20
36.7
 30
2350.2
 70
32
  0
VERTEX
  5
842
330
17
100
AcDbEntity
  8
RBAR-T8-B1
100
AcDbVertex
100
AcDb3dPolylineVertex
 10
2115.8
 20
38.7
 30
2350.2
 70
32
  0
VERTEX
  5
843
330
17
100
AcDbEntity
  8
RBAR-T8-B1
100
AcDbVertex
100
AcDb3dPolylineVertex
 10
2117.8
 20
41.2
 30
2350.2
 70
32
  0
VERTEX
  5
844
330
17
100
AcDbEntity
  8
RBAR-T8-B1
100
AcDbVertex
100
AcDb3dPolylineVertex
 10
2119.3
 20
44.0
 30
2350.2
 70
32
  0
VERTEX
  5
845
330
17
100
AcDbEntity
  8
RBAR-T8-B1
100
AcDbVertex
100
AcDb3dPolylineVertex
 10
2120.2
 20
47.0
 30
2350.2
 70
32
  0
VERTEX
  5
846
330
17
100
AcDbEntity
  8
RBAR-T8-B1
100
AcDbVertex
100
AcDb3dPolylineVertex
 10
2120.5
 20
50.2
 30
2350.2
 70
32
  0
VERTEX
  5
847
330
17
100
AcDbEntity
  8
RBAR-T8-B1
100
AcDbVertex
100
AcDb3dPolylineVertex
 10
2120.5
 20
131.1
 30
2350.2
 70
32
  0
VERTEX
  5
848
330
17
100
AcDbEntity
  8
RBAR-T8-B1
100
AcDbVertex
100
AcDb3dPolylineVertex
 10
2120.2
 20
134.2
 30
2350.2
 70
32
  0
VERTEX
  5
849
330
17
100
AcDbEntity
  8
RBAR-T8-B1
100
AcDbVertex
100
AcDb3dPolylineVertex
 10
2119.3
 20
137.2
 30
2350.2
 70
32
  0
VERTEX
  5
84A
330
17
100
AcDbEntity
  8
RBAR-T8-B1
100
AcDbVertex
100
AcDb3dPolylineVertex
 10
2117.8
 20
140.0
 30
2350.2
 70
32
  0
VERTEX
  5
84B
330
17
100
AcDbEntity
  8
RBAR-T8-B1
100
AcDbVertex
100
AcDb3dPolylineVertex
 10
2115.8
 20
142.5
 30
2350.2
 70
32
  0
VERTEX
  5
84C
330
17
100
AcDbEntity
  8
RBAR-T8-B1
100
AcDbVertex
100
AcDb3dPolylineVertex
 10
2113.3
 20
144.5
 30
2350.2
 70
32
  0
VERTEX
  5
84D
330
17
100
AcDbEntity
  8
RBAR-T8-B1
100
AcDbVertex
100
AcDb3dPolylineVertex
 10
2110.5
 20
146.0
 30
2350.2
 70
32
  0
VERTEX
  5
84E
330
17
100
AcDbEntity
  8
RBAR-T8-B1
100
AcDbVertex
100
AcDb3dPolylineVertex
 10
2107.5
 20
146.9
 30
2350.2
 70
32
  0
VERTEX
  5
84F
330
17
100
AcDbEntity
  8
RBAR-T8-B1
100
AcDbVertex
100
AcDb3dPolylineVertex
 10
2104.3
 20
147.2
 30
2350.2
 70
32
  0
VERTEX
  5
850
330
17
100
AcDbEntity
  8
RBAR-T8-B1
100
AcDbVertex
100
AcDb3dPolylineVertex
 10
1720.1
 20
147.2
 30
2350.2
 70
32
  0
SEQEND
  5
83C
330
83B
100
AcDbEntity
  8
RBAR-T8-B1
  0
POLYLINE
  5
851
330
17
100
AcDbEntity
  8
RBAR-T8-B1
100
AcDb3dPolyline
 66
1
 10
0.0
 20
0.0
 30
0.0
 70
8
  0
VERTEX
  5
853
330
17
100
AcDbEntity
  8
RBAR-T8-B1
100
AcDbVertex
100
AcDb3dPolylineVertex
 10
1720.1
 20
34.0
 30
2547.5
 70
32
  0
VERTEX
  5
854
330
17
100
AcDbEntity
  8
RBAR-T8-B1
100
AcDbVertex
100
AcDb3dPolylineVertex
 10
2104.3
 20
34.0
 30
2547.5
 70
32
  0
VERTEX
  5
855
330
17
100
AcDbEntity
  8
RBAR-T8-B1
100
AcDbVertex
100
AcDb3dPolylineVertex
 10
2107.5
 20
34.3
 30
2547.5
 70
32
  0
VERTEX
  5
856
330
17
100
AcDbEntity
  8
RBAR-T8-B1
100
AcDbVertex
100
AcDb3dPolylineVertex
 10
2110.5
 20
35.2
 30
2547.5
 70
32
  0
VERTEX
  5
857
330
17
100
AcDbEntity
  8
RBAR-T8-B1
100
AcDbVertex
100
AcDb3dPolylineVertex
 10
2113.3
 20
36.7
 30
2547.5
 70
32
  0
VERTEX
  5
858
330
17
100
AcDbEntity
  8
RBAR-T8-B1
100
AcDbVertex
100
AcDb3dPolylineVertex
 10
2115.8
 20
38.7
 30
2547.5
 70
32
  0
VERTEX
  5
859
330
17
100
AcDbEntity
  8
RBAR-T8-B1
100
AcDbVertex
100
AcDb3dPolylineVertex
 10
2117.8
 20
41.2
 30
2547.5
 70
32
  0
VERTEX
  5
85A
330
17
100
AcDbEntity
  8
RBAR-T8-B1
100
AcDbVertex
100
AcDb3dPolylineVertex
 10
2119.3
 20
44.0
 30
2547.5
 70
32
  0
VERTEX
  5
85B
330
17
100
AcDbEntity
  8
RBAR-T8-B1
100
AcDbVertex
100
AcDb3dPolylineVertex
 10
2120.2
 20
47.0
 30
2547.5
 70
32
  0
VERTEX
  5
85C
330
17
100
AcDbEntity
  8
RBAR-T8-B1
100
AcDbVertex
100
AcDb3dPolylineVertex
 10
2120.5
 20
50.2
 30
2547.5
 70
32
  0
VERTEX
  5
85D
330
17
100
AcDbEntity
  8
RBAR-T8-B1
100
AcDbVertex
100
AcDb3dPolylineVertex
 10
2120.5
 20
131.1
 30
2547.5
 70
32
  0
VERTEX
  5
85E
330
17
100
AcDbEntity
  8
RBAR-T8-B1
100
AcDbVertex
100
AcDb3dPolylineVertex
 10
2120.2
 20
134.2
 30
2547.5
 70
32
  0
VERTEX
  5
85F
330
17
100
AcDbEntity
  8
RBAR-T8-B1
100
AcDbVertex
100
AcDb3dPolylineVertex
 10
2119.3
 20
137.2
 30
2547.5
 70
32
  0
VERTEX
  5
860
330
17
100
AcDbEntity
  8
RBAR-T8-B1
100
AcDbVertex
100
AcDb3dPolylineVertex
 10
2117.8
 20
140.0
 30
2547.5
 70
32
  0
VERTEX
  5
861
330
17
100
AcDbEntity
  8
RBAR-T8-B1
100
AcDbVertex
100
AcDb3dPolylineVertex
 10
2115.8
 20
142.5
 30
2547.5
 70
32
  0
VERTEX
  5
862
330
17
100
AcDbEntity
  8
RBAR-T8-B1
100
AcDbVertex
100
AcDb3dPolylineVertex
 10
2113.3
 20
144.5
 30
2547.5
 70
32
  0
VERTEX
  5
863
330
17
100
AcDbEntity
  8
RBAR-T8-B1
100
AcDbVertex
100
AcDb3dPolylineVertex
 10
2110.5
 20
146.0
 30
2547.5
 70
32
  0
VERTEX
  5
864
330
17
100
AcDbEntity
  8
RBAR-T8-B1
100
AcDbVertex
100
AcDb3dPolylineVertex
 10
2107.5
 20
146.9
 30
2547.5
 70
32
  0
VERTEX
  5
865
330
17
100
AcDbEntity
  8
RBAR-T8-B1
100
AcDbVertex
100
AcDb3dPolylineVertex
 10
2104.3
 20
147.2
 30
2547.5
 70
32
  0
VERTEX
  5
866
330
17
100
AcDbEntity
  8
RBAR-T8-B1
100
AcDbVertex
100
AcDb3dPolylineVertex
 10
1720.1
 20
147.2
 30
2547.5
 70
32
  0
SEQEND
  5
852
330
851
100
AcDbEntity
  8
RBAR-T8-B1
  0
POLYLINE
  5
867
330
17
100
AcDbEntity
  8
RBAR-T8-B1
100
AcDb3dPolyline
 66
1
 10
0.0
 20
0.0
 30
0.0
 70
8
  0
VERTEX
  5
869
330
17
100
AcDbEntity
  8
RBAR-T8-B1
100
AcDbVertex
100
AcDb3dPolylineVertex
 10
1720.1
 20
34.0
 30
2744.8
 70
32
  0
VERTEX
  5
86A
330
17
100
AcDbEntity
  8
RBAR-T8-B1
100
AcDbVertex
100
AcDb3dPolylineVertex
 10
2104.3
 20
34.0
 30
2744.8
 70
32
  0
VERTEX
  5
86B
330
17
100
AcDbEntity
  8
RBAR-T8-B1
100
AcDbVertex
100
AcDb3dPolylineVertex
 10
2107.5
 20
34.3
 30
2744.8
 70
32
  0
VERTEX
  5
86C
330
17
100
AcDbEntity
  8
RBAR-T8-B1
100
AcDbVertex
100
AcDb3dPolylineVertex
 10
2110.5
 20
35.2
 30
2744.8
 70
32
  0
VERTEX
  5
86D
330
17
100
AcDbEntity
  8
RBAR-T8-B1
100
AcDbVertex
100
AcDb3dPolylineVertex
 10
2113.3
 20
36.7
 30
2744.8
 70
32
  0
VERTEX
  5
86E
330
17
100
AcDbEntity
  8
RBAR-T8-B1
100
AcDbVertex
100
AcDb3dPolylineVertex
 10
2115.8
 20
38.7
 30
2744.8
 70
32
  0
VERTEX
  5
86F
330
17
100
AcDbEntity
  8
RBAR-T8-B1
100
AcDbVertex
100
AcDb3dPolylineVertex
 10
2117.8
 20
41.2
 30
2744.8
 70
32
  0
VERTEX
  5
870
330
17
100
AcDbEntity
  8
RBAR-T8-B1
100
AcDbVertex
100
AcDb3dPolylineVertex
 10
2119.3
 20
44.0
 30
2744.8
 70
32
  0
VERTEX
  5
871
330
17
100
AcDbEntity
  8
RBAR-T8-B1
100
AcDbVertex
100
AcDb3dPolylineVertex
 10
2120.2
 20
47.0
 30
2744.8
 70
32
  0
VERTEX
  5
872
330
17
100
AcDbEntity
  8
RBAR-T8-B1
100
AcDbVertex
100
AcDb3dPolylineVertex
 10
2120.5
 20
50.2
 30
2744.8
 70
32
  0
VERTEX
  5
873
330
17
100
AcDbEntity
  8
RBAR-T8-B1
100
AcDbVertex
100
AcDb3dPolylineVertex
 10
2120.5
 20
131.1
 30
2744.8
 70
32
  0
VERTEX
  5
874
330
17
100
AcDbEntity
  8
RBAR-T8-B1
100
AcDbVertex
100
AcDb3dPolylineVertex
 10
2120.2
 20
134.2
 30
2744.8
 70
32
  0
VERTEX
  5
875
330
17
100
AcDbEntity
  8
RBAR-T8-B1
100
AcDbVertex
100
AcDb3dPolylineVertex
 10
2119.3
 20
137.2
 30
2744.8
 70
32
  0
VERTEX
  5
876
330
17
100
AcDbEntity
  8
RBAR-T8-B1
100
AcDbVertex
100
AcDb3dPolylineVertex
 10
2117.8
 20
140.0
 30
2744.8
 70
32
  0
VERTEX
  5
877
330
17
100
AcDbEntity
  8
RBAR-T8-B1
100
AcDbVertex
100
AcDb3dPolylineVertex
 10
2115.8
 20
142.5
 30
2744.8
 70
32
  0
VERTEX
  5
878
330
17
100
AcDbEntity
  8
RBAR-T8-B1
100
AcDbVertex
100
AcDb3dPolylineVertex
 10
2113.3
 20
144.5
 30
2744.8
 70
32
  0
VERTEX
  5
879
330
17
100
AcDbEntity
  8
RBAR-T8-B1
100
AcDbVertex
100
AcDb3dPolylineVertex
 10
2110.5
 20
146.0
 30
2744.8
 70
32
  0
VERTEX
  5
87A
330
17
100
AcDbEntity
  8
RBAR-T8-B1
100
AcDbVertex
100
AcDb3dPolylineVertex
 10
2107.5
 20
146.9
 30
2744.8
 70
32
  0
VERTEX
  5
87B
330
17
100
AcDbEntity
  8
RBAR-T8-B1
100
AcDbVertex
100
AcDb3dPolylineVertex
 10
2104.3
 20
147.2
 30
2744.8
 70
32
  0
VERTEX
  5
87C
330
17
100
AcDbEntity
  8
RBAR-T8-B1
100
AcDbVertex
100
AcDb3dPolylineVertex
 10
1720.1
 20
147.2
 30
2744.8
 70
32
  0
SEQEND
  5
868
330
867
100
AcDbEntity
  8
RBAR-T8-B1
  0
POLYLINE
  5
87D
330
17
100
AcDbEntity
  8
RBAR-T8-B1
100
AcDb3dPolyline
 66
1
 10
0.0
 20
0.0
 30
0.0
 70
8
  0
VERTEX
  5
87F
330
17
100
AcDbEntity
  8
RBAR-T8-B1
100
AcDbVertex
100
AcDb3dPolylineVertex
 10
1720.1
 20
34.0
 30
2942.2
 70
32
  0
VERTEX
  5
880
330
17
100
AcDbEntity
  8
RBAR-T8-B1
100
AcDbVertex
100
AcDb3dPolylineVertex
 10
2104.3
 20
34.0
 30
2942.2
 70
32
  0
VERTEX
  5
881
330
17
100
AcDbEntity
  8
RBAR-T8-B1
100
AcDbVertex
100
AcDb3dPolylineVertex
 10
2107.5
 20
34.3
 30
2942.2
 70
32
  0
VERTEX
  5
882
330
17
100
AcDbEntity
  8
RBAR-T8-B1
100
AcDbVertex
100
AcDb3dPolylineVertex
 10
2110.5
 20
35.2
 30
2942.2
 70
32
  0
VERTEX
  5
883
330
17
100
AcDbEntity
  8
RBAR-T8-B1
100
AcDbVertex
100
AcDb3dPolylineVertex
 10
2113.3
 20
36.7
 30
2942.2
 70
32
  0
VERTEX
  5
884
330
17
100
AcDbEntity
  8
RBAR-T8-B1
100
AcDbVertex
100
AcDb3dPolylineVertex
 10
2115.8
 20
38.7
 30
2942.2
 70
32
  0
VERTEX
  5
885
330
17
100
AcDbEntity
  8
RBAR-T8-B1
100
AcDbVertex
100
AcDb3dPolylineVertex
 10
2117.8
 20
41.2
 30
2942.2
 70
32
  0
VERTEX
  5
886
330
17
100
AcDbEntity
  8
RBAR-T8-B1
100
AcDbVertex
100
AcDb3dPolylineVertex
 10
2119.3
 20
44.0
 30
2942.2
 70
32
  0
VERTEX
  5
887
330
17
100
AcDbEntity
  8
RBAR-T8-B1
100
AcDbVertex
100
AcDb3dPolylineVertex
 10
2120.2
 20
47.0
 30
2942.2
 70
32
  0
VERTEX
  5
888
330
17
100
AcDbEntity
  8
RBAR-T8-B1
100
AcDbVertex
100
AcDb3dPolylineVertex
 10
2120.5
 20
50.2
 30
2942.2
 70
32
  0
VERTEX
  5
889
330
17
100
AcDbEntity
  8
RBAR-T8-B1
100
AcDbVertex
100
AcDb3dPolylineVertex
 10
2120.5
 20
131.1
 30
2942.2
 70
32
  0
VERTEX
  5
88A
330
17
100
AcDbEntity
  8
RBAR-T8-B1
100
AcDbVertex
100
AcDb3dPolylineVertex
 10
2120.2
 20
134.2
 30
2942.2
 70
32
  0
VERTEX
  5
88B
330
17
100
AcDbEntity
  8
RBAR-T8-B1
100
AcDbVertex
100
AcDb3dPolylineVertex
 10
2119.3
 20
137.2
 30
2942.2
 70
32
  0
VERTEX
  5
88C
330
17
100
AcDbEntity
  8
RBAR-T8-B1
100
AcDbVertex
100
AcDb3dPolylineVertex
 10
2117.8
 20
140.0
 30
2942.2
 70
32
  0
VERTEX
  5
88D
330
17
100
AcDbEntity
  8
RBAR-T8-B1
100
AcDbVertex
100
AcDb3dPolylineVertex
 10
2115.8
 20
142.5
 30
2942.2
 70
32
  0
VERTEX
  5
88E
330
17
100
AcDbEntity
  8
RBAR-T8-B1
100
AcDbVertex
100
AcDb3dPolylineVertex
 10
2113.3
 20
144.5
 30
2942.2
 70
32
  0
VERTEX
  5
88F
330
17
100
AcDbEntity
  8
RBAR-T8-B1
100
AcDbVertex
100
AcDb3dPolylineVertex
 10
2110.5
 20
146.0
 30
2942.2
 70
32
  0
VERTEX
  5
890
330
17
100
AcDbEntity
  8
RBAR-T8-B1
100
AcDbVertex
100
AcDb3dPolylineVertex
 10
2107.5
 20
146.9
 30
2942.2
 70
32
  0
VERTEX
  5
891
330
17
100
AcDbEntity
  8
RBAR-T8-B1
100
AcDbVertex
100
AcDb3dPolylineVertex
 10
2104.3
 20
147.2
 30
2942.2
 70
32
  0
VERTEX
  5
892
330
17
100
AcDbEntity
  8
RBAR-T8-B1
100
AcDbVertex
100
AcDb3dPolylineVertex
 10
1720.1
 20
147.2
 30
2942.2
 70
32
  0
SEQEND
  5
87E
330
87D
100
AcDbEntity
  8
RBAR-T8-B1
  0
POLYLINE
  5
894
330
17
100
AcDbEntity
  8
RBAR-T8-B
100
AcDb3dPolyline
 66
1
 10
0.0
 20
0.0
 30
0.0
 70
8
  0
VERTEX
  5
896
330
17
100
AcDbEntity
  8
RBAR-T8-B
100
AcDbVertex
100
AcDb3dPolylineVertex
 10
74.0
 20
34.0
 30
0.0
 70
32
  0
VERTEX
  5
897
330
17
100
AcDbEntity
  8
RBAR-T8-B
100
AcDbVertex
100
AcDb3dPolylineVertex
 10
460.5
 20
34.0
 30
0.0
 70
32
  0
VERTEX
  5
898
330
17
100
AcDbEntity
  8
RBAR-T8-B
100
AcDbVertex
100
AcDb3dPolylineVertex
 10
463.7
 20
34.0
 30
0.3
 70
32
  0
VERTEX
  5
899
330
17
100
AcDbEntity
  8
RBAR-T8-B
100
AcDbVertex
100
AcDb3dPolylineVertex
 10
466.8
 20
34.0
 30
1.2
 70
32
  0
VERTEX
  5
89A
330
17
100
AcDbEntity
  8
RBAR-T8-B
100
AcDbVertex
100
AcDb3dPolylineVertex
 10
469.6
 20
34.0
 30
2.7
 70
32
  0
VERTEX
  5
89B
330
17
100
AcDbEntity
  8
RBAR-T8-B
100
AcDbVertex
100
AcDb3dPolylineVertex
 10
472.1
 20
34.0
 30
4.8
 70
32
  0
VERTEX
  5
89C
330
17
100
AcDbEntity
  8
RBAR-T8-B
100
AcDbVertex
100
AcDb3dPolylineVertex
 10
474.1
 20
34.0
 30
7.2
 70
32
  0
VERTEX
  5
89D
330
17
100
AcDbEntity
  8
RBAR-T8-B
100
AcDbVertex
100
AcDb3dPolylineVertex
 10
475.6
 20
34.0
 30
10.0
 70
32
  0
VERTEX
  5
89E
330
17
100
AcDbEntity
  8
RBAR-T8-B
100
AcDbVertex
100
AcDb3dPolylineVertex
 10
476.5
 20
34.0
 30
13.1
 70
32
  0
VERTEX
  5
89F
330
17
100
AcDbEntity
  8
RBAR-T8-B
100
AcDbVertex
100
AcDb3dPolylineVertex
 10
476.8
 20
34.0
 30
16.3
 70
32
  0
VERTEX
  5
8A0
330
17
100
AcDbEntity
  8
RBAR-T8-B
100
AcDbVertex
100
AcDb3dPolylineVertex
 10
476.8
 20
34.0
 30
67.1
 70
32
  0
VERTEX
  5
8A1
330
17
100
AcDbEntity
  8
RBAR-T8-B
100
AcDbVertex
100
AcDb3dPolylineVertex
 10
476.5
 20
34.0
 30
70.3
 70
32
  0
VERTEX
  5
8A2
330
17
100
AcDbEntity
  8
RBAR-T8-B
100
AcDbVertex
100
AcDb3dPolylineVertex
 10
475.6
 20
34.0
 30
73.4
 70
32
  0
VERTEX
  5
8A3
330
17
100
AcDbEntity
  8
RBAR-T8-B
100
AcDbVertex
100
AcDb3dPolylineVertex
 10
474.1
 20
34.0
 30
76.2
 70
32
  0
VERTEX
  5
8A4
330
17
100
AcDbEntity
  8
RBAR-T8-B
100
AcDbVertex
100
AcDb3dPolylineVertex
 10
472.1
 20
34.0
 30
78.6
 70
32
  0
VERTEX
  5
8A5
330
17
100
AcDbEntity
  8
RBAR-T8-B
100
AcDbVertex
100
AcDb3dPolylineVertex
 10
469.6
 20
34.0
 30
80.7
 70
32
  0
VERTEX
  5
8A6
330
17
100
AcDbEntity
  8
RBAR-T8-B
100
AcDbVertex
100
AcDb3dPolylineVertex
 10
466.8
 20
34.0
 30
82.2
 70
32
  0
VERTEX
  5
8A7
330
17
100
AcDbEntity
  8
RBAR-T8-B
100
AcDbVertex
100
AcDb3dPolylineVertex
 10
463.7
 20
34.0
 30
83.1
 70
32
  0
VERTEX
  5
8A8
330
17
100
AcDbEntity
  8
RBAR-T8-B
100
AcDbVertex
100
AcDb3dPolylineVertex
 10
460.5
 20
34.0
 30
83.4
 70
32
  0
VERTEX
  5
8A9
330
17
100
AcDbEntity
  8
RBAR-T8-B
100
AcDbVertex
100
AcDb3dPolylineVertex
 10
74.0
 20
34.0
 30
83.4
 70
32
  0
SEQEND
  5
895
330
894
100
AcDbEntity
  8
RBAR-T8-B
  0
POLYLINE
  5
8AA
330
17
100
AcDbEntity
  8
RBAR-T8-B
100
AcDb3dPolyline
 66
1
 10
0.0
 20
0.0
 30
0.0
 70
8
  0
VERTEX
  5
8AC
330
17
100
AcDbEntity
  8
RBAR-T8-B
100
AcDbVertex
100
AcDb3dPolylineVertex
 10
4.0
 20
34.0
 30
0.0
 70
32
  0
VERTEX
  5
8AD
330
17
100
AcDbEntity
  8
RBAR-T8-B
100
AcDbVertex
100
AcDb3dPolylineVertex
 10
390.5
 20
34.0
 30
0.0
 70
32
  0
VERTEX
  5
8AE
330
17
100
AcDbEntity
  8
RBAR-T8-B
100
AcDbVertex
100
AcDb3dPolylineVertex
 10
393.7
 20
34.0
 30
0.3
 70
32
  0
VERTEX
  5
8AF
330
17
100
AcDbEntity
  8
RBAR-T8-B
100
AcDbVertex
100
AcDb3dPolylineVertex
 10
396.8
 20
34.0
 30
1.2
 70
32
  0
VERTEX
  5
8B0
330
17
100
AcDbEntity
  8
RBAR-T8-B
100
AcDbVertex
100
AcDb3dPolylineVertex
 10
399.6
 20
34.0
 30
2.7
 70
32
  0
VERTEX
  5
8B1
330
17
100
AcDbEntity
  8
RBAR-T8-B
100
AcDbVertex
100
AcDb3dPolylineVertex
 10
402.1
 20
34.0
 30
4.8
 70
32
  0
VERTEX
  5
8B2
330
17
100
AcDbEntity
  8
RBAR-T8-B
100
AcDbVertex
100
AcDb3dPolylineVertex
 10
404.1
 20
34.0
 30
7.2
 70
32
  0
VERTEX
  5
8B3
330
17
100
AcDbEntity
  8
RBAR-T8-B
100
AcDbVertex
100
AcDb3dPolylineVertex
 10
405.6
 20
34.0
 30
10.0
 70
32
  0
VERTEX
  5
8B4
330
17
100
AcDbEntity
  8
RBAR-T8-B
100
AcDbVertex
100
AcDb3dPolylineVertex
 10
406.5
 20
34.0
 30
13.1
 70
32
  0
VERTEX
  5
8B5
330
17
100
AcDbEntity
  8
RBAR-T8-B
100
AcDbVertex
100
AcDb3dPolylineVertex
 10
406.8
 20
34.0
 30
16.3
 70
32
  0
VERTEX
  5
8B6
330
17
100
AcDbEntity
  8
RBAR-T8-B
100
AcDbVertex
100
AcDb3dPolylineVertex
 10
406.8
 20
34.0
 30
67.1
 70
32
  0
VERTEX
  5
8B7
330
17
100
AcDbEntity
  8
RBAR-T8-B
100
AcDbVertex
100
AcDb3dPolylineVertex
 10
406.5
 20
34.0
 30
70.3
 70
32
  0
VERTEX
  5
8B8
330
17
100
AcDbEntity
  8
RBAR-T8-B
100
AcDbVertex
100
AcDb3dPolylineVertex
 10
405.6
 20
34.0
 30
73.4
 70
32
  0
VERTEX
  5
8B9
330
17
100
AcDbEntity
  8
RBAR-T8-B
100
AcDbVertex
100
AcDb3dPolylineVertex
 10
404.1
 20
34.0
 30
76.2
 70
32
  0
VERTEX
  5
8BA
330
17
100
AcDbEntity
  8
RBAR-T8-B
100
AcDbVertex
100
AcDb3dPolylineVertex
 10
402.1
 20
34.0
 30
78.6
 70
32
  0
VERTEX
  5
8BB
330
17
100
AcDbEntity
  8
RBAR-T8-B
100
AcDbVertex
100
AcDb3dPolylineVertex
 10
399.6
 20
34.0
 30
80.7
 70
32
  0
VERTEX
  5
8BC
330
17
100
AcDbEntity
  8
RBAR-T8-B
100
AcDbVertex
100
AcDb3dPolylineVertex
 10
396.8
 20
34.0
 30
82.2
 70
32
  0
VERTEX
  5
8BD
330
17
100
AcDbEntity
  8
RBAR-T8-B
100
AcDbVertex
100
AcDb3dPolylineVertex
 10
393.7
 20
34.0
 30
83.1
 70
32
  0
VERTEX
  5
8BE
330
17
100
AcDbEntity
  8
RBAR-T8-B
100
AcDbVertex
100
AcDb3dPolylineVertex
 10
390.5
 20
34.0
 30
83.4
 70
32
  0
VERTEX
  5
8BF
330
17
100
AcDbEntity
  8
RBAR-T8-B
100
AcDbVertex
100
AcDb3dPolylineVertex
 10
4.0
 20
34.0
 30
83.4
 70
32
  0
SEQEND
  5
8AB
330
8AA
100
AcDbEntity
  8
RBAR-T8-B
  0
POLYLINE
  5
8C0
330
17
100
AcDbEntity
  8
RBAR-T8-B
100
AcDb3dPolyline
 66
1
 10
0.0
 20
0.0
 30
0.0
 70
8
  0
VERTEX
  5
8C2
330
17
100
AcDbEntity
  8
RBAR-T8-B
100
AcDbVertex
100
AcDb3dPolylineVertex
 10
1724.5
 20
34.0
 30
1625.5
 70
32
  0
VERTEX
  5
8C3
330
17
100
AcDbEntity
  8
RBAR-T8-B
100
AcDbVertex
100
AcDb3dPolylineVertex
 10
2111.0
 20
34.0
 30
1625.5
 70
32
  0
VERTEX
  5
8C4
330
17
100
AcDbEntity
  8
RBAR-T8-B
100
AcDbVertex
100
AcDb3dPolylineVertex
 10
2114.2
 20
34.0
 30
1625.8
 70
32
  0
VERTEX
  5
8C5
330
17
100
AcDbEntity
  8
RBAR-T8-B
100
AcDbVertex
100
AcDb3dPolylineVertex
 10
2117.3
 20
34.0
 30
1626.7
 70
32
  0
VERTEX
  5
8C6
330
17
100
AcDbEntity
  8
RBAR-T8-B
100
AcDbVertex
100
AcDb3dPolylineVertex
 10
2120.1
 20
34.0
 30
1628.2
 70
32
  0
VERTEX
  5
8C7
330
17
100
AcDbEntity
  8
RBAR-T8-B
100
AcDbVertex
100
AcDb3dPolylineVertex
 10
2122.5
 20
34.0
 30
1630.3
 70
32
  0
VERTEX
  5
8C8
330
17
100
AcDbEntity
  8
RBAR-T8-B
100
AcDbVertex
100
AcDb3dPolylineVertex
 10
2124.6
 20
34.0
 30
1632.7
 70
32
  0
VERTEX
  5
8C9
330
17
100
AcDbEntity
  8
RBAR-T8-B
100
AcDbVertex
100
AcDb3dPolylineVertex
 10
2126.1
 20
34.0
 30
1635.6
 70
32
  0
VERTEX
  5
8CA
330
17
100
AcDbEntity
  8
RBAR-T8-B
100
AcDbVertex
100
AcDb3dPolylineVertex
 10
2127.0
 20
34.0
 30
1638.6
 70
32
  0
VERTEX
  5
8CB
330
17
100
AcDbEntity
  8
RBAR-T8-B
100
AcDbVertex
100
AcDb3dPolylineVertex
 10
2127.3
 20
34.0
 30
1641.8
 70
32
  0
VERTEX
  5
8CC
330
17
100
AcDbEntity
  8
RBAR-T8-B
100
AcDbVertex
100
AcDb3dPolylineVertex
 10
2127.3
 20
34.0
 30
1692.6
 70
32
  0
VERTEX
  5
8CD
330
17
100
AcDbEntity
  8
RBAR-T8-B
100
AcDbVertex
100
AcDb3dPolylineVertex
 10
2127.0
 20
34.0
 30
1695.8
 70
32
  0
VERTEX
  5
8CE
330
17
100
AcDbEntity
  8
RBAR-T8-B
100
AcDbVertex
100
AcDb3dPolylineVertex
 10
2126.1
 20
34.0
 30
1698.9
 70
32
  0
VERTEX
  5
8CF
330
17
100
AcDbEntity
  8
RBAR-T8-B
100
AcDbVertex
100
AcDb3dPolylineVertex
 10
2124.6
 20
34.0
 30
1701.7
 70
32
  0
VERTEX
  5
8D0
330
17
100
AcDbEntity
  8
RBAR-T8-B
100
AcDbVertex
100
AcDb3dPolylineVertex
 10
2122.5
 20
34.0
 30
1704.2
 70
32
  0
VERTEX
  5
8D1
330
17
100
AcDbEntity
  8
RBAR-T8-B
100
AcDbVertex
100
AcDb3dPolylineVertex
 10
2120.1
 20
34.0
 30
1706.2
 70
32
  0
VERTEX
  5
8D2
330
17
100
AcDbEntity
  8
RBAR-T8-B
100
AcDbVertex
100
AcDb3dPolylineVertex
 10
2117.3
 20
34.0
 30
1707.7
 70
32
  0
VERTEX
  5
8D3
330
17
100
AcDbEntity
  8
RBAR-T8-B
100
AcDbVertex
100
AcDb3dPolylineVertex
 10
2114.2
 20
34.0
 30
1708.6
 70
32
  0
VERTEX
  5
8D4
330
17
100
AcDbEntity
  8
RBAR-T8-B
100
AcDbVertex
100
AcDb3dPolylineVertex
 10
2111.0
 20
34.0
 30
1708.9
 70
32
  0
VERTEX
  5
8D5
330
17
100
AcDbEntity
  8
RBAR-T8-B
100
AcDbVertex
100
AcDb3dPolylineVertex
 10
1724.5
 20
34.0
 30
1708.9
 70
32
  0
SEQEND
  5
8C1
330
8C0
100
AcDbEntity
  8
RBAR-T8-B
  0
POLYLINE
  5
8D6
330
17
100
AcDbEntity
  8
RBAR-T8-B
100
AcDb3dPolyline
 66
1
 10
0.0
 20
0.0
 30
0.0
 70
8
  0
VERTEX
  5
8D8
330
17
100
AcDbEntity
  8
RBAR-T8-B
100
AcDbVertex
100
AcDb3dPolylineVertex
 10
4.0
 20
34.0
 30
0.0
 70
32
  0
VERTEX
  5
8D9
330
17
100
AcDbEntity
  8
RBAR-T8-B
100
AcDbVertex
100
AcDb3dPolylineVertex
 10
390.5
 20
34.0
 30
0.0
 70
32
  0
VERTEX
  5
8DA
330
17
100
AcDbEntity
  8
RBAR-T8-B
100
AcDbVertex
100
AcDb3dPolylineVertex
 10
393.7
 20
34.0
 30
0.3
 70
32
  0
VERTEX
  5
8DB
330
17
100
AcDbEntity
  8
RBAR-T8-B
100
AcDbVertex
100
AcDb3dPolylineVertex
 10
396.8
 20
34.0
 30
1.2
 70
32
  0
VERTEX
  5
8DC
330
17
100
AcDbEntity
  8
RBAR-T8-B
100
AcDbVertex
100
AcDb3dPolylineVertex
 10
399.6
 20
34.0
 30
2.7
 70
32
  0
VERTEX
  5
8DD
330
17
100
AcDbEntity
  8
RBAR-T8-B
100
AcDbVertex
100
AcDb3dPolylineVertex
 10
402.1
 20
34.0
 30
4.8
 70
32
  0
VERTEX
  5
8DE
330
17
100
AcDbEntity
  8
RBAR-T8-B
100
AcDbVertex
100
AcDb3dPolylineVertex
 10
404.1
 20
34.0
 30
7.2
 70
32
  0
VERTEX
  5
8DF
330
17
100
AcDbEntity
  8
RBAR-T8-B
100
AcDbVertex
100
AcDb3dPolylineVertex
 10
405.6
 20
34.0
 30
10.0
 70
32
  0
VERTEX
  5
8E0
330
17
100
AcDbEntity
  8
RBAR-T8-B
100
AcDbVertex
100
AcDb3dPolylineVertex
 10
406.5
 20
34.0
 30
13.1
 70
32
  0
VERTEX
  5
8E1
330
17
100
AcDbEntity
  8
RBAR-T8-B
100
AcDbVertex
100
AcDb3dPolylineVertex
 10
406.8
 20
34.0
 30
16.3
 70
32
  0
VERTEX
  5
8E2
330
17
100
AcDbEntity
  8
RBAR-T8-B
100
AcDbVertex
100
AcDb3dPolylineVertex
 10
406.8
 20
34.0
 30
67.1
 70
32
  0
VERTEX
  5
8E3
330
17
100
AcDbEntity
  8
RBAR-T8-B
100
AcDbVertex
100
AcDb3dPolylineVertex
 10
406.5
 20
34.0
 30
70.3
 70
32
  0
VERTEX
  5
8E4
330
17
100
AcDbEntity
  8
RBAR-T8-B
100
AcDbVertex
100
AcDb3dPolylineVertex
 10
405.6
 20
34.0
 30
73.4
 70
32
  0
VERTEX
  5
8E5
330
17
100
AcDbEntity
  8
RBAR-T8-B
100
AcDbVertex
100
AcDb3dPolylineVertex
 10
404.1
 20
34.0
 30
76.2
 70
32
  0
VERTEX
  5
8E6
330
17
100
AcDbEntity
  8
RBAR-T8-B
100
AcDbVertex
100
AcDb3dPolylineVertex
 10
402.1
 20
34.0
 30
78.6
 70
32
  0
VERTEX
  5
8E7
330
17
100
AcDbEntity
  8
RBAR-T8-B
100
AcDbVertex
100
AcDb3dPolylineVertex
 10
399.6
 20
34.0
 30
80.7
 70
32
  0
VERTEX
  5
8E8
330
17
100
AcDbEntity
  8
RBAR-T8-B
100
AcDbVertex
100
AcDb3dPolylineVertex
 10
396.8
 20
34.0
 30
82.2
 70
32
  0
VERTEX
  5
8E9
330
17
100
AcDbEntity
  8
RBAR-T8-B
100
AcDbVertex
100
AcDb3dPolylineVertex
 10
393.7
 20
34.0
 30
83.1
 70
32
  0
VERTEX
  5
8EA
330
17
100
AcDbEntity
  8
RBAR-T8-B
100
AcDbVertex
100
AcDb3dPolylineVertex
 10
390.5
 20
34.0
 30
83.4
 70
32
  0
VERTEX
  5
8EB
330
17
100
AcDbEntity
  8
RBAR-T8-B
100
AcDbVertex
100
AcDb3dPolylineVertex
 10
4.0
 20
34.0
 30
83.4
 70
32
  0
SEQEND
  5
8D7
330
8D6
100
AcDbEntity
  8
RBAR-T8-B
  0
POLYLINE
  5
8EC
330
17
100
AcDbEntity
  8
RBAR-T8-B
100
AcDb3dPolyline
 66
1
 10
0.0
 20
0.0
 30
0.0
 70
8
  0
VERTEX
  5
8EE
330
17
100
AcDbEntity
  8
RBAR-T8-B
100
AcDbVertex
100
AcDb3dPolylineVertex
 10
1724.5
 20
34.0
 30
1795.0
 70
32
  0
VERTEX
  5
8EF
330
17
100
AcDbEntity
  8
RBAR-T8-B
100
AcDbVertex
100
AcDb3dPolylineVertex
 10
2111.0
 20
34.0
 30
1795.0
 70
32
  0
VERTEX
  5
8F0
330
17
100
AcDbEntity
  8
RBAR-T8-B
100
AcDbVertex
100
AcDb3dPolylineVertex
 10
2114.2
 20
34.0
 30
1795.3
 70
32
  0
VERTEX
  5
8F1
330
17
100
AcDbEntity
  8
RBAR-T8-B
100
AcDbVertex
100
AcDb3dPolylineVertex
 10
2117.3
 20
34.0
 30
1796.2
 70
32
  0
VERTEX
  5
8F2
330
17
100
AcDbEntity
  8
RBAR-T8-B
100
AcDbVertex
100
AcDb3dPolylineVertex
 10
2120.1
 20
34.0
 30
1797.7
 70
32
  0
VERTEX
  5
8F3
330
17
100
AcDbEntity
  8
RBAR-T8-B
100
AcDbVertex
100
AcDb3dPolylineVertex
 10
2122.5
 20
34.0
 30
1799.8
 70
32
  0
VERTEX
  5
8F4
330
17
100
AcDbEntity
  8
RBAR-T8-B
100
AcDbVertex
100
AcDb3dPolylineVertex
 10
2124.6
 20
34.0
 30
1802.2
 70
32
  0
VERTEX
  5
8F5
330
17
100
AcDbEntity
  8
RBAR-T8-B
100
AcDbVertex
100
AcDb3dPolylineVertex
 10
2126.1
 20
34.0
 30
1805.1
 70
32
  0
VERTEX
  5
8F6
330
17
100
AcDbEntity
  8
RBAR-T8-B
100
AcDbVertex
100
AcDb3dPolylineVertex
 10
2127.0
 20
34.0
 30
1808.1
 70
32
  0
VERTEX
  5
8F7
330
17
100
AcDbEntity
  8
RBAR-T8-B
100
AcDbVertex
100
AcDb3dPolylineVertex
 10
2127.3
 20
34.0
 30
1811.3
 70
32
  0
VERTEX
  5
8F8
330
17
100
AcDbEntity
  8
RBAR-T8-B
100
AcDbVertex
100
AcDb3dPolylineVertex
 10
2127.3
 20
34.0
 30
1862.1
 70
32
  0
VERTEX
  5
8F9
330
17
100
AcDbEntity
  8
RBAR-T8-B
100
AcDbVertex
100
AcDb3dPolylineVertex
 10
2127.0
 20
34.0
 30
1865.3
 70
32
  0
VERTEX
  5
8FA
330
17
100
AcDbEntity
  8
RBAR-T8-B
100
AcDbVertex
100
AcDb3dPolylineVertex
 10
2126.1
 20
34.0
 30
1868.4
 70
32
  0
VERTEX
  5
8FB
330
17
100
AcDbEntity
  8
RBAR-T8-B
100
AcDbVertex
100
AcDb3dPolylineVertex
 10
2124.6
 20
34.0
 30
1871.2
 70
32
  0
VERTEX
  5
8FC
330
17
100
AcDbEntity
  8
RBAR-T8-B
100
AcDbVertex
100
AcDb3dPolylineVertex
 10
2122.5
 20
34.0
 30
1873.7
 70
32
  0
VERTEX
  5
8FD
330
17
100
AcDbEntity
  8
RBAR-T8-B
100
AcDbVertex
100
AcDb3dPolylineVertex
 10
2120.1
 20
34.0
 30
1875.7
 70
32
  0
VERTEX
  5
8FE
330
17
100
AcDbEntity
  8
RBAR-T8-B
100
AcDbVertex
100
AcDb3dPolylineVertex
 10
2117.3
 20
34.0
 30
1877.2
 70
32
  0
VERTEX
  5
8FF
330
17
100
AcDbEntity
  8
RBAR-T8-B
100
AcDbVertex
100
AcDb3dPolylineVertex
 10
2114.2
 20
34.0
 30
1878.1
 70
32
  0
VERTEX
  5
900
330
17
100
AcDbEntity
  8
RBAR-T8-B
100
AcDbVertex
100
AcDb3dPolylineVertex
 10
2111.0
 20
34.0
 30
1878.4
 70
32
  0
VERTEX
  5
901
330
17
100
AcDbEntity
  8
RBAR-T8-B
100
AcDbVertex
100
AcDb3dPolylineVertex
 10
1724.5
 20
34.0
 30
1878.4
 70
32
  0
SEQEND
  5
8ED
330
8EC
100
AcDbEntity
  8
RBAR-T8-B
  0
POLYLINE
  5
902
330
17
100
AcDbEntity
  8
RBAR-T8-B
100
AcDb3dPolyline
 66
1
 10
0.0
 20
0.0
 30
0.0
 70
8
  0
VERTEX
  5
904
330
17
100
AcDbEntity
  8
RBAR-T8-B
100
AcDbVertex
100
AcDb3dPolylineVertex
 10
74.0
 20
34.0
 30
0.0
 70
32
  0
VERTEX
  5
905
330
17
100
AcDbEntity
  8
RBAR-T8-B
100
AcDbVertex
100
AcDb3dPolylineVertex
 10
460.5
 20
34.0
 30
0.0
 70
32
  0
VERTEX
  5
906
330
17
100
AcDbEntity
  8
RBAR-T8-B
100
AcDbVertex
100
AcDb3dPolylineVertex
 10
463.7
 20
34.0
 30
0.3
 70
32
  0
VERTEX
  5
907
330
17
100
AcDbEntity
  8
RBAR-T8-B
100
AcDbVertex
100
AcDb3dPolylineVertex
 10
466.8
 20
34.0
 30
1.2
 70
32
  0
VERTEX
  5
908
330
17
100
AcDbEntity
  8
RBAR-T8-B
100
AcDbVertex
100
AcDb3dPolylineVertex
 10
469.6
 20
34.0
 30
2.7
 70
32
  0
VERTEX
  5
909
330
17
100
AcDbEntity
  8
RBAR-T8-B
100
AcDbVertex
100
AcDb3dPolylineVertex
 10
472.1
 20
34.0
 30
4.8
 70
32
  0
VERTEX
  5
90A
330
17
100
AcDbEntity
  8
RBAR-T8-B
100
AcDbVertex
100
AcDb3dPolylineVertex
 10
474.1
 20
34.0
 30
7.2
 70
32
  0
VERTEX
  5
90B
330
17
100
AcDbEntity
  8
RBAR-T8-B
100
AcDbVertex
100
AcDb3dPolylineVertex
 10
475.6
 20
34.0
 30
10.0
 70
32
  0
VERTEX
  5
90C
330
17
100
AcDbEntity
  8
RBAR-T8-B
100
AcDbVertex
100
AcDb3dPolylineVertex
 10
476.5
 20
34.0
 30
13.1
 70
32
  0
VERTEX
  5
90D
330
17
100
AcDbEntity
  8
RBAR-T8-B
100
AcDbVertex
100
AcDb3dPolylineVertex
 10
476.8
 20
34.0
 30
16.3
 70
32
  0
VERTEX
  5
90E
330
17
100
AcDbEntity
  8
RBAR-T8-B
100
AcDbVertex
100
AcDb3dPolylineVertex
 10
476.8
 20
34.0
 30
67.1
 70
32
  0
VERTEX
  5
90F
330
17
100
AcDbEntity
  8
RBAR-T8-B
100
AcDbVertex
100
AcDb3dPolylineVertex
 10
476.5
 20
34.0
 30
70.3
 70
32
  0
VERTEX
  5
910
330
17
100
AcDbEntity
  8
RBAR-T8-B
100
AcDbVertex
100
AcDb3dPolylineVertex
 10
475.6
 20
34.0
 30
73.4
 70
32
  0
VERTEX
  5
911
330
17
100
AcDbEntity
  8
RBAR-T8-B
100
AcDbVertex
100
AcDb3dPolylineVertex
 10
474.1
 20
34.0
 30
76.2
 70
32
  0
VERTEX
  5
912
330
17
100
AcDbEntity
  8
RBAR-T8-B
100
AcDbVertex
100
AcDb3dPolylineVertex
 10
472.1
 20
34.0
 30
78.6
 70
32
  0
VERTEX
  5
913
330
17
100
AcDbEntity
  8
RBAR-T8-B
100
AcDbVertex
100
AcDb3dPolylineVertex
 10
469.6
 20
34.0
 30
80.7
 70
32
  0
VERTEX
  5
914
330
17
100
AcDbEntity
  8
RBAR-T8-B
100
AcDbVertex
100
AcDb3dPolylineVertex
 10
466.8
 20
34.0
 30
82.2
 70
32
  0
VERTEX
  5
915
330
17
100
AcDbEntity
  8
RBAR-T8-B
100
AcDbVertex
100
AcDb3dPolylineVertex
 10
463.7
 20
34.0
 30
83.1
 70
32
  0
VERTEX
  5
916
330
17
100
AcDbEntity
  8
RBAR-T8-B
100
AcDbVertex
100
AcDb3dPolylineVertex
 10
460.5
 20
34.0
 30
83.4
 70
32
  0
VERTEX
  5
917
330
17
100
AcDbEntity
  8
RBAR-T8-B
100
AcDbVertex
100
AcDb3dPolylineVertex
 10
74.0
 20
34.0
 30
83.4
 70
32
  0
SEQEND
  5
903
330
902
100
AcDbEntity
  8
RBAR-T8-B
  0
POLYLINE
  5
918
330
17
100
AcDbEntity
  8
RBAR-T8-B
100
AcDb3dPolyline
 66
1
 10
0.0
 20
0.0
 30
0.0
 70
8
  0
VERTEX
  5
91A
330
17
100
AcDbEntity
  8
RBAR-T8-B
100
AcDbVertex
100
AcDb3dPolylineVertex
 10
74.0
 20
34.0
 30
0.0
 70
32
  0
VERTEX
  5
91B
330
17
100
AcDbEntity
  8
RBAR-T8-B
100
AcDbVertex
100
AcDb3dPolylineVertex
 10
460.5
 20
34.0
 30
0.0
 70
32
  0
VERTEX
  5
91C
330
17
100
AcDbEntity
  8
RBAR-T8-B
100
AcDbVertex
100
AcDb3dPolylineVertex
 10
463.7
 20
34.0
 30
0.3
 70
32
  0
VERTEX
  5
91D
330
17
100
AcDbEntity
  8
RBAR-T8-B
100
AcDbVertex
100
AcDb3dPolylineVertex
 10
466.8
 20
34.0
 30
1.2
 70
32
  0
VERTEX
  5
91E
330
17
100
AcDbEntity
  8
RBAR-T8-B
100
AcDbVertex
100
AcDb3dPolylineVertex
 10
469.6
 20
34.0
 30
2.7
 70
32
  0
VERTEX
  5
91F
330
17
100
AcDbEntity
  8
RBAR-T8-B
100
AcDbVertex
100
AcDb3dPolylineVertex
 10
472.1
 20
34.0
 30
4.8
 70
32
  0
VERTEX
  5
920
330
17
100
AcDbEntity
  8
RBAR-T8-B
100
AcDbVertex
100
AcDb3dPolylineVertex
 10
474.1
 20
34.0
 30
7.2
 70
32
  0
VERTEX
  5
921
330
17
100
AcDbEntity
  8
RBAR-T8-B
100
AcDbVertex
100
AcDb3dPolylineVertex
 10
475.6
 20
34.0
 30
10.0
 70
32
  0
VERTEX
  5
922
330
17
100
AcDbEntity
  8
RBAR-T8-B
100
AcDbVertex
100
AcDb3dPolylineVertex
 10
476.5
 20
34.0
 30
13.1
 70
32
  0
VERTEX
  5
923
330
17
100
AcDbEntity
  8
RBAR-T8-B
100
AcDbVertex
100
AcDb3dPolylineVertex
 10
476.8
 20
34.0
 30
16.3
 70
32
  0
VERTEX
  5
924
330
17
100
AcDbEntity
  8
RBAR-T8-B
100
AcDbVertex
100
AcDb3dPolylineVertex
 10
476.8
 20
34.0
 30
67.1
 70
32
  0
VERTEX
  5
925
330
17
100
AcDbEntity
  8
RBAR-T8-B
100
AcDbVertex
100
AcDb3dPolylineVertex
 10
476.5
 20
34.0
 30
70.3
 70
32
  0
VERTEX
  5
926
330
17
100
AcDbEntity
  8
RBAR-T8-B
100
AcDbVertex
100
AcDb3dPolylineVertex
 10
475.6
 20
34.0
 30
73.4
 70
32
  0
VERTEX
  5
927
330
17
100
AcDbEntity
  8
RBAR-T8-B
100
AcDbVertex
100
AcDb3dPolylineVertex
 10
474.1
 20
34.0
 30
76.2
 70
32
  0
VERTEX
  5
928
330
17
100
AcDbEntity
  8
RBAR-T8-B
100
AcDbVertex
100
AcDb3dPolylineVertex
 10
472.1
 20
34.0
 30
78.6
 70
32
  0
VERTEX
  5
929
330
17
100
AcDbEntity
  8
RBAR-T8-B
100
AcDbVertex
100
AcDb3dPolylineVertex
 10
469.6
 20
34.0
 30
80.7
 70
32
  0
VERTEX
  5
92A
330
17
100
AcDbEntity
  8
RBAR-T8-B
100
AcDbVertex
100
AcDb3dPolylineVertex
 10
466.8
 20
34.0
 30
82.2
 70
32
  0
VERTEX
  5
92B
330
17
100
AcDbEntity
  8
RBAR-T8-B
100
AcDbVertex
100
AcDb3dPolylineVertex
 10
463.7
 20
34.0
 30
83.1
 70
32
  0
VERTEX
  5
92C
330
17
100
AcDbEntity
  8
RBAR-T8-B
100
AcDbVertex
100
AcDb3dPolylineVertex
 10
460.5
 20
34.0
 30
83.4
 70
32
  0
VERTEX
  5
92D
330
17
100
AcDbEntity
  8
RBAR-T8-B
100
AcDbVertex
100
AcDb3dPolylineVertex
 10
74.0
 20
34.0
 30
83.4
 70
32
  0
SEQEND
  5
919
330
918
100
AcDbEntity
  8
RBAR-T8-B
  0
POLYLINE
  5
92E
330
17
100
AcDbEntity
  8
RBAR-T8-B
100
AcDb3dPolyline
 66
1
 10
0.0
 20
0.0
 30
0.0
 70
8
  0
VERTEX
  5
930
330
17
100
AcDbEntity
  8
RBAR-T8-B
100
AcDbVertex
100
AcDb3dPolylineVertex
 10
4.0
 20
34.0
 30
0.0
 70
32
  0
VERTEX
  5
931
330
17
100
AcDbEntity
  8
RBAR-T8-B
100
AcDbVertex
100
AcDb3dPolylineVertex
 10
390.5
 20
34.0
 30
0.0
 70
32
  0
VERTEX
  5
932
330
17
100
AcDbEntity
  8
RBAR-T8-B
100
AcDbVertex
100
AcDb3dPolylineVertex
 10
393.7
 20
34.0
 30
0.3
 70
32
  0
VERTEX
  5
933
330
17
100
AcDbEntity
  8
RBAR-T8-B
100
AcDbVertex
100
AcDb3dPolylineVertex
 10
396.8
 20
34.0
 30
1.2
 70
32
  0
VERTEX
  5
934
330
17
100
AcDbEntity
  8
RBAR-T8-B
100
AcDbVertex
100
AcDb3dPolylineVertex
 10
399.6
 20
34.0
 30
2.7
 70
32
  0
VERTEX
  5
935
330
17
100
AcDbEntity
  8
RBAR-T8-B
100
AcDbVertex
100
AcDb3dPolylineVertex
 10
402.1
 20
34.0
 30
4.8
 70
32
  0
VERTEX
  5
936
330
17
100
AcDbEntity
  8
RBAR-T8-B
100
AcDbVertex
100
AcDb3dPolylineVertex
 10
404.1
 20
34.0
 30
7.2
 70
32
  0
VERTEX
  5
937
330
17
100
AcDbEntity
  8
RBAR-T8-B
100
AcDbVertex
100
AcDb3dPolylineVertex
 10
405.6
 20
34.0
 30
10.0
 70
32
  0
VERTEX
  5
938
330
17
100
AcDbEntity
  8
RBAR-T8-B
100
AcDbVertex
100
AcDb3dPolylineVertex
 10
406.5
 20
34.0
 30
13.1
 70
32
  0
VERTEX
  5
939
330
17
100
AcDbEntity
  8
RBAR-T8-B
100
AcDbVertex
100
AcDb3dPolylineVertex
 10
406.8
 20
34.0
 30
16.3
 70
32
  0
VERTEX
  5
93A
330
17
100
AcDbEntity
  8
RBAR-T8-B
100
AcDbVertex
100
AcDb3dPolylineVertex
 10
406.8
 20
34.0
 30
67.1
 70
32
  0
VERTEX
  5
93B
330
17
100
AcDbEntity
  8
RBAR-T8-B
100
AcDbVertex
100
AcDb3dPolylineVertex
 10
406.5
 20
34.0
 30
70.3
 70
32
  0
VERTEX
  5
93C
330
17
100
AcDbEntity
  8
RBAR-T8-B
100
AcDbVertex
100
AcDb3dPolylineVertex
 10
405.6
 20
34.0
 30
73.4
 70
32
  0
VERTEX
  5
93D
330
17
100
AcDbEntity
  8
RBAR-T8-B
100
AcDbVertex
100
AcDb3dPolylineVertex
 10
404.1
 20
34.0
 30
76.2
 70
32
  0
VERTEX
  5
93E
330
17
100
AcDbEntity
  8
RBAR-T8-B
100
AcDbVertex
100
AcDb3dPolylineVertex
 10
402.1
 20
34.0
 30
78.6
 70
32
  0
VERTEX
  5
93F
330
17
100
AcDbEntity
  8
RBAR-T8-B
100
AcDbVertex
100
AcDb3dPolylineVertex
 10
399.6
 20
34.0
 30
80.7
 70
32
  0
VERTEX
  5
940
330
17
100
AcDbEntity
  8
RBAR-T8-B
100
AcDbVertex
100
AcDb3dPolylineVertex
 10
396.8
 20
34.0
 30
82.2
 70
32
  0
VERTEX
  5
941
330
17
100
AcDbEntity
  8
RBAR-T8-B
100
AcDbVertex
100
AcDb3dPolylineVertex
 10
393.7
 20
34.0
 30
83.1
 70
32
  0
VERTEX
  5
942
330
17
100
AcDbEntity
  8
RBAR-T8-B
100
AcDbVertex
100
AcDb3dPolylineVertex
 10
390.5
 20
34.0
 30
83.4
 70
32
  0
VERTEX
  5
943
330
17
100
AcDbEntity
  8
RBAR-T8-B
100
AcDbVertex
100
AcDb3dPolylineVertex
 10
4.0
 20
34.0
 30
83.4
 70
32
  0
SEQEND
  5
92F
330
92E
100
AcDbEntity
  8
RBAR-T8-B
  0
POLYLINE
  5
944
330
17
100
AcDbEntity
  8
RBAR-T8-B
100
AcDb3dPolyline
 66
1
 10
0.0
 20
0.0
 30
0.0
 70
8
  0
VERTEX
  5
946
330
17
100
AcDbEntity
  8
RBAR-T8-B
100
AcDbVertex
100
AcDb3dPolylineVertex
 10
4.0
 20
34.0
 30
0.0
 70
32
  0
VERTEX
  5
947
330
17
100
AcDbEntity
  8
RBAR-T8-B
100
AcDbVertex
100
AcDb3dPolylineVertex
 10
390.5
 20
34.0
 30
0.0
 70
32
  0
VERTEX
  5
948
330
17
100
AcDbEntity
  8
RBAR-T8-B
100
AcDbVertex
100
AcDb3dPolylineVertex
 10
393.7
 20
34.0
 30
0.3
 70
32
  0
VERTEX
  5
949
330
17
100
AcDbEntity
  8
RBAR-T8-B
100
AcDbVertex
100
AcDb3dPolylineVertex
 10
396.8
 20
34.0
 30
1.2
 70
32
  0
VERTEX
  5
94A
330
17
100
AcDbEntity
  8
RBAR-T8-B
100
AcDbVertex
100
AcDb3dPolylineVertex
 10
399.6
 20
34.0
 30
2.7
 70
32
  0
VERTEX
  5
94B
330
17
100
AcDbEntity
  8
RBAR-T8-B
100
AcDbVertex
100
AcDb3dPolylineVertex
 10
402.1
 20
34.0
 30
4.8
 70
32
  0
VERTEX
  5
94C
330
17
100
AcDbEntity
  8
RBAR-T8-B
100
AcDbVertex
100
AcDb3dPolylineVertex
 10
404.1
 20
34.0
 30
7.2
 70
32
  0
VERTEX
  5
94D
330
17
100
AcDbEntity
  8
RBAR-T8-B
100
AcDbVertex
100
AcDb3dPolylineVertex
 10
405.6
 20
34.0
 30
10.0
 70
32
  0
VERTEX
  5
94E
330
17
100
AcDbEntity
  8
RBAR-T8-B
100
AcDbVertex
100
AcDb3dPolylineVertex
 10
406.5
 20
34.0
 30
13.1
 70
32
  0
VERTEX
  5
94F
330
17
100
AcDbEntity
  8
RBAR-T8-B
100
AcDbVertex
100
AcDb3dPolylineVertex
 10
406.8
 20
34.0
 30
16.3
 70
32
  0
VERTEX
  5
950
330
17
100
AcDbEntity
  8
RBAR-T8-B
100
AcDbVertex
100
AcDb3dPolylineVertex
 10
406.8
 20
34.0
 30
67.1
 70
32
  0
VERTEX
  5
951
330
17
100
AcDbEntity
  8
RBAR-T8-B
100
AcDbVertex
100
AcDb3dPolylineVertex
 10
406.5
 20
34.0
 30
70.3
 70
32
  0
VERTEX
  5
952
330
17
100
AcDbEntity
  8
RBAR-T8-B
100
AcDbVertex
100
AcDb3dPolylineVertex
 10
405.6
 20
34.0
 30
73.4
 70
32
  0
VERTEX
  5
953
330
17
100
AcDbEntity
  8
RBAR-T8-B
100
AcDbVertex
100
AcDb3dPolylineVertex
 10
404.1
 20
34.0
 30
76.2
 70
32
  0
VERTEX
  5
954
330
17
100
AcDbEntity
  8
RBAR-T8-B
100
AcDbVertex
100
AcDb3dPolylineVertex
 10
402.1
 20
34.0
 30
78.6
 70
32
  0
VERTEX
  5
955
330
17
100
AcDbEntity
  8
RBAR-T8-B
100
AcDbVertex
100
AcDb3dPolylineVertex
 10
399.6
 20
34.0
 30
80.7
 70
32
  0
VERTEX
  5
956
330
17
100
AcDbEntity
  8
RBAR-T8-B
100
AcDbVertex
100
AcDb3dPolylineVertex
 10
396.8
 20
34.0
 30
82.2
 70
32
  0
VERTEX
  5
957
330
17
100
AcDbEntity
  8
RBAR-T8-B
100
AcDbVertex
100
AcDb3dPolylineVertex
 10
393.7
 20
34.0
 30
83.1
 70
32
  0
VERTEX
  5
958
330
17
100
AcDbEntity
  8
RBAR-T8-B
100
AcDbVertex
100
AcDb3dPolylineVertex
 10
390.5
 20
34.0
 30
83.4
 70
32
  0
VERTEX
  5
959
330
17
100
AcDbEntity
  8
RBAR-T8-B
100
AcDbVertex
100
AcDb3dPolylineVertex
 10
4.0
 20
34.0
 30
83.4
 70
32
  0
SEQEND
  5
945
330
944
100
AcDbEntity
  8
RBAR-T8-B
  0
POLYLINE
  5
95A
330
17
100
AcDbEntity
  8
RBAR-T8-B
100
AcDb3dPolyline
 66
1
 10
0.0
 20
0.0
 30
0.0
 70
8
  0
VERTEX
  5
95C
330
17
100
AcDbEntity
  8
RBAR-T8-B
100
AcDbVertex
100
AcDb3dPolylineVertex
 10
74.0
 20
34.0
 30
0.0
 70
32
  0
VERTEX
  5
95D
330
17
100
AcDbEntity
  8
RBAR-T8-B
100
AcDbVertex
100
AcDb3dPolylineVertex
 10
460.5
 20
34.0
 30
0.0
 70
32
  0
VERTEX
  5
95E
330
17
100
AcDbEntity
  8
RBAR-T8-B
100
AcDbVertex
100
AcDb3dPolylineVertex
 10
463.7
 20
34.0
 30
0.3
 70
32
  0
VERTEX
  5
95F
330
17
100
AcDbEntity
  8
RBAR-T8-B
100
AcDbVertex
100
AcDb3dPolylineVertex
 10
466.8
 20
34.0
 30
1.2
 70
32
  0
VERTEX
  5
960
330
17
100
AcDbEntity
  8
RBAR-T8-B
100
AcDbVertex
100
AcDb3dPolylineVertex
 10
469.6
 20
34.0
 30
2.7
 70
32
  0
VERTEX
  5
961
330
17
100
AcDbEntity
  8
RBAR-T8-B
100
AcDbVertex
100
AcDb3dPolylineVertex
 10
472.1
 20
34.0
 30
4.8
 70
32
  0
VERTEX
  5
962
330
17
100
AcDbEntity
  8
RBAR-T8-B
100
AcDbVertex
100
AcDb3dPolylineVertex
 10
474.1
 20
34.0
 30
7.2
 70
32
  0
VERTEX
  5
963
330
17
100
AcDbEntity
  8
RBAR-T8-B
100
AcDbVertex
100
AcDb3dPolylineVertex
 10
475.6
 20
34.0
 30
10.0
 70
32
  0
VERTEX
  5
964
330
17
100
AcDbEntity
  8
RBAR-T8-B
100
AcDbVertex
100
AcDb3dPolylineVertex
 10
476.5
 20
34.0
 30
13.1
 70
32
  0
VERTEX
  5
965
330
17
100
AcDbEntity
  8
RBAR-T8-B
100
AcDbVertex
100
AcDb3dPolylineVertex
 10
476.8
 20
34.0
 30
16.3
 70
32
  0
VERTEX
  5
966
330
17
100
AcDbEntity
  8
RBAR-T8-B
100
AcDbVertex
100
AcDb3dPolylineVertex
 10
476.8
 20
34.0
 30
67.1
 70
32
  0
VERTEX
  5
967
330
17
100
AcDbEntity
  8
RBAR-T8-B
100
AcDbVertex
100
AcDb3dPolylineVertex
 10
476.5
 20
34.0
 30
70.3
 70
32
  0
VERTEX
  5
968
330
17
100
AcDbEntity
  8
RBAR-T8-B
100
AcDbVertex
100
AcDb3dPolylineVertex
 10
475.6
 20
34.0
 30
73.4
 70
32
  0
VERTEX
  5
969
330
17
100
AcDbEntity
  8
RBAR-T8-B
100
AcDbVertex
100
AcDb3dPolylineVertex
 10
474.1
 20
34.0
 30
76.2
 70
32
  0
VERTEX
  5
96A
330
17
100
AcDbEntity
  8
RBAR-T8-B
100
AcDbVertex
100
AcDb3dPolylineVertex
 10
472.1
 20
34.0
 30
78.6
 70
32
  0
VERTEX
  5
96B
330
17
100
AcDbEntity
  8
RBAR-T8-B
100
AcDbVertex
100
AcDb3dPolylineVertex
 10
469.6
 20
34.0
 30
80.7
 70
32
  0
VERTEX
  5
96C
330
17
100
AcDbEntity
  8
RBAR-T8-B
100
AcDbVertex
100
AcDb3dPolylineVertex
 10
466.8
 20
34.0
 30
82.2
 70
32
  0
VERTEX
  5
96D
330
17
100
AcDbEntity
  8
RBAR-T8-B
100
AcDbVertex
100
AcDb3dPolylineVertex
 10
463.7
 20
34.0
 30
83.1
 70
32
  0
VERTEX
  5
96E
330
17
100
AcDbEntity
  8
RBAR-T8-B
100
AcDbVertex
100
AcDb3dPolylineVertex
 10
460.5
 20
34.0
 30
83.4
 70
32
  0
VERTEX
  5
96F
330
17
100
AcDbEntity
  8
RBAR-T8-B
100
AcDbVertex
100
AcDb3dPolylineVertex
 10
74.0
 20
34.0
 30
83.4
 70
32
  0
SEQEND
  5
95B
330
95A
100
AcDbEntity
  8
RBAR-T8-B
  0
POLYLINE
  5
970
330
17
100
AcDbEntity
  8
RBAR-T8-B
100
AcDb3dPolyline
 66
1
 10
0.0
 20
0.0
 30
0.0
 70
8
  0
VERTEX
  5
972
330
17
100
AcDbEntity
  8
RBAR-T8-B
100
AcDbVertex
100
AcDb3dPolylineVertex
 10
74.0
 20
34.0
 30
0.0
 70
32
  0
VERTEX
  5
973
330
17
100
AcDbEntity
  8
RBAR-T8-B
100
AcDbVertex
100
AcDb3dPolylineVertex
 10
460.5
 20
34.0
 30
0.0
 70
32
  0
VERTEX
  5
974
330
17
100
AcDbEntity
  8
RBAR-T8-B
100
AcDbVertex
100
AcDb3dPolylineVertex
 10
463.7
 20
34.0
 30
0.3
 70
32
  0
VERTEX
  5
975
330
17
100
AcDbEntity
  8
RBAR-T8-B
100
AcDbVertex
100
AcDb3dPolylineVertex
 10
466.8
 20
34.0
 30
1.2
 70
32
  0
VERTEX
  5
976
330
17
100
AcDbEntity
  8
RBAR-T8-B
100
AcDbVertex
100
AcDb3dPolylineVertex
 10
469.6
 20
34.0
 30
2.7
 70
32
  0
VERTEX
  5
977
330
17
100
AcDbEntity
  8
RBAR-T8-B
100
AcDbVertex
100
AcDb3dPolylineVertex
 10
472.1
 20
34.0
 30
4.8
 70
32
  0
VERTEX
  5
978
330
17
100
AcDbEntity
  8
RBAR-T8-B
100
AcDbVertex
100
AcDb3dPolylineVertex
 10
474.1
 20
34.0
 30
7.2
 70
32
  0
VERTEX
  5
979
330
17
100
AcDbEntity
  8
RBAR-T8-B
100
AcDbVertex
100
AcDb3dPolylineVertex
 10
475.6
 20
34.0
 30
10.0
 70
32
  0
VERTEX
  5
97A
330
17
100
AcDbEntity
  8
RBAR-T8-B
100
AcDbVertex
100
AcDb3dPolylineVertex
 10
476.5
 20
34.0
 30
13.1
 70
32
  0
VERTEX
  5
97B
330
17
100
AcDbEntity
  8
RBAR-T8-B
100
AcDbVertex
100
AcDb3dPolylineVertex
 10
476.8
 20
34.0
 30
16.3
 70
32
  0
VERTEX
  5
97C
330
17
100
AcDbEntity
  8
RBAR-T8-B
100
AcDbVertex
100
AcDb3dPolylineVertex
 10
476.8
 20
34.0
 30
67.1
 70
32
  0
VERTEX
  5
97D
330
17
100
AcDbEntity
  8
RBAR-T8-B
100
AcDbVertex
100
AcDb3dPolylineVertex
 10
476.5
 20
34.0
 30
70.3
 70
32
  0
VERTEX
  5
97E
330
17
100
AcDbEntity
  8
RBAR-T8-B
100
AcDbVertex
100
AcDb3dPolylineVertex
 10
475.6
 20
34.0
 30
73.4
 70
32
  0
VERTEX
  5
97F
330
17
100
AcDbEntity
  8
RBAR-T8-B
100
AcDbVertex
100
AcDb3dPolylineVertex
 10
474.1
 20
34.0
 30
76.2
 70
32
  0
VERTEX
  5
980
330
17
100
AcDbEntity
  8
RBAR-T8-B
100
AcDbVertex
100
AcDb3dPolylineVertex
 10
472.1
 20
34.0
 30
78.6
 70
32
  0
VERTEX
  5
981
330
17
100
AcDbEntity
  8
RBAR-T8-B
100
AcDbVertex
100
AcDb3dPolylineVertex
 10
469.6
 20
34.0
 30
80.7
 70
32
  0
VERTEX
  5
982
330
17
100
AcDbEntity
  8
RBAR-T8-B
100
AcDbVertex
100
AcDb3dPolylineVertex
 10
466.8
 20
34.0
 30
82.2
 70
32
  0
VERTEX
  5
983
330
17
100
AcDbEntity
  8
RBAR-T8-B
100
AcDbVertex
100
AcDb3dPolylineVertex
 10
463.7
 20
34.0
 30
83.1
 70
32
  0
VERTEX
  5
984
330
17
100
AcDbEntity
  8
RBAR-T8-B
100
AcDbVertex
100
AcDb3dPolylineVertex
 10
460.5
 20
34.0
 30
83.4
 70
32
  0
VERTEX
  5
985
330
17
100
AcDbEntity
  8
RBAR-T8-B
100
AcDbVertex
100
AcDb3dPolylineVertex
 10
74.0
 20
34.0
 30
83.4
 70
32
  0
SEQEND
  5
971
330
970
100
AcDbEntity
  8
RBAR-T8-B
  0
POLYLINE
  5
986
330
17
100
AcDbEntity
  8
RBAR-T8-B
100
AcDb3dPolyline
 66
1
 10
0.0
 20
0.0
 30
0.0
 70
8
  0
VERTEX
  5
988
330
17
100
AcDbEntity
  8
RBAR-T8-B
100
AcDbVertex
100
AcDb3dPolylineVertex
 10
4.0
 20
34.0
 30
0.0
 70
32
  0
VERTEX
  5
989
330
17
100
AcDbEntity
  8
RBAR-T8-B
100
AcDbVertex
100
AcDb3dPolylineVertex
 10
390.5
 20
34.0
 30
0.0
 70
32
  0
VERTEX
  5
98A
330
17
100
AcDbEntity
  8
RBAR-T8-B
100
AcDbVertex
100
AcDb3dPolylineVertex
 10
393.7
 20
34.0
 30
0.3
 70
32
  0
VERTEX
  5
98B
330
17
100
AcDbEntity
  8
RBAR-T8-B
100
AcDbVertex
100
AcDb3dPolylineVertex
 10
396.8
 20
34.0
 30
1.2
 70
32
  0
VERTEX
  5
98C
330
17
100
AcDbEntity
  8
RBAR-T8-B
100
AcDbVertex
100
AcDb3dPolylineVertex
 10
399.6
 20
34.0
 30
2.7
 70
32
  0
VERTEX
  5
98D
330
17
100
AcDbEntity
  8
RBAR-T8-B
100
AcDbVertex
100
AcDb3dPolylineVertex
 10
402.1
 20
34.0
 30
4.8
 70
32
  0
VERTEX
  5
98E
330
17
100
AcDbEntity
  8
RBAR-T8-B
100
AcDbVertex
100
AcDb3dPolylineVertex
 10
404.1
 20
34.0
 30
7.2
 70
32
  0
VERTEX
  5
98F
330
17
100
AcDbEntity
  8
RBAR-T8-B
100
AcDbVertex
100
AcDb3dPolylineVertex
 10
405.6
 20
34.0
 30
10.0
 70
32
  0
VERTEX
  5
990
330
17
100
AcDbEntity
  8
RBAR-T8-B
100
AcDbVertex
100
AcDb3dPolylineVertex
 10
406.5
 20
34.0
 30
13.1
 70
32
  0
VERTEX
  5
991
330
17
100
AcDbEntity
  8
RBAR-T8-B
100
AcDbVertex
100
AcDb3dPolylineVertex
 10
406.8
 20
34.0
 30
16.3
 70
32
  0
VERTEX
  5
992
330
17
100
AcDbEntity
  8
RBAR-T8-B
100
AcDbVertex
100
AcDb3dPolylineVertex
 10
406.8
 20
34.0
 30
67.1
 70
32
  0
VERTEX
  5
993
330
17
100
AcDbEntity
  8
RBAR-T8-B
100
AcDbVertex
100
AcDb3dPolylineVertex
 10
406.5
 20
34.0
 30
70.3
 70
32
  0
VERTEX
  5
994
330
17
100
AcDbEntity
  8
RBAR-T8-B
100
AcDbVertex
100
AcDb3dPolylineVertex
 10
405.6
 20
34.0
 30
73.4
 70
32
  0
VERTEX
  5
995
330
17
100
AcDbEntity
  8
RBAR-T8-B
100
AcDbVertex
100
AcDb3dPolylineVertex
 10
404.1
 20
34.0
 30
76.2
 70
32
  0
VERTEX
  5
996
330
17
100
AcDbEntity
  8
RBAR-T8-B
100
AcDbVertex
100
AcDb3dPolylineVertex
 10
402.1
 20
34.0
 30
78.6
 70
32
  0
VERTEX
  5
997
330
17
100
AcDbEntity
  8
RBAR-T8-B
100
AcDbVertex
100
AcDb3dPolylineVertex
 10
399.6
 20
34.0
 30
80.7
 70
32
  0
VERTEX
  5
998
330
17
100
AcDbEntity
  8
RBAR-T8-B
100
AcDbVertex
100
AcDb3dPolylineVertex
 10
396.8
 20
34.0
 30
82.2
 70
32
  0
VERTEX
  5
999
330
17
100
AcDbEntity
  8
RBAR-T8-B
100
AcDbVertex
100
AcDb3dPolylineVertex
 10
393.7
 20
34.0
 30
83.1
 70
32
  0
VERTEX
  5
99A
330
17
100
AcDbEntity
  8
RBAR-T8-B
100
AcDbVertex
100
AcDb3dPolylineVertex
 10
390.5
 20
34.0
 30
83.4
 70
32
  0
VERTEX
  5
99B
330
17
100
AcDbEntity
  8
RBAR-T8-B
100
AcDbVertex
100
AcDb3dPolylineVertex
 10
4.0
 20
34.0
 30
83.4
 70
32
  0
SEQEND
  5
987
330
986
100
AcDbEntity
  8
RBAR-T8-B
  0
POLYLINE
  5
99C
330
17
100
AcDbEntity
  8
RBAR-T8-B
100
AcDb3dPolyline
 66
1
 10
0.0
 20
0.0
 30
0.0
 70
8
  0
VERTEX
  5
99E
330
17
100
AcDbEntity
  8
RBAR-T8-B
100
AcDbVertex
100
AcDb3dPolylineVertex
 10
1724.5
 20
34.0
 30
3659.5
 70
32
  0
VERTEX
  5
99F
330
17
100
AcDbEntity
  8
RBAR-T8-B
100
AcDbVertex
100
AcDb3dPolylineVertex
 10
2111.0
 20
34.0
 30
3659.5
 70
32
  0
VERTEX
  5
9A0
330
17
100
AcDbEntity
  8
RBAR-T8-B
100
AcDbVertex
100
AcDb3dPolylineVertex
 10
2114.2
 20
34.0
 30
3659.8
 70
32
  0
VERTEX
  5
9A1
330
17
100
AcDbEntity
  8
RBAR-T8-B
100
AcDbVertex
100
AcDb3dPolylineVertex
 10
2117.3
 20
34.0
 30
3660.8
 70
32
  0
VERTEX
  5
9A2
330
17
100
AcDbEntity
  8
RBAR-T8-B
100
AcDbVertex
100
AcDb3dPolylineVertex
 10
2120.1
 20
34.0
 30
3662.3
 70
32
  0
VERTEX
  5
9A3
330
17
100
AcDbEntity
  8
RBAR-T8-B
100
AcDbVertex
100
AcDb3dPolylineVertex
 10
2122.5
 20
34.0
 30
3664.3
 70
32
  0
VERTEX
  5
9A4
330
17
100
AcDbEntity
  8
RBAR-T8-B
100
AcDbVertex
100
AcDb3dPolylineVertex
 10
2124.6
 20
34.0
 30
3666.7
 70
32
  0
VERTEX
  5
9A5
330
17
100
AcDbEntity
  8
RBAR-T8-B
100
AcDbVertex
100
AcDb3dPolylineVertex
 10
2126.1
 20
34.0
 30
3669.6
 70
32
  0
VERTEX
  5
9A6
330
17
100
AcDbEntity
  8
RBAR-T8-B
100
AcDbVertex
100
AcDb3dPolylineVertex
 10
2127.0
 20
34.0
 30
3672.6
 70
32
  0
VERTEX
  5
9A7
330
17
100
AcDbEntity
  8
RBAR-T8-B
100
AcDbVertex
100
AcDb3dPolylineVertex
 10
2127.3
 20
34.0
 30
3675.8
 70
32
  0
VERTEX
  5
9A8
330
17
100
AcDbEntity
  8
RBAR-T8-B
100
AcDbVertex
100
AcDb3dPolylineVertex
 10
2127.3
 20
34.0
 30
3726.6
 70
32
  0
VERTEX
  5
9A9
330
17
100
AcDbEntity
  8
RBAR-T8-B
100
AcDbVertex
100
AcDb3dPolylineVertex
 10
2127.0
 20
34.0
 30
3729.8
 70
32
  0
VERTEX
  5
9AA
330
17
100
AcDbEntity
  8
RBAR-T8-B
100
AcDbVertex
100
AcDb3dPolylineVertex
 10
2126.1
 20
34.0
 30
3732.9
 70
32
  0
VERTEX
  5
9AB
330
17
100
AcDbEntity
  8
RBAR-T8-B
100
AcDbVertex
100
AcDb3dPolylineVertex
 10
2124.6
 20
34.0
 30
3735.7
 70
32
  0
VERTEX
  5
9AC
330
17
100
AcDbEntity
  8
RBAR-T8-B
100
AcDbVertex
100
AcDb3dPolylineVertex
 10
2122.5
 20
34.0
 30
3738.2
 70
32
  0
VERTEX
  5
9AD
330
17
100
AcDbEntity
  8
RBAR-T8-B
100
AcDbVertex
100
AcDb3dPolylineVertex
 10
2120.1
 20
34.0
 30
3740.2
 70
32
  0
VERTEX
  5
9AE
330
17
100
AcDbEntity
  8
RBAR-T8-B
100
AcDbVertex
100
AcDb3dPolylineVertex
 10
2117.3
 20
34.0
 30
3741.7
 70
32
  0
VERTEX
  5
9AF
330
17
100
AcDbEntity
  8
RBAR-T8-B
100
AcDbVertex
100
AcDb3dPolylineVertex
 10
2114.2
 20
34.0
 30
3742.6
 70
32
  0
VERTEX
  5
9B0
330
17
100
AcDbEntity
  8
RBAR-T8-B
100
AcDbVertex
100
AcDb3dPolylineVertex
 10
2111.0
 20
34.0
 30
3742.9
 70
32
  0
VERTEX
  5
9B1
330
17
100
AcDbEntity
  8
RBAR-T8-B
100
AcDbVertex
100
AcDb3dPolylineVertex
 10
1724.5
 20
34.0
 30
3742.9
 70
32
  0
SEQEND
  5
99D
330
99C
100
AcDbEntity
  8
RBAR-T8-B
  0
POLYLINE
  5
9B2
330
17
100
AcDbEntity
  8
RBAR-T8-B
100
AcDb3dPolyline
 66
1
 10
0.0
 20
0.0
 30
0.0
 70
8
  0
VERTEX
  5
9B4
330
17
100
AcDbEntity
  8
RBAR-T8-B
100
AcDbVertex
100
AcDb3dPolylineVertex
 10
595.2
 20
34.0
 30
4701.2
 70
32
  0
VERTEX
  5
9B5
330
17
100
AcDbEntity
  8
RBAR-T8-B
100
AcDbVertex
100
AcDb3dPolylineVertex
 10
981.8
 20
34.0
 30
4701.2
 70
32
  0
VERTEX
  5
9B6
330
17
100
AcDbEntity
  8
RBAR-T8-B
100
AcDbVertex
100
AcDb3dPolylineVertex
 10
984.9
 20
34.0
 30
4701.5
 70
32
  0
VERTEX
  5
9B7
330
17
100
AcDbEntity
  8
RBAR-T8-B
100
AcDbVertex
100
AcDb3dPolylineVertex
 10
988.0
 20
34.0
 30
4702.5
 70
32
  0
VERTEX
  5
9B8
330
17
100
AcDbEntity
  8
RBAR-T8-B
100
AcDbVertex
100
AcDb3dPolylineVertex
 10
990.8
 20
34.0
 30
4704.0
 70
32
  0
VERTEX
  5
9B9
330
17
100
AcDbEntity
  8
RBAR-T8-B
100
AcDbVertex
100
AcDb3dPolylineVertex
 10
993.3
 20
34.0
 30
4706.0
 70
32
  0
VERTEX
  5
9BA
330
17
100
AcDbEntity
  8
RBAR-T8-B
100
AcDbVertex
100
AcDb3dPolylineVertex
 10
995.3
 20
34.0
 30
4708.5
 70
32
  0
VERTEX
  5
9BB
330
17
100
AcDbEntity
  8
RBAR-T8-B
100
AcDbVertex
100
AcDb3dPolylineVertex
 10
996.8
 20
34.0
 30
4711.3
 70
32
  0
VERTEX
  5
9BC
330
17
100
AcDbEntity
  8
RBAR-T8-B
100
AcDbVertex
100
AcDb3dPolylineVertex
 10
997.7
 20
34.0
 30
4714.3
 70
32
  0
VERTEX
  5
9BD
330
17
100
AcDbEntity
  8
RBAR-T8-B
100
AcDbVertex
100
AcDb3dPolylineVertex
 10
998.0
 20
34.0
 30
4717.5
 70
32
  0
VERTEX
  5
9BE
330
17
100
AcDbEntity
  8
RBAR-T8-B
100
AcDbVertex
100
AcDb3dPolylineVertex
 10
998.0
 20
34.0
 30
4768.4
 70
32
  0
VERTEX
  5
9BF
330
17
100
AcDbEntity
  8
RBAR-T8-B
100
AcDbVertex
100
AcDb3dPolylineVertex
 10
997.7
 20
34.0
 30
4771.5
 70
32
  0
VERTEX
  5
9C0
330
17
100
AcDbEntity
  8
RBAR-T8-B
100
AcDbVertex
100
AcDb3dPolylineVertex
 10
996.8
 20
34.0
 30
4774.6
 70
32
  0
VERTEX
  5
9C1
330
17
100
AcDbEntity
  8
RBAR-T8-B
100
AcDbVertex
100
AcDb3dPolylineVertex
 10
995.3
 20
34.0
 30
4777.4
 70
32
  0
VERTEX
  5
9C2
330
17
100
AcDbEntity
  8
RBAR-T8-B
100
AcDbVertex
100
AcDb3dPolylineVertex
 10
993.3
 20
34.0
 30
4779.9
 70
32
  0
VERTEX
  5
9C3
330
17
100
AcDbEntity
  8
RBAR-T8-B
100
AcDbVertex
100
AcDb3dPolylineVertex
 10
990.8
 20
34.0
 30
4781.9
 70
32
  0
VERTEX
  5
9C4
330
17
100
AcDbEntity
  8
RBAR-T8-B
100
AcDbVertex
100
AcDb3dPolylineVertex
 10
988.0
 20
34.0
 30
4783.4
 70
32
  0
VERTEX
  5
9C5
330
17
100
AcDbEntity
  8
RBAR-T8-B
100
AcDbVertex
100
AcDb3dPolylineVertex
 10
984.9
 20
34.0
 30
4784.3
 70
32
  0
VERTEX
  5
9C6
330
17
100
AcDbEntity
  8
RBAR-T8-B
100
AcDbVertex
100
AcDb3dPolylineVertex
 10
981.8
 20
34.0
 30
4784.6
 70
32
  0
VERTEX
  5
9C7
330
17
100
AcDbEntity
  8
RBAR-T8-B
100
AcDbVertex
100
AcDb3dPolylineVertex
 10
595.2
 20
34.0
 30
4784.6
 70
32
  0
SEQEND
  5
9B3
330
9B2
100
AcDbEntity
  8
RBAR-T8-B
  0
POLYLINE
  5
9C8
330
17
100
AcDbEntity
  8
RBAR-T8-B
100
AcDb3dPolyline
 66
1
 10
0.0
 20
0.0
 30
0.0
 70
8
  0
VERTEX
  5
9CA
330
17
100
AcDbEntity
  8
RBAR-T8-B
100
AcDbVertex
100
AcDb3dPolylineVertex
 10
1156.5
 20
34.0
 30
452.2
 70
32
  0
VERTEX
  5
9CB
330
17
100
AcDbEntity
  8
RBAR-T8-B
100
AcDbVertex
100
AcDb3dPolylineVertex
 10
1543.0
 20
34.0
 30
452.2
 70
32
  0
VERTEX
  5
9CC
330
17
100
AcDbEntity
  8
RBAR-T8-B
100
AcDbVertex
100
AcDb3dPolylineVertex
 10
1546.2
 20
34.0
 30
452.5
 70
32
  0
VERTEX
  5
9CD
330
17
100
AcDbEntity
  8
RBAR-T8-B
100
AcDbVertex
100
AcDb3dPolylineVertex
 10
1549.2
 20
34.0
 30
453.4
 70
32
  0
VERTEX
  5
9CE
330
17
100
AcDbEntity
  8
RBAR-T8-B
100
AcDbVertex
100
AcDb3dPolylineVertex
 10
1552.0
 20
34.0
 30
455.0
 70
32
  0
VERTEX
  5
9CF
330
17
100
AcDbEntity
  8
RBAR-T8-B
100
AcDbVertex
100
AcDb3dPolylineVertex
 10
1554.5
 20
34.0
 30
457.0
 70
32
  0
VERTEX
  5
9D0
330
17
100
AcDbEntity
  8
RBAR-T8-B
100
AcDbVertex
100
AcDb3dPolylineVertex
 10
1556.5
 20
34.0
 30
459.4
 70
32
  0
VERTEX
  5
9D1
330
17
100
AcDbEntity
  8
RBAR-T8-B
100
AcDbVertex
100
AcDb3dPolylineVertex
 10
1558.0
 20
34.0
 30
462.3
 70
32
  0
VERTEX
  5
9D2
330
17
100
AcDbEntity
  8
RBAR-T8-B
100
AcDbVertex
100
AcDb3dPolylineVertex
 10
1559.0
 20
34.0
 30
465.3
 70
32
  0
VERTEX
  5
9D3
330
17
100
AcDbEntity
  8
RBAR-T8-B
100
AcDbVertex
100
AcDb3dPolylineVertex
 10
1559.3
 20
34.0
 30
468.5
 70
32
  0
VERTEX
  5
9D4
330
17
100
AcDbEntity
  8
RBAR-T8-B
100
AcDbVertex
100
AcDb3dPolylineVertex
 10
1559.3
 20
34.0
 30
519.3
 70
32
  0
VERTEX
  5
9D5
330
17
100
AcDbEntity
  8
RBAR-T8-B
100
AcDbVertex
100
AcDb3dPolylineVertex
 10
1559.0
 20
34.0
 30
522.5
 70
32
  0
VERTEX
  5
9D6
330
17
100
AcDbEntity
  8
RBAR-T8-B
100
AcDbVertex
100
AcDb3dPolylineVertex
 10
1558.0
 20
34.0
 30
525.6
 70
32
  0
VERTEX
  5
9D7
330
17
100
AcDbEntity
  8
RBAR-T8-B
100
AcDbVertex
100
AcDb3dPolylineVertex
 10
1556.5
 20
34.0
 30
528.4
 70
32
  0
VERTEX
  5
9D8
330
17
100
AcDbEntity
  8
RBAR-T8-B
100
AcDbVertex
100
AcDb3dPolylineVertex
 10
1554.5
 20
34.0
 30
530.9
 70
32
  0
VERTEX
  5
9D9
330
17
100
AcDbEntity
  8
RBAR-T8-B
100
AcDbVertex
100
AcDb3dPolylineVertex
 10
1552.0
 20
34.0
 30
532.9
 70
32
  0
VERTEX
  5
9DA
330
17
100
AcDbEntity
  8
RBAR-T8-B
100
AcDbVertex
100
AcDb3dPolylineVertex
 10
1549.2
 20
34.0
 30
534.4
 70
32
  0
VERTEX
  5
9DB
330
17
100
AcDbEntity
  8
RBAR-T8-B
100
AcDbVertex
100
AcDb3dPolylineVertex
 10
1546.2
 20
34.0
 30
535.3
 70
32
  0
VERTEX
  5
9DC
330
17
100
AcDbEntity
  8
RBAR-T8-B
100
AcDbVertex
100
AcDb3dPolylineVertex
 10
1543.0
 20
34.0
 30
535.6
 70
32
  0
VERTEX
  5
9DD
330
17
100
AcDbEntity
  8
RBAR-T8-B
100
AcDbVertex
100
AcDb3dPolylineVertex
 10
1156.5
 20
34.0
 30
535.6
 70
32
  0
SEQEND
  5
9C9
330
9C8
100
AcDbEntity
  8
RBAR-T8-B
  0
POLYLINE
  5
9DE
330
17
100
AcDbEntity
  8
RBAR-T8-B
100
AcDb3dPolyline
 66
1
 10
0.0
 20
0.0
 30
0.0
 70
8
  0
VERTEX
  5
9E0
330
17
100
AcDbEntity
  8
RBAR-T8-B
100
AcDbVertex
100
AcDb3dPolylineVertex
 10
1156.5
 20
34.0
 30
1290.0
 70
32
  0
VERTEX
  5
9E1
330
17
100
AcDbEntity
  8
RBAR-T8-B
100
AcDbVertex
100
AcDb3dPolylineVertex
 10
1543.0
 20
34.0
 30
1290.0
 70
32
  0
VERTEX
  5
9E2
330
17
100
AcDbEntity
  8
RBAR-T8-B
100
AcDbVertex
100
AcDb3dPolylineVertex
 10
1546.2
 20
34.0
 30
1290.4
 70
32
  0
VERTEX
  5
9E3
330
17
100
AcDbEntity
  8
RBAR-T8-B
100
AcDbVertex
100
AcDb3dPolylineVertex
 10
1549.2
 20
34.0
 30
1291.3
 70
32
  0
VERTEX
  5
9E4
330
17
100
AcDbEntity
  8
RBAR-T8-B
100
AcDbVertex
100
AcDb3dPolylineVertex
 10
1552.0
 20
34.0
 30
1292.8
 70
32
  0
VERTEX
  5
9E5
330
17
100
AcDbEntity
  8
RBAR-T8-B
100
AcDbVertex
100
AcDb3dPolylineVertex
 10
1554.5
 20
34.0
 30
1294.8
 70
32
  0
VERTEX
  5
9E6
330
17
100
AcDbEntity
  8
RBAR-T8-B
100
AcDbVertex
100
AcDb3dPolylineVertex
 10
1556.5
 20
34.0
 30
1297.3
 70
32
  0
VERTEX
  5
9E7
330
17
100
AcDbEntity
  8
RBAR-T8-B
100
AcDbVertex
100
AcDb3dPolylineVertex
 10
1558.0
 20
34.0
 30
1300.1
 70
32
  0
VERTEX
  5
9E8
330
17
100
AcDbEntity
  8
RBAR-T8-B
100
AcDbVertex
100
AcDb3dPolylineVertex
 10
1559.0
 20
34.0
 30
1303.1
 70
32
  0
VERTEX
  5
9E9
330
17
100
AcDbEntity
  8
RBAR-T8-B
100
AcDbVertex
100
AcDb3dPolylineVertex
 10
1559.3
 20
34.0
 30
1306.3
 70
32
  0
VERTEX
  5
9EA
330
17
100
AcDbEntity
  8
RBAR-T8-B
100
AcDbVertex
100
AcDb3dPolylineVertex
 10
1559.3
 20
34.0
 30
1357.2
 70
32
  0
VERTEX
  5
9EB
330
17
100
AcDbEntity
  8
RBAR-T8-B
100
AcDbVertex
100
AcDb3dPolylineVertex
 10
1559.0
 20
34.0
 30
1360.4
 70
32
  0
VERTEX
  5
9EC
330
17
100
AcDbEntity
  8
RBAR-T8-B
100
AcDbVertex
100
AcDb3dPolylineVertex
 10
1558.0
 20
34.0
 30
1363.4
 70
32
  0
VERTEX
  5
9ED
330
17
100
AcDbEntity
  8
RBAR-T8-B
100
AcDbVertex
100
AcDb3dPolylineVertex
 10
1556.5
 20
34.0
 30
1366.2
 70
32
  0
VERTEX
  5
9EE
330
17
100
AcDbEntity
  8
RBAR-T8-B
100
AcDbVertex
100
AcDb3dPolylineVertex
 10
1554.5
 20
34.0
 30
1368.7
 70
32
  0
VERTEX
  5
9EF
330
17
100
AcDbEntity
  8
RBAR-T8-B
100
AcDbVertex
100
AcDb3dPolylineVertex
 10
1552.0
 20
34.0
 30
1370.7
 70
32
  0
VERTEX
  5
9F0
330
17
100
AcDbEntity
  8
RBAR-T8-B
100
AcDbVertex
100
AcDb3dPolylineVertex
 10
1549.2
 20
34.0
 30
1372.2
 70
32
  0
VERTEX
  5
9F1
330
17
100
AcDbEntity
  8
RBAR-T8-B
100
AcDbVertex
100
AcDb3dPolylineVertex
 10
1546.2
 20
34.0
 30
1373.1
 70
32
  0
VERTEX
  5
9F2
330
17
100
AcDbEntity
  8
RBAR-T8-B
100
AcDbVertex
100
AcDb3dPolylineVertex
 10
1543.0
 20
34.0
 30
1373.5
 70
32
  0
VERTEX
  5
9F3
330
17
100
AcDbEntity
  8
RBAR-T8-B
100
AcDbVertex
100
AcDb3dPolylineVertex
 10
1156.5
 20
34.0
 30
1373.5
 70
32
  0
SEQEND
  5
9DF
330
9DE
100
AcDbEntity
  8
RBAR-T8-B
  0
POLYLINE
  5
9F4
330
17
100
AcDbEntity
  8
RBAR-T8-B
100
AcDb3dPolyline
 66
1
 10
0.0
 20
0.0
 30
0.0
 70
8
  0
VERTEX
  5
9F6
330
17
100
AcDbEntity
  8
RBAR-T8-B
100
AcDbVertex
100
AcDb3dPolylineVertex
 10
1156.5
 20
34.0
 30
2127.9
 70
32
  0
VERTEX
  5
9F7
330
17
100
AcDbEntity
  8
RBAR-T8-B
100
AcDbVertex
100
AcDb3dPolylineVertex
 10
1543.0
 20
34.0
 30
2127.9
 70
32
  0
VERTEX
  5
9F8
330
17
100
AcDbEntity
  8
RBAR-T8-B
100
AcDbVertex
100
AcDb3dPolylineVertex
 10
1546.2
 20
34.0
 30
2128.2
 70
32
  0
VERTEX
  5
9F9
330
17
100
AcDbEntity
  8
RBAR-T8-B
100
AcDbVertex
100
AcDb3dPolylineVertex
 10
1549.2
 20
34.0
 30
2129.1
 70
32
  0
VERTEX
  5
9FA
330
17
100
AcDbEntity
  8
RBAR-T8-B
100
AcDbVertex
100
AcDb3dPolylineVertex
 10
1552.0
 20
34.0
 30
2130.6
 70
32
  0
VERTEX
  5
9FB
330
17
100
AcDbEntity
  8
RBAR-T8-B
100
AcDbVertex
100
AcDb3dPolylineVertex
 10
1554.5
 20
34.0
 30
2132.6
 70
32
  0
VERTEX
  5
9FC
330
17
100
AcDbEntity
  8
RBAR-T8-B
100
AcDbVertex
100
AcDb3dPolylineVertex
 10
1556.5
 20
34.0
 30
2135.1
 70
32
  0
VERTEX
  5
9FD
330
17
100
AcDbEntity
  8
RBAR-T8-B
100
AcDbVertex
100
AcDb3dPolylineVertex
 10
1558.0
 20
34.0
 30
2137.9
 70
32
  0
VERTEX
  5
9FE
330
17
100
AcDbEntity
  8
RBAR-T8-B
100
AcDbVertex
100
AcDb3dPolylineVertex
 10
1559.0
 20
34.0
 30
2141.0
 70
32
  0
VERTEX
  5
9FF
330
17
100
AcDbEntity
  8
RBAR-T8-B
100
AcDbVertex
100
AcDb3dPolylineVertex
 10
1559.3
 20
34.0
 30
2144.2
 70
32
  0
VERTEX
  5
A00
330
17
100
AcDbEntity
  8
RBAR-T8-B
100
AcDbVertex
100
AcDb3dPolylineVertex
 10
1559.3
 20
34.0
 30
2195.0
 70
32
  0
VERTEX
  5
A01
330
17
100
AcDbEntity
  8
RBAR-T8-B
100
AcDbVertex
100
AcDb3dPolylineVertex
 10
1559.0
 20
34.0
 30
2198.2
 70
32
  0
VERTEX
  5
A02
330
17
100
AcDbEntity
  8
RBAR-T8-B
100
AcDbVertex
100
AcDb3dPolylineVertex
 10
1558.0
 20
34.0
 30
2201.2
 70
32
  0
VERTEX
  5
A03
330
17
100
AcDbEntity
  8
RBAR-T8-B
100
AcDbVertex
100
AcDb3dPolylineVertex
 10
1556.5
 20
34.0
 30
2204.1
 70
32
  0
VERTEX
  5
A04
330
17
100
AcDbEntity
  8
RBAR-T8-B
100
AcDbVertex
100
AcDb3dPolylineVertex
 10
1554.5
 20
34.0
 30
2206.5
 70
32
  0
VERTEX
  5
A05
330
17
100
AcDbEntity
  8
RBAR-T8-B
100
AcDbVertex
100
AcDb3dPolylineVertex
 10
1552.0
 20
34.0
 30
2208.5
 70
32
  0
VERTEX
  5
A06
330
17
100
AcDbEntity
  8
RBAR-T8-B
100
AcDbVertex
100
AcDb3dPolylineVertex
 10
1549.2
 20
34.0
 30
2210.1
 70
32
  0
VERTEX
  5
A07
330
17
100
AcDbEntity
  8
RBAR-T8-B
100
AcDbVertex
100
AcDb3dPolylineVertex
 10
1546.2
 20
34.0
 30
2211.0
 70
32
  0
VERTEX
  5
A08
330
17
100
AcDbEntity
  8
RBAR-T8-B
100
AcDbVertex
100
AcDb3dPolylineVertex
 10
1543.0
 20
34.0
 30
2211.3
 70
32
  0
VERTEX
  5
A09
330
17
100
AcDbEntity
  8
RBAR-T8-B
100
AcDbVertex
100
AcDb3dPolylineVertex
 10
1156.5
 20
34.0
 30
2211.3
 70
32
  0
SEQEND
  5
9F5
330
9F4
100
AcDbEntity
  8
RBAR-T8-B
  0
POLYLINE
  5
A0A
330
17
100
AcDbEntity
  8
RBAR-T8-B
100
AcDb3dPolyline
 66
1
 10
0.0
 20
0.0
 30
0.0
 70
8
  0
VERTEX
  5
A0C
330
17
100
AcDbEntity
  8
RBAR-T8-B
100
AcDbVertex
100
AcDb3dPolylineVertex
 10
1156.5
 20
34.0
 30
2965.7
 70
32
  0
VERTEX
  5
A0D
330
17
100
AcDbEntity
  8
RBAR-T8-B
100
AcDbVertex
100
AcDb3dPolylineVertex
 10
1543.0
 20
34.0
 30
2965.7
 70
32
  0
VERTEX
  5
A0E
330
17
100
AcDbEntity
  8
RBAR-T8-B
100
AcDbVertex
100
AcDb3dPolylineVertex
 10
1546.2
 20
34.0
 30
2966.0
 70
32
  0
VERTEX
  5
A0F
330
17
100
AcDbEntity
  8
RBAR-T8-B
100
AcDbVertex
100
AcDb3dPolylineVertex
 10
1549.2
 20
34.0
 30
2966.9
 70
32
  0
VERTEX
  5
A10
330
17
100
AcDbEntity
  8
RBAR-T8-B
100
AcDbVertex
100
AcDb3dPolylineVertex
 10
1552.0
 20
34.0
 30
2968.5
 70
32
  0
VERTEX
  5
A11
330
17
100
AcDbEntity
  8
RBAR-T8-B
100
AcDbVertex
100
AcDb3dPolylineVertex
 10
1554.5
 20
34.0
 30
2970.5
 70
32
  0
VERTEX
  5
A12
330
17
100
AcDbEntity
  8
RBAR-T8-B
100
AcDbVertex
100
AcDb3dPolylineVertex
 10
1556.5
 20
34.0
 30
2972.9
 70
32
  0
VERTEX
  5
A13
330
17
100
AcDbEntity
  8
RBAR-T8-B
100
AcDbVertex
100
AcDb3dPolylineVertex
 10
1558.0
 20
34.0
 30
2975.8
 70
32
  0
VERTEX
  5
A14
330
17
100
AcDbEntity
  8
RBAR-T8-B
100
AcDbVertex
100
AcDb3dPolylineVertex
 10
1559.0
 20
34.0
 30
2978.8
 70
32
  0
VERTEX
  5
A15
330
17
100
AcDbEntity
  8
RBAR-T8-B
100
AcDbVertex
100
AcDb3dPolylineVertex
 10
1559.3
 20
34.0
 30
2982.0
 70
32
  0
VERTEX
  5
A16
330
17
100
AcDbEntity
  8
RBAR-T8-B
100
AcDbVertex
100
AcDb3dPolylineVertex
 10
1559.3
 20
34.0
 30
3032.8
 70
32
  0
VERTEX
  5
A17
330
17
100
AcDbEntity
  8
RBAR-T8-B
100
AcDbVertex
100
AcDb3dPolylineVertex
 10
1559.0
 20
34.0
 30
3036.0
 70
32
  0
VERTEX
  5
A18
330
17
100
AcDbEntity
  8
RBAR-T8-B
100
AcDbVertex
100
AcDb3dPolylineVertex
 10
1558.0
 20
34.0
 30
3039.1
 70
32
  0
VERTEX
  5
A19
330
17
100
AcDbEntity
  8
RBAR-T8-B
100
AcDbVertex
100
AcDb3dPolylineVertex
 10
1556.5
 20
34.0
 30
3041.9
 70
32
  0
VERTEX
  5
A1A
330
17
100
AcDbEntity
  8
RBAR-T8-B
100
AcDbVertex
100
AcDb3dPolylineVertex
 10
1554.5
 20
34.0
 30
3044.4
 70
32
  0
VERTEX
  5
A1B
330
17
100
AcDbEntity
  8
RBAR-T8-B
100
AcDbVertex
100
AcDb3dPolylineVertex
 10
1552.0
 20
34.0
 30
3046.4
 70
32
  0
VERTEX
  5
A1C
330
17
100
AcDbEntity
  8
RBAR-T8-B
100
AcDbVertex
100
AcDb3dPolylineVertex
 10
1549.2
 20
34.0
 30
3047.9
 70
32
  0
VERTEX
  5
A1D
330
17
100
AcDbEntity
  8
RBAR-T8-B
100
AcDbVertex
100
AcDb3dPolylineVertex
 10
1546.2
 20
34.0
 30
3048.8
 70
32
  0
VERTEX
  5
A1E
330
17
100
AcDbEntity
  8
RBAR-T8-B
100
AcDbVertex
100
AcDb3dPolylineVertex
 10
1543.0
 20
34.0
 30
3049.1
 70
32
  0
VERTEX
  5
A1F
330
17
100
AcDbEntity
  8
RBAR-T8-B
100
AcDbVertex
100
AcDb3dPolylineVertex
 10
1156.5
 20
34.0
 30
3049.1
 70
32
  0
SEQEND
  5
A0B
330
A0A
100
AcDbEntity
  8
RBAR-T8-B
  0
POLYLINE
  5
A20
330
17
100
AcDbEntity
  8
RBAR-T8-B
100
AcDb3dPolyline
 66
1
 10
0.0
 20
0.0
 30
0.0
 70
8
  0
VERTEX
  5
A22
330
17
100
AcDbEntity
  8
RBAR-T8-B
100
AcDbVertex
100
AcDb3dPolylineVertex
 10
1156.5
 20
34.0
 30
3803.5
 70
32
  0
VERTEX
  5
A23
330
17
100
AcDbEntity
  8
RBAR-T8-B
100
AcDbVertex
100
AcDb3dPolylineVertex
 10
1543.0
 20
34.0
 30
3803.5
 70
32
  0
VERTEX
  5
A24
330
17
100
AcDbEntity
  8
RBAR-T8-B
100
AcDbVertex
100
AcDb3dPolylineVertex
 10
1546.2
 20
34.0
 30
3803.9
 70
32
  0
VERTEX
  5
A25
330
17
100
AcDbEntity
  8
RBAR-T8-B
100
AcDbVertex
100
AcDb3dPolylineVertex
 10
1549.2
 20
34.0
 30
3804.8
 70
32
  0
VERTEX
  5
A26
330
17
100
AcDbEntity
  8
RBAR-T8-B
100
AcDbVertex
100
AcDb3dPolylineVertex
 10
1552.0
 20
34.0
 30
3806.3
 70
32
  0
VERTEX
  5
A27
330
17
100
AcDbEntity
  8
RBAR-T8-B
100
AcDbVertex
100
AcDb3dPolylineVertex
 10
1554.5
 20
34.0
 30
3808.3
 70
32
  0
VERTEX
  5
A28
330
17
100
AcDbEntity
  8
RBAR-T8-B
100
AcDbVertex
100
AcDb3dPolylineVertex
 10
1556.5
 20
34.0
 30
3810.8
 70
32
  0
VERTEX
  5
A29
330
17
100
AcDbEntity
  8
RBAR-T8-B
100
AcDbVertex
100
AcDb3dPolylineVertex
 10
1558.0
 20
34.0
 30
3813.6
 70
32
  0
VERTEX
  5
A2A
330
17
100
AcDbEntity
  8
RBAR-T8-B
100
AcDbVertex
100
AcDb3dPolylineVertex
 10
1559.0
 20
34.0
 30
3816.6
 70
32
  0
VERTEX
  5
A2B
330
17
100
AcDbEntity
  8
RBAR-T8-B
100
AcDbVertex
100
AcDb3dPolylineVertex
 10
1559.3
 20
34.0
 30
3819.8
 70
32
  0
VERTEX
  5
A2C
330
17
100
AcDbEntity
  8
RBAR-T8-B
100
AcDbVertex
100
AcDb3dPolylineVertex
 10
1559.3
 20
34.0
 30
3870.7
 70
32
  0
VERTEX
  5
A2D
330
17
100
AcDbEntity
  8
RBAR-T8-B
100
AcDbVertex
100
AcDb3dPolylineVertex
 10
1559.0
 20
34.0
 30
3873.9
 70
32
  0
VERTEX
  5
A2E
330
17
100
AcDbEntity
  8
RBAR-T8-B
100
AcDbVertex
100
AcDb3dPolylineVertex
 10
1558.0
 20
34.0
 30
3876.9
 70
32
  0
VERTEX
  5
A2F
330
17
100
AcDbEntity
  8
RBAR-T8-B
100
AcDbVertex
100
AcDb3dPolylineVertex
 10
1556.5
 20
34.0
 30
3879.7
 70
32
  0
VERTEX
  5
A30
330
17
100
AcDbEntity
  8
RBAR-T8-B
100
AcDbVertex
100
AcDb3dPolylineVertex
 10
1554.5
 20
34.0
 30
3882.2
 70
32
  0
VERTEX
  5
A31
330
17
100
AcDbEntity
  8
RBAR-T8-B
100
AcDbVertex
100
AcDb3dPolylineVertex
 10
1552.0
 20
34.0
 30
3884.2
 70
32
  0
VERTEX
  5
A32
330
17
100
AcDbEntity
  8
RBAR-T8-B
100
AcDbVertex
100
AcDb3dPolylineVertex
 10
1549.2
 20
34.0
 30
3885.7
 70
32
  0
VERTEX
  5
A33
330
17
100
AcDbEntity
  8
RBAR-T8-B
100
AcDbVertex
100
AcDb3dPolylineVertex
 10
1546.2
 20
34.0
 30
3886.6
 70
32
  0
VERTEX
  5
A34
330
17
100
AcDbEntity
  8
RBAR-T8-B
100
AcDbVertex
100
AcDb3dPolylineVertex
 10
1543.0
 20
34.0
 30
3887.0
 70
32
  0
VERTEX
  5
A35
330
17
100
AcDbEntity
  8
RBAR-T8-B
100
AcDbVertex
100
AcDb3dPolylineVertex
 10
1156.5
 20
34.0
 30
3887.0
 70
32
  0
SEQEND
  5
A21
330
A20
100
AcDbEntity
  8
RBAR-T8-B
  0
POLYLINE
  5
A36
330
17
100
AcDbEntity
  8
RBAR-T8-B
100
AcDb3dPolyline
 66
1
 10
0.0
 20
0.0
 30
0.0
 70
8
  0
VERTEX
  5
A38
330
17
100
AcDbEntity
  8
RBAR-T8-B
100
AcDbVertex
100
AcDb3dPolylineVertex
 10
1156.5
 20
34.0
 30
4641.4
 70
32
  0
VERTEX
  5
A39
330
17
100
AcDbEntity
  8
RBAR-T8-B
100
AcDbVertex
100
AcDb3dPolylineVertex
 10
1543.0
 20
34.0
 30
4641.4
 70
32
  0
VERTEX
  5
A3A
330
17
100
AcDbEntity
  8
RBAR-T8-B
100
AcDbVertex
100
AcDb3dPolylineVertex
 10
1546.2
 20
34.0
 30
4641.7
 70
32
  0
VERTEX
  5
A3B
330
17
100
AcDbEntity
  8
RBAR-T8-B
100
AcDbVertex
100
AcDb3dPolylineVertex
 10
1549.2
 20
34.0
 30
4642.6
 70
32
  0
VERTEX
  5
A3C
330
17
100
AcDbEntity
  8
RBAR-T8-B
100
AcDbVertex
100
AcDb3dPolylineVertex
 10
1552.0
 20
34.0
 30
4644.1
 70
32
  0
VERTEX
  5
A3D
330
17
100
AcDbEntity
  8
RBAR-T8-B
100
AcDbVertex
100
AcDb3dPolylineVertex
 10
1554.5
 20
34.0
 30
4646.1
 70
32
  0
VERTEX
  5
A3E
330
17
100
AcDbEntity
  8
RBAR-T8-B
100
AcDbVertex
100
AcDb3dPolylineVertex
 10
1556.5
 20
34.0
 30
4648.6
 70
32
  0
VERTEX
  5
A3F
330
17
100
AcDbEntity
  8
RBAR-T8-B
100
AcDbVertex
100
AcDb3dPolylineVertex
 10
1558.0
 20
34.0
 30
4651.4
 70
32
  0
VERTEX
  5
A40
330
17
100
AcDbEntity
  8
RBAR-T8-B
100
AcDbVertex
100
AcDb3dPolylineVertex
 10
1559.0
 20
34.0
 30
4654.5
 70
32
  0
VERTEX
  5
A41
330
17
100
AcDbEntity
  8
RBAR-T8-B
100
AcDbVertex
100
AcDb3dPolylineVertex
 10
1559.3
 20
34.0
 30
4657.7
 70
32
  0
VERTEX
  5
A42
330
17
100
AcDbEntity
  8
RBAR-T8-B
100
AcDbVertex
100
AcDb3dPolylineVertex
 10
1559.3
 20
34.0
 30
4708.5
 70
32
  0
VERTEX
  5
A43
330
17
100
AcDbEntity
  8
RBAR-T8-B
100
AcDbVertex
100
AcDb3dPolylineVertex
 10
1559.0
 20
34.0
 30
4711.7
 70
32
  0
VERTEX
  5
A44
330
17
100
AcDbEntity
  8
RBAR-T8-B
100
AcDbVertex
100
AcDb3dPolylineVertex
 10
1558.0
 20
34.0
 30
4714.7
 70
32
  0
VERTEX
  5
A45
330
17
100
AcDbEntity
  8
RBAR-T8-B
100
AcDbVertex
100
AcDb3dPolylineVertex
 10
1556.5
 20
34.0
 30
4717.6
 70
32
  0
VERTEX
  5
A46
330
17
100
AcDbEntity
  8
RBAR-T8-B
100
AcDbVertex
100
AcDb3dPolylineVertex
 10
1554.5
 20
34.0
 30
4720.0
 70
32
  0
VERTEX
  5
A47
330
17
100
AcDbEntity
  8
RBAR-T8-B
100
AcDbVertex
100
AcDb3dPolylineVertex
 10
1552.0
 20
34.0
 30
4722.0
 70
32
  0
VERTEX
  5
A48
330
17
100
AcDbEntity
  8
RBAR-T8-B
100
AcDbVertex
100
AcDb3dPolylineVertex
 10
1549.2
 20
34.0
 30
4723.6
 70
32
  0
VERTEX
  5
A49
330
17
100
AcDbEntity
  8
RBAR-T8-B
100
AcDbVertex
100
AcDb3dPolylineVertex
 10
1546.2
 20
34.0
 30
4724.5
 70
32
  0
VERTEX
  5
A4A
330
17
100
AcDbEntity
  8
RBAR-T8-B
100
AcDbVertex
100
AcDb3dPolylineVertex
 10
1543.0
 20
34.0
 30
4724.8
 70
32
  0
VERTEX
  5
A4B
330
17
100
AcDbEntity
  8
RBAR-T8-B
100
AcDbVertex
100
AcDb3dPolylineVertex
 10
1156.5
 20
34.0
 30
4724.8
 70
32
  0
SEQEND
  5
A37
330
A36
100
AcDbEntity
  8
RBAR-T8-B
  0
POLYLINE
  5
A4C
330
17
100
AcDbEntity
  8
RBAR-T8-B
100
AcDb3dPolyline
 66
1
 10
0.0
 20
0.0
 30
0.0
 70
8
  0
VERTEX
  5
A4E
330
17
100
AcDbEntity
  8
RBAR-T8-B
100
AcDbVertex
100
AcDb3dPolylineVertex
 10
1717.7
 20
34.0
 30
452.2
 70
32
  0
VERTEX
  5
A4F
330
17
100
AcDbEntity
  8
RBAR-T8-B
100
AcDbVertex
100
AcDb3dPolylineVertex
 10
2104.2
 20
34.0
 30
452.2
 70
32
  0
VERTEX
  5
A50
330
17
100
AcDbEntity
  8
RBAR-T8-B
100
AcDbVertex
100
AcDb3dPolylineVertex
 10
2107.4
 20
34.0
 30
452.5
 70
32
  0
VERTEX
  5
A51
330
17
100
AcDbEntity
  8
RBAR-T8-B
100
AcDbVertex
100
AcDb3dPolylineVertex
 10
2110.5
 20
34.0
 30
453.4
 70
32
  0
VERTEX
  5
A52
330
17
100
AcDbEntity
  8
RBAR-T8-B
100
AcDbVertex
100
AcDb3dPolylineVertex
 10
2113.3
 20
34.0
 30
455.0
 70
32
  0
VERTEX
  5
A53
330
17
100
AcDbEntity
  8
RBAR-T8-B
100
AcDbVertex
100
AcDb3dPolylineVertex
 10
2115.7
 20
34.0
 30
457.0
 70
32
  0
VERTEX
  5
A54
330
17
100
AcDbEntity
  8
RBAR-T8-B
100
AcDbVertex
100
AcDb3dPolylineVertex
 10
2117.8
 20
34.0
 30
459.4
 70
32
  0
VERTEX
  5
A55
330
17
100
AcDbEntity
  8
RBAR-T8-B
100
AcDbVertex
100
AcDb3dPolylineVertex
 10
2119.3
 20
34.0
 30
462.3
 70
32
  0
VERTEX
  5
A56
330
17
100
AcDbEntity
  8
RBAR-T8-B
100
AcDbVertex
100
AcDb3dPolylineVertex
 10
2120.2
 20
34.0
 30
465.3
 70
32
  0
VERTEX
  5
A57
330
17
100
AcDbEntity
  8
RBAR-T8-B
100
AcDbVertex
100
AcDb3dPolylineVertex
 10
2120.5
 20
34.0
 30
468.5
 70
32
  0
VERTEX
  5
A58
330
17
100
AcDbEntity
  8
RBAR-T8-B
100
AcDbVertex
100
AcDb3dPolylineVertex
 10
2120.5
 20
34.0
 30
519.3
 70
32
  0
VERTEX
  5
A59
330
17
100
AcDbEntity
  8
RBAR-T8-B
100
AcDbVertex
100
AcDb3dPolylineVertex
 10
2120.2
 20
34.0
 30
522.5
 70
32
  0
VERTEX
  5
A5A
330
17
100
AcDbEntity
  8
RBAR-T8-B
100
AcDbVertex
100
AcDb3dPolylineVertex
 10
2119.3
 20
34.0
 30
525.6
 70
32
  0
VERTEX
  5
A5B
330
17
100
AcDbEntity
  8
RBAR-T8-B
100
AcDbVertex
100
AcDb3dPolylineVertex
 10
2117.8
 20
34.0
 30
528.4
 70
32
  0
VERTEX
  5
A5C
330
17
100
AcDbEntity
  8
RBAR-T8-B
100
AcDbVertex
100
AcDb3dPolylineVertex
 10
2115.7
 20
34.0
 30
530.9
 70
32
  0
VERTEX
  5
A5D
330
17
100
AcDbEntity
  8
RBAR-T8-B
100
AcDbVertex
100
AcDb3dPolylineVertex
 10
2113.3
 20
34.0
 30
532.9
 70
32
  0
VERTEX
  5
A5E
330
17
100
AcDbEntity
  8
RBAR-T8-B
100
AcDbVertex
100
AcDb3dPolylineVertex
 10
2110.5
 20
34.0
 30
534.4
 70
32
  0
VERTEX
  5
A5F
330
17
100
AcDbEntity
  8
RBAR-T8-B
100
AcDbVertex
100
AcDb3dPolylineVertex
 10
2107.4
 20
34.0
 30
535.3
 70
32
  0
VERTEX
  5
A60
330
17
100
AcDbEntity
  8
RBAR-T8-B
100
AcDbVertex
100
AcDb3dPolylineVertex
 10
2104.2
 20
34.0
 30
535.6
 70
32
  0
VERTEX
  5
A61
330
17
100
AcDbEntity
  8
RBAR-T8-B
100
AcDbVertex
100
AcDb3dPolylineVertex
 10
1717.7
 20
34.0
 30
535.6
 70
32
  0
SEQEND
  5
A4D
330
A4C
100
AcDbEntity
  8
RBAR-T8-B
  0
POLYLINE
  5
A62
330
17
100
AcDbEntity
  8
RBAR-T8-B
100
AcDb3dPolyline
 66
1
 10
0.0
 20
0.0
 30
0.0
 70
8
  0
VERTEX
  5
A64
330
17
100
AcDbEntity
  8
RBAR-T8-B
100
AcDbVertex
100
AcDb3dPolylineVertex
 10
1717.7
 20
34.0
 30
1290.0
 70
32
  0
VERTEX
  5
A65
330
17
100
AcDbEntity
  8
RBAR-T8-B
100
AcDbVertex
100
AcDb3dPolylineVertex
 10
2104.2
 20
34.0
 30
1290.0
 70
32
  0
VERTEX
  5
A66
330
17
100
AcDbEntity
  8
RBAR-T8-B
100
AcDbVertex
100
AcDb3dPolylineVertex
 10
2107.4
 20
34.0
 30
1290.4
 70
32
  0
VERTEX
  5
A67
330
17
100
AcDbEntity
  8
RBAR-T8-B
100
AcDbVertex
100
AcDb3dPolylineVertex
 10
2110.5
 20
34.0
 30
1291.3
 70
32
  0
VERTEX
  5
A68
330
17
100
AcDbEntity
  8
RBAR-T8-B
100
AcDbVertex
100
AcDb3dPolylineVertex
 10
2113.3
 20
34.0
 30
1292.8
 70
32
  0
VERTEX
  5
A69
330
17
100
AcDbEntity
  8
RBAR-T8-B
100
AcDbVertex
100
AcDb3dPolylineVertex
 10
2115.7
 20
34.0
 30
1294.8
 70
32
  0
VERTEX
  5
A6A
330
17
100
AcDbEntity
  8
RBAR-T8-B
100
AcDbVertex
100
AcDb3dPolylineVertex
 10
2117.8
 20
34.0
 30
1297.3
 70
32
  0
VERTEX
  5
A6B
330
17
100
AcDbEntity
  8
RBAR-T8-B
100
AcDbVertex
100
AcDb3dPolylineVertex
 10
2119.3
 20
34.0
 30
1300.1
 70
32
  0
VERTEX
  5
A6C
330
17
100
AcDbEntity
  8
RBAR-T8-B
100
AcDbVertex
100
AcDb3dPolylineVertex
 10
2120.2
 20
34.0
 30
1303.1
 70
32
  0
VERTEX
  5
A6D
330
17
100
AcDbEntity
  8
RBAR-T8-B
100
AcDbVertex
100
AcDb3dPolylineVertex
 10
2120.5
 20
34.0
 30
1306.3
 70
32
  0
VERTEX
  5
A6E
330
17
100
AcDbEntity
  8
RBAR-T8-B
100
AcDbVertex
100
AcDb3dPolylineVertex
 10
2120.5
 20
34.0
 30
1357.2
 70
32
  0
VERTEX
  5
A6F
330
17
100
AcDbEntity
  8
RBAR-T8-B
100
AcDbVertex
100
AcDb3dPolylineVertex
 10
2120.2
 20
34.0
 30
1360.4
 70
32
  0
VERTEX
  5
A70
330
17
100
AcDbEntity
  8
RBAR-T8-B
100
AcDbVertex
100
AcDb3dPolylineVertex
 10
2119.3
 20
34.0
 30
1363.4
 70
32
  0
VERTEX
  5
A71
330
17
100
AcDbEntity
  8
RBAR-T8-B
100
AcDbVertex
100
AcDb3dPolylineVertex
 10
2117.8
 20
34.0
 30
1366.2
 70
32
  0
VERTEX
  5
A72
330
17
100
AcDbEntity
  8
RBAR-T8-B
100
AcDbVertex
100
AcDb3dPolylineVertex
 10
2115.7
 20
34.0
 30
1368.7
 70
32
  0
VERTEX
  5
A73
330
17
100
AcDbEntity
  8
RBAR-T8-B
100
AcDbVertex
100
AcDb3dPolylineVertex
 10
2113.3
 20
34.0
 30
1370.7
 70
32
  0
VERTEX
  5
A74
330
17
100
AcDbEntity
  8
RBAR-T8-B
100
AcDbVertex
100
AcDb3dPolylineVertex
 10
2110.5
 20
34.0
 30
1372.2
 70
32
  0
VERTEX
  5
A75
330
17
100
AcDbEntity
  8
RBAR-T8-B
100
AcDbVertex
100
AcDb3dPolylineVertex
 10
2107.4
 20
34.0
 30
1373.1
 70
32
  0
VERTEX
  5
A76
330
17
100
AcDbEntity
  8
RBAR-T8-B
100
AcDbVertex
100
AcDb3dPolylineVertex
 10
2104.2
 20
34.0
 30
1373.5
 70
32
  0
VERTEX
  5
A77
330
17
100
AcDbEntity
  8
RBAR-T8-B
100
AcDbVertex
100
AcDb3dPolylineVertex
 10
1717.7
 20
34.0
 30
1373.5
 70
32
  0
SEQEND
  5
A63
330
A62
100
AcDbEntity
  8
RBAR-T8-B
  0
POLYLINE
  5
A78
330
17
100
AcDbEntity
  8
RBAR-T8-B
100
AcDb3dPolyline
 66
1
 10
0.0
 20
0.0
 30
0.0
 70
8
  0
VERTEX
  5
A7A
330
17
100
AcDbEntity
  8
RBAR-T8-B
100
AcDbVertex
100
AcDb3dPolylineVertex
 10
1717.7
 20
34.0
 30
2127.9
 70
32
  0
VERTEX
  5
A7B
330
17
100
AcDbEntity
  8
RBAR-T8-B
100
AcDbVertex
100
AcDb3dPolylineVertex
 10
2104.2
 20
34.0
 30
2127.9
 70
32
  0
VERTEX
  5
A7C
330
17
100
AcDbEntity
  8
RBAR-T8-B
100
AcDbVertex
100
AcDb3dPolylineVertex
 10
2107.4
 20
34.0
 30
2128.2
 70
32
  0
VERTEX
  5
A7D
330
17
100
AcDbEntity
  8
RBAR-T8-B
100
AcDbVertex
100
AcDb3dPolylineVertex
 10
2110.5
 20
34.0
 30
2129.1
 70
32
  0
VERTEX
  5
A7E
330
17
100
AcDbEntity
  8
RBAR-T8-B
100
AcDbVertex
100
AcDb3dPolylineVertex
 10
2113.3
 20
34.0
 30
2130.6
 70
32
  0
VERTEX
  5
A7F
330
17
100
AcDbEntity
  8
RBAR-T8-B
100
AcDbVertex
100
AcDb3dPolylineVertex
 10
2115.7
 20
34.0
 30
2132.6
 70
32
  0
VERTEX
  5
A80
330
17
100
AcDbEntity
  8
RBAR-T8-B
100
AcDbVertex
100
AcDb3dPolylineVertex
 10
2117.8
 20
34.0
 30
2135.1
 70
32
  0
VERTEX
  5
A81
330
17
100
AcDbEntity
  8
RBAR-T8-B
100
AcDbVertex
100
AcDb3dPolylineVertex
 10
2119.3
 20
34.0
 30
2137.9
 70
32
  0
VERTEX
  5
A82
330
17
100
AcDbEntity
  8
RBAR-T8-B
100
AcDbVertex
100
AcDb3dPolylineVertex
 10
2120.2
 20
34.0
 30
2141.0
 70
32
  0
VERTEX
  5
A83
330
17
100
AcDbEntity
  8
RBAR-T8-B
100
AcDbVertex
100
AcDb3dPolylineVertex
 10
2120.5
 20
34.0
 30
2144.2
 70
32
  0
VERTEX
  5
A84
330
17
100
AcDbEntity
  8
RBAR-T8-B
100
AcDbVertex
100
AcDb3dPolylineVertex
 10
2120.5
 20
34.0
 30
2195.0
 70
32
  0
VERTEX
  5
A85
330
17
100
AcDbEntity
  8
RBAR-T8-B
100
AcDbVertex
100
AcDb3dPolylineVertex
 10
2120.2
 20
34.0
 30
2198.2
 70
32
  0
VERTEX
  5
A86
330
17
100
AcDbEntity
  8
RBAR-T8-B
100
AcDbVertex
100
AcDb3dPolylineVertex
 10
2119.3
 20
34.0
 30
2201.2
 70
32
  0
VERTEX
  5
A87
330
17
100
AcDbEntity
  8
RBAR-T8-B
100
AcDbVertex
100
AcDb3dPolylineVertex
 10
2117.8
 20
34.0
 30
2204.1
 70
32
  0
VERTEX
  5
A88
330
17
100
AcDbEntity
  8
RBAR-T8-B
100
AcDbVertex
100
AcDb3dPolylineVertex
 10
2115.7
 20
34.0
 30
2206.5
 70
32
  0
VERTEX
  5
A89
330
17
100
AcDbEntity
  8
RBAR-T8-B
100
AcDbVertex
100
AcDb3dPolylineVertex
 10
2113.3
 20
34.0
 30
2208.5
 70
32
  0
VERTEX
  5
A8A
330
17
100
AcDbEntity
  8
RBAR-T8-B
100
AcDbVertex
100
AcDb3dPolylineVertex
 10
2110.5
 20
34.0
 30
2210.1
 70
32
  0
VERTEX
  5
A8B
330
17
100
AcDbEntity
  8
RBAR-T8-B
100
AcDbVertex
100
AcDb3dPolylineVertex
 10
2107.4
 20
34.0
 30
2211.0
 70
32
  0
VERTEX
  5
A8C
330
17
100
AcDbEntity
  8
RBAR-T8-B
100
AcDbVertex
100
AcDb3dPolylineVertex
 10
2104.2
 20
34.0
 30
2211.3
 70
32
  0
VERTEX
  5
A8D
330
17
100
AcDbEntity
  8
RBAR-T8-B
100
AcDbVertex
100
AcDb3dPolylineVertex
 10
1717.7
 20
34.0
 30
2211.3
 70
32
  0
SEQEND
  5
A79
330
A78
100
AcDbEntity
  8
RBAR-T8-B
  0
POLYLINE
  5
A8E
330
17
100
AcDbEntity
  8
RBAR-T8-B
100
AcDb3dPolyline
 66
1
 10
0.0
 20
0.0
 30
0.0
 70
8
  0
VERTEX
  5
A90
330
17
100
AcDbEntity
  8
RBAR-T8-B
100
AcDbVertex
100
AcDb3dPolylineVertex
 10
1717.7
 20
34.0
 30
2965.7
 70
32
  0
VERTEX
  5
A91
330
17
100
AcDbEntity
  8
RBAR-T8-B
100
AcDbVertex
100
AcDb3dPolylineVertex
 10
2104.2
 20
34.0
 30
2965.7
 70
32
  0
VERTEX
  5
A92
330
17
100
AcDbEntity
  8
RBAR-T8-B
100
AcDbVertex
100
AcDb3dPolylineVertex
 10
2107.4
 20
34.0
 30
2966.0
 70
32
  0
VERTEX
  5
A93
330
17
100
AcDbEntity
  8
RBAR-T8-B
100
AcDbVertex
100
AcDb3dPolylineVertex
 10
2110.5
 20
34.0
 30
2966.9
 70
32
  0
VERTEX
  5
A94
330
17
100
AcDbEntity
  8
RBAR-T8-B
100
AcDbVertex
100
AcDb3dPolylineVertex
 10
2113.3
 20
34.0
 30
2968.5
 70
32
  0
VERTEX
  5
A95
330
17
100
AcDbEntity
  8
RBAR-T8-B
100
AcDbVertex
100
AcDb3dPolylineVertex
 10
2115.7
 20
34.0
 30
2970.5
 70
32
  0
VERTEX
  5
A96
330
17
100
AcDbEntity
  8
RBAR-T8-B
100
AcDbVertex
100
AcDb3dPolylineVertex
 10
2117.8
 20
34.0
 30
2972.9
 70
32
  0
VERTEX
  5
A97
330
17
100
AcDbEntity
  8
RBAR-T8-B
100
AcDbVertex
100
AcDb3dPolylineVertex
 10
2119.3
 20
34.0
 30
2975.8
 70
32
  0
VERTEX
  5
A98
330
17
100
AcDbEntity
  8
RBAR-T8-B
100
AcDbVertex
100
AcDb3dPolylineVertex
 10
2120.2
 20
34.0
 30
2978.8
 70
32
  0
VERTEX
  5
A99
330
17
100
AcDbEntity
  8
RBAR-T8-B
100
AcDbVertex
100
AcDb3dPolylineVertex
 10
2120.5
 20
34.0
 30
2982.0
 70
32
  0
VERTEX
  5
A9A
330
17
100
AcDbEntity
  8
RBAR-T8-B
100
AcDbVertex
100
AcDb3dPolylineVertex
 10
2120.5
 20
34.0
 30
3032.8
 70
32
  0
VERTEX
  5
A9B
330
17
100
AcDbEntity
  8
RBAR-T8-B
100
AcDbVertex
100
AcDb3dPolylineVertex
 10
2120.2
 20
34.0
 30
3036.0
 70
32
  0
VERTEX
  5
A9C
330
17
100
AcDbEntity
  8
RBAR-T8-B
100
AcDbVertex
100
AcDb3dPolylineVertex
 10
2119.3
 20
34.0
 30
3039.1
 70
32
  0
VERTEX
  5
A9D
330
17
100
AcDbEntity
  8
RBAR-T8-B
100
AcDbVertex
100
AcDb3dPolylineVertex
 10
2117.8
 20
34.0
 30
3041.9
 70
32
  0
VERTEX
  5
A9E
330
17
100
AcDbEntity
  8
RBAR-T8-B
100
AcDbVertex
100
AcDb3dPolylineVertex
 10
2115.7
 20
34.0
 30
3044.4
 70
32
  0
VERTEX
  5
A9F
330
17
100
AcDbEntity
  8
RBAR-T8-B
100
AcDbVertex
100
AcDb3dPolylineVertex
 10
2113.3
 20
34.0
 30
3046.4
 70
32
  0
VERTEX
  5
AA0
330
17
100
AcDbEntity
  8
RBAR-T8-B
100
AcDbVertex
100
AcDb3dPolylineVertex
 10
2110.5
 20
34.0
 30
3047.9
 70
32
  0
VERTEX
  5
AA1
330
17
100
AcDbEntity
  8
RBAR-T8-B
100
AcDbVertex
100
AcDb3dPolylineVertex
 10
2107.4
 20
34.0
 30
3048.8
 70
32
  0
VERTEX
  5
AA2
330
17
100
AcDbEntity
  8
RBAR-T8-B
100
AcDbVertex
100
AcDb3dPolylineVertex
 10
2104.2
 20
34.0
 30
3049.1
 70
32
  0
VERTEX
  5
AA3
330
17
100
AcDbEntity
  8
RBAR-T8-B
100
AcDbVertex
100
AcDb3dPolylineVertex
 10
1717.7
 20
34.0
 30
3049.1
 70
32
  0
SEQEND
  5
A8F
330
A8E
100
AcDbEntity
  8
RBAR-T8-B
  0
POLYLINE
  5
AA4
330
17
100
AcDbEntity
  8
RBAR-T8-B
100
AcDb3dPolyline
 66
1
 10
0.0
 20
0.0
 30
0.0
 70
8
  0
VERTEX
  5
AA6
330
17
100
AcDbEntity
  8
RBAR-T8-B
100
AcDbVertex
100
AcDb3dPolylineVertex
 10
1717.7
 20
34.0
 30
3803.5
 70
32
  0
VERTEX
  5
AA7
330
17
100
AcDbEntity
  8
RBAR-T8-B
100
AcDbVertex
100
AcDb3dPolylineVertex
 10
2104.2
 20
34.0
 30
3803.5
 70
32
  0
VERTEX
  5
AA8
330
17
100
AcDbEntity
  8
RBAR-T8-B
100
AcDbVertex
100
AcDb3dPolylineVertex
 10
2107.4
 20
34.0
 30
3803.9
 70
32
  0
VERTEX
  5
AA9
330
17
100
AcDbEntity
  8
RBAR-T8-B
100
AcDbVertex
100
AcDb3dPolylineVertex
 10
2110.5
 20
34.0
 30
3804.8
 70
32
  0
VERTEX
  5
AAA
330
17
100
AcDbEntity
  8
RBAR-T8-B
100
AcDbVertex
100
AcDb3dPolylineVertex
 10
2113.3
 20
34.0
 30
3806.3
 70
32
  0
VERTEX
  5
AAB
330
17
100
AcDbEntity
  8
RBAR-T8-B
100
AcDbVertex
100
AcDb3dPolylineVertex
 10
2115.7
 20
34.0
 30
3808.3
 70
32
  0
VERTEX
  5
AAC
330
17
100
AcDbEntity
  8
RBAR-T8-B
100
AcDbVertex
100
AcDb3dPolylineVertex
 10
2117.8
 20
34.0
 30
3810.8
 70
32
  0
VERTEX
  5
AAD
330
17
100
AcDbEntity
  8
RBAR-T8-B
100
AcDbVertex
100
AcDb3dPolylineVertex
 10
2119.3
 20
34.0
 30
3813.6
 70
32
  0
VERTEX
  5
AAE
330
17
100
AcDbEntity
  8
RBAR-T8-B
100
AcDbVertex
100
AcDb3dPolylineVertex
 10
2120.2
 20
34.0
 30
3816.6
 70
32
  0
VERTEX
  5
AAF
330
17
100
AcDbEntity
  8
RBAR-T8-B
100
AcDbVertex
100
AcDb3dPolylineVertex
 10
2120.5
 20
34.0
 30
3819.8
 70
32
  0
VERTEX
  5
AB0
330
17
100
AcDbEntity
  8
RBAR-T8-B
100
AcDbVertex
100
AcDb3dPolylineVertex
 10
2120.5
 20
34.0
 30
3870.7
 70
32
  0
VERTEX
  5
AB1
330
17
100
AcDbEntity
  8
RBAR-T8-B
100
AcDbVertex
100
AcDb3dPolylineVertex
 10
2120.2
 20
34.0
 30
3873.9
 70
32
  0
VERTEX
  5
AB2
330
17
100
AcDbEntity
  8
RBAR-T8-B
100
AcDbVertex
100
AcDb3dPolylineVertex
 10
2119.3
 20
34.0
 30
3876.9
 70
32
  0
VERTEX
  5
AB3
330
17
100
AcDbEntity
  8
RBAR-T8-B
100
AcDbVertex
100
AcDb3dPolylineVertex
 10
2117.8
 20
34.0
 30
3879.7
 70
32
  0
VERTEX
  5
AB4
330
17
100
AcDbEntity
  8
RBAR-T8-B
100
AcDbVertex
100
AcDb3dPolylineVertex
 10
2115.7
 20
34.0
 30
3882.2
 70
32
  0
VERTEX
  5
AB5
330
17
100
AcDbEntity
  8
RBAR-T8-B
100
AcDbVertex
100
AcDb3dPolylineVertex
 10
2113.3
 20
34.0
 30
3884.2
 70
32
  0
VERTEX
  5
AB6
330
17
100
AcDbEntity
  8
RBAR-T8-B
100
AcDbVertex
100
AcDb3dPolylineVertex
 10
2110.5
 20
34.0
 30
3885.7
 70
32
  0
VERTEX
  5
AB7
330
17
100
AcDbEntity
  8
RBAR-T8-B
100
AcDbVertex
100
AcDb3dPolylineVertex
 10
2107.4
 20
34.0
 30
3886.6
 70
32
  0
VERTEX
  5
AB8
330
17
100
AcDbEntity
  8
RBAR-T8-B
100
AcDbVertex
100
AcDb3dPolylineVertex
 10
2104.2
 20
34.0
 30
3887.0
 70
32
  0
VERTEX
  5
AB9
330
17
100
AcDbEntity
  8
RBAR-T8-B
100
AcDbVertex
100
AcDb3dPolylineVertex
 10
1717.7
 20
34.0
 30
3887.0
 70
32
  0
SEQEND
  5
AA5
330
AA4
100
AcDbEntity
  8
RBAR-T8-B
  0
POLYLINE
  5
ABA
330
17
100
AcDbEntity
  8
RBAR-T8-B
100
AcDb3dPolyline
 66
1
 10
0.0
 20
0.0
 30
0.0
 70
8
  0
VERTEX
  5
ABC
330
17
100
AcDbEntity
  8
RBAR-T8-B
100
AcDbVertex
100
AcDb3dPolylineVertex
 10
1717.7
 20
34.0
 30
4641.4
 70
32
  0
VERTEX
  5
ABD
330
17
100
AcDbEntity
  8
RBAR-T8-B
100
AcDbVertex
100
AcDb3dPolylineVertex
 10
2104.2
 20
34.0
 30
4641.4
 70
32
  0
VERTEX
  5
ABE
330
17
100
AcDbEntity
  8
RBAR-T8-B
100
AcDbVertex
100
AcDb3dPolylineVertex
 10
2107.4
 20
34.0
 30
4641.7
 70
32
  0
VERTEX
  5
ABF
330
17
100
AcDbEntity
  8
RBAR-T8-B
100
AcDbVertex
100
AcDb3dPolylineVertex
 10
2110.5
 20
34.0
 30
4642.6
 70
32
  0
VERTEX
  5
AC0
330
17
100
AcDbEntity
  8
RBAR-T8-B
100
AcDbVertex
100
AcDb3dPolylineVertex
 10
2113.3
 20
34.0
 30
4644.1
 70
32
  0
VERTEX
  5
AC1
330
17
100
AcDbEntity
  8
RBAR-T8-B
100
AcDbVertex
100
AcDb3dPolylineVertex
 10
2115.7
 20
34.0
 30
4646.1
 70
32
  0
VERTEX
  5
AC2
330
17
100
AcDbEntity
  8
RBAR-T8-B
100
AcDbVertex
100
AcDb3dPolylineVertex
 10
2117.8
 20
34.0
 30
4648.6
 70
32
  0
VERTEX
  5
AC3
330
17
100
AcDbEntity
  8
RBAR-T8-B
100
AcDbVertex
100
AcDb3dPolylineVertex
 10
2119.3
 20
34.0
 30
4651.4
 70
32
  0
VERTEX
  5
AC4
330
17
100
AcDbEntity
  8
RBAR-T8-B
100
AcDbVertex
100
AcDb3dPolylineVertex
 10
2120.2
 20
34.0
 30
4654.5
 70
32
  0
VERTEX
  5
AC5
330
17
100
AcDbEntity
  8
RBAR-T8-B
100
AcDbVertex
100
AcDb3dPolylineVertex
 10
2120.5
 20
34.0
 30
4657.7
 70
32
  0
VERTEX
  5
AC6
330
17
100
AcDbEntity
  8
RBAR-T8-B
100
AcDbVertex
100
AcDb3dPolylineVertex
 10
2120.5
 20
34.0
 30
4708.5
 70
32
  0
VERTEX
  5
AC7
330
17
100
AcDbEntity
  8
RBAR-T8-B
100
AcDbVertex
100
AcDb3dPolylineVertex
 10
2120.2
 20
34.0
 30
4711.7
 70
32
  0
VERTEX
  5
AC8
330
17
100
AcDbEntity
  8
RBAR-T8-B
100
AcDbVertex
100
AcDb3dPolylineVertex
 10
2119.3
 20
34.0
 30
4714.7
 70
32
  0
VERTEX
  5
AC9
330
17
100
AcDbEntity
  8
RBAR-T8-B
100
AcDbVertex
100
AcDb3dPolylineVertex
 10
2117.8
 20
34.0
 30
4717.6
 70
32
  0
VERTEX
  5
ACA
330
17
100
AcDbEntity
  8
RBAR-T8-B
100
AcDbVertex
100
AcDb3dPolylineVertex
 10
2115.7
 20
34.0
 30
4720.0
 70
32
  0
VERTEX
  5
ACB
330
17
100
AcDbEntity
  8
RBAR-T8-B
100
AcDbVertex
100
AcDb3dPolylineVertex
 10
2113.3
 20
34.0
 30
4722.0
 70
32
  0
VERTEX
  5
ACC
330
17
100
AcDbEntity
  8
RBAR-T8-B
100
AcDbVertex
100
AcDb3dPolylineVertex
 10
2110.5
 20
34.0
 30
4723.6
 70
32
  0
VERTEX
  5
ACD
330
17
100
AcDbEntity
  8
RBAR-T8-B
100
AcDbVertex
100
AcDb3dPolylineVertex
 10
2107.4
 20
34.0
 30
4724.5
 70
32
  0
VERTEX
  5
ACE
330
17
100
AcDbEntity
  8
RBAR-T8-B
100
AcDbVertex
100
AcDb3dPolylineVertex
 10
2104.2
 20
34.0
 30
4724.8
 70
32
  0
VERTEX
  5
ACF
330
17
100
AcDbEntity
  8
RBAR-T8-B
100
AcDbVertex
100
AcDb3dPolylineVertex
 10
1717.7
 20
34.0
 30
4724.8
 70
32
  0
SEQEND
  5
ABB
330
ABA
100
AcDbEntity
  8
RBAR-T8-B
  0
POLYLINE
  5
AD1
330
17
100
AcDbEntity
  8
RBAR-T8-A3
100
AcDb3dPolyline
 66
1
 10
0.0
 20
0.0
 30
0.0
 70
8
  0
VERTEX
  5
AD3
330
17
100
AcDbEntity
  8
RBAR-T8-A3
100
AcDbVertex
100
AcDb3dPolylineVertex
 10
1168.7
 20
158.0
 30
34.0
 70
32
  0
VERTEX
  5
AD4
330
17
100
AcDbEntity
  8
RBAR-T8-A3
100
AcDbVertex
100
AcDb3dPolylineVertex
 10
1168.7
 20
158.0
 30
5084.0
 70
32
  0
SEQEND
  5
AD2
330
AD1
100
AcDbEntity
  8
RBAR-T8-A3
  0
POLYLINE
  5
AD5
330
17
100
AcDbEntity
  8
RBAR-T8-A3
100
AcDb3dPolyline
 66
1
 10
0.0
 20
0.0
 30
0.0
 70
8
  0
VERTEX
  5
AD7
330
17
100
AcDbEntity
  8
RBAR-T8-A3
100
AcDbVertex
100
AcDb3dPolylineVertex
 10
1295.7
 20
42.0
 30
34.0
 70
32
  0
VERTEX
  5
AD8
330
17
100
AcDbEntity
  8
RBAR-T8-A3
100
AcDbVertex
100
AcDb3dPolylineVertex
 10
1295.7
 20
42.0
 30
5084.0
 70
32
  0
SEQEND
  5
AD6
330
AD5
100
AcDbEntity
  8
RBAR-T8-A3
  0
POLYLINE
  5
AD9
330
17
100
AcDbEntity
  8
RBAR-T8-A3
100
AcDb3dPolyline
 66
1
 10
0.0
 20
0.0
 30
0.0
 70
8
  0
VERTEX
  5
ADB
330
17
100
AcDbEntity
  8
RBAR-T8-A3
100
AcDbVertex
100
AcDb3dPolylineVertex
 10
1351.9
 20
158.0
 30
34.0
 70
32
  0
VERTEX
  5
ADC
330
17
100
AcDbEntity
  8
RBAR-T8-A3
100
AcDbVertex
100
AcDb3dPolylineVertex
 10
1351.9
 20
158.0
 30
5084.0
 70
32
  0
SEQEND
  5
ADA
330
AD9
100
AcDbEntity
  8
RBAR-T8-A3
  0
POLYLINE
  5
ADD
330
17
100
AcDbEntity
  8
RBAR-T8-A3
100
AcDb3dPolyline
 66
1
 10
0.0
 20
0.0
 30
0.0
 70
8
  0
VERTEX
  5
ADF
330
17
100
AcDbEntity
  8
RBAR-T8-A3
100
AcDbVertex
100
AcDb3dPolylineVertex
 10
1493.2
 20
42.0
 30
34.0
 70
32
  0
VERTEX
  5
AE0
330
17
100
AcDbEntity
  8
RBAR-T8-A3
100
AcDbVertex
100
AcDb3dPolylineVertex
 10
1493.2
 20
42.0
 30
5084.0
 70
32
  0
SEQEND
  5
ADE
330
ADD
100
AcDbEntity
  8
RBAR-T8-A3
  0
POLYLINE
  5
AE1
330
17
100
AcDbEntity
  8
RBAR-T8-A3
100
AcDb3dPolyline
 66
1
 10
0.0
 20
0.0
 30
0.0
 70
8
  0
VERTEX
  5
AE3
330
17
100
AcDbEntity
  8
RBAR-T8-A3
100
AcDbVertex
100
AcDb3dPolylineVertex
 10
1520.6
 20
158.0
 30
34.0
 70
32
  0
VERTEX
  5
AE4
330
17
100
AcDbEntity
  8
RBAR-T8-A3
100
AcDbVertex
100
AcDb3dPolylineVertex
 10
1520.6
 20
158.0
 30
5084.0
 70
32
  0
SEQEND
  5
AE2
330
AE1
100
AcDbEntity
  8
RBAR-T8-A3
  0
POLYLINE
  5
AE5
330
17
100
AcDbEntity
  8
RBAR-T8-A3
100
AcDb3dPolyline
 66
1
 10
0.0
 20
0.0
 30
0.0
 70
8
  0
VERTEX
  5
AE7
330
17
100
AcDbEntity
  8
RBAR-T8-A3
100
AcDbVertex
100
AcDb3dPolylineVertex
 10
1690.6
 20
42.0
 30
34.0
 70
32
  0
VERTEX
  5
AE8
330
17
100
AcDbEntity
  8
RBAR-T8-A3
100
AcDbVertex
100
AcDb3dPolylineVertex
 10
1690.6
 20
42.0
 30
5084.0
 70
32
  0
SEQEND
  5
AE6
330
AE5
100
AcDbEntity
  8
RBAR-T8-A3
  0
POLYLINE
  5
AE9
330
17
100
AcDbEntity
  8
RBAR-T8-A3
100
AcDb3dPolyline
 66
1
 10
0.0
 20
0.0
 30
0.0
 70
8
  0
VERTEX
  5
AEB
330
17
100
AcDbEntity
  8
RBAR-T8-A3
100
AcDbVertex
100
AcDb3dPolylineVertex
 10
1718.1
 20
158.0
 30
34.0
 70
32
  0
VERTEX
  5
AEC
330
17
100
AcDbEntity
  8
RBAR-T8-A3
100
AcDbVertex
100
AcDb3dPolylineVertex
 10
1718.1
 20
158.0
 30
5084.0
 70
32
  0
SEQEND
  5
AEA
330
AE9
100
AcDbEntity
  8
RBAR-T8-A3
  0
POLYLINE
  5
AED
330
17
100
AcDbEntity
  8
RBAR-T8-A3
100
AcDb3dPolyline
 66
1
 10
0.0
 20
0.0
 30
0.0
 70
8
  0
VERTEX
  5
AEF
330
17
100
AcDbEntity
  8
RBAR-T8-A3
100
AcDbVertex
100
AcDb3dPolylineVertex
 10
1888.0
 20
42.0
 30
34.0
 70
32
  0
VERTEX
  5
AF0
330
17
100
AcDbEntity
  8
RBAR-T8-A3
100
AcDbVertex
100
AcDb3dPolylineVertex
 10
1888.0
 20
42.0
 30
5084.0
 70
32
  0
SEQEND
  5
AEE
330
AED
100
AcDbEntity
  8
RBAR-T8-A3
  0
POLYLINE
  5
AF1
330
17
100
AcDbEntity
  8
RBAR-T8-A3
100
AcDb3dPolyline
 66
1
 10
0.0
 20
0.0
 30
0.0
 70
8
  0
VERTEX
  5
AF3
330
17
100
AcDbEntity
  8
RBAR-T8-A3
100
AcDbVertex
100
AcDb3dPolylineVertex
 10
1895.0
 20
158.0
 30
34.0
 70
32
  0
VERTEX
  5
AF4
330
17
100
AcDbEntity
  8
RBAR-T8-A3
100
AcDbVertex
100
AcDb3dPolylineVertex
 10
1895.0
 20
158.0
 30
5084.0
 70
32
  0
SEQEND
  5
AF2
330
AF1
100
AcDbEntity
  8
RBAR-T8-A3
  0
POLYLINE
  5
AF5
330
17
100
AcDbEntity
  8
RBAR-T8-A3
100
AcDb3dPolyline
 66
1
 10
0.0
 20
0.0
 30
0.0
 70
8
  0
VERTEX
  5
AF7
330
17
100
AcDbEntity
  8
RBAR-T8-A3
100
AcDbVertex
100
AcDb3dPolylineVertex
 10
2084.3
 20
158.0
 30
34.0
 70
32
  0
VERTEX
  5
AF8
330
17
100
AcDbEntity
  8
RBAR-T8-A3
100
AcDbVertex
100
AcDb3dPolylineVertex
 10
2084.3
 20
158.0
 30
5084.0
 70
32
  0
SEQEND
  5
AF6
330
AF5
100
AcDbEntity
  8
RBAR-T8-A3
  0
POLYLINE
  5
AF9
330
17
100
AcDbEntity
  8
RBAR-T8-A3
100
AcDb3dPolyline
 66
1
 10
0.0
 20
0.0
 30
0.0
 70
8
  0
VERTEX
  5
AFB
330
17
100
AcDbEntity
  8
RBAR-T8-A3
100
AcDbVertex
100
AcDb3dPolylineVertex
 10
2085.4
 20
42.0
 30
34.0
 70
32
  0
VERTEX
  5
AFC
330
17
100
AcDbEntity
  8
RBAR-T8-A3
100
AcDbVertex
100
AcDb3dPolylineVertex
 10
2085.4
 20
42.0
 30
5084.0
 70
32
  0
SEQEND
  5
AFA
330
AF9
100
AcDbEntity
  8
RBAR-T8-A3
  0
POLYLINE
  5
AFE
330
17
100
AcDbEntity
  8
RBAR-T8-A2
100
AcDb3dPolyline
 66
1
 10
0.0
 20
0.0
 30
0.0
 70
8
  0
VERTEX
  5
B00
330
17
100
AcDbEntity
  8
RBAR-T8-A2
100
AcDbVertex
100
AcDb3dPolylineVertex
 10
70.0
 20
158.0
 30
34.0
 70
32
  0
VERTEX
  5
B01
330
17
100
AcDbEntity
  8
RBAR-T8-A2
100
AcDbVertex
100
AcDb3dPolylineVertex
 10
70.0
 20
158.0
 30
5034.0
 70
32
  0
SEQEND
  5
AFF
330
AFE
100
AcDbEntity
  8
RBAR-T8-A2
  0
POLYLINE
  5
B02
330
17
100
AcDbEntity
  8
RBAR-T8-A2
100
AcDb3dPolyline
 66
1
 10
0.0
 20
0.0
 30
0.0
 70
8
  0
VERTEX
  5
B04
330
17
100
AcDbEntity
  8
RBAR-T8-A2
100
AcDbVertex
100
AcDb3dPolylineVertex
 10
111.3
 20
42.0
 30
34.0
 70
32
  0
VERTEX
  5
B05
330
17
100
AcDbEntity
  8
RBAR-T8-A2
100
AcDbVertex
100
AcDb3dPolylineVertex
 10
111.3
 20
42.0
 30
5034.0
 70
32
  0
SEQEND
  5
B03
330
B02
100
AcDbEntity
  8
RBAR-T8-A2
  0
POLYLINE
  5
B06
330
17
100
AcDbEntity
  8
RBAR-T8-A2
100
AcDb3dPolyline
 66
1
 10
0.0
 20
0.0
 30
0.0
 70
8
  0
VERTEX
  5
B08
330
17
100
AcDbEntity
  8
RBAR-T8-A2
100
AcDbVertex
100
AcDb3dPolylineVertex
 10
253.1
 20
158.0
 30
34.0
 70
32
  0
VERTEX
  5
B09
330
17
100
AcDbEntity
  8
RBAR-T8-A2
100
AcDbVertex
100
AcDb3dPolylineVertex
 10
253.1
 20
158.0
 30
5034.0
 70
32
  0
SEQEND
  5
B07
330
B06
100
AcDbEntity
  8
RBAR-T8-A2
  0
POLYLINE
  5
B0A
330
17
100
AcDbEntity
  8
RBAR-T8-A2
100
AcDb3dPolyline
 66
1
 10
0.0
 20
0.0
 30
0.0
 70
8
  0
VERTEX
  5
B0C
330
17
100
AcDbEntity
  8
RBAR-T8-A2
100
AcDbVertex
100
AcDb3dPolylineVertex
 10
308.7
 20
42.0
 30
34.0
 70
32
  0
VERTEX
  5
B0D
330
17
100
AcDbEntity
  8
RBAR-T8-A2
100
AcDbVertex
100
AcDb3dPolylineVertex
 10
308.7
 20
42.0
 30
5034.0
 70
32
  0
SEQEND
  5
B0B
330
B0A
100
AcDbEntity
  8
RBAR-T8-A2
  0
POLYLINE
  5
B0E
330
17
100
AcDbEntity
  8
RBAR-T8-A2
100
AcDb3dPolyline
 66
1
 10
0.0
 20
0.0
 30
0.0
 70
8
  0
VERTEX
  5
B10
330
17
100
AcDbEntity
  8
RBAR-T8-A2
100
AcDbVertex
100
AcDb3dPolylineVertex
 10
432.5
 20
158.0
 30
34.0
 70
32
  0
VERTEX
  5
B11
330
17
100
AcDbEntity
  8
RBAR-T8-A2
100
AcDbVertex
100
AcDb3dPolylineVertex
 10
432.5
 20
158.0
 30
5034.0
 70
32
  0
SEQEND
  5
B0F
330
B0E
100
AcDbEntity
  8
RBAR-T8-A2
  0
POLYLINE
  5
B12
330
17
100
AcDbEntity
  8
RBAR-T8-A2
100
AcDb3dPolyline
 66
1
 10
0.0
 20
0.0
 30
0.0
 70
8
  0
VERTEX
  5
B14
330
17
100
AcDbEntity
  8
RBAR-T8-A2
100
AcDbVertex
100
AcDb3dPolylineVertex
 10
507.6
 20
42.0
 30
34.0
 70
32
  0
VERTEX
  5
B15
330
17
100
AcDbEntity
  8
RBAR-T8-A2
100
AcDbVertex
100
AcDb3dPolylineVertex
 10
507.6
 20
42.0
 30
5034.0
 70
32
  0
SEQEND
  5
B13
330
B12
100
AcDbEntity
  8
RBAR-T8-A2
  0
POLYLINE
  5
B16
330
17
100
AcDbEntity
  8
RBAR-T8-A2
100
AcDb3dPolyline
 66
1
 10
0.0
 20
0.0
 30
0.0
 70
8
  0
VERTEX
  5
B18
330
17
100
AcDbEntity
  8
RBAR-T8-A2
100
AcDbVertex
100
AcDb3dPolylineVertex
 10
600.6
 20
158.0
 30
34.0
 70
32
  0
VERTEX
  5
B19
330
17
100
AcDbEntity
  8
RBAR-T8-A2
100
AcDbVertex
100
AcDb3dPolylineVertex
 10
600.6
 20
158.0
 30
5034.0
 70
32
  0
SEQEND
  5
B17
330
B16
100
AcDbEntity
  8
RBAR-T8-A2
  0
POLYLINE
  5
B1A
330
17
100
AcDbEntity
  8
RBAR-T8-A2
100
AcDb3dPolyline
 66
1
 10
0.0
 20
0.0
 30
0.0
 70
8
  0
VERTEX
  5
B1C
330
17
100
AcDbEntity
  8
RBAR-T8-A2
100
AcDbVertex
100
AcDb3dPolylineVertex
 10
703.5
 20
42.0
 30
34.0
 70
32
  0
VERTEX
  5
B1D
330
17
100
AcDbEntity
  8
RBAR-T8-A2
100
AcDbVertex
100
AcDb3dPolylineVertex
 10
703.5
 20
42.0
 30
5034.0
 70
32
  0
SEQEND
  5
B1B
330
B1A
100
AcDbEntity
  8
RBAR-T8-A2
  0
POLYLINE
  5
B1E
330
17
100
AcDbEntity
  8
RBAR-T8-A2
100
AcDb3dPolyline
 66
1
 10
0.0
 20
0.0
 30
0.0
 70
8
  0
VERTEX
  5
B20
330
17
100
AcDbEntity
  8
RBAR-T8-A2
100
AcDbVertex
100
AcDb3dPolylineVertex
 10
793.7
 20
158.0
 30
34.0
 70
32
  0
VERTEX
  5
B21
330
17
100
AcDbEntity
  8
RBAR-T8-A2
100
AcDbVertex
100
AcDb3dPolylineVertex
 10
793.7
 20
158.0
 30
5034.0
 70
32
  0
SEQEND
  5
B1F
330
B1E
100
AcDbEntity
  8
RBAR-T8-A2
  0
POLYLINE
  5
B22
330
17
100
AcDbEntity
  8
RBAR-T8-A2
100
AcDb3dPolyline
 66
1
 10
0.0
 20
0.0
 30
0.0
 70
8
  0
VERTEX
  5
B24
330
17
100
AcDbEntity
  8
RBAR-T8-A2
100
AcDbVertex
100
AcDb3dPolylineVertex
 10
900.9
 20
42.0
 30
34.0
 70
32
  0
VERTEX
  5
B25
330
17
100
AcDbEntity
  8
RBAR-T8-A2
100
AcDbVertex
100
AcDb3dPolylineVertex
 10
900.9
 20
42.0
 30
5034.0
 70
32
  0
SEQEND
  5
B23
330
B22
100
AcDbEntity
  8
RBAR-T8-A2
  0
POLYLINE
  5
B26
330
17
100
AcDbEntity
  8
RBAR-T8-A2
100
AcDb3dPolyline
 66
1
 10
0.0
 20
0.0
 30
0.0
 70
8
  0
VERTEX
  5
B28
330
17
100
AcDbEntity
  8
RBAR-T8-A2
100
AcDbVertex
100
AcDb3dPolylineVertex
 10
985.6
 20
158.0
 30
34.0
 70
32
  0
VERTEX
  5
B29
330
17
100
AcDbEntity
  8
RBAR-T8-A2
100
AcDbVertex
100
AcDb3dPolylineVertex
 10
985.6
 20
158.0
 30
5034.0
 70
32
  0
SEQEND
  5
B27
330
B26
100
AcDbEntity
  8
RBAR-T8-A2
  0
POLYLINE
  5
B2A
330
17
100
AcDbEntity
  8
RBAR-T8-A2
100
AcDb3dPolyline
 66
1
 10
0.0
 20
0.0
 30
0.0
 70
8
  0
VERTEX
  5
B2C
330
17
100
AcDbEntity
  8
RBAR-T8-A2
100
AcDbVertex
100
AcDb3dPolylineVertex
 10
1098.3
 20
42.0
 30
34.0
 70
32
  0
VERTEX
  5
B2D
330
17
100
AcDbEntity
  8
RBAR-T8-A2
100
AcDbVertex
100
AcDb3dPolylineVertex
 10
1098.3
 20
42.0
 30
5034.0
 70
32
  0
SEQEND
  5
B2B
330
B2A
100
AcDbEntity
  8
RBAR-T8-A2
  0
POLYLINE
  5
B2F
330
17
100
AcDbEntity
  8
RBAR-T8-A1
100
AcDb3dPolyline
 66
1
 10
0.0
 20
0.0
 30
0.0
 70
8
  0
VERTEX
  5
B31
330
17
100
AcDbEntity
  8
RBAR-T8-A1
100
AcDbVertex
100
AcDb3dPolylineVertex
 10
34.0
 20
166.0
 30
0.0
 70
32
  0
VERTEX
  5
B32
330
17
100
AcDbEntity
  8
RBAR-T8-A1
100
AcDbVertex
100
AcDb3dPolylineVertex
 10
2134.0
 20
166.0
 30
0.0
 70
32
  0
SEQEND
  5
B30
330
B2F
100
AcDbEntity
  8
RBAR-T8-A1
  0
POLYLINE
  5
B33
330
17
100
AcDbEntity
  8
RBAR-T8-A1
100
AcDb3dPolyline
 66
1
 10
0.0
 20
0.0
 30
0.0
 70
8
  0
VERTEX
  5
B35
330
17
100
AcDbEntity
  8
RBAR-T8-A1
100
AcDbVertex
100
AcDb3dPolylineVertex
 10
34.0
 20
166.0
 30
0.0
 70
32
  0
VERTEX
  5
B36
330
17
100
AcDbEntity
  8
RBAR-T8-A1
100
AcDbVertex
100
AcDb3dPolylineVertex
 10
2134.0
 20
166.0
 30
0.0
 70
32
  0
SEQEND
  5
B34
330
B33
100
AcDbEntity
  8
RBAR-T8-A1
  0
POLYLINE
  5
B37
330
17
100
AcDbEntity
  8
RBAR-T8-A1
100
AcDb3dPolyline
 66
1
 10
0.0
 20
0.0
 30
0.0
 70
8
  0
VERTEX
  5
B39
330
17
100
AcDbEntity
  8
RBAR-T8-A1
100
AcDbVertex
100
AcDb3dPolylineVertex
 10
34.0
 20
166.0
 30
0.0
 70
32
  0
VERTEX
  5
B3A
330
17
100
AcDbEntity
  8
RBAR-T8-A1
100
AcDbVertex
100
AcDb3dPolylineVertex
 10
2134.0
 20
166.0
 30
0.0
 70
32
  0
SEQEND
  5
B38
330
B37
100
AcDbEntity
  8
RBAR-T8-A1
  0
POLYLINE
  5
B3B
330
17
100
AcDbEntity
  8
RBAR-T8-A1
100
AcDb3dPolyline
 66
1
 10
0.0
 20
0.0
 30
0.0
 70
8
  0
VERTEX
  5
B3D
330
17
100
AcDbEntity
  8
RBAR-T8-A1
100
AcDbVertex
100
AcDb3dPolylineVertex
 10
34.0
 20
166.0
 30
0.0
 70
32
  0
VERTEX
  5
B3E
330
17
100
AcDbEntity
  8
RBAR-T8-A1
100
AcDbVertex
100
AcDb3dPolylineVertex
 10
2134.0
 20
166.0
 30
0.0
 70
32
  0
SEQEND
  5
B3C
330
B3B
100
AcDbEntity
  8
RBAR-T8-A1
  0
POLYLINE
  5
B3F
330
17
100
AcDbEntity
  8
RBAR-T8-A1
100
AcDb3dPolyline
 66
1
 10
0.0
 20
0.0
 30
0.0
 70
8
  0
VERTEX
  5
B41
330
17
100
AcDbEntity
  8
RBAR-T8-A1
100
AcDbVertex
100
AcDb3dPolylineVertex
 10
34.0
 20
166.0
 30
0.0
 70
32
  0
VERTEX
  5
B42
330
17
100
AcDbEntity
  8
RBAR-T8-A1
100
AcDbVertex
100
AcDb3dPolylineVertex
 10
2134.0
 20
166.0
 30
0.0
 70
32
  0
SEQEND
  5
B40
330
B3F
100
AcDbEntity
  8
RBAR-T8-A1
  0
POLYLINE
  5
B43
330
17
100
AcDbEntity
  8
RBAR-T8-A1
100
AcDb3dPolyline
 66
1
 10
0.0
 20
0.0
 30
0.0
 70
8
  0
VERTEX
  5
B45
330
17
100
AcDbEntity
  8
RBAR-T8-A1
100
AcDbVertex
100
AcDb3dPolylineVertex
 10
34.0
 20
166.0
 30
0.0
 70
32
  0
VERTEX
  5
B46
330
17
100
AcDbEntity
  8
RBAR-T8-A1
100
AcDbVertex
100
AcDb3dPolylineVertex
 10
2134.0
 20
166.0
 30
0.0
 70
32
  0
SEQEND
  5
B44
330
B43
100
AcDbEntity
  8
RBAR-T8-A1
  0
POLYLINE
  5
B47
330
17
100
AcDbEntity
  8
RBAR-T8-A1
100
AcDb3dPolyline
 66
1
 10
0.0
 20
0.0
 30
0.0
 70
8
  0
VERTEX
  5
B49
330
17
100
AcDbEntity
  8
RBAR-T8-A1
100
AcDbVertex
100
AcDb3dPolylineVertex
 10
34.0
 20
166.0
 30
0.0
 70
32
  0
VERTEX
  5
B4A
330
17
100
AcDbEntity
  8
RBAR-T8-A1
100
AcDbVertex
100
AcDb3dPolylineVertex
 10
2134.0
 20
166.0
 30
0.0
 70
32
  0
SEQEND
  5
B48
330
B47
100
AcDbEntity
  8
RBAR-T8-A1
  0
POLYLINE
  5
B4B
330
17
100
AcDbEntity
  8
RBAR-T8-A1
100
AcDb3dPolyline
 66
1
 10
0.0
 20
0.0
 30
0.0
 70
8
  0
VERTEX
  5
B4D
330
17
100
AcDbEntity
  8
RBAR-T8-A1
100
AcDbVertex
100
AcDb3dPolylineVertex
 10
34.0
 20
166.0
 30
0.0
 70
32
  0
VERTEX
  5
B4E
330
17
100
AcDbEntity
  8
RBAR-T8-A1
100
AcDbVertex
100
AcDb3dPolylineVertex
 10
2134.0
 20
166.0
 30
0.0
 70
32
  0
SEQEND
  5
B4C
330
B4B
100
AcDbEntity
  8
RBAR-T8-A1
  0
POLYLINE
  5
B4F
330
17
100
AcDbEntity
  8
RBAR-T8-A1
100
AcDb3dPolyline
 66
1
 10
0.0
 20
0.0
 30
0.0
 70
8
  0
VERTEX
  5
B51
330
17
100
AcDbEntity
  8
RBAR-T8-A1
100
AcDbVertex
100
AcDb3dPolylineVertex
 10
34.0
 20
166.0
 30
0.0
 70
32
  0
VERTEX
  5
B52
330
17
100
AcDbEntity
  8
RBAR-T8-A1
100
AcDbVertex
100
AcDb3dPolylineVertex
 10
2134.0
 20
166.0
 30
0.0
 70
32
  0
SEQEND
  5
B50
330
B4F
100
AcDbEntity
  8
RBAR-T8-A1
  0
POLYLINE
  5
B53
330
17
100
AcDbEntity
  8
RBAR-T8-A1
100
AcDb3dPolyline
 66
1
 10
0.0
 20
0.0
 30
0.0
 70
8
  0
VERTEX
  5
B55
330
17
100
AcDbEntity
  8
RBAR-T8-A1
100
AcDbVertex
100
AcDb3dPolylineVertex
 10
34.0
 20
166.0
 30
0.0
 70
32
  0
VERTEX
  5
B56
330
17
100
AcDbEntity
  8
RBAR-T8-A1
100
AcDbVertex
100
AcDb3dPolylineVertex
 10
2134.0
 20
166.0
 30
0.0
 70
32
  0
SEQEND
  5
B54
330
B53
100
AcDbEntity
  8
RBAR-T8-A1
  0
POLYLINE
  5
B57
330
17
100
AcDbEntity
  8
RBAR-T8-A1
100
AcDb3dPolyline
 66
1
 10
0.0
 20
0.0
 30
0.0
 70
8
  0
VERTEX
  5
B59
330
17
100
AcDbEntity
  8
RBAR-T8-A1
100
AcDbVertex
100
AcDb3dPolylineVertex
 10
34.0
 20
166.0
 30
0.0
 70
32
  0
VERTEX
  5
B5A
330
17
100
AcDbEntity
  8
RBAR-T8-A1
100
AcDbVertex
100
AcDb3dPolylineVertex
 10
2134.0
 20
166.0
 30
0.0
 70
32
  0
SEQEND
  5
B58
330
B57
100
AcDbEntity
  8
RBAR-T8-A1
  0
POLYLINE
  5
B5B
330
17
100
AcDbEntity
  8
RBAR-T8-A1
100
AcDb3dPolyline
 66
1
 10
0.0
 20
0.0
 30
0.0
 70
8
  0
VERTEX
  5
B5D
330
17
100
AcDbEntity
  8
RBAR-T8-A1
100
AcDbVertex
100
AcDb3dPolylineVertex
 10
34.0
 20
166.0
 30
0.0
 70
32
  0
VERTEX
  5
B5E
330
17
100
AcDbEntity
  8
RBAR-T8-A1
100
AcDbVertex
100
AcDb3dPolylineVertex
 10
2134.0
 20
166.0
 30
0.0
 70
32
  0
SEQEND
  5
B5C
330
B5B
100
AcDbEntity
  8
RBAR-T8-A1
  0
POLYLINE
  5
B5F
330
17
100
AcDbEntity
  8
RBAR-T8-A1
100
AcDb3dPolyline
 66
1
 10
0.0
 20
0.0
 30
0.0
 70
8
  0
VERTEX
  5
B61
330
17
100
AcDbEntity
  8
RBAR-T8-A1
100
AcDbVertex
100
AcDb3dPolylineVertex
 10
34.0
 20
166.0
 30
0.0
 70
32
  0
VERTEX
  5
B62
330
17
100
AcDbEntity
  8
RBAR-T8-A1
100
AcDbVertex
100
AcDb3dPolylineVertex
 10
2134.0
 20
166.0
 30
0.0
 70
32
  0
SEQEND
  5
B60
330
B5F
100
AcDbEntity
  8
RBAR-T8-A1
  0
POLYLINE
  5
B63
330
17
100
AcDbEntity
  8
RBAR-T8-A1
100
AcDb3dPolyline
 66
1
 10
0.0
 20
0.0
 30
0.0
 70
8
  0
VERTEX
  5
B65
330
17
100
AcDbEntity
  8
RBAR-T8-A1
100
AcDbVertex
100
AcDb3dPolylineVertex
 10
34.0
 20
166.0
 30
0.0
 70
32
  0
VERTEX
  5
B66
330
17
100
AcDbEntity
  8
RBAR-T8-A1
100
AcDbVertex
100
AcDb3dPolylineVertex
 10
2134.0
 20
166.0
 30
0.0
 70
32
  0
SEQEND
  5
B64
330
B63
100
AcDbEntity
  8
RBAR-T8-A1
  0
POLYLINE
  5
B67
330
17
100
AcDbEntity
  8
RBAR-T8-A1
100
AcDb3dPolyline
 66
1
 10
0.0
 20
0.0
 30
0.0
 70
8
  0
VERTEX
  5
B69
330
17
100
AcDbEntity
  8
RBAR-T8-A1
100
AcDbVertex
100
AcDb3dPolylineVertex
 10
34.0
 20
166.0
 30
0.0
 70
32
  0
VERTEX
  5
B6A
330
17
100
AcDbEntity
  8
RBAR-T8-A1
100
AcDbVertex
100
AcDb3dPolylineVertex
 10
2134.0
 20
166.0
 30
0.0
 70
32
  0
SEQEND
  5
B68
330
B67
100
AcDbEntity
  8
RBAR-T8-A1
  0
POLYLINE
  5
B6B
330
17
100
AcDbEntity
  8
RBAR-T8-A1
100
AcDb3dPolyline
 66
1
 10
0.0
 20
0.0
 30
0.0
 70
8
  0
VERTEX
  5
B6D
330
17
100
AcDbEntity
  8
RBAR-T8-A1
100
AcDbVertex
100
AcDb3dPolylineVertex
 10
34.0
 20
166.0
 30
0.0
 70
32
  0
VERTEX
  5
B6E
330
17
100
AcDbEntity
  8
RBAR-T8-A1
100
AcDbVertex
100
AcDb3dPolylineVertex
 10
2134.0
 20
166.0
 30
0.0
 70
32
  0
SEQEND
  5
B6C
330
B6B
100
AcDbEntity
  8
RBAR-T8-A1
  0
POLYLINE
  5
B6F
330
17
100
AcDbEntity
  8
RBAR-T8-A1
100
AcDb3dPolyline
 66
1
 10
0.0
 20
0.0
 30
0.0
 70
8
  0
VERTEX
  5
B71
330
17
100
AcDbEntity
  8
RBAR-T8-A1
100
AcDbVertex
100
AcDb3dPolylineVertex
 10
34.0
 20
166.0
 30
0.0
 70
32
  0
VERTEX
  5
B72
330
17
100
AcDbEntity
  8
RBAR-T8-A1
100
AcDbVertex
100
AcDb3dPolylineVertex
 10
2134.0
 20
166.0
 30
0.0
 70
32
  0
SEQEND
  5
B70
330
B6F
100
AcDbEntity
  8
RBAR-T8-A1
  0
POLYLINE
  5
B73
330
17
100
AcDbEntity
  8
RBAR-T8-A1
100
AcDb3dPolyline
 66
1
 10
0.0
 20
0.0
 30
0.0
 70
8
  0
VERTEX
  5
B75
330
17
100
AcDbEntity
  8
RBAR-T8-A1
100
AcDbVertex
100
AcDb3dPolylineVertex
 10
34.0
 20
166.0
 30
0.0
 70
32
  0
VERTEX
  5
B76
330
17
100
AcDbEntity
  8
RBAR-T8-A1
100
AcDbVertex
100
AcDb3dPolylineVertex
 10
2134.0
 20
166.0
 30
0.0
 70
32
  0
SEQEND
  5
B74
330
B73
100
AcDbEntity
  8
RBAR-T8-A1
  0
POLYLINE
  5
B77
330
17
100
AcDbEntity
  8
RBAR-T8-A1
100
AcDb3dPolyline
 66
1
 10
0.0
 20
0.0
 30
0.0
 70
8
  0
VERTEX
  5
B79
330
17
100
AcDbEntity
  8
RBAR-T8-A1
100
AcDbVertex
100
AcDb3dPolylineVertex
 10
34.0
 20
166.0
 30
0.0
 70
32
  0
VERTEX
  5
B7A
330
17
100
AcDbEntity
  8
RBAR-T8-A1
100
AcDbVertex
100
AcDb3dPolylineVertex
 10
2134.0
 20
166.0
 30
0.0
 70
32
  0
SEQEND
  5
B78
330
B77
100
AcDbEntity
  8
RBAR-T8-A1
  0
POLYLINE
  5
B7B
330
17
100
AcDbEntity
  8
RBAR-T8-A1
100
AcDb3dPolyline
 66
1
 10
0.0
 20
0.0
 30
0.0
 70
8
  0
VERTEX
  5
B7D
330
17
100
AcDbEntity
  8
RBAR-T8-A1
100
AcDbVertex
100
AcDb3dPolylineVertex
 10
34.0
 20
166.0
 30
0.0
 70
32
  0
VERTEX
  5
B7E
330
17
100
AcDbEntity
  8
RBAR-T8-A1
100
AcDbVertex
100
AcDb3dPolylineVertex
 10
2134.0
 20
166.0
 30
0.0
 70
32
  0
SEQEND
  5
B7C
330
B7B
100
AcDbEntity
  8
RBAR-T8-A1
  0
POLYLINE
  5
B7F
330
17
100
AcDbEntity
  8
RBAR-T8-A1
100
AcDb3dPolyline
 66
1
 10
0.0
 20
0.0
 30
0.0
 70
8
  0
VERTEX
  5
B81
330
17
100
AcDbEntity
  8
RBAR-T8-A1
100
AcDbVertex
100
AcDb3dPolylineVertex
 10
34.0
 20
166.0
 30
0.0
 70
32
  0
VERTEX
  5
B82
330
17
100
AcDbEntity
  8
RBAR-T8-A1
100
AcDbVertex
100
AcDb3dPolylineVertex
 10
2134.0
 20
166.0
 30
0.0
 70
32
  0
SEQEND
  5
B80
330
B7F
100
AcDbEntity
  8
RBAR-T8-A1
  0
POLYLINE
  5
B83
330
17
100
AcDbEntity
  8
RBAR-T8-A1
100
AcDb3dPolyline
 66
1
 10
0.0
 20
0.0
 30
0.0
 70
8
  0
VERTEX
  5
B85
330
17
100
AcDbEntity
  8
RBAR-T8-A1
100
AcDbVertex
100
AcDb3dPolylineVertex
 10
34.0
 20
166.0
 30
0.0
 70
32
  0
VERTEX
  5
B86
330
17
100
AcDbEntity
  8
RBAR-T8-A1
100
AcDbVertex
100
AcDb3dPolylineVertex
 10
2134.0
 20
166.0
 30
0.0
 70
32
  0
SEQEND
  5
B84
330
B83
100
AcDbEntity
  8
RBAR-T8-A1
  0
POLYLINE
  5
B87
330
17
100
AcDbEntity
  8
RBAR-T8-A1
100
AcDb3dPolyline
 66
1
 10
0.0
 20
0.0
 30
0.0
 70
8
  0
VERTEX
  5
B89
330
17
100
AcDbEntity
  8
RBAR-T8-A1
100
AcDbVertex
100
AcDb3dPolylineVertex
 10
34.0
 20
166.0
 30
0.0
 70
32
  0
VERTEX
  5
B8A
330
17
100
AcDbEntity
  8
RBAR-T8-A1
100
AcDbVertex
100
AcDb3dPolylineVertex
 10
2134.0
 20
166.0
 30
0.0
 70
32
  0
SEQEND
  5
B88
330
B87
100
AcDbEntity
  8
RBAR-T8-A1
  0
POLYLINE
  5
B8B
330
17
100
AcDbEntity
  8
RBAR-T8-A1
100
AcDb3dPolyline
 66
1
 10
0.0
 20
0.0
 30
0.0
 70
8
  0
VERTEX
  5
B8D
330
17
100
AcDbEntity
  8
RBAR-T8-A1
100
AcDbVertex
100
AcDb3dPolylineVertex
 10
34.0
 20
166.0
 30
0.0
 70
32
  0
VERTEX
  5
B8E
330
17
100
AcDbEntity
  8
RBAR-T8-A1
100
AcDbVertex
100
AcDb3dPolylineVertex
 10
2134.0
 20
166.0
 30
0.0
 70
32
  0
SEQEND
  5
B8C
330
B8B
100
AcDbEntity
  8
RBAR-T8-A1
  0
POLYLINE
  5
B8F
330
17
100
AcDbEntity
  8
RBAR-T8-A1
100
AcDb3dPolyline
 66
1
 10
0.0
 20
0.0
 30
0.0
 70
8
  0
VERTEX
  5
B91
330
17
100
AcDbEntity
  8
RBAR-T8-A1
100
AcDbVertex
100
AcDb3dPolylineVertex
 10
34.0
 20
166.0
 30
0.0
 70
32
  0
VERTEX
  5
B92
330
17
100
AcDbEntity
  8
RBAR-T8-A1
100
AcDbVertex
100
AcDb3dPolylineVertex
 10
2134.0
 20
166.0
 30
0.0
 70
32
  0
SEQEND
  5
B90
330
B8F
100
AcDbEntity
  8
RBAR-T8-A1
  0
POLYLINE
  5
B93
330
17
100
AcDbEntity
  8
RBAR-T8-A1
100
AcDb3dPolyline
 66
1
 10
0.0
 20
0.0
 30
0.0
 70
8
  0
VERTEX
  5
B95
330
17
100
AcDbEntity
  8
RBAR-T8-A1
100
AcDbVertex
100
AcDb3dPolylineVertex
 10
34.0
 20
166.0
 30
0.0
 70
32
  0
VERTEX
  5
B96
330
17
100
AcDbEntity
  8
RBAR-T8-A1
100
AcDbVertex
100
AcDb3dPolylineVertex
 10
2134.0
 20
166.0
 30
0.0
 70
32
  0
SEQEND
  5
B94
330
B93
100
AcDbEntity
  8
RBAR-T8-A1
  0
POLYLINE
  5
B97
330
17
100
AcDbEntity
  8
RBAR-T8-A1
100
AcDb3dPolyline
 66
1
 10
0.0
 20
0.0
 30
0.0
 70
8
  0
VERTEX
  5
B99
330
17
100
AcDbEntity
  8
RBAR-T8-A1
100
AcDbVertex
100
AcDb3dPolylineVertex
 10
34.0
 20
166.0
 30
0.0
 70
32
  0
VERTEX
  5
B9A
330
17
100
AcDbEntity
  8
RBAR-T8-A1
100
AcDbVertex
100
AcDb3dPolylineVertex
 10
2134.0
 20
166.0
 30
0.0
 70
32
  0
SEQEND
  5
B98
330
B97
100
AcDbEntity
  8
RBAR-T8-A1
  0
POLYLINE
  5
B9B
330
17
100
AcDbEntity
  8
RBAR-T8-A1
100
AcDb3dPolyline
 66
1
 10
0.0
 20
0.0
 30
0.0
 70
8
  0
VERTEX
  5
B9D
330
17
100
AcDbEntity
  8
RBAR-T8-A1
100
AcDbVertex
100
AcDb3dPolylineVertex
 10
34.0
 20
166.0
 30
0.0
 70
32
  0
VERTEX
  5
B9E
330
17
100
AcDbEntity
  8
RBAR-T8-A1
100
AcDbVertex
100
AcDb3dPolylineVertex
 10
2134.0
 20
166.0
 30
0.0
 70
32
  0
SEQEND
  5
B9C
330
B9B
100
AcDbEntity
  8
RBAR-T8-A1
  0
POLYLINE
  5
B9F
330
17
100
AcDbEntity
  8
RBAR-T8-A1
100
AcDb3dPolyline
 66
1
 10
0.0
 20
0.0
 30
0.0
 70
8
  0
VERTEX
  5
BA1
330
17
100
AcDbEntity
  8
RBAR-T8-A1
100
AcDbVertex
100
AcDb3dPolylineVertex
 10
34.0
 20
166.0
 30
0.0
 70
32
  0
VERTEX
  5
BA2
330
17
100
AcDbEntity
  8
RBAR-T8-A1
100
AcDbVertex
100
AcDb3dPolylineVertex
 10
2134.0
 20
166.0
 30
0.0
 70
32
  0
SEQEND
  5
BA0
330
B9F
100
AcDbEntity
  8
RBAR-T8-A1
  0
POLYLINE
  5
BA3
330
17
100
AcDbEntity
  8
RBAR-T8-A1
100
AcDb3dPolyline
 66
1
 10
0.0
 20
0.0
 30
0.0
 70
8
  0
VERTEX
  5
BA5
330
17
100
AcDbEntity
  8
RBAR-T8-A1
100
AcDbVertex
100
AcDb3dPolylineVertex
 10
34.0
 20
166.0
 30
0.0
 70
32
  0
VERTEX
  5
BA6
330
17
100
AcDbEntity
  8
RBAR-T8-A1
100
AcDbVertex
100
AcDb3dPolylineVertex
 10
2134.0
 20
166.0
 30
0.0
 70
32
  0
SEQEND
  5
BA4
330
BA3
100
AcDbEntity
  8
RBAR-T8-A1
  0
POLYLINE
  5
BA8
330
17
100
AcDbEntity
  8
RBAR-T8-A
100
AcDb3dPolyline
 66
1
 10
0.0
 20
0.0
 30
0.0
 70
8
  0
VERTEX
  5
BAA
330
17
100
AcDbEntity
  8
RBAR-T8-A
100
AcDbVertex
100
AcDb3dPolylineVertex
 10
34.0
 20
34.0
 30
0.0
 70
32
  0
VERTEX
  5
BAB
330
17
100
AcDbEntity
  8
RBAR-T8-A
100
AcDbVertex
100
AcDb3dPolylineVertex
 10
2109.0
 20
34.0
 30
0.0
 70
32
  0
SEQEND
  5
BA9
330
BA8
100
AcDbEntity
  8
RBAR-T8-A
  0
POLYLINE
  5
BAC
330
17
100
AcDbEntity
  8
RBAR-T8-A
100
AcDb3dPolyline
 66
1
 10
0.0
 20
0.0
 30
0.0
 70
8
  0
VERTEX
  5
BAE
330
17
100
AcDbEntity
  8
RBAR-T8-A
100
AcDbVertex
100
AcDb3dPolylineVertex
 10
34.0
 20
34.0
 30
0.0
 70
32
  0
VERTEX
  5
BAF
330
17
100
AcDbEntity
  8
RBAR-T8-A
100
AcDbVertex
100
AcDb3dPolylineVertex
 10
2109.0
 20
34.0
 30
0.0
 70
32
  0
SEQEND
  5
BAD
330
BAC
100
AcDbEntity
  8
RBAR-T8-A
  0
POLYLINE
  5
BB0
330
17
100
AcDbEntity
  8
RBAR-T8-A
100
AcDb3dPolyline
 66
1
 10
0.0
 20
0.0
 30
0.0
 70
8
  0
VERTEX
  5
BB2
330
17
100
AcDbEntity
  8
RBAR-T8-A
100
AcDbVertex
100
AcDb3dPolylineVertex
 10
34.0
 20
34.0
 30
0.0
 70
32
  0
VERTEX
  5
BB3
330
17
100
AcDbEntity
  8
RBAR-T8-A
100
AcDbVertex
100
AcDb3dPolylineVertex
 10
2109.0
 20
34.0
 30
0.0
 70
32
  0
SEQEND
  5
BB1
330
BB0
100
AcDbEntity
  8
RBAR-T8-A
  0
POLYLINE
  5
BB4
330
17
100
AcDbEntity
  8
RBAR-T8-A
100
AcDb3dPolyline
 66
1
 10
0.0
 20
0.0
 30
0.0
 70
8
  0
VERTEX
  5
BB6
330
17
100
AcDbEntity
  8
RBAR-T8-A
100
AcDbVertex
100
AcDb3dPolylineVertex
 10
34.0
 20
34.0
 30
0.0
 70
32
  0
VERTEX
  5
BB7
330
17
100
AcDbEntity
  8
RBAR-T8-A
100
AcDbVertex
100
AcDb3dPolylineVertex
 10
2109.0
 20
34.0
 30
0.0
 70
32
  0
SEQEND
  5
BB5
330
BB4
100
AcDbEntity
  8
RBAR-T8-A
  0
POLYLINE
  5
BB8
330
17
100
AcDbEntity
  8
RBAR-T8-A
100
AcDb3dPolyline
 66
1
 10
0.0
 20
0.0
 30
0.0
 70
8
  0
VERTEX
  5
BBA
330
17
100
AcDbEntity
  8
RBAR-T8-A
100
AcDbVertex
100
AcDb3dPolylineVertex
 10
34.0
 20
34.0
 30
0.0
 70
32
  0
VERTEX
  5
BBB
330
17
100
AcDbEntity
  8
RBAR-T8-A
100
AcDbVertex
100
AcDb3dPolylineVertex
 10
2109.0
 20
34.0
 30
0.0
 70
32
  0
SEQEND
  5
BB9
330
BB8
100
AcDbEntity
  8
RBAR-T8-A
  0
POLYLINE
  5
BBC
330
17
100
AcDbEntity
  8
RBAR-T8-A
100
AcDb3dPolyline
 66
1
 10
0.0
 20
0.0
 30
0.0
 70
8
  0
VERTEX
  5
BBE
330
17
100
AcDbEntity
  8
RBAR-T8-A
100
AcDbVertex
100
AcDb3dPolylineVertex
 10
34.0
 20
34.0
 30
0.0
 70
32
  0
VERTEX
  5
BBF
330
17
100
AcDbEntity
  8
RBAR-T8-A
100
AcDbVertex
100
AcDb3dPolylineVertex
 10
2109.0
 20
34.0
 30
0.0
 70
32
  0
SEQEND
  5
BBD
330
BBC
100
AcDbEntity
  8
RBAR-T8-A
  0
POLYLINE
  5
BC0
330
17
100
AcDbEntity
  8
RBAR-T8-A
100
AcDb3dPolyline
 66
1
 10
0.0
 20
0.0
 30
0.0
 70
8
  0
VERTEX
  5
BC2
330
17
100
AcDbEntity
  8
RBAR-T8-A
100
AcDbVertex
100
AcDb3dPolylineVertex
 10
34.0
 20
34.0
 30
0.0
 70
32
  0
VERTEX
  5
BC3
330
17
100
AcDbEntity
  8
RBAR-T8-A
100
AcDbVertex
100
AcDb3dPolylineVertex
 10
2109.0
 20
34.0
 30
0.0
 70
32
  0
SEQEND
  5
BC1
330
BC0
100
AcDbEntity
  8
RBAR-T8-A
  0
POLYLINE
  5
BC4
330
17
100
AcDbEntity
  8
RBAR-T8-A
100
AcDb3dPolyline
 66
1
 10
0.0
 20
0.0
 30
0.0
 70
8
  0
VERTEX
  5
BC6
330
17
100
AcDbEntity
  8
RBAR-T8-A
100
AcDbVertex
100
AcDb3dPolylineVertex
 10
34.0
 20
34.0
 30
0.0
 70
32
  0
VERTEX
  5
BC7
330
17
100
AcDbEntity
  8
RBAR-T8-A
100
AcDbVertex
100
AcDb3dPolylineVertex
 10
2109.0
 20
34.0
 30
0.0
 70
32
  0
SEQEND
  5
BC5
330
BC4
100
AcDbEntity
  8
RBAR-T8-A
  0
POLYLINE
  5
BC8
330
17
100
AcDbEntity
  8
RBAR-T8-A
100
AcDb3dPolyline
 66
1
 10
0.0
 20
0.0
 30
0.0
 70
8
  0
VERTEX
  5
BCA
330
17
100
AcDbEntity
  8
RBAR-T8-A
100
AcDbVertex
100
AcDb3dPolylineVertex
 10
34.0
 20
34.0
 30
0.0
 70
32
  0
VERTEX
  5
BCB
330
17
100
AcDbEntity
  8
RBAR-T8-A
100
AcDbVertex
100
AcDb3dPolylineVertex
 10
2109.0
 20
34.0
 30
0.0
 70
32
  0
SEQEND
  5
BC9
330
BC8
100
AcDbEntity
  8
RBAR-T8-A
  0
POLYLINE
  5
BCC
330
17
100
AcDbEntity
  8
RBAR-T8-A
100
AcDb3dPolyline
 66
1
 10
0.0
 20
0.0
 30
0.0
 70
8
  0
VERTEX
  5
BCE
330
17
100
AcDbEntity
  8
RBAR-T8-A
100
AcDbVertex
100
AcDb3dPolylineVertex
 10
34.0
 20
34.0
 30
0.0
 70
32
  0
VERTEX
  5
BCF
330
17
100
AcDbEntity
  8
RBAR-T8-A
100
AcDbVertex
100
AcDb3dPolylineVertex
 10
2109.0
 20
34.0
 30
0.0
 70
32
  0
SEQEND
  5
BCD
330
BCC
100
AcDbEntity
  8
RBAR-T8-A
  0
POLYLINE
  5
BD0
330
17
100
AcDbEntity
  8
RBAR-T8-A
100
AcDb3dPolyline
 66
1
 10
0.0
 20
0.0
 30
0.0
 70
8
  0
VERTEX
  5
BD2
330
17
100
AcDbEntity
  8
RBAR-T8-A
100
AcDbVertex
100
AcDb3dPolylineVertex
 10
34.0
 20
34.0
 30
0.0
 70
32
  0
VERTEX
  5
BD3
330
17
100
AcDbEntity
  8
RBAR-T8-A
100
AcDbVertex
100
AcDb3dPolylineVertex
 10
2109.0
 20
34.0
 30
0.0
 70
32
  0
SEQEND
  5
BD1
330
BD0
100
AcDbEntity
  8
RBAR-T8-A
  0
POLYLINE
  5
BD4
330
17
100
AcDbEntity
  8
RBAR-T8-A
100
AcDb3dPolyline
 66
1
 10
0.0
 20
0.0
 30
0.0
 70
8
  0
VERTEX
  5
BD6
330
17
100
AcDbEntity
  8
RBAR-T8-A
100
AcDbVertex
100
AcDb3dPolylineVertex
 10
34.0
 20
34.0
 30
0.0
 70
32
  0
VERTEX
  5
BD7
330
17
100
AcDbEntity
  8
RBAR-T8-A
100
AcDbVertex
100
AcDb3dPolylineVertex
 10
2109.0
 20
34.0
 30
0.0
 70
32
  0
SEQEND
  5
BD5
330
BD4
100
AcDbEntity
  8
RBAR-T8-A
  0
POLYLINE
  5
BD8
330
17
100
AcDbEntity
  8
RBAR-T8-A
100
AcDb3dPolyline
 66
1
 10
0.0
 20
0.0
 30
0.0
 70
8
  0
VERTEX
  5
BDA
330
17
100
AcDbEntity
  8
RBAR-T8-A
100
AcDbVertex
100
AcDb3dPolylineVertex
 10
34.0
 20
34.0
 30
0.0
 70
32
  0
VERTEX
  5
BDB
330
17
100
AcDbEntity
  8
RBAR-T8-A
100
AcDbVertex
100
AcDb3dPolylineVertex
 10
2109.0
 20
34.0
 30
0.0
 70
32
  0
SEQEND
  5
BD9
330
BD8
100
AcDbEntity
  8
RBAR-T8-A
  0
POLYLINE
  5
BDC
330
17
100
AcDbEntity
  8
RBAR-T8-A
100
AcDb3dPolyline
 66
1
 10
0.0
 20
0.0
 30
0.0
 70
8
  0
VERTEX
  5
BDE
330
17
100
AcDbEntity
  8
RBAR-T8-A
100
AcDbVertex
100
AcDb3dPolylineVertex
 10
34.0
 20
34.0
 30
0.0
 70
32
  0
VERTEX
  5
BDF
330
17
100
AcDbEntity
  8
RBAR-T8-A
100
AcDbVertex
100
AcDb3dPolylineVertex
 10
2109.0
 20
34.0
 30
0.0
 70
32
  0
SEQEND
  5
BDD
330
BDC
100
AcDbEntity
  8
RBAR-T8-A
  0
POLYLINE
  5
BE0
330
17
100
AcDbEntity
  8
RBAR-T8-A
100
AcDb3dPolyline
 66
1
 10
0.0
 20
0.0
 30
0.0
 70
8
  0
VERTEX
  5
BE2
330
17
100
AcDbEntity
  8
RBAR-T8-A
100
AcDbVertex
100
AcDb3dPolylineVertex
 10
34.0
 20
34.0
 30
0.0
 70
32
  0
VERTEX
  5
BE3
330
17
100
AcDbEntity
  8
RBAR-T8-A
100
AcDbVertex
100
AcDb3dPolylineVertex
 10
2109.0
 20
34.0
 30
0.0
 70
32
  0
SEQEND
  5
BE1
330
BE0
100
AcDbEntity
  8
RBAR-T8-A
  0
POLYLINE
  5
BE4
330
17
100
AcDbEntity
  8
RBAR-T8-A
100
AcDb3dPolyline
 66
1
 10
0.0
 20
0.0
 30
0.0
 70
8
  0
VERTEX
  5
BE6
330
17
100
AcDbEntity
  8
RBAR-T8-A
100
AcDbVertex
100
AcDb3dPolylineVertex
 10
34.0
 20
34.0
 30
0.0
 70
32
  0
VERTEX
  5
BE7
330
17
100
AcDbEntity
  8
RBAR-T8-A
100
AcDbVertex
100
AcDb3dPolylineVertex
 10
2109.0
 20
34.0
 30
0.0
 70
32
  0
SEQEND
  5
BE5
330
BE4
100
AcDbEntity
  8
RBAR-T8-A
  0
POLYLINE
  5
BE8
330
17
100
AcDbEntity
  8
RBAR-T8-A
100
AcDb3dPolyline
 66
1
 10
0.0
 20
0.0
 30
0.0
 70
8
  0
VERTEX
  5
BEA
330
17
100
AcDbEntity
  8
RBAR-T8-A
100
AcDbVertex
100
AcDb3dPolylineVertex
 10
34.0
 20
34.0
 30
0.0
 70
32
  0
VERTEX
  5
BEB
330
17
100
AcDbEntity
  8
RBAR-T8-A
100
AcDbVertex
100
AcDb3dPolylineVertex
 10
2109.0
 20
34.0
 30
0.0
 70
32
  0
SEQEND
  5
BE9
330
BE8
100
AcDbEntity
  8
RBAR-T8-A
  0
POLYLINE
  5
BEC
330
17
100
AcDbEntity
  8
RBAR-T8-A
100
AcDb3dPolyline
 66
1
 10
0.0
 20
0.0
 30
0.0
 70
8
  0
VERTEX
  5
BEE
330
17
100
AcDbEntity
  8
RBAR-T8-A
100
AcDbVertex
100
AcDb3dPolylineVertex
 10
34.0
 20
34.0
 30
0.0
 70
32
  0
VERTEX
  5
BEF
330
17
100
AcDbEntity
  8
RBAR-T8-A
100
AcDbVertex
100
AcDb3dPolylineVertex
 10
2109.0
 20
34.0
 30
0.0
 70
32
  0
SEQEND
  5
BED
330
BEC
100
AcDbEntity
  8
RBAR-T8-A
  0
POLYLINE
  5
BF0
330
17
100
AcDbEntity
  8
RBAR-T8-A
100
AcDb3dPolyline
 66
1
 10
0.0
 20
0.0
 30
0.0
 70
8
  0
VERTEX
  5
BF2
330
17
100
AcDbEntity
  8
RBAR-T8-A
100
AcDbVertex
100
AcDb3dPolylineVertex
 10
34.0
 20
34.0
 30
0.0
 70
32
  0
VERTEX
  5
BF3
330
17
100
AcDbEntity
  8
RBAR-T8-A
100
AcDbVertex
100
AcDb3dPolylineVertex
 10
2109.0
 20
34.0
 30
0.0
 70
32
  0
SEQEND
  5
BF1
330
BF0
100
AcDbEntity
  8
RBAR-T8-A
  0
POLYLINE
  5
BF4
330
17
100
AcDbEntity
  8
RBAR-T8-A
100
AcDb3dPolyline
 66
1
 10
0.0
 20
0.0
 30
0.0
 70
8
  0
VERTEX
  5
BF6
330
17
100
AcDbEntity
  8
RBAR-T8-A
100
AcDbVertex
100
AcDb3dPolylineVertex
 10
34.0
 20
34.0
 30
0.0
 70
32
  0
VERTEX
  5
BF7
330
17
100
AcDbEntity
  8
RBAR-T8-A
100
AcDbVertex
100
AcDb3dPolylineVertex
 10
2109.0
 20
34.0
 30
0.0
 70
32
  0
SEQEND
  5
BF5
330
BF4
100
AcDbEntity
  8
RBAR-T8-A
  0
POLYLINE
  5
BF8
330
17
100
AcDbEntity
  8
RBAR-T8-A
100
AcDb3dPolyline
 66
1
 10
0.0
 20
0.0
 30
0.0
 70
8
  0
VERTEX
  5
BFA
330
17
100
AcDbEntity
  8
RBAR-T8-A
100
AcDbVertex
100
AcDb3dPolylineVertex
 10
34.0
 20
34.0
 30
0.0
 70
32
  0
VERTEX
  5
BFB
330
17
100
AcDbEntity
  8
RBAR-T8-A
100
AcDbVertex
100
AcDb3dPolylineVertex
 10
2109.0
 20
34.0
 30
0.0
 70
32
  0
SEQEND
  5
BF9
330
BF8
100
AcDbEntity
  8
RBAR-T8-A
  0
POLYLINE
  5
BFC
330
17
100
AcDbEntity
  8
RBAR-T8-A
100
AcDb3dPolyline
 66
1
 10
0.0
 20
0.0
 30
0.0
 70
8
  0
VERTEX
  5
BFE
330
17
100
AcDbEntity
  8
RBAR-T8-A
100
AcDbVertex
100
AcDb3dPolylineVertex
 10
34.0
 20
34.0
 30
0.0
 70
32
  0
VERTEX
  5
BFF
330
17
100
AcDbEntity
  8
RBAR-T8-A
100
AcDbVertex
100
AcDb3dPolylineVertex
 10
2109.0
 20
34.0
 30
0.0
 70
32
  0
SEQEND
  5
BFD
330
BFC
100
AcDbEntity
  8
RBAR-T8-A
  0
POLYLINE
  5
C00
330
17
100
AcDbEntity
  8
RBAR-T8-A
100
AcDb3dPolyline
 66
1
 10
0.0
 20
0.0
 30
0.0
 70
8
  0
VERTEX
  5
C02
330
17
100
AcDbEntity
  8
RBAR-T8-A
100
AcDbVertex
100
AcDb3dPolylineVertex
 10
34.0
 20
34.0
 30
0.0
 70
32
  0
VERTEX
  5
C03
330
17
100
AcDbEntity
  8
RBAR-T8-A
100
AcDbVertex
100
AcDb3dPolylineVertex
 10
2109.0
 20
34.0
 30
0.0
 70
32
  0
SEQEND
  5
C01
330
C00
100
AcDbEntity
  8
RBAR-T8-A
  0
POLYLINE
  5
C04
330
17
100
AcDbEntity
  8
RBAR-T8-A
100
AcDb3dPolyline
 66
1
 10
0.0
 20
0.0
 30
0.0
 70
8
  0
VERTEX
  5
C06
330
17
100
AcDbEntity
  8
RBAR-T8-A
100
AcDbVertex
100
AcDb3dPolylineVertex
 10
34.0
 20
34.0
 30
0.0
 70
32
  0
VERTEX
  5
C07
330
17
100
AcDbEntity
  8
RBAR-T8-A
100
AcDbVertex
100
AcDb3dPolylineVertex
 10
2109.0
 20
34.0
 30
0.0
 70
32
  0
SEQEND
  5
C05
330
C04
100
AcDbEntity
  8
RBAR-T8-A
  0
POLYLINE
  5
C08
330
17
100
AcDbEntity
  8
RBAR-T8-A
100
AcDb3dPolyline
 66
1
 10
0.0
 20
0.0
 30
0.0
 70
8
  0
VERTEX
  5
C0A
330
17
100
AcDbEntity
  8
RBAR-T8-A
100
AcDbVertex
100
AcDb3dPolylineVertex
 10
34.0
 20
34.0
 30
0.0
 70
32
  0
VERTEX
  5
C0B
330
17
100
AcDbEntity
  8
RBAR-T8-A
100
AcDbVertex
100
AcDb3dPolylineVertex
 10
2109.0
 20
34.0
 30
0.0
 70
32
  0
SEQEND
  5
C09
330
C08
100
AcDbEntity
  8
RBAR-T8-A
  0
POLYLINE
  5
C0C
330
17
100
AcDbEntity
  8
RBAR-T8-A
100
AcDb3dPolyline
 66
1
 10
0.0
 20
0.0
 30
0.0
 70
8
  0
VERTEX
  5
C0E
330
17
100
AcDbEntity
  8
RBAR-T8-A
100
AcDbVertex
100
AcDb3dPolylineVertex
 10
34.0
 20
34.0
 30
0.0
 70
32
  0
VERTEX
  5
C0F
330
17
100
AcDbEntity
  8
RBAR-T8-A
100
AcDbVertex
100
AcDb3dPolylineVertex
 10
2109.0
 20
34.0
 30
0.0
 70
32
  0
SEQEND
  5
C0D
330
C0C
100
AcDbEntity
  8
RBAR-T8-A
  0
POLYLINE
  5
C10
330
17
100
AcDbEntity
  8
RBAR-T8-A
100
AcDb3dPolyline
 66
1
 10
0.0
 20
0.0
 30
0.0
 70
8
  0
VERTEX
  5
C12
330
17
100
AcDbEntity
  8
RBAR-T8-A
100
AcDbVertex
100
AcDb3dPolylineVertex
 10
34.0
 20
34.0
 30
0.0
 70
32
  0
VERTEX
  5
C13
330
17
100
AcDbEntity
  8
RBAR-T8-A
100
AcDbVertex
100
AcDb3dPolylineVertex
 10
2109.0
 20
34.0
 30
0.0
 70
32
  0
SEQEND
  5
C11
330
C10
100
AcDbEntity
  8
RBAR-T8-A
  0
POLYLINE
  5
C14
330
17
100
AcDbEntity
  8
RBAR-T8-A
100
AcDb3dPolyline
 66
1
 10
0.0
 20
0.0
 30
0.0
 70
8
  0
VERTEX
  5
C16
330
17
100
AcDbEntity
  8
RBAR-T8-A
100
AcDbVertex
100
AcDb3dPolylineVertex
 10
34.0
 20
34.0
 30
0.0
 70
32
  0
VERTEX
  5
C17
330
17
100
AcDbEntity
  8
RBAR-T8-A
100
AcDbVertex
100
AcDb3dPolylineVertex
 10
2109.0
 20
34.0
 30
0.0
 70
32
  0
SEQEND
  5
C15
330
C14
100
AcDbEntity
  8
RBAR-T8-A
  0
POLYLINE
  5
C18
330
17
100
AcDbEntity
  8
RBAR-T8-A
100
AcDb3dPolyline
 66
1
 10
0.0
 20
0.0
 30
0.0
 70
8
  0
VERTEX
  5
C1A
330
17
100
AcDbEntity
  8
RBAR-T8-A
100
AcDbVertex
100
AcDb3dPolylineVertex
 10
34.0
 20
34.0
 30
0.0
 70
32
  0
VERTEX
  5
C1B
330
17
100
AcDbEntity
  8
RBAR-T8-A
100
AcDbVertex
100
AcDb3dPolylineVertex
 10
2109.0
 20
34.0
 30
0.0
 70
32
  0
SEQEND
  5
C19
330
C18
100
AcDbEntity
  8
RBAR-T8-A
  0
POLYLINE
  5
C1C
330
17
100
AcDbEntity
  8
RBAR-T8-A
100
AcDb3dPolyline
 66
1
 10
0.0
 20
0.0
 30
0.0
 70
8
  0
VERTEX
  5
C1E
330
17
100
AcDbEntity
  8
RBAR-T8-A
100
AcDbVertex
100
AcDb3dPolylineVertex
 10
34.0
 20
34.0
 30
0.0
 70
32
  0
VERTEX
  5
C1F
330
17
100
AcDbEntity
  8
RBAR-T8-A
100
AcDbVertex
100
AcDb3dPolylineVertex
 10
2109.0
 20
34.0
 30
0.0
 70
32
  0
SEQEND
  5
C1D
330
C1C
100
AcDbEntity
  8
RBAR-T8-A
  0
POLYLINE
  5
C21
330
17
100
AcDbEntity
  8
RBAR-T10-I
100
AcDb3dPolyline
 66
1
 10
0.0
 20
0.0
 30
0.0
 70
8
  0
VERTEX
  5
C23
330
17
100
AcDbEntity
  8
RBAR-T10-I
100
AcDbVertex
100
AcDb3dPolylineVertex
 10
1057.3
 20
35.0
 30
4808.5
 70
32
  0
VERTEX
  5
C24
330
17
100
AcDbEntity
  8
RBAR-T10-I
100
AcDbVertex
100
AcDb3dPolylineVertex
 10
1231.5
 20
35.0
 30
4808.5
 70
32
  0
VERTEX
  5
C25
330
17
100
AcDbEntity
  8
RBAR-T10-I
100
AcDbVertex
100
AcDb3dPolylineVertex
 10
1235.4
 20
35.0
 30
4808.1
 70
32
  0
VERTEX
  5
C26
330
17
100
AcDbEntity
  8
RBAR-T10-I
100
AcDbVertex
100
AcDb3dPolylineVertex
 10
1239.1
 20
35.0
 30
4807.0
 70
32
  0
VERTEX
  5
C27
330
17
100
AcDbEntity
  8
RBAR-T10-I
100
AcDbVertex
100
AcDb3dPolylineVertex
 10
1242.6
 20
35.0
 30
4805.1
 70
32
  0
VERTEX
  5
C28
330
17
100
AcDbEntity
  8
RBAR-T10-I
100
AcDbVertex
100
AcDb3dPolylineVertex
 10
1245.6
 20
35.0
 30
4802.7
 70
32
  0
VERTEX
  5
C29
330
17
100
AcDbEntity
  8
RBAR-T10-I
100
AcDbVertex
100
AcDb3dPolylineVertex
 10
1248.0
 20
35.0
 30
4799.6
 70
32
  0
VERTEX
  5
C2A
330
17
100
AcDbEntity
  8
RBAR-T10-I
100
AcDbVertex
100
AcDb3dPolylineVertex
 10
1249.9
 20
35.0
 30
4796.2
 70
32
  0
VERTEX
  5
C2B
330
17
100
AcDbEntity
  8
RBAR-T10-I
100
AcDbVertex
100
AcDb3dPolylineVertex
 10
1251.0
 20
35.0
 30
4792.5
 70
32
  0
VERTEX
  5
C2C
330
17
100
AcDbEntity
  8
RBAR-T10-I
100
AcDbVertex
100
AcDb3dPolylineVertex
 10
1251.4
 20
35.0
 30
4788.6
 70
32
  0
VERTEX
  5
C2D
330
17
100
AcDbEntity
  8
RBAR-T10-I
100
AcDbVertex
100
AcDb3dPolylineVertex
 10
1251.4
 20
35.0
 30
4504.9
 70
32
  0
VERTEX
  5
C2E
330
17
100
AcDbEntity
  8
RBAR-T10-I
100
AcDbVertex
100
AcDb3dPolylineVertex
 10
1251.0
 20
35.0
 30
4501.0
 70
32
  0
VERTEX
  5
C2F
330
17
100
AcDbEntity
  8
RBAR-T10-I
100
AcDbVertex
100
AcDb3dPolylineVertex
 10
1249.9
 20
35.0
 30
4497.3
 70
32
  0
VERTEX
  5
C30
330
17
100
AcDbEntity
  8
RBAR-T10-I
100
AcDbVertex
100
AcDb3dPolylineVertex
 10
1248.0
 20
35.0
 30
4493.8
 70
32
  0
VERTEX
  5
C31
330
17
100
AcDbEntity
  8
RBAR-T10-I
100
AcDbVertex
100
AcDb3dPolylineVertex
 10
1245.6
 20
35.0
 30
4490.8
 70
32
  0
VERTEX
  5
C32
330
17
100
AcDbEntity
  8
RBAR-T10-I
100
AcDbVertex
100
AcDb3dPolylineVertex
 10
1242.6
 20
35.0
 30
4488.4
 70
32
  0
VERTEX
  5
C33
330
17
100
AcDbEntity
  8
RBAR-T10-I
100
AcDbVertex
100
AcDb3dPolylineVertex
 10
1239.1
 20
35.0
 30
4486.5
 70
32
  0
VERTEX
  5
C34
330
17
100
AcDbEntity
  8
RBAR-T10-I
100
AcDbVertex
100
AcDb3dPolylineVertex
 10
1235.4
 20
35.0
 30
4485.4
 70
32
  0
VERTEX
  5
C35
330
17
100
AcDbEntity
  8
RBAR-T10-I
100
AcDbVertex
100
AcDb3dPolylineVertex
 10
1231.5
 20
35.0
 30
4485.0
 70
32
  0
VERTEX
  5
C36
330
17
100
AcDbEntity
  8
RBAR-T10-I
100
AcDbVertex
100
AcDb3dPolylineVertex
 10
539.7
 20
35.0
 30
4485.0
 70
32
  0
VERTEX
  5
C37
330
17
100
AcDbEntity
  8
RBAR-T10-I
100
AcDbVertex
100
AcDb3dPolylineVertex
 10
535.8
 20
35.0
 30
4485.4
 70
32
  0
VERTEX
  5
C38
330
17
100
AcDbEntity
  8
RBAR-T10-I
100
AcDbVertex
100
AcDb3dPolylineVertex
 10
532.1
 20
35.0
 30
4486.5
 70
32
  0
VERTEX
  5
C39
330
17
100
AcDbEntity
  8
RBAR-T10-I
100
AcDbVertex
100
AcDb3dPolylineVertex
 10
528.6
 20
35.0
 30
4488.4
 70
32
  0
VERTEX
  5
C3A
330
17
100
AcDbEntity
  8
RBAR-T10-I
100
AcDbVertex
100
AcDb3dPolylineVertex
 10
525.6
 20
35.0
 30
4490.8
 70
32
  0
VERTEX
  5
C3B
330
17
100
AcDbEntity
  8
RBAR-T10-I
100
AcDbVertex
100
AcDb3dPolylineVertex
 10
523.2
 20
35.0
 30
4493.8
 70
32
  0
VERTEX
  5
C3C
330
17
100
AcDbEntity
  8
RBAR-T10-I
100
AcDbVertex
100
AcDb3dPolylineVertex
 10
521.3
 20
35.0
 30
4497.3
 70
32
  0
VERTEX
  5
C3D
330
17
100
AcDbEntity
  8
RBAR-T10-I
100
AcDbVertex
100
AcDb3dPolylineVertex
 10
520.2
 20
35.0
 30
4501.0
 70
32
  0
VERTEX
  5
C3E
330
17
100
AcDbEntity
  8
RBAR-T10-I
100
AcDbVertex
100
AcDb3dPolylineVertex
 10
519.8
 20
35.0
 30
4504.9
 70
32
  0
VERTEX
  5
C3F
330
17
100
AcDbEntity
  8
RBAR-T10-I
100
AcDbVertex
100
AcDb3dPolylineVertex
 10
519.8
 20
35.0
 30
4768.7
 70
32
  0
VERTEX
  5
C40
330
17
100
AcDbEntity
  8
RBAR-T10-I
100
AcDbVertex
100
AcDb3dPolylineVertex
 10
520.2
 20
35.0
 30
4772.6
 70
32
  0
VERTEX
  5
C41
330
17
100
AcDbEntity
  8
RBAR-T10-I
100
AcDbVertex
100
AcDb3dPolylineVertex
 10
521.3
 20
35.0
 30
4776.3
 70
32
  0
VERTEX
  5
C42
330
17
100
AcDbEntity
  8
RBAR-T10-I
100
AcDbVertex
100
AcDb3dPolylineVertex
 10
523.2
 20
35.0
 30
4779.7
 70
32
  0
VERTEX
  5
C43
330
17
100
AcDbEntity
  8
RBAR-T10-I
100
AcDbVertex
100
AcDb3dPolylineVertex
 10
525.6
 20
35.0
 30
4782.8
 70
32
  0
VERTEX
  5
C44
330
17
100
AcDbEntity
  8
RBAR-T10-I
100
AcDbVertex
100
AcDb3dPolylineVertex
 10
528.6
 20
35.0
 30
4785.2
 70
32
  0
VERTEX
  5
C45
330
17
100
AcDbEntity
  8
RBAR-T10-I
100
AcDbVertex
100
AcDb3dPolylineVertex
 10
532.1
 20
35.0
 30
4787.1
 70
32
  0
VERTEX
  5
C46
330
17
100
AcDbEntity
  8
RBAR-T10-I
100
AcDbVertex
100
AcDb3dPolylineVertex
 10
535.8
 20
35.0
 30
4788.2
 70
32
  0
VERTEX
  5
C47
330
17
100
AcDbEntity
  8
RBAR-T10-I
100
AcDbVertex
100
AcDb3dPolylineVertex
 10
539.7
 20
35.0
 30
4788.6
 70
32
  0
VERTEX
  5
C48
330
17
100
AcDbEntity
  8
RBAR-T10-I
100
AcDbVertex
100
AcDb3dPolylineVertex
 10
1251.4
 20
35.0
 30
4788.6
 70
32
  0
SEQEND
  5
C22
330
C21
100
AcDbEntity
  8
RBAR-T10-I
  0
POLYLINE
  5
C49
330
17
100
AcDbEntity
  8
RBAR-T10-I
100
AcDb3dPolyline
 66
1
 10
0.0
 20
0.0
 30
0.0
 70
8
  0
VERTEX
  5
C4B
330
17
100
AcDbEntity
  8
RBAR-T10-I
100
AcDbVertex
100
AcDb3dPolylineVertex
 10
1837.2
 20
35.0
 30
323.5
 70
32
  0
VERTEX
  5
C4C
330
17
100
AcDbEntity
  8
RBAR-T10-I
100
AcDbVertex
100
AcDb3dPolylineVertex
 10
2011.4
 20
35.0
 30
323.5
 70
32
  0
VERTEX
  5
C4D
330
17
100
AcDbEntity
  8
RBAR-T10-I
100
AcDbVertex
100
AcDb3dPolylineVertex
 10
2015.2
 20
35.0
 30
323.1
 70
32
  0
VERTEX
  5
C4E
330
17
100
AcDbEntity
  8
RBAR-T10-I
100
AcDbVertex
100
AcDb3dPolylineVertex
 10
2019.0
 20
35.0
 30
322.0
 70
32
  0
VERTEX
  5
C4F
330
17
100
AcDbEntity
  8
RBAR-T10-I
100
AcDbVertex
100
AcDb3dPolylineVertex
 10
2022.4
 20
35.0
 30
320.1
 70
32
  0
VERTEX
  5
C50
330
17
100
AcDbEntity
  8
RBAR-T10-I
100
AcDbVertex
100
AcDb3dPolylineVertex
 10
2025.4
 20
35.0
 30
317.7
 70
32
  0
VERTEX
  5
C51
330
17
100
AcDbEntity
  8
RBAR-T10-I
100
AcDbVertex
100
AcDb3dPolylineVertex
 10
2027.9
 20
35.0
 30
314.6
 70
32
  0
VERTEX
  5
C52
330
17
100
AcDbEntity
  8
RBAR-T10-I
100
AcDbVertex
100
AcDb3dPolylineVertex
 10
2029.8
 20
35.0
 30
311.2
 70
32
  0
VERTEX
  5
C53
330
17
100
AcDbEntity
  8
RBAR-T10-I
100
AcDbVertex
100
AcDb3dPolylineVertex
 10
2030.9
 20
35.0
 30
307.5
 70
32
  0
VERTEX
  5
C54
330
17
100
AcDbEntity
  8
RBAR-T10-I
100
AcDbVertex
100
AcDb3dPolylineVertex
 10
2031.3
 20
35.0
 30
303.6
 70
32
  0
VERTEX
  5
C55
330
17
100
AcDbEntity
  8
RBAR-T10-I
100
AcDbVertex
100
AcDb3dPolylineVertex
 10
2031.3
 20
35.0
 30
19.9
 70
32
  0
VERTEX
  5
C56
330
17
100
AcDbEntity
  8
RBAR-T10-I
100
AcDbVertex
100
AcDb3dPolylineVertex
 10
2030.9
 20
35.0
 30
16.0
 70
32
  0
VERTEX
  5
C57
330
17
100
AcDbEntity
  8
RBAR-T10-I
100
AcDbVertex
100
AcDb3dPolylineVertex
 10
2029.8
 20
35.0
 30
12.3
 70
32
  0
VERTEX
  5
C58
330
17
100
AcDbEntity
  8
RBAR-T10-I
100
AcDbVertex
100
AcDb3dPolylineVertex
 10
2027.9
 20
35.0
 30
8.8
 70
32
  0
VERTEX
  5
C59
330
17
100
AcDbEntity
  8
RBAR-T10-I
100
AcDbVertex
100
AcDb3dPolylineVertex
 10
2025.4
 20
35.0
 30
5.8
 70
32
  0
VERTEX
  5
C5A
330
17
100
AcDbEntity
  8
RBAR-T10-I
100
AcDbVertex
100
AcDb3dPolylineVertex
 10
2022.4
 20
35.0
 30
3.4
 70
32
  0
VERTEX
  5
C5B
330
17
100
AcDbEntity
  8
RBAR-T10-I
100
AcDbVertex
100
AcDb3dPolylineVertex
 10
2019.0
 20
35.0
 30
1.5
 70
32
  0
VERTEX
  5
C5C
330
17
100
AcDbEntity
  8
RBAR-T10-I
100
AcDbVertex
100
AcDb3dPolylineVertex
 10
2015.2
 20
35.0
 30
0.4
 70
32
  0
VERTEX
  5
C5D
330
17
100
AcDbEntity
  8
RBAR-T10-I
100
AcDbVertex
100
AcDb3dPolylineVertex
 10
2011.4
 20
35.0
 30
0.0
 70
32
  0
VERTEX
  5
C5E
330
17
100
AcDbEntity
  8
RBAR-T10-I
100
AcDbVertex
100
AcDb3dPolylineVertex
 10
1319.6
 20
35.0
 30
0.0
 70
32
  0
VERTEX
  5
C5F
330
17
100
AcDbEntity
  8
RBAR-T10-I
100
AcDbVertex
100
AcDb3dPolylineVertex
 10
1315.7
 20
35.0
 30
0.4
 70
32
  0
VERTEX
  5
C60
330
17
100
AcDbEntity
  8
RBAR-T10-I
100
AcDbVertex
100
AcDb3dPolylineVertex
 10
1312.0
 20
35.0
 30
1.5
 70
32
  0
VERTEX
  5
C61
330
17
100
AcDbEntity
  8
RBAR-T10-I
100
AcDbVertex
100
AcDb3dPolylineVertex
 10
1308.5
 20
35.0
 30
3.4
 70
32
  0
VERTEX
  5
C62
330
17
100
AcDbEntity
  8
RBAR-T10-I
100
AcDbVertex
100
AcDb3dPolylineVertex
 10
1305.5
 20
35.0
 30
5.8
 70
32
  0
VERTEX
  5
C63
330
17
100
AcDbEntity
  8
RBAR-T10-I
100
AcDbVertex
100
AcDb3dPolylineVertex
 10
1303.0
 20
35.0
 30
8.8
 70
32
  0
VERTEX
  5
C64
330
17
100
AcDbEntity
  8
RBAR-T10-I
100
AcDbVertex
100
AcDb3dPolylineVertex
 10
1301.2
 20
35.0
 30
12.3
 70
32
  0
VERTEX
  5
C65
330
17
100
AcDbEntity
  8
RBAR-T10-I
100
AcDbVertex
100
AcDb3dPolylineVertex
 10
1300.1
 20
35.0
 30
16.0
 70
32
  0
VERTEX
  5
C66
330
17
100
AcDbEntity
  8
RBAR-T10-I
100
AcDbVertex
100
AcDb3dPolylineVertex
 10
1299.7
 20
35.0
 30
19.9
 70
32
  0
VERTEX
  5
C67
330
17
100
AcDbEntity
  8
RBAR-T10-I
100
AcDbVertex
100
AcDb3dPolylineVertex
 10
1299.7
 20
35.0
 30
283.7
 70
32
  0
VERTEX
  5
C68
330
17
100
AcDbEntity
  8
RBAR-T10-I
100
AcDbVertex
100
AcDb3dPolylineVertex
 10
1300.1
 20
35.0
 30
287.6
 70
32
  0
VERTEX
  5
C69
330
17
100
AcDbEntity
  8
RBAR-T10-I
100
AcDbVertex
100
AcDb3dPolylineVertex
 10
1301.2
 20
35.0
 30
291.3
 70
32
  0
VERTEX
  5
C6A
330
17
100
AcDbEntity
  8
RBAR-T10-I
100
AcDbVertex
100
AcDb3dPolylineVertex
 10
1303.0
 20
35.0
 30
294.7
 70
32
  0
VERTEX
  5
C6B
330
17
100
AcDbEntity
  8
RBAR-T10-I
100
AcDbVertex
100
AcDb3dPolylineVertex
 10
1305.5
 20
35.0
 30
297.8
 70
32
  0
VERTEX
  5
C6C
330
17
100
AcDbEntity
  8
RBAR-T10-I
100
AcDbVertex
100
AcDb3dPolylineVertex
 10
1308.5
 20
35.0
 30
300.2
 70
32
  0
VERTEX
  5
C6D
330
17
100
AcDbEntity
  8
RBAR-T10-I
100
AcDbVertex
100
AcDb3dPolylineVertex
 10
1312.0
 20
35.0
 30
302.1
 70
32
  0
VERTEX
  5
C6E
330
17
100
AcDbEntity
  8
RBAR-T10-I
100
AcDbVertex
100
AcDb3dPolylineVertex
 10
1315.7
 20
35.0
 30
303.2
 70
32
  0
VERTEX
  5
C6F
330
17
100
AcDbEntity
  8
RBAR-T10-I
100
AcDbVertex
100
AcDb3dPolylineVertex
 10
1319.6
 20
35.0
 30
303.6
 70
32
  0
VERTEX
  5
C70
330
17
100
AcDbEntity
  8
RBAR-T10-I
100
AcDbVertex
100
AcDb3dPolylineVertex
 10
2031.3
 20
35.0
 30
303.6
 70
32
  0
SEQEND
  5
C4A
330
C49
100
AcDbEntity
  8
RBAR-T10-I
  0
POLYLINE
  5
C71
330
17
100
AcDbEntity
  8
RBAR-T10-I
100
AcDb3dPolyline
 66
1
 10
0.0
 20
0.0
 30
0.0
 70
8
  0
VERTEX
  5
C73
330
17
100
AcDbEntity
  8
RBAR-T10-I
100
AcDbVertex
100
AcDb3dPolylineVertex
 10
1960.4
 20
35.0
 30
323.5
 70
32
  0
VERTEX
  5
C74
330
17
100
AcDbEntity
  8
RBAR-T10-I
100
AcDbVertex
100
AcDb3dPolylineVertex
 10
2134.6
 20
35.0
 30
323.5
 70
32
  0
VERTEX
  5
C75
330
17
100
AcDbEntity
  8
RBAR-T10-I
100
AcDbVertex
100
AcDb3dPolylineVertex
 10
2138.5
 20
35.0
 30
323.1
 70
32
  0
VERTEX
  5
C76
330
17
100
AcDbEntity
  8
RBAR-T10-I
100
AcDbVertex
100
AcDb3dPolylineVertex
 10
2142.2
 20
35.0
 30
322.0
 70
32
  0
VERTEX
  5
C77
330
17
100
AcDbEntity
  8
RBAR-T10-I
100
AcDbVertex
100
AcDb3dPolylineVertex
 10
2145.7
 20
35.0
 30
320.1
 70
32
  0
VERTEX
  5
C78
330
17
100
AcDbEntity
  8
RBAR-T10-I
100
AcDbVertex
100
AcDb3dPolylineVertex
 10
2148.7
 20
35.0
 30
317.7
 70
32
  0
VERTEX
  5
C79
330
17
100
AcDbEntity
  8
RBAR-T10-I
100
AcDbVertex
100
AcDb3dPolylineVertex
 10
2151.1
 20
35.0
 30
314.6
 70
32
  0
VERTEX
  5
C7A
330
17
100
AcDbEntity
  8
RBAR-T10-I
100
AcDbVertex
100
AcDb3dPolylineVertex
 10
2153.0
 20
35.0
 30
311.2
 70
32
  0
VERTEX
  5
C7B
330
17
100
AcDbEntity
  8
RBAR-T10-I
100
AcDbVertex
100
AcDb3dPolylineVertex
 10
2154.1
 20
35.0
 30
307.5
 70
32
  0
VERTEX
  5
C7C
330
17
100
AcDbEntity
  8
RBAR-T10-I
100
AcDbVertex
100
AcDb3dPolylineVertex
 10
2154.5
 20
35.0
 30
303.6
 70
32
  0
VERTEX
  5
C7D
330
17
100
AcDbEntity
  8
RBAR-T10-I
100
AcDbVertex
100
AcDb3dPolylineVertex
 10
2154.5
 20
35.0
 30
19.9
 70
32
  0
VERTEX
  5
C7E
330
17
100
AcDbEntity
  8
RBAR-T10-I
100
AcDbVertex
100
AcDb3dPolylineVertex
 10
2154.1
 20
35.0
 30
16.0
 70
32
  0
VERTEX
  5
C7F
330
17
100
AcDbEntity
  8
RBAR-T10-I
100
AcDbVertex
100
AcDb3dPolylineVertex
 10
2153.0
 20
35.0
 30
12.3
 70
32
  0
VERTEX
  5
C80
330
17
100
AcDbEntity
  8
RBAR-T10-I
100
AcDbVertex
100
AcDb3dPolylineVertex
 10
2151.1
 20
35.0
 30
8.8
 70
32
  0
VERTEX
  5
C81
330
17
100
AcDbEntity
  8
RBAR-T10-I
100
AcDbVertex
100
AcDb3dPolylineVertex
 10
2148.7
 20
35.0
 30
5.8
 70
32
  0
VERTEX
  5
C82
330
17
100
AcDbEntity
  8
RBAR-T10-I
100
AcDbVertex
100
AcDb3dPolylineVertex
 10
2145.7
 20
35.0
 30
3.4
 70
32
  0
VERTEX
  5
C83
330
17
100
AcDbEntity
  8
RBAR-T10-I
100
AcDbVertex
100
AcDb3dPolylineVertex
 10
2142.2
 20
35.0
 30
1.5
 70
32
  0
VERTEX
  5
C84
330
17
100
AcDbEntity
  8
RBAR-T10-I
100
AcDbVertex
100
AcDb3dPolylineVertex
 10
2138.5
 20
35.0
 30
0.4
 70
32
  0
VERTEX
  5
C85
330
17
100
AcDbEntity
  8
RBAR-T10-I
100
AcDbVertex
100
AcDb3dPolylineVertex
 10
2134.6
 20
35.0
 30
0.0
 70
32
  0
VERTEX
  5
C86
330
17
100
AcDbEntity
  8
RBAR-T10-I
100
AcDbVertex
100
AcDb3dPolylineVertex
 10
1442.8
 20
35.0
 30
0.0
 70
32
  0
VERTEX
  5
C87
330
17
100
AcDbEntity
  8
RBAR-T10-I
100
AcDbVertex
100
AcDb3dPolylineVertex
 10
1438.9
 20
35.0
 30
0.4
 70
32
  0
VERTEX
  5
C88
330
17
100
AcDbEntity
  8
RBAR-T10-I
100
AcDbVertex
100
AcDb3dPolylineVertex
 10
1435.2
 20
35.0
 30
1.5
 70
32
  0
VERTEX
  5
C89
330
17
100
AcDbEntity
  8
RBAR-T10-I
100
AcDbVertex
100
AcDb3dPolylineVertex
 10
1431.7
 20
35.0
 30
3.4
 70
32
  0
VERTEX
  5
C8A
330
17
100
AcDbEntity
  8
RBAR-T10-I
100
AcDbVertex
100
AcDb3dPolylineVertex
 10
1428.7
 20
35.0
 30
5.8
 70
32
  0
VERTEX
  5
C8B
330
17
100
AcDbEntity
  8
RBAR-T10-I
100
AcDbVertex
100
AcDb3dPolylineVertex
 10
1426.3
 20
35.0
 30
8.8
 70
32
  0
VERTEX
  5
C8C
330
17
100
AcDbEntity
  8
RBAR-T10-I
100
AcDbVertex
100
AcDb3dPolylineVertex
 10
1424.4
 20
35.0
 30
12.3
 70
32
  0
VERTEX
  5
C8D
330
17
100
AcDbEntity
  8
RBAR-T10-I
100
AcDbVertex
100
AcDb3dPolylineVertex
 10
1423.3
 20
35.0
 30
16.0
 70
32
  0
VERTEX
  5
C8E
330
17
100
AcDbEntity
  8
RBAR-T10-I
100
AcDbVertex
100
AcDb3dPolylineVertex
 10
1422.9
 20
35.0
 30
19.9
 70
32
  0
VERTEX
  5
C8F
330
17
100
AcDbEntity
  8
RBAR-T10-I
100
AcDbVertex
100
AcDb3dPolylineVertex
 10
1422.9
 20
35.0
 30
283.7
 70
32
  0
VERTEX
  5
C90
330
17
100
AcDbEntity
  8
RBAR-T10-I
100
AcDbVertex
100
AcDb3dPolylineVertex
 10
1423.3
 20
35.0
 30
287.6
 70
32
  0
VERTEX
  5
C91
330
17
100
AcDbEntity
  8
RBAR-T10-I
100
AcDbVertex
100
AcDb3dPolylineVertex
 10
1424.4
 20
35.0
 30
291.3
 70
32
  0
VERTEX
  5
C92
330
17
100
AcDbEntity
  8
RBAR-T10-I
100
AcDbVertex
100
AcDb3dPolylineVertex
 10
1426.3
 20
35.0
 30
294.7
 70
32
  0
VERTEX
  5
C93
330
17
100
AcDbEntity
  8
RBAR-T10-I
100
AcDbVertex
100
AcDb3dPolylineVertex
 10
1428.7
 20
35.0
 30
297.8
 70
32
  0
VERTEX
  5
C94
330
17
100
AcDbEntity
  8
RBAR-T10-I
100
AcDbVertex
100
AcDb3dPolylineVertex
 10
1431.7
 20
35.0
 30
300.2
 70
32
  0
VERTEX
  5
C95
330
17
100
AcDbEntity
  8
RBAR-T10-I
100
AcDbVertex
100
AcDb3dPolylineVertex
 10
1435.2
 20
35.0
 30
302.1
 70
32
  0
VERTEX
  5
C96
330
17
100
AcDbEntity
  8
RBAR-T10-I
100
AcDbVertex
100
AcDb3dPolylineVertex
 10
1438.9
 20
35.0
 30
303.2
 70
32
  0
VERTEX
  5
C97
330
17
100
AcDbEntity
  8
RBAR-T10-I
100
AcDbVertex
100
AcDb3dPolylineVertex
 10
1442.8
 20
35.0
 30
303.6
 70
32
  0
VERTEX
  5
C98
330
17
100
AcDbEntity
  8
RBAR-T10-I
100
AcDbVertex
100
AcDb3dPolylineVertex
 10
2154.5
 20
35.0
 30
303.6
 70
32
  0
SEQEND
  5
C72
330
C71
100
AcDbEntity
  8
RBAR-T10-I
  0
POLYLINE
  5
C99
330
17
100
AcDbEntity
  8
RBAR-T10-I
100
AcDb3dPolyline
 66
1
 10
0.0
 20
0.0
 30
0.0
 70
8
  0
VERTEX
  5
C9B
330
17
100
AcDbEntity
  8
RBAR-T10-I
100
AcDbVertex
100
AcDb3dPolylineVertex
 10
572.5
 20
35.0
 30
323.5
 70
32
  0
VERTEX
  5
C9C
330
17
100
AcDbEntity
  8
RBAR-T10-I
100
AcDbVertex
100
AcDb3dPolylineVertex
 10
746.7
 20
35.0
 30
323.5
 70
32
  0
VERTEX
  5
C9D
330
17
100
AcDbEntity
  8
RBAR-T10-I
100
AcDbVertex
100
AcDb3dPolylineVertex
 10
750.6
 20
35.0
 30
323.1
 70
32
  0
VERTEX
  5
C9E
330
17
100
AcDbEntity
  8
RBAR-T10-I
100
AcDbVertex
100
AcDb3dPolylineVertex
 10
754.3
 20
35.0
 30
322.0
 70
32
  0
VERTEX
  5
C9F
330
17
100
AcDbEntity
  8
RBAR-T10-I
100
AcDbVertex
100
AcDb3dPolylineVertex
 10
757.8
 20
35.0
 30
320.1
 70
32
  0
VERTEX
  5
CA0
330
17
100
AcDbEntity
  8
RBAR-T10-I
100
AcDbVertex
100
AcDb3dPolylineVertex
 10
760.8
 20
35.0
 30
317.7
 70
32
  0
VERTEX
  5
CA1
330
17
100
AcDbEntity
  8
RBAR-T10-I
100
AcDbVertex
100
AcDb3dPolylineVertex
 10
763.2
 20
35.0
 30
314.6
 70
32
  0
VERTEX
  5
CA2
330
17
100
AcDbEntity
  8
RBAR-T10-I
100
AcDbVertex
100
AcDb3dPolylineVertex
 10
765.1
 20
35.0
 30
311.2
 70
32
  0
VERTEX
  5
CA3
330
17
100
AcDbEntity
  8
RBAR-T10-I
100
AcDbVertex
100
AcDb3dPolylineVertex
 10
766.2
 20
35.0
 30
307.5
 70
32
  0
VERTEX
  5
CA4
330
17
100
AcDbEntity
  8
RBAR-T10-I
100
AcDbVertex
100
AcDb3dPolylineVertex
 10
766.6
 20
35.0
 30
303.6
 70
32
  0
VERTEX
  5
CA5
330
17
100
AcDbEntity
  8
RBAR-T10-I
100
AcDbVertex
100
AcDb3dPolylineVertex
 10
766.6
 20
35.0
 30
19.9
 70
32
  0
VERTEX
  5
CA6
330
17
100
AcDbEntity
  8
RBAR-T10-I
100
AcDbVertex
100
AcDb3dPolylineVertex
 10
766.2
 20
35.0
 30
16.0
 70
32
  0
VERTEX
  5
CA7
330
17
100
AcDbEntity
  8
RBAR-T10-I
100
AcDbVertex
100
AcDb3dPolylineVertex
 10
765.1
 20
35.0
 30
12.3
 70
32
  0
VERTEX
  5
CA8
330
17
100
AcDbEntity
  8
RBAR-T10-I
100
AcDbVertex
100
AcDb3dPolylineVertex
 10
763.2
 20
35.0
 30
8.8
 70
32
  0
VERTEX
  5
CA9
330
17
100
AcDbEntity
  8
RBAR-T10-I
100
AcDbVertex
100
AcDb3dPolylineVertex
 10
760.8
 20
35.0
 30
5.8
 70
32
  0
VERTEX
  5
CAA
330
17
100
AcDbEntity
  8
RBAR-T10-I
100
AcDbVertex
100
AcDb3dPolylineVertex
 10
757.8
 20
35.0
 30
3.4
 70
32
  0
VERTEX
  5
CAB
330
17
100
AcDbEntity
  8
RBAR-T10-I
100
AcDbVertex
100
AcDb3dPolylineVertex
 10
754.3
 20
35.0
 30
1.5
 70
32
  0
VERTEX
  5
CAC
330
17
100
AcDbEntity
  8
RBAR-T10-I
100
AcDbVertex
100
AcDb3dPolylineVertex
 10
750.6
 20
35.0
 30
0.4
 70
32
  0
VERTEX
  5
CAD
330
17
100
AcDbEntity
  8
RBAR-T10-I
100
AcDbVertex
100
AcDb3dPolylineVertex
 10
746.7
 20
35.0
 30
0.0
 70
32
  0
VERTEX
  5
CAE
330
17
100
AcDbEntity
  8
RBAR-T10-I
100
AcDbVertex
100
AcDb3dPolylineVertex
 10
54.9
 20
35.0
 30
0.0
 70
32
  0
VERTEX
  5
CAF
330
17
100
AcDbEntity
  8
RBAR-T10-I
100
AcDbVertex
100
AcDb3dPolylineVertex
 10
51.0
 20
35.0
 30
0.4
 70
32
  0
VERTEX
  5
CB0
330
17
100
AcDbEntity
  8
RBAR-T10-I
100
AcDbVertex
100
AcDb3dPolylineVertex
 10
47.3
 20
35.0
 30
1.5
 70
32
  0
VERTEX
  5
CB1
330
17
100
AcDbEntity
  8
RBAR-T10-I
100
AcDbVertex
100
AcDb3dPolylineVertex
 10
43.8
 20
35.0
 30
3.4
 70
32
  0
VERTEX
  5
CB2
330
17
100
AcDbEntity
  8
RBAR-T10-I
100
AcDbVertex
100
AcDb3dPolylineVertex
 10
40.8
 20
35.0
 30
5.8
 70
32
  0
VERTEX
  5
CB3
330
17
100
AcDbEntity
  8
RBAR-T10-I
100
AcDbVertex
100
AcDb3dPolylineVertex
 10
38.4
 20
35.0
 30
8.8
 70
32
  0
VERTEX
  5
CB4
330
17
100
AcDbEntity
  8
RBAR-T10-I
100
AcDbVertex
100
AcDb3dPolylineVertex
 10
36.5
 20
35.0
 30
12.3
 70
32
  0
VERTEX
  5
CB5
330
17
100
AcDbEntity
  8
RBAR-T10-I
100
AcDbVertex
100
AcDb3dPolylineVertex
 10
35.4
 20
35.0
 30
16.0
 70
32
  0
VERTEX
  5
CB6
330
17
100
AcDbEntity
  8
RBAR-T10-I
100
AcDbVertex
100
AcDb3dPolylineVertex
 10
35.0
 20
35.0
 30
19.9
 70
32
  0
VERTEX
  5
CB7
330
17
100
AcDbEntity
  8
RBAR-T10-I
100
AcDbVertex
100
AcDb3dPolylineVertex
 10
35.0
 20
35.0
 30
283.7
 70
32
  0
VERTEX
  5
CB8
330
17
100
AcDbEntity
  8
RBAR-T10-I
100
AcDbVertex
100
AcDb3dPolylineVertex
 10
35.4
 20
35.0
 30
287.6
 70
32
  0
VERTEX
  5
CB9
330
17
100
AcDbEntity
  8
RBAR-T10-I
100
AcDbVertex
100
AcDb3dPolylineVertex
 10
36.5
 20
35.0
 30
291.3
 70
32
  0
VERTEX
  5
CBA
330
17
100
AcDbEntity
  8
RBAR-T10-I
100
AcDbVertex
100
AcDb3dPolylineVertex
 10
38.4
 20
35.0
 30
294.7
 70
32
  0
VERTEX
  5
CBB
330
17
100
AcDbEntity
  8
RBAR-T10-I
100
AcDbVertex
100
AcDb3dPolylineVertex
 10
40.8
 20
35.0
 30
297.8
 70
32
  0
VERTEX
  5
CBC
330
17
100
AcDbEntity
  8
RBAR-T10-I
100
AcDbVertex
100
AcDb3dPolylineVertex
 10
43.8
 20
35.0
 30
300.2
 70
32
  0
VERTEX
  5
CBD
330
17
100
AcDbEntity
  8
RBAR-T10-I
100
AcDbVertex
100
AcDb3dPolylineVertex
 10
47.3
 20
35.0
 30
302.1
 70
32
  0
VERTEX
  5
CBE
330
17
100
AcDbEntity
  8
RBAR-T10-I
100
AcDbVertex
100
AcDb3dPolylineVertex
 10
51.0
 20
35.0
 30
303.2
 70
32
  0
VERTEX
  5
CBF
330
17
100
AcDbEntity
  8
RBAR-T10-I
100
AcDbVertex
100
AcDb3dPolylineVertex
 10
54.9
 20
35.0
 30
303.6
 70
32
  0
VERTEX
  5
CC0
330
17
100
AcDbEntity
  8
RBAR-T10-I
100
AcDbVertex
100
AcDb3dPolylineVertex
 10
766.6
 20
35.0
 30
303.6
 70
32
  0
SEQEND
  5
C9A
330
C99
100
AcDbEntity
  8
RBAR-T10-I
  0
POLYLINE
  5
CC1
330
17
100
AcDbEntity
  8
RBAR-T10-I
100
AcDb3dPolyline
 66
1
 10
0.0
 20
0.0
 30
0.0
 70
8
  0
VERTEX
  5
CC3
330
17
100
AcDbEntity
  8
RBAR-T10-I
100
AcDbVertex
100
AcDb3dPolylineVertex
 10
572.5
 20
35.0
 30
323.5
 70
32
  0
VERTEX
  5
CC4
330
17
100
AcDbEntity
  8
RBAR-T10-I
100
AcDbVertex
100
AcDb3dPolylineVertex
 10
746.7
 20
35.0
 30
323.5
 70
32
  0
VERTEX
  5
CC5
330
17
100
AcDbEntity
  8
RBAR-T10-I
100
AcDbVertex
100
AcDb3dPolylineVertex
 10
750.6
 20
35.0
 30
323.1
 70
32
  0
VERTEX
  5
CC6
330
17
100
AcDbEntity
  8
RBAR-T10-I
100
AcDbVertex
100
AcDb3dPolylineVertex
 10
754.3
 20
35.0
 30
322.0
 70
32
  0
VERTEX
  5
CC7
330
17
100
AcDbEntity
  8
RBAR-T10-I
100
AcDbVertex
100
AcDb3dPolylineVertex
 10
757.8
 20
35.0
 30
320.1
 70
32
  0
VERTEX
  5
CC8
330
17
100
AcDbEntity
  8
RBAR-T10-I
100
AcDbVertex
100
AcDb3dPolylineVertex
 10
760.8
 20
35.0
 30
317.7
 70
32
  0
VERTEX
  5
CC9
330
17
100
AcDbEntity
  8
RBAR-T10-I
100
AcDbVertex
100
AcDb3dPolylineVertex
 10
763.2
 20
35.0
 30
314.6
 70
32
  0
VERTEX
  5
CCA
330
17
100
AcDbEntity
  8
RBAR-T10-I
100
AcDbVertex
100
AcDb3dPolylineVertex
 10
765.1
 20
35.0
 30
311.2
 70
32
  0
VERTEX
  5
CCB
330
17
100
AcDbEntity
  8
RBAR-T10-I
100
AcDbVertex
100
AcDb3dPolylineVertex
 10
766.2
 20
35.0
 30
307.5
 70
32
  0
VERTEX
  5
CCC
330
17
100
AcDbEntity
  8
RBAR-T10-I
100
AcDbVertex
100
AcDb3dPolylineVertex
 10
766.6
 20
35.0
 30
303.6
 70
32
  0
VERTEX
  5
CCD
330
17
100
AcDbEntity
  8
RBAR-T10-I
100
AcDbVertex
100
AcDb3dPolylineVertex
 10
766.6
 20
35.0
 30
19.9
 70
32
  0
VERTEX
  5
CCE
330
17
100
AcDbEntity
  8
RBAR-T10-I
100
AcDbVertex
100
AcDb3dPolylineVertex
 10
766.2
 20
35.0
 30
16.0
 70
32
  0
VERTEX
  5
CCF
330
17
100
AcDbEntity
  8
RBAR-T10-I
100
AcDbVertex
100
AcDb3dPolylineVertex
 10
765.1
 20
35.0
 30
12.3
 70
32
  0
VERTEX
  5
CD0
330
17
100
AcDbEntity
  8
RBAR-T10-I
100
AcDbVertex
100
AcDb3dPolylineVertex
 10
763.2
 20
35.0
 30
8.8
 70
32
  0
VERTEX
  5
CD1
330
17
100
AcDbEntity
  8
RBAR-T10-I
100
AcDbVertex
100
AcDb3dPolylineVertex
 10
760.8
 20
35.0
 30
5.8
 70
32
  0
VERTEX
  5
CD2
330
17
100
AcDbEntity
  8
RBAR-T10-I
100
AcDbVertex
100
AcDb3dPolylineVertex
 10
757.8
 20
35.0
 30
3.4
 70
32
  0
VERTEX
  5
CD3
330
17
100
AcDbEntity
  8
RBAR-T10-I
100
AcDbVertex
100
AcDb3dPolylineVertex
 10
754.3
 20
35.0
 30
1.5
 70
32
  0
VERTEX
  5
CD4
330
17
100
AcDbEntity
  8
RBAR-T10-I
100
AcDbVertex
100
AcDb3dPolylineVertex
 10
750.6
 20
35.0
 30
0.4
 70
32
  0
VERTEX
  5
CD5
330
17
100
AcDbEntity
  8
RBAR-T10-I
100
AcDbVertex
100
AcDb3dPolylineVertex
 10
746.7
 20
35.0
 30
0.0
 70
32
  0
VERTEX
  5
CD6
330
17
100
AcDbEntity
  8
RBAR-T10-I
100
AcDbVertex
100
AcDb3dPolylineVertex
 10
54.9
 20
35.0
 30
0.0
 70
32
  0
VERTEX
  5
CD7
330
17
100
AcDbEntity
  8
RBAR-T10-I
100
AcDbVertex
100
AcDb3dPolylineVertex
 10
51.0
 20
35.0
 30
0.4
 70
32
  0
VERTEX
  5
CD8
330
17
100
AcDbEntity
  8
RBAR-T10-I
100
AcDbVertex
100
AcDb3dPolylineVertex
 10
47.3
 20
35.0
 30
1.5
 70
32
  0
VERTEX
  5
CD9
330
17
100
AcDbEntity
  8
RBAR-T10-I
100
AcDbVertex
100
AcDb3dPolylineVertex
 10
43.8
 20
35.0
 30
3.4
 70
32
  0
VERTEX
  5
CDA
330
17
100
AcDbEntity
  8
RBAR-T10-I
100
AcDbVertex
100
AcDb3dPolylineVertex
 10
40.8
 20
35.0
 30
5.8
 70
32
  0
VERTEX
  5
CDB
330
17
100
AcDbEntity
  8
RBAR-T10-I
100
AcDbVertex
100
AcDb3dPolylineVertex
 10
38.4
 20
35.0
 30
8.8
 70
32
  0
VERTEX
  5
CDC
330
17
100
AcDbEntity
  8
RBAR-T10-I
100
AcDbVertex
100
AcDb3dPolylineVertex
 10
36.5
 20
35.0
 30
12.3
 70
32
  0
VERTEX
  5
CDD
330
17
100
AcDbEntity
  8
RBAR-T10-I
100
AcDbVertex
100
AcDb3dPolylineVertex
 10
35.4
 20
35.0
 30
16.0
 70
32
  0
VERTEX
  5
CDE
330
17
100
AcDbEntity
  8
RBAR-T10-I
100
AcDbVertex
100
AcDb3dPolylineVertex
 10
35.0
 20
35.0
 30
19.9
 70
32
  0
VERTEX
  5
CDF
330
17
100
AcDbEntity
  8
RBAR-T10-I
100
AcDbVertex
100
AcDb3dPolylineVertex
 10
35.0
 20
35.0
 30
283.7
 70
32
  0
VERTEX
  5
CE0
330
17
100
AcDbEntity
  8
RBAR-T10-I
100
AcDbVertex
100
AcDb3dPolylineVertex
 10
35.4
 20
35.0
 30
287.6
 70
32
  0
VERTEX
  5
CE1
330
17
100
AcDbEntity
  8
RBAR-T10-I
100
AcDbVertex
100
AcDb3dPolylineVertex
 10
36.5
 20
35.0
 30
291.3
 70
32
  0
VERTEX
  5
CE2
330
17
100
AcDbEntity
  8
RBAR-T10-I
100
AcDbVertex
100
AcDb3dPolylineVertex
 10
38.4
 20
35.0
 30
294.7
 70
32
  0
VERTEX
  5
CE3
330
17
100
AcDbEntity
  8
RBAR-T10-I
100
AcDbVertex
100
AcDb3dPolylineVertex
 10
40.8
 20
35.0
 30
297.8
 70
32
  0
VERTEX
  5
CE4
330
17
100
AcDbEntity
  8
RBAR-T10-I
100
AcDbVertex
100
AcDb3dPolylineVertex
 10
43.8
 20
35.0
 30
300.2
 70
32
  0
VERTEX
  5
CE5
330
17
100
AcDbEntity
  8
RBAR-T10-I
100
AcDbVertex
100
AcDb3dPolylineVertex
 10
47.3
 20
35.0
 30
302.1
 70
32
  0
VERTEX
  5
CE6
330
17
100
AcDbEntity
  8
RBAR-T10-I
100
AcDbVertex
100
AcDb3dPolylineVertex
 10
51.0
 20
35.0
 30
303.2
 70
32
  0
VERTEX
  5
CE7
330
17
100
AcDbEntity
  8
RBAR-T10-I
100
AcDbVertex
100
AcDb3dPolylineVertex
 10
54.9
 20
35.0
 30
303.6
 70
32
  0
VERTEX
  5
CE8
330
17
100
AcDbEntity
  8
RBAR-T10-I
100
AcDbVertex
100
AcDb3dPolylineVertex
 10
766.6
 20
35.0
 30
303.6
 70
32
  0
SEQEND
  5
CC2
330
CC1
100
AcDbEntity
  8
RBAR-T10-I
  0
POLYLINE
  5
CE9
330
17
100
AcDbEntity
  8
RBAR-T10-I
100
AcDb3dPolyline
 66
1
 10
0.0
 20
0.0
 30
0.0
 70
8
  0
VERTEX
  5
CEB
330
17
100
AcDbEntity
  8
RBAR-T10-I
100
AcDbVertex
100
AcDb3dPolylineVertex
 10
1925.4
 20
35.0
 30
323.5
 70
32
  0
VERTEX
  5
CEC
330
17
100
AcDbEntity
  8
RBAR-T10-I
100
AcDbVertex
100
AcDb3dPolylineVertex
 10
2099.6
 20
35.0
 30
323.5
 70
32
  0
VERTEX
  5
CED
330
17
100
AcDbEntity
  8
RBAR-T10-I
100
AcDbVertex
100
AcDb3dPolylineVertex
 10
2103.5
 20
35.0
 30
323.1
 70
32
  0
VERTEX
  5
CEE
330
17
100
AcDbEntity
  8
RBAR-T10-I
100
AcDbVertex
100
AcDb3dPolylineVertex
 10
2107.2
 20
35.0
 30
322.0
 70
32
  0
VERTEX
  5
CEF
330
17
100
AcDbEntity
  8
RBAR-T10-I
100
AcDbVertex
100
AcDb3dPolylineVertex
 10
2110.7
 20
35.0
 30
320.1
 70
32
  0
VERTEX
  5
CF0
330
17
100
AcDbEntity
  8
RBAR-T10-I
100
AcDbVertex
100
AcDb3dPolylineVertex
 10
2113.7
 20
35.0
 30
317.7
 70
32
  0
VERTEX
  5
CF1
330
17
100
AcDbEntity
  8
RBAR-T10-I
100
AcDbVertex
100
AcDb3dPolylineVertex
 10
2116.1
 20
35.0
 30
314.6
 70
32
  0
VERTEX
  5
CF2
330
17
100
AcDbEntity
  8
RBAR-T10-I
100
AcDbVertex
100
AcDb3dPolylineVertex
 10
2118.0
 20
35.0
 30
311.2
 70
32
  0
VERTEX
  5
CF3
330
17
100
AcDbEntity
  8
RBAR-T10-I
100
AcDbVertex
100
AcDb3dPolylineVertex
 10
2119.1
 20
35.0
 30
307.5
 70
32
  0
VERTEX
  5
CF4
330
17
100
AcDbEntity
  8
RBAR-T10-I
100
AcDbVertex
100
AcDb3dPolylineVertex
 10
2119.5
 20
35.0
 30
303.6
 70
32
  0
VERTEX
  5
CF5
330
17
100
AcDbEntity
  8
RBAR-T10-I
100
AcDbVertex
100
AcDb3dPolylineVertex
 10
2119.5
 20
35.0
 30
19.9
 70
32
  0
VERTEX
  5
CF6
330
17
100
AcDbEntity
  8
RBAR-T10-I
100
AcDbVertex
100
AcDb3dPolylineVertex
 10
2119.1
 20
35.0
 30
16.0
 70
32
  0
VERTEX
  5
CF7
330
17
100
AcDbEntity
  8
RBAR-T10-I
100
AcDbVertex
100
AcDb3dPolylineVertex
 10
2118.0
 20
35.0
 30
12.3
 70
32
  0
VERTEX
  5
CF8
330
17
100
AcDbEntity
  8
RBAR-T10-I
100
AcDbVertex
100
AcDb3dPolylineVertex
 10
2116.1
 20
35.0
 30
8.8
 70
32
  0
VERTEX
  5
CF9
330
17
100
AcDbEntity
  8
RBAR-T10-I
100
AcDbVertex
100
AcDb3dPolylineVertex
 10
2113.7
 20
35.0
 30
5.8
 70
32
  0
VERTEX
  5
CFA
330
17
100
AcDbEntity
  8
RBAR-T10-I
100
AcDbVertex
100
AcDb3dPolylineVertex
 10
2110.7
 20
35.0
 30
3.4
 70
32
  0
VERTEX
  5
CFB
330
17
100
AcDbEntity
  8
RBAR-T10-I
100
AcDbVertex
100
AcDb3dPolylineVertex
 10
2107.2
 20
35.0
 30
1.5
 70
32
  0
VERTEX
  5
CFC
330
17
100
AcDbEntity
  8
RBAR-T10-I
100
AcDbVertex
100
AcDb3dPolylineVertex
 10
2103.5
 20
35.0
 30
0.4
 70
32
  0
VERTEX
  5
CFD
330
17
100
AcDbEntity
  8
RBAR-T10-I
100
AcDbVertex
100
AcDb3dPolylineVertex
 10
2099.6
 20
35.0
 30
0.0
 70
32
  0
VERTEX
  5
CFE
330
17
100
AcDbEntity
  8
RBAR-T10-I
100
AcDbVertex
100
AcDb3dPolylineVertex
 10
1407.8
 20
35.0
 30
0.0
 70
32
  0
VERTEX
  5
CFF
330
17
100
AcDbEntity
  8
RBAR-T10-I
100
AcDbVertex
100
AcDb3dPolylineVertex
 10
1403.9
 20
35.0
 30
0.4
 70
32
  0
VERTEX
  5
D00
330
17
100
AcDbEntity
  8
RBAR-T10-I
100
AcDbVertex
100
AcDb3dPolylineVertex
 10
1400.2
 20
35.0
 30
1.5
 70
32
  0
VERTEX
  5
D01
330
17
100
AcDbEntity
  8
RBAR-T10-I
100
AcDbVertex
100
AcDb3dPolylineVertex
 10
1396.7
 20
35.0
 30
3.4
 70
32
  0
VERTEX
  5
D02
330
17
100
AcDbEntity
  8
RBAR-T10-I
100
AcDbVertex
100
AcDb3dPolylineVertex
 10
1393.7
 20
35.0
 30
5.8
 70
32
  0
VERTEX
  5
D03
330
17
100
AcDbEntity
  8
RBAR-T10-I
100
AcDbVertex
100
AcDb3dPolylineVertex
 10
1391.3
 20
35.0
 30
8.8
 70
32
  0
VERTEX
  5
D04
330
17
100
AcDbEntity
  8
RBAR-T10-I
100
AcDbVertex
100
AcDb3dPolylineVertex
 10
1389.4
 20
35.0
 30
12.3
 70
32
  0
VERTEX
  5
D05
330
17
100
AcDbEntity
  8
RBAR-T10-I
100
AcDbVertex
100
AcDb3dPolylineVertex
 10
1388.3
 20
35.0
 30
16.0
 70
32
  0
VERTEX
  5
D06
330
17
100
AcDbEntity
  8
RBAR-T10-I
100
AcDbVertex
100
AcDb3dPolylineVertex
 10
1387.9
 20
35.0
 30
19.9
 70
32
  0
VERTEX
  5
D07
330
17
100
AcDbEntity
  8
RBAR-T10-I
100
AcDbVertex
100
AcDb3dPolylineVertex
 10
1387.9
 20
35.0
 30
283.7
 70
32
  0
VERTEX
  5
D08
330
17
100
AcDbEntity
  8
RBAR-T10-I
100
AcDbVertex
100
AcDb3dPolylineVertex
 10
1388.3
 20
35.0
 30
287.6
 70
32
  0
VERTEX
  5
D09
330
17
100
AcDbEntity
  8
RBAR-T10-I
100
AcDbVertex
100
AcDb3dPolylineVertex
 10
1389.4
 20
35.0
 30
291.3
 70
32
  0
VERTEX
  5
D0A
330
17
100
AcDbEntity
  8
RBAR-T10-I
100
AcDbVertex
100
AcDb3dPolylineVertex
 10
1391.3
 20
35.0
 30
294.7
 70
32
  0
VERTEX
  5
D0B
330
17
100
AcDbEntity
  8
RBAR-T10-I
100
AcDbVertex
100
AcDb3dPolylineVertex
 10
1393.7
 20
35.0
 30
297.8
 70
32
  0
VERTEX
  5
D0C
330
17
100
AcDbEntity
  8
RBAR-T10-I
100
AcDbVertex
100
AcDb3dPolylineVertex
 10
1396.7
 20
35.0
 30
300.2
 70
32
  0
VERTEX
  5
D0D
330
17
100
AcDbEntity
  8
RBAR-T10-I
100
AcDbVertex
100
AcDb3dPolylineVertex
 10
1400.2
 20
35.0
 30
302.1
 70
32
  0
VERTEX
  5
D0E
330
17
100
AcDbEntity
  8
RBAR-T10-I
100
AcDbVertex
100
AcDb3dPolylineVertex
 10
1403.9
 20
35.0
 30
303.2
 70
32
  0
VERTEX
  5
D0F
330
17
100
AcDbEntity
  8
RBAR-T10-I
100
AcDbVertex
100
AcDb3dPolylineVertex
 10
1407.8
 20
35.0
 30
303.6
 70
32
  0
VERTEX
  5
D10
330
17
100
AcDbEntity
  8
RBAR-T10-I
100
AcDbVertex
100
AcDb3dPolylineVertex
 10
2119.5
 20
35.0
 30
303.6
 70
32
  0
SEQEND
  5
CEA
330
CE9
100
AcDbEntity
  8
RBAR-T10-I
  0
POLYLINE
  5
D11
330
17
100
AcDbEntity
  8
RBAR-T10-I
100
AcDb3dPolyline
 66
1
 10
0.0
 20
0.0
 30
0.0
 70
8
  0
VERTEX
  5
D13
330
17
100
AcDbEntity
  8
RBAR-T10-I
100
AcDbVertex
100
AcDb3dPolylineVertex
 10
1925.4
 20
35.0
 30
323.5
 70
32
  0
VERTEX
  5
D14
330
17
100
AcDbEntity
  8
RBAR-T10-I
100
AcDbVertex
100
AcDb3dPolylineVertex
 10
2099.6
 20
35.0
 30
323.5
 70
32
  0
VERTEX
  5
D15
330
17
100
AcDbEntity
  8
RBAR-T10-I
100
AcDbVertex
100
AcDb3dPolylineVertex
 10
2103.5
 20
35.0
 30
323.1
 70
32
  0
VERTEX
  5
D16
330
17
100
AcDbEntity
  8
RBAR-T10-I
100
AcDbVertex
100
AcDb3dPolylineVertex
 10
2107.2
 20
35.0
 30
322.0
 70
32
  0
VERTEX
  5
D17
330
17
100
AcDbEntity
  8
RBAR-T10-I
100
AcDbVertex
100
AcDb3dPolylineVertex
 10
2110.7
 20
35.0
 30
320.1
 70
32
  0
VERTEX
  5
D18
330
17
100
AcDbEntity
  8
RBAR-T10-I
100
AcDbVertex
100
AcDb3dPolylineVertex
 10
2113.7
 20
35.0
 30
317.7
 70
32
  0
VERTEX
  5
D19
330
17
100
AcDbEntity
  8
RBAR-T10-I
100
AcDbVertex
100
AcDb3dPolylineVertex
 10
2116.1
 20
35.0
 30
314.6
 70
32
  0
VERTEX
  5
D1A
330
17
100
AcDbEntity
  8
RBAR-T10-I
100
AcDbVertex
100
AcDb3dPolylineVertex
 10
2118.0
 20
35.0
 30
311.2
 70
32
  0
VERTEX
  5
D1B
330
17
100
AcDbEntity
  8
RBAR-T10-I
100
AcDbVertex
100
AcDb3dPolylineVertex
 10
2119.1
 20
35.0
 30
307.5
 70
32
  0
VERTEX
  5
D1C
330
17
100
AcDbEntity
  8
RBAR-T10-I
100
AcDbVertex
100
AcDb3dPolylineVertex
 10
2119.5
 20
35.0
 30
303.6
 70
32
  0
VERTEX
  5
D1D
330
17
100
AcDbEntity
  8
RBAR-T10-I
100
AcDbVertex
100
AcDb3dPolylineVertex
 10
2119.5
 20
35.0
 30
19.9
 70
32
  0
VERTEX
  5
D1E
330
17
100
AcDbEntity
  8
RBAR-T10-I
100
AcDbVertex
100
AcDb3dPolylineVertex
 10
2119.1
 20
35.0
 30
16.0
 70
32
  0
VERTEX
  5
D1F
330
17
100
AcDbEntity
  8
RBAR-T10-I
100
AcDbVertex
100
AcDb3dPolylineVertex
 10
2118.0
 20
35.0
 30
12.3
 70
32
  0
VERTEX
  5
D20
330
17
100
AcDbEntity
  8
RBAR-T10-I
100
AcDbVertex
100
AcDb3dPolylineVertex
 10
2116.1
 20
35.0
 30
8.8
 70
32
  0
VERTEX
  5
D21
330
17
100
AcDbEntity
  8
RBAR-T10-I
100
AcDbVertex
100
AcDb3dPolylineVertex
 10
2113.7
 20
35.0
 30
5.8
 70
32
  0
VERTEX
  5
D22
330
17
100
AcDbEntity
  8
RBAR-T10-I
100
AcDbVertex
100
AcDb3dPolylineVertex
 10
2110.7
 20
35.0
 30
3.4
 70
32
  0
VERTEX
  5
D23
330
17
100
AcDbEntity
  8
RBAR-T10-I
100
AcDbVertex
100
AcDb3dPolylineVertex
 10
2107.2
 20
35.0
 30
1.5
 70
32
  0
VERTEX
  5
D24
330
17
100
AcDbEntity
  8
RBAR-T10-I
100
AcDbVertex
100
AcDb3dPolylineVertex
 10
2103.5
 20
35.0
 30
0.4
 70
32
  0
VERTEX
  5
D25
330
17
100
AcDbEntity
  8
RBAR-T10-I
100
AcDbVertex
100
AcDb3dPolylineVertex
 10
2099.6
 20
35.0
 30
0.0
 70
32
  0
VERTEX
  5
D26
330
17
100
AcDbEntity
  8
RBAR-T10-I
100
AcDbVertex
100
AcDb3dPolylineVertex
 10
1407.8
 20
35.0
 30
0.0
 70
32
  0
VERTEX
  5
D27
330
17
100
AcDbEntity
  8
RBAR-T10-I
100
AcDbVertex
100
AcDb3dPolylineVertex
 10
1403.9
 20
35.0
 30
0.4
 70
32
  0
VERTEX
  5
D28
330
17
100
AcDbEntity
  8
RBAR-T10-I
100
AcDbVertex
100
AcDb3dPolylineVertex
 10
1400.2
 20
35.0
 30
1.5
 70
32
  0
VERTEX
  5
D29
330
17
100
AcDbEntity
  8
RBAR-T10-I
100
AcDbVertex
100
AcDb3dPolylineVertex
 10
1396.7
 20
35.0
 30
3.4
 70
32
  0
VERTEX
  5
D2A
330
17
100
AcDbEntity
  8
RBAR-T10-I
100
AcDbVertex
100
AcDb3dPolylineVertex
 10
1393.7
 20
35.0
 30
5.8
 70
32
  0
VERTEX
  5
D2B
330
17
100
AcDbEntity
  8
RBAR-T10-I
100
AcDbVertex
100
AcDb3dPolylineVertex
 10
1391.3
 20
35.0
 30
8.8
 70
32
  0
VERTEX
  5
D2C
330
17
100
AcDbEntity
  8
RBAR-T10-I
100
AcDbVertex
100
AcDb3dPolylineVertex
 10
1389.4
 20
35.0
 30
12.3
 70
32
  0
VERTEX
  5
D2D
330
17
100
AcDbEntity
  8
RBAR-T10-I
100
AcDbVertex
100
AcDb3dPolylineVertex
 10
1388.3
 20
35.0
 30
16.0
 70
32
  0
VERTEX
  5
D2E
330
17
100
AcDbEntity
  8
RBAR-T10-I
100
AcDbVertex
100
AcDb3dPolylineVertex
 10
1387.9
 20
35.0
 30
19.9
 70
32
  0
VERTEX
  5
D2F
330
17
100
AcDbEntity
  8
RBAR-T10-I
100
AcDbVertex
100
AcDb3dPolylineVertex
 10
1387.9
 20
35.0
 30
283.7
 70
32
  0
VERTEX
  5
D30
330
17
100
AcDbEntity
  8
RBAR-T10-I
100
AcDbVertex
100
AcDb3dPolylineVertex
 10
1388.3
 20
35.0
 30
287.6
 70
32
  0
VERTEX
  5
D31
330
17
100
AcDbEntity
  8
RBAR-T10-I
100
AcDbVertex
100
AcDb3dPolylineVertex
 10
1389.4
 20
35.0
 30
291.3
 70
32
  0
VERTEX
  5
D32
330
17
100
AcDbEntity
  8
RBAR-T10-I
100
AcDbVertex
100
AcDb3dPolylineVertex
 10
1391.3
 20
35.0
 30
294.7
 70
32
  0
VERTEX
  5
D33
330
17
100
AcDbEntity
  8
RBAR-T10-I
100
AcDbVertex
100
AcDb3dPolylineVertex
 10
1393.7
 20
35.0
 30
297.8
 70
32
  0
VERTEX
  5
D34
330
17
100
AcDbEntity
  8
RBAR-T10-I
100
AcDbVertex
100
AcDb3dPolylineVertex
 10
1396.7
 20
35.0
 30
300.2
 70
32
  0
VERTEX
  5
D35
330
17
100
AcDbEntity
  8
RBAR-T10-I
100
AcDbVertex
100
AcDb3dPolylineVertex
 10
1400.2
 20
35.0
 30
302.1
 70
32
  0
VERTEX
  5
D36
330
17
100
AcDbEntity
  8
RBAR-T10-I
100
AcDbVertex
100
AcDb3dPolylineVertex
 10
1403.9
 20
35.0
 30
303.2
 70
32
  0
VERTEX
  5
D37
330
17
100
AcDbEntity
  8
RBAR-T10-I
100
AcDbVertex
100
AcDb3dPolylineVertex
 10
1407.8
 20
35.0
 30
303.6
 70
32
  0
VERTEX
  5
D38
330
17
100
AcDbEntity
  8
RBAR-T10-I
100
AcDbVertex
100
AcDb3dPolylineVertex
 10
2119.5
 20
35.0
 30
303.6
 70
32
  0
SEQEND
  5
D12
330
D11
100
AcDbEntity
  8
RBAR-T10-I
  0
POLYLINE
  5
D39
330
17
100
AcDbEntity
  8
RBAR-T10-I
100
AcDb3dPolyline
 66
1
 10
0.0
 20
0.0
 30
0.0
 70
8
  0
VERTEX
  5
D3B
330
17
100
AcDbEntity
  8
RBAR-T10-I
100
AcDbVertex
100
AcDb3dPolylineVertex
 10
1925.4
 20
35.0
 30
323.5
 70
32
  0
VERTEX
  5
D3C
330
17
100
AcDbEntity
  8
RBAR-T10-I
100
AcDbVertex
100
AcDb3dPolylineVertex
 10
2099.6
 20
35.0
 30
323.5
 70
32
  0
VERTEX
  5
D3D
330
17
100
AcDbEntity
  8
RBAR-T10-I
100
AcDbVertex
100
AcDb3dPolylineVertex
 10
2103.5
 20
35.0
 30
323.1
 70
32
  0
VERTEX
  5
D3E
330
17
100
AcDbEntity
  8
RBAR-T10-I
100
AcDbVertex
100
AcDb3dPolylineVertex
 10
2107.2
 20
35.0
 30
322.0
 70
32
  0
VERTEX
  5
D3F
330
17
100
AcDbEntity
  8
RBAR-T10-I
100
AcDbVertex
100
AcDb3dPolylineVertex
 10
2110.7
 20
35.0
 30
320.1
 70
32
  0
VERTEX
  5
D40
330
17
100
AcDbEntity
  8
RBAR-T10-I
100
AcDbVertex
100
AcDb3dPolylineVertex
 10
2113.7
 20
35.0
 30
317.7
 70
32
  0
VERTEX
  5
D41
330
17
100
AcDbEntity
  8
RBAR-T10-I
100
AcDbVertex
100
AcDb3dPolylineVertex
 10
2116.1
 20
35.0
 30
314.6
 70
32
  0
VERTEX
  5
D42
330
17
100
AcDbEntity
  8
RBAR-T10-I
100
AcDbVertex
100
AcDb3dPolylineVertex
 10
2118.0
 20
35.0
 30
311.2
 70
32
  0
VERTEX
  5
D43
330
17
100
AcDbEntity
  8
RBAR-T10-I
100
AcDbVertex
100
AcDb3dPolylineVertex
 10
2119.1
 20
35.0
 30
307.5
 70
32
  0
VERTEX
  5
D44
330
17
100
AcDbEntity
  8
RBAR-T10-I
100
AcDbVertex
100
AcDb3dPolylineVertex
 10
2119.5
 20
35.0
 30
303.6
 70
32
  0
VERTEX
  5
D45
330
17
100
AcDbEntity
  8
RBAR-T10-I
100
AcDbVertex
100
AcDb3dPolylineVertex
 10
2119.5
 20
35.0
 30
19.9
 70
32
  0
VERTEX
  5
D46
330
17
100
AcDbEntity
  8
RBAR-T10-I
100
AcDbVertex
100
AcDb3dPolylineVertex
 10
2119.1
 20
35.0
 30
16.0
 70
32
  0
VERTEX
  5
D47
330
17
100
AcDbEntity
  8
RBAR-T10-I
100
AcDbVertex
100
AcDb3dPolylineVertex
 10
2118.0
 20
35.0
 30
12.3
 70
32
  0
VERTEX
  5
D48
330
17
100
AcDbEntity
  8
RBAR-T10-I
100
AcDbVertex
100
AcDb3dPolylineVertex
 10
2116.1
 20
35.0
 30
8.8
 70
32
  0
VERTEX
  5
D49
330
17
100
AcDbEntity
  8
RBAR-T10-I
100
AcDbVertex
100
AcDb3dPolylineVertex
 10
2113.7
 20
35.0
 30
5.8
 70
32
  0
VERTEX
  5
D4A
330
17
100
AcDbEntity
  8
RBAR-T10-I
100
AcDbVertex
100
AcDb3dPolylineVertex
 10
2110.7
 20
35.0
 30
3.4
 70
32
  0
VERTEX
  5
D4B
330
17
100
AcDbEntity
  8
RBAR-T10-I
100
AcDbVertex
100
AcDb3dPolylineVertex
 10
2107.2
 20
35.0
 30
1.5
 70
32
  0
VERTEX
  5
D4C
330
17
100
AcDbEntity
  8
RBAR-T10-I
100
AcDbVertex
100
AcDb3dPolylineVertex
 10
2103.5
 20
35.0
 30
0.4
 70
32
  0
VERTEX
  5
D4D
330
17
100
AcDbEntity
  8
RBAR-T10-I
100
AcDbVertex
100
AcDb3dPolylineVertex
 10
2099.6
 20
35.0
 30
0.0
 70
32
  0
VERTEX
  5
D4E
330
17
100
AcDbEntity
  8
RBAR-T10-I
100
AcDbVertex
100
AcDb3dPolylineVertex
 10
1407.8
 20
35.0
 30
0.0
 70
32
  0
VERTEX
  5
D4F
330
17
100
AcDbEntity
  8
RBAR-T10-I
100
AcDbVertex
100
AcDb3dPolylineVertex
 10
1403.9
 20
35.0
 30
0.4
 70
32
  0
VERTEX
  5
D50
330
17
100
AcDbEntity
  8
RBAR-T10-I
100
AcDbVertex
100
AcDb3dPolylineVertex
 10
1400.2
 20
35.0
 30
1.5
 70
32
  0
VERTEX
  5
D51
330
17
100
AcDbEntity
  8
RBAR-T10-I
100
AcDbVertex
100
AcDb3dPolylineVertex
 10
1396.7
 20
35.0
 30
3.4
 70
32
  0
VERTEX
  5
D52
330
17
100
AcDbEntity
  8
RBAR-T10-I
100
AcDbVertex
100
AcDb3dPolylineVertex
 10
1393.7
 20
35.0
 30
5.8
 70
32
  0
VERTEX
  5
D53
330
17
100
AcDbEntity
  8
RBAR-T10-I
100
AcDbVertex
100
AcDb3dPolylineVertex
 10
1391.3
 20
35.0
 30
8.8
 70
32
  0
VERTEX
  5
D54
330
17
100
AcDbEntity
  8
RBAR-T10-I
100
AcDbVertex
100
AcDb3dPolylineVertex
 10
1389.4
 20
35.0
 30
12.3
 70
32
  0
VERTEX
  5
D55
330
17
100
AcDbEntity
  8
RBAR-T10-I
100
AcDbVertex
100
AcDb3dPolylineVertex
 10
1388.3
 20
35.0
 30
16.0
 70
32
  0
VERTEX
  5
D56
330
17
100
AcDbEntity
  8
RBAR-T10-I
100
AcDbVertex
100
AcDb3dPolylineVertex
 10
1387.9
 20
35.0
 30
19.9
 70
32
  0
VERTEX
  5
D57
330
17
100
AcDbEntity
  8
RBAR-T10-I
100
AcDbVertex
100
AcDb3dPolylineVertex
 10
1387.9
 20
35.0
 30
283.7
 70
32
  0
VERTEX
  5
D58
330
17
100
AcDbEntity
  8
RBAR-T10-I
100
AcDbVertex
100
AcDb3dPolylineVertex
 10
1388.3
 20
35.0
 30
287.6
 70
32
  0
VERTEX
  5
D59
330
17
100
AcDbEntity
  8
RBAR-T10-I
100
AcDbVertex
100
AcDb3dPolylineVertex
 10
1389.4
 20
35.0
 30
291.3
 70
32
  0
VERTEX
  5
D5A
330
17
100
AcDbEntity
  8
RBAR-T10-I
100
AcDbVertex
100
AcDb3dPolylineVertex
 10
1391.3
 20
35.0
 30
294.7
 70
32
  0
VERTEX
  5
D5B
330
17
100
AcDbEntity
  8
RBAR-T10-I
100
AcDbVertex
100
AcDb3dPolylineVertex
 10
1393.7
 20
35.0
 30
297.8
 70
32
  0
VERTEX
  5
D5C
330
17
100
AcDbEntity
  8
RBAR-T10-I
100
AcDbVertex
100
AcDb3dPolylineVertex
 10
1396.7
 20
35.0
 30
300.2
 70
32
  0
VERTEX
  5
D5D
330
17
100
AcDbEntity
  8
RBAR-T10-I
100
AcDbVertex
100
AcDb3dPolylineVertex
 10
1400.2
 20
35.0
 30
302.1
 70
32
  0
VERTEX
  5
D5E
330
17
100
AcDbEntity
  8
RBAR-T10-I
100
AcDbVertex
100
AcDb3dPolylineVertex
 10
1403.9
 20
35.0
 30
303.2
 70
32
  0
VERTEX
  5
D5F
330
17
100
AcDbEntity
  8
RBAR-T10-I
100
AcDbVertex
100
AcDb3dPolylineVertex
 10
1407.8
 20
35.0
 30
303.6
 70
32
  0
VERTEX
  5
D60
330
17
100
AcDbEntity
  8
RBAR-T10-I
100
AcDbVertex
100
AcDb3dPolylineVertex
 10
2119.5
 20
35.0
 30
303.6
 70
32
  0
SEQEND
  5
D3A
330
D39
100
AcDbEntity
  8
RBAR-T10-I
  0
POLYLINE
  5
D61
330
17
100
AcDbEntity
  8
RBAR-T10-I
100
AcDb3dPolyline
 66
1
 10
0.0
 20
0.0
 30
0.0
 70
8
  0
VERTEX
  5
D63
330
17
100
AcDbEntity
  8
RBAR-T10-I
100
AcDbVertex
100
AcDb3dPolylineVertex
 10
1925.4
 20
35.0
 30
323.5
 70
32
  0
VERTEX
  5
D64
330
17
100
AcDbEntity
  8
RBAR-T10-I
100
AcDbVertex
100
AcDb3dPolylineVertex
 10
2099.6
 20
35.0
 30
323.5
 70
32
  0
VERTEX
  5
D65
330
17
100
AcDbEntity
  8
RBAR-T10-I
100
AcDbVertex
100
AcDb3dPolylineVertex
 10
2103.5
 20
35.0
 30
323.1
 70
32
  0
VERTEX
  5
D66
330
17
100
AcDbEntity
  8
RBAR-T10-I
100
AcDbVertex
100
AcDb3dPolylineVertex
 10
2107.2
 20
35.0
 30
322.0
 70
32
  0
VERTEX
  5
D67
330
17
100
AcDbEntity
  8
RBAR-T10-I
100
AcDbVertex
100
AcDb3dPolylineVertex
 10
2110.7
 20
35.0
 30
320.1
 70
32
  0
VERTEX
  5
D68
330
17
100
AcDbEntity
  8
RBAR-T10-I
100
AcDbVertex
100
AcDb3dPolylineVertex
 10
2113.7
 20
35.0
 30
317.7
 70
32
  0
VERTEX
  5
D69
330
17
100
AcDbEntity
  8
RBAR-T10-I
100
AcDbVertex
100
AcDb3dPolylineVertex
 10
2116.1
 20
35.0
 30
314.6
 70
32
  0
VERTEX
  5
D6A
330
17
100
AcDbEntity
  8
RBAR-T10-I
100
AcDbVertex
100
AcDb3dPolylineVertex
 10
2118.0
 20
35.0
 30
311.2
 70
32
  0
VERTEX
  5
D6B
330
17
100
AcDbEntity
  8
RBAR-T10-I
100
AcDbVertex
100
AcDb3dPolylineVertex
 10
2119.1
 20
35.0
 30
307.5
 70
32
  0
VERTEX
  5
D6C
330
17
100
AcDbEntity
  8
RBAR-T10-I
100
AcDbVertex
100
AcDb3dPolylineVertex
 10
2119.5
 20
35.0
 30
303.6
 70
32
  0
VERTEX
  5
D6D
330
17
100
AcDbEntity
  8
RBAR-T10-I
100
AcDbVertex
100
AcDb3dPolylineVertex
 10
2119.5
 20
35.0
 30
19.9
 70
32
  0
VERTEX
  5
D6E
330
17
100
AcDbEntity
  8
RBAR-T10-I
100
AcDbVertex
100
AcDb3dPolylineVertex
 10
2119.1
 20
35.0
 30
16.0
 70
32
  0
VERTEX
  5
D6F
330
17
100
AcDbEntity
  8
RBAR-T10-I
100
AcDbVertex
100
AcDb3dPolylineVertex
 10
2118.0
 20
35.0
 30
12.3
 70
32
  0
VERTEX
  5
D70
330
17
100
AcDbEntity
  8
RBAR-T10-I
100
AcDbVertex
100
AcDb3dPolylineVertex
 10
2116.1
 20
35.0
 30
8.8
 70
32
  0
VERTEX
  5
D71
330
17
100
AcDbEntity
  8
RBAR-T10-I
100
AcDbVertex
100
AcDb3dPolylineVertex
 10
2113.7
 20
35.0
 30
5.8
 70
32
  0
VERTEX
  5
D72
330
17
100
AcDbEntity
  8
RBAR-T10-I
100
AcDbVertex
100
AcDb3dPolylineVertex
 10
2110.7
 20
35.0
 30
3.4
 70
32
  0
VERTEX
  5
D73
330
17
100
AcDbEntity
  8
RBAR-T10-I
100
AcDbVertex
100
AcDb3dPolylineVertex
 10
2107.2
 20
35.0
 30
1.5
 70
32
  0
VERTEX
  5
D74
330
17
100
AcDbEntity
  8
RBAR-T10-I
100
AcDbVertex
100
AcDb3dPolylineVertex
 10
2103.5
 20
35.0
 30
0.4
 70
32
  0
VERTEX
  5
D75
330
17
100
AcDbEntity
  8
RBAR-T10-I
100
AcDbVertex
100
AcDb3dPolylineVertex
 10
2099.6
 20
35.0
 30
0.0
 70
32
  0
VERTEX
  5
D76
330
17
100
AcDbEntity
  8
RBAR-T10-I
100
AcDbVertex
100
AcDb3dPolylineVertex
 10
1407.8
 20
35.0
 30
0.0
 70
32
  0
VERTEX
  5
D77
330
17
100
AcDbEntity
  8
RBAR-T10-I
100
AcDbVertex
100
AcDb3dPolylineVertex
 10
1403.9
 20
35.0
 30
0.4
 70
32
  0
VERTEX
  5
D78
330
17
100
AcDbEntity
  8
RBAR-T10-I
100
AcDbVertex
100
AcDb3dPolylineVertex
 10
1400.2
 20
35.0
 30
1.5
 70
32
  0
VERTEX
  5
D79
330
17
100
AcDbEntity
  8
RBAR-T10-I
100
AcDbVertex
100
AcDb3dPolylineVertex
 10
1396.7
 20
35.0
 30
3.4
 70
32
  0
VERTEX
  5
D7A
330
17
100
AcDbEntity
  8
RBAR-T10-I
100
AcDbVertex
100
AcDb3dPolylineVertex
 10
1393.7
 20
35.0
 30
5.8
 70
32
  0
VERTEX
  5
D7B
330
17
100
AcDbEntity
  8
RBAR-T10-I
100
AcDbVertex
100
AcDb3dPolylineVertex
 10
1391.3
 20
35.0
 30
8.8
 70
32
  0
VERTEX
  5
D7C
330
17
100
AcDbEntity
  8
RBAR-T10-I
100
AcDbVertex
100
AcDb3dPolylineVertex
 10
1389.4
 20
35.0
 30
12.3
 70
32
  0
VERTEX
  5
D7D
330
17
100
AcDbEntity
  8
RBAR-T10-I
100
AcDbVertex
100
AcDb3dPolylineVertex
 10
1388.3
 20
35.0
 30
16.0
 70
32
  0
VERTEX
  5
D7E
330
17
100
AcDbEntity
  8
RBAR-T10-I
100
AcDbVertex
100
AcDb3dPolylineVertex
 10
1387.9
 20
35.0
 30
19.9
 70
32
  0
VERTEX
  5
D7F
330
17
100
AcDbEntity
  8
RBAR-T10-I
100
AcDbVertex
100
AcDb3dPolylineVertex
 10
1387.9
 20
35.0
 30
283.7
 70
32
  0
VERTEX
  5
D80
330
17
100
AcDbEntity
  8
RBAR-T10-I
100
AcDbVertex
100
AcDb3dPolylineVertex
 10
1388.3
 20
35.0
 30
287.6
 70
32
  0
VERTEX
  5
D81
330
17
100
AcDbEntity
  8
RBAR-T10-I
100
AcDbVertex
100
AcDb3dPolylineVertex
 10
1389.4
 20
35.0
 30
291.3
 70
32
  0
VERTEX
  5
D82
330
17
100
AcDbEntity
  8
RBAR-T10-I
100
AcDbVertex
100
AcDb3dPolylineVertex
 10
1391.3
 20
35.0
 30
294.7
 70
32
  0
VERTEX
  5
D83
330
17
100
AcDbEntity
  8
RBAR-T10-I
100
AcDbVertex
100
AcDb3dPolylineVertex
 10
1393.7
 20
35.0
 30
297.8
 70
32
  0
VERTEX
  5
D84
330
17
100
AcDbEntity
  8
RBAR-T10-I
100
AcDbVertex
100
AcDb3dPolylineVertex
 10
1396.7
 20
35.0
 30
300.2
 70
32
  0
VERTEX
  5
D85
330
17
100
AcDbEntity
  8
RBAR-T10-I
100
AcDbVertex
100
AcDb3dPolylineVertex
 10
1400.2
 20
35.0
 30
302.1
 70
32
  0
VERTEX
  5
D86
330
17
100
AcDbEntity
  8
RBAR-T10-I
100
AcDbVertex
100
AcDb3dPolylineVertex
 10
1403.9
 20
35.0
 30
303.2
 70
32
  0
VERTEX
  5
D87
330
17
100
AcDbEntity
  8
RBAR-T10-I
100
AcDbVertex
100
AcDb3dPolylineVertex
 10
1407.8
 20
35.0
 30
303.6
 70
32
  0
VERTEX
  5
D88
330
17
100
AcDbEntity
  8
RBAR-T10-I
100
AcDbVertex
100
AcDb3dPolylineVertex
 10
2119.5
 20
35.0
 30
303.6
 70
32
  0
SEQEND
  5
D62
330
D61
100
AcDbEntity
  8
RBAR-T10-I
  0
POLYLINE
  5
D89
330
17
100
AcDbEntity
  8
RBAR-T10-I
100
AcDb3dPolyline
 66
1
 10
0.0
 20
0.0
 30
0.0
 70
8
  0
VERTEX
  5
D8B
330
17
100
AcDbEntity
  8
RBAR-T10-I
100
AcDbVertex
100
AcDb3dPolylineVertex
 10
1925.4
 20
35.0
 30
323.5
 70
32
  0
VERTEX
  5
D8C
330
17
100
AcDbEntity
  8
RBAR-T10-I
100
AcDbVertex
100
AcDb3dPolylineVertex
 10
2099.6
 20
35.0
 30
323.5
 70
32
  0
VERTEX
  5
D8D
330
17
100
AcDbEntity
  8
RBAR-T10-I
100
AcDbVertex
100
AcDb3dPolylineVertex
 10
2103.5
 20
35.0
 30
323.1
 70
32
  0
VERTEX
  5
D8E
330
17
100
AcDbEntity
  8
RBAR-T10-I
100
AcDbVertex
100
AcDb3dPolylineVertex
 10
2107.2
 20
35.0
 30
322.0
 70
32
  0
VERTEX
  5
D8F
330
17
100
AcDbEntity
  8
RBAR-T10-I
100
AcDbVertex
100
AcDb3dPolylineVertex
 10
2110.7
 20
35.0
 30
320.1
 70
32
  0
VERTEX
  5
D90
330
17
100
AcDbEntity
  8
RBAR-T10-I
100
AcDbVertex
100
AcDb3dPolylineVertex
 10
2113.7
 20
35.0
 30
317.7
 70
32
  0
VERTEX
  5
D91
330
17
100
AcDbEntity
  8
RBAR-T10-I
100
AcDbVertex
100
AcDb3dPolylineVertex
 10
2116.1
 20
35.0
 30
314.6
 70
32
  0
VERTEX
  5
D92
330
17
100
AcDbEntity
  8
RBAR-T10-I
100
AcDbVertex
100
AcDb3dPolylineVertex
 10
2118.0
 20
35.0
 30
311.2
 70
32
  0
VERTEX
  5
D93
330
17
100
AcDbEntity
  8
RBAR-T10-I
100
AcDbVertex
100
AcDb3dPolylineVertex
 10
2119.1
 20
35.0
 30
307.5
 70
32
  0
VERTEX
  5
D94
330
17
100
AcDbEntity
  8
RBAR-T10-I
100
AcDbVertex
100
AcDb3dPolylineVertex
 10
2119.5
 20
35.0
 30
303.6
 70
32
  0
VERTEX
  5
D95
330
17
100
AcDbEntity
  8
RBAR-T10-I
100
AcDbVertex
100
AcDb3dPolylineVertex
 10
2119.5
 20
35.0
 30
19.9
 70
32
  0
VERTEX
  5
D96
330
17
100
AcDbEntity
  8
RBAR-T10-I
100
AcDbVertex
100
AcDb3dPolylineVertex
 10
2119.1
 20
35.0
 30
16.0
 70
32
  0
VERTEX
  5
D97
330
17
100
AcDbEntity
  8
RBAR-T10-I
100
AcDbVertex
100
AcDb3dPolylineVertex
 10
2118.0
 20
35.0
 30
12.3
 70
32
  0
VERTEX
  5
D98
330
17
100
AcDbEntity
  8
RBAR-T10-I
100
AcDbVertex
100
AcDb3dPolylineVertex
 10
2116.1
 20
35.0
 30
8.8
 70
32
  0
VERTEX
  5
D99
330
17
100
AcDbEntity
  8
RBAR-T10-I
100
AcDbVertex
100
AcDb3dPolylineVertex
 10
2113.7
 20
35.0
 30
5.8
 70
32
  0
VERTEX
  5
D9A
330
17
100
AcDbEntity
  8
RBAR-T10-I
100
AcDbVertex
100
AcDb3dPolylineVertex
 10
2110.7
 20
35.0
 30
3.4
 70
32
  0
VERTEX
  5
D9B
330
17
100
AcDbEntity
  8
RBAR-T10-I
100
AcDbVertex
100
AcDb3dPolylineVertex
 10
2107.2
 20
35.0
 30
1.5
 70
32
  0
VERTEX
  5
D9C
330
17
100
AcDbEntity
  8
RBAR-T10-I
100
AcDbVertex
100
AcDb3dPolylineVertex
 10
2103.5
 20
35.0
 30
0.4
 70
32
  0
VERTEX
  5
D9D
330
17
100
AcDbEntity
  8
RBAR-T10-I
100
AcDbVertex
100
AcDb3dPolylineVertex
 10
2099.6
 20
35.0
 30
0.0
 70
32
  0
VERTEX
  5
D9E
330
17
100
AcDbEntity
  8
RBAR-T10-I
100
AcDbVertex
100
AcDb3dPolylineVertex
 10
1407.8
 20
35.0
 30
0.0
 70
32
  0
VERTEX
  5
D9F
330
17
100
AcDbEntity
  8
RBAR-T10-I
100
AcDbVertex
100
AcDb3dPolylineVertex
 10
1403.9
 20
35.0
 30
0.4
 70
32
  0
VERTEX
  5
DA0
330
17
100
AcDbEntity
  8
RBAR-T10-I
100
AcDbVertex
100
AcDb3dPolylineVertex
 10
1400.2
 20
35.0
 30
1.5
 70
32
  0
VERTEX
  5
DA1
330
17
100
AcDbEntity
  8
RBAR-T10-I
100
AcDbVertex
100
AcDb3dPolylineVertex
 10
1396.7
 20
35.0
 30
3.4
 70
32
  0
VERTEX
  5
DA2
330
17
100
AcDbEntity
  8
RBAR-T10-I
100
AcDbVertex
100
AcDb3dPolylineVertex
 10
1393.7
 20
35.0
 30
5.8
 70
32
  0
VERTEX
  5
DA3
330
17
100
AcDbEntity
  8
RBAR-T10-I
100
AcDbVertex
100
AcDb3dPolylineVertex
 10
1391.3
 20
35.0
 30
8.8
 70
32
  0
VERTEX
  5
DA4
330
17
100
AcDbEntity
  8
RBAR-T10-I
100
AcDbVertex
100
AcDb3dPolylineVertex
 10
1389.4
 20
35.0
 30
12.3
 70
32
  0
VERTEX
  5
DA5
330
17
100
AcDbEntity
  8
RBAR-T10-I
100
AcDbVertex
100
AcDb3dPolylineVertex
 10
1388.3
 20
35.0
 30
16.0
 70
32
  0
VERTEX
  5
DA6
330
17
100
AcDbEntity
  8
RBAR-T10-I
100
AcDbVertex
100
AcDb3dPolylineVertex
 10
1387.9
 20
35.0
 30
19.9
 70
32
  0
VERTEX
  5
DA7
330
17
100
AcDbEntity
  8
RBAR-T10-I
100
AcDbVertex
100
AcDb3dPolylineVertex
 10
1387.9
 20
35.0
 30
283.7
 70
32
  0
VERTEX
  5
DA8
330
17
100
AcDbEntity
  8
RBAR-T10-I
100
AcDbVertex
100
AcDb3dPolylineVertex
 10
1388.3
 20
35.0
 30
287.6
 70
32
  0
VERTEX
  5
DA9
330
17
100
AcDbEntity
  8
RBAR-T10-I
100
AcDbVertex
100
AcDb3dPolylineVertex
 10
1389.4
 20
35.0
 30
291.3
 70
32
  0
VERTEX
  5
DAA
330
17
100
AcDbEntity
  8
RBAR-T10-I
100
AcDbVertex
100
AcDb3dPolylineVertex
 10
1391.3
 20
35.0
 30
294.7
 70
32
  0
VERTEX
  5
DAB
330
17
100
AcDbEntity
  8
RBAR-T10-I
100
AcDbVertex
100
AcDb3dPolylineVertex
 10
1393.7
 20
35.0
 30
297.8
 70
32
  0
VERTEX
  5
DAC
330
17
100
AcDbEntity
  8
RBAR-T10-I
100
AcDbVertex
100
AcDb3dPolylineVertex
 10
1396.7
 20
35.0
 30
300.2
 70
32
  0
VERTEX
  5
DAD
330
17
100
AcDbEntity
  8
RBAR-T10-I
100
AcDbVertex
100
AcDb3dPolylineVertex
 10
1400.2
 20
35.0
 30
302.1
 70
32
  0
VERTEX
  5
DAE
330
17
100
AcDbEntity
  8
RBAR-T10-I
100
AcDbVertex
100
AcDb3dPolylineVertex
 10
1403.9
 20
35.0
 30
303.2
 70
32
  0
VERTEX
  5
DAF
330
17
100
AcDbEntity
  8
RBAR-T10-I
100
AcDbVertex
100
AcDb3dPolylineVertex
 10
1407.8
 20
35.0
 30
303.6
 70
32
  0
VERTEX
  5
DB0
330
17
100
AcDbEntity
  8
RBAR-T10-I
100
AcDbVertex
100
AcDb3dPolylineVertex
 10
2119.5
 20
35.0
 30
303.6
 70
32
  0
SEQEND
  5
D8A
330
D89
100
AcDbEntity
  8
RBAR-T10-I
  0
POLYLINE
  5
DB2
330
17
100
AcDbEntity
  8
RBAR-T8-H
100
AcDb3dPolyline
 66
1
 10
0.0
 20
0.0
 30
0.0
 70
8
  0
VERTEX
  5
DB4
330
17
100
AcDbEntity
  8
RBAR-T8-H
100
AcDbVertex
100
AcDb3dPolylineVertex
 10
2066.7
 20
34.0
 30
1113.0
 70
32
  0
VERTEX
  5
DB5
330
17
100
AcDbEntity
  8
RBAR-T8-H
100
AcDbVertex
100
AcDb3dPolylineVertex
 10
2138.2
 20
34.0
 30
1113.0
 70
32
  0
VERTEX
  5
DB6
330
17
100
AcDbEntity
  8
RBAR-T8-H
100
AcDbVertex
100
AcDb3dPolylineVertex
 10
2141.3
 20
34.0
 30
1112.7
 70
32
  0
VERTEX
  5
DB7
330
17
100
AcDbEntity
  8
RBAR-T8-H
100
AcDbVertex
100
AcDb3dPolylineVertex
 10
2144.4
 20
34.0
 30
1111.7
 70
32
  0
VERTEX
  5
DB8
330
17
100
AcDbEntity
  8
RBAR-T8-H
100
AcDbVertex
100
AcDb3dPolylineVertex
 10
2147.2
 20
34.0
 30
1110.2
 70
32
  0
VERTEX
  5
DB9
330
17
100
AcDbEntity
  8
RBAR-T8-H
100
AcDbVertex
100
AcDb3dPolylineVertex
 10
2149.7
 20
34.0
 30
1108.2
 70
32
  0
VERTEX
  5
DBA
330
17
100
AcDbEntity
  8
RBAR-T8-H
100
AcDbVertex
100
AcDb3dPolylineVertex
 10
2151.7
 20
34.0
 30
1105.7
 70
32
  0
VERTEX
  5
DBB
330
17
100
AcDbEntity
  8
RBAR-T8-H
100
AcDbVertex
100
AcDb3dPolylineVertex
 10
2153.3
 20
34.0
 30
1102.9
 70
32
  0
VERTEX
  5
DBC
330
17
100
AcDbEntity
  8
RBAR-T8-H
100
AcDbVertex
100
AcDb3dPolylineVertex
 10
2154.2
 20
34.0
 30
1099.8
 70
32
  0
VERTEX
  5
DBD
330
17
100
AcDbEntity
  8
RBAR-T8-H
100
AcDbVertex
100
AcDb3dPolylineVertex
 10
2154.5
 20
34.0
 30
1096.6
 70
32
  0
VERTEX
  5
DBE
330
17
100
AcDbEntity
  8
RBAR-T8-H
100
AcDbVertex
100
AcDb3dPolylineVertex
 10
2154.5
 20
34.0
 30
963.8
 70
32
  0
VERTEX
  5
DBF
330
17
100
AcDbEntity
  8
RBAR-T8-H
100
AcDbVertex
100
AcDb3dPolylineVertex
 10
2154.2
 20
34.0
 30
960.7
 70
32
  0
VERTEX
  5
DC0
330
17
100
AcDbEntity
  8
RBAR-T8-H
100
AcDbVertex
100
AcDb3dPolylineVertex
 10
2153.3
 20
34.0
 30
957.6
 70
32
  0
VERTEX
  5
DC1
330
17
100
AcDbEntity
  8
RBAR-T8-H
100
AcDbVertex
100
AcDb3dPolylineVertex
 10
2151.7
 20
34.0
 30
954.8
 70
32
  0
VERTEX
  5
DC2
330
17
100
AcDbEntity
  8
RBAR-T8-H
100
AcDbVertex
100
AcDb3dPolylineVertex
 10
2149.7
 20
34.0
 30
952.3
 70
32
  0
VERTEX
  5
DC3
330
17
100
AcDbEntity
  8
RBAR-T8-H
100
AcDbVertex
100
AcDb3dPolylineVertex
 10
2147.2
 20
34.0
 30
950.3
 70
32
  0
VERTEX
  5
DC4
330
17
100
AcDbEntity
  8
RBAR-T8-H
100
AcDbVertex
100
AcDb3dPolylineVertex
 10
2144.4
 20
34.0
 30
948.7
 70
32
  0
VERTEX
  5
DC5
330
17
100
AcDbEntity
  8
RBAR-T8-H
100
AcDbVertex
100
AcDb3dPolylineVertex
 10
2141.3
 20
34.0
 30
947.8
 70
32
  0
VERTEX
  5
DC6
330
17
100
AcDbEntity
  8
RBAR-T8-H
100
AcDbVertex
100
AcDb3dPolylineVertex
 10
2138.2
 20
34.0
 30
947.5
 70
32
  0
VERTEX
  5
DC7
330
17
100
AcDbEntity
  8
RBAR-T8-H
100
AcDbVertex
100
AcDb3dPolylineVertex
 10
1734.7
 20
34.0
 30
947.5
 70
32
  0
VERTEX
  5
DC8
330
17
100
AcDbEntity
  8
RBAR-T8-H
100
AcDbVertex
100
AcDb3dPolylineVertex
 10
1731.5
 20
34.0
 30
947.8
 70
32
  0
VERTEX
  5
DC9
330
17
100
AcDbEntity
  8
RBAR-T8-H
100
AcDbVertex
100
AcDb3dPolylineVertex
 10
1728.4
 20
34.0
 30
948.7
 70
32
  0
VERTEX
  5
DCA
330
17
100
AcDbEntity
  8
RBAR-T8-H
100
AcDbVertex
100
AcDb3dPolylineVertex
 10
1725.6
 20
34.0
 30
950.3
 70
32
  0
VERTEX
  5
DCB
330
17
100
AcDbEntity
  8
RBAR-T8-H
100
AcDbVertex
100
AcDb3dPolylineVertex
 10
1723.1
 20
34.0
 30
952.3
 70
32
  0
VERTEX
  5
DCC
330
17
100
AcDbEntity
  8
RBAR-T8-H
100
AcDbVertex
100
AcDb3dPolylineVertex
 10
1721.1
 20
34.0
 30
954.8
 70
32
  0
VERTEX
  5
DCD
330
17
100
AcDbEntity
  8
RBAR-T8-H
100
AcDbVertex
100
AcDb3dPolylineVertex
 10
1719.6
 20
34.0
 30
957.6
 70
32
  0
VERTEX
  5
DCE
330
17
100
AcDbEntity
  8
RBAR-T8-H
100
AcDbVertex
100
AcDb3dPolylineVertex
 10
1718.7
 20
34.0
 30
960.7
 70
32
  0
VERTEX
  5
DCF
330
17
100
AcDbEntity
  8
RBAR-T8-H
100
AcDbVertex
100
AcDb3dPolylineVertex
 10
1718.4
 20
34.0
 30
963.8
 70
32
  0
VERTEX
  5
DD0
330
17
100
AcDbEntity
  8
RBAR-T8-H
100
AcDbVertex
100
AcDb3dPolylineVertex
 10
1718.4
 20
34.0
 30
1040.5
 70
32
  0
VERTEX
  5
DD1
330
17
100
AcDbEntity
  8
RBAR-T8-H
100
AcDbVertex
100
AcDb3dPolylineVertex
 10
1718.7
 20
34.0
 30
1043.6
 70
32
  0
VERTEX
  5
DD2
330
17
100
AcDbEntity
  8
RBAR-T8-H
100
AcDbVertex
100
AcDb3dPolylineVertex
 10
1719.6
 20
34.0
 30
1046.7
 70
32
  0
VERTEX
  5
DD3
330
17
100
AcDbEntity
  8
RBAR-T8-H
100
AcDbVertex
100
AcDb3dPolylineVertex
 10
1721.1
 20
34.0
 30
1049.5
 70
32
  0
VERTEX
  5
DD4
330
17
100
AcDbEntity
  8
RBAR-T8-H
100
AcDbVertex
100
AcDb3dPolylineVertex
 10
1723.1
 20
34.0
 30
1052.0
 70
32
  0
VERTEX
  5
DD5
330
17
100
AcDbEntity
  8
RBAR-T8-H
100
AcDbVertex
100
AcDb3dPolylineVertex
 10
1725.6
 20
34.0
 30
1054.0
 70
32
  0
VERTEX
  5
DD6
330
17
100
AcDbEntity
  8
RBAR-T8-H
100
AcDbVertex
100
AcDb3dPolylineVertex
 10
1728.4
 20
34.0
 30
1055.5
 70
32
  0
VERTEX
  5
DD7
330
17
100
AcDbEntity
  8
RBAR-T8-H
100
AcDbVertex
100
AcDb3dPolylineVertex
 10
1731.5
 20
34.0
 30
1056.5
 70
32
  0
VERTEX
  5
DD8
330
17
100
AcDbEntity
  8
RBAR-T8-H
100
AcDbVertex
100
AcDb3dPolylineVertex
 10
1734.7
 20
34.0
 30
1056.8
 70
32
  0
VERTEX
  5
DD9
330
17
100
AcDbEntity
  8
RBAR-T8-H
100
AcDbVertex
100
AcDb3dPolylineVertex
 10
2122.8
 20
34.0
 30
1056.8
 70
32
  0
SEQEND
  5
DB3
330
DB2
100
AcDbEntity
  8
RBAR-T8-H
  0
POLYLINE
  5
DDA
330
17
100
AcDbEntity
  8
RBAR-T8-H
100
AcDb3dPolyline
 66
1
 10
0.0
 20
0.0
 30
0.0
 70
8
  0
VERTEX
  5
DDC
330
17
100
AcDbEntity
  8
RBAR-T8-H
100
AcDbVertex
100
AcDb3dPolylineVertex
 10
422.3
 20
34.0
 30
165.5
 70
32
  0
VERTEX
  5
DDD
330
17
100
AcDbEntity
  8
RBAR-T8-H
100
AcDbVertex
100
AcDb3dPolylineVertex
 10
493.8
 20
34.0
 30
165.5
 70
32
  0
VERTEX
  5
DDE
330
17
100
AcDbEntity
  8
RBAR-T8-H
100
AcDbVertex
100
AcDb3dPolylineVertex
 10
497.0
 20
34.0
 30
165.2
 70
32
  0
VERTEX
  5
DDF
330
17
100
AcDbEntity
  8
RBAR-T8-H
100
AcDbVertex
100
AcDb3dPolylineVertex
 10
500.1
 20
34.0
 30
164.2
 70
32
  0
VERTEX
  5
DE0
330
17
100
AcDbEntity
  8
RBAR-T8-H
100
AcDbVertex
100
AcDb3dPolylineVertex
 10
502.9
 20
34.0
 30
162.7
 70
32
  0
VERTEX
  5
DE1
330
17
100
AcDbEntity
  8
RBAR-T8-H
100
AcDbVertex
100
AcDb3dPolylineVertex
 10
505.4
 20
34.0
 30
160.7
 70
32
  0
VERTEX
  5
DE2
330
17
100
AcDbEntity
  8
RBAR-T8-H
100
AcDbVertex
100
AcDb3dPolylineVertex
 10
507.4
 20
34.0
 30
158.2
 70
32
  0
VERTEX
  5
DE3
330
17
100
AcDbEntity
  8
RBAR-T8-H
100
AcDbVertex
100
AcDb3dPolylineVertex
 10
508.9
 20
34.0
 30
155.4
 70
32
  0
VERTEX
  5
DE4
330
17
100
AcDbEntity
  8
RBAR-T8-H
100
AcDbVertex
100
AcDb3dPolylineVertex
 10
509.8
 20
34.0
 30
152.3
 70
32
  0
VERTEX
  5
DE5
330
17
100
AcDbEntity
  8
RBAR-T8-H
100
AcDbVertex
100
AcDb3dPolylineVertex
 10
510.1
 20
34.0
 30
149.1
 70
32
  0
VERTEX
  5
DE6
330
17
100
AcDbEntity
  8
RBAR-T8-H
100
AcDbVertex
100
AcDb3dPolylineVertex
 10
510.1
 20
34.0
 30
16.3
 70
32
  0
VERTEX
  5
DE7
330
17
100
AcDbEntity
  8
RBAR-T8-H
100
AcDbVertex
100
AcDb3dPolylineVertex
 10
509.8
 20
34.0
 30
13.2
 70
32
  0
VERTEX
  5
DE8
330
17
100
AcDbEntity
  8
RBAR-T8-H
100
AcDbVertex
100
AcDb3dPolylineVertex
 10
508.9
 20
34.0
 30
10.1
 70
32
  0
VERTEX
  5
DE9
330
17
100
AcDbEntity
  8
RBAR-T8-H
100
AcDbVertex
100
AcDb3dPolylineVertex
 10
507.4
 20
34.0
 30
7.3
 70
32
  0
VERTEX
  5
DEA
330
17
100
AcDbEntity
  8
RBAR-T8-H
100
AcDbVertex
100
AcDb3dPolylineVertex
 10
505.4
 20
34.0
 30
4.8
 70
32
  0
VERTEX
  5
DEB
330
17
100
AcDbEntity
  8
RBAR-T8-H
100
AcDbVertex
100
AcDb3dPolylineVertex
 10
502.9
 20
34.0
 30
2.8
 70
32
  0
VERTEX
  5
DEC
330
17
100
AcDbEntity
  8
RBAR-T8-H
100
AcDbVertex
100
AcDb3dPolylineVertex
 10
500.1
 20
34.0
 30
1.2
 70
32
  0
VERTEX
  5
DED
330
17
100
AcDbEntity
  8
RBAR-T8-H
100
AcDbVertex
100
AcDb3dPolylineVertex
 10
497.0
 20
34.0
 30
0.3
 70
32
  0
VERTEX
  5
DEE
330
17
100
AcDbEntity
  8
RBAR-T8-H
100
AcDbVertex
100
AcDb3dPolylineVertex
 10
493.8
 20
34.0
 30
0.0
 70
32
  0
VERTEX
  5
DEF
330
17
100
AcDbEntity
  8
RBAR-T8-H
100
AcDbVertex
100
AcDb3dPolylineVertex
 10
90.3
 20
34.0
 30
0.0
 70
32
  0
VERTEX
  5
DF0
330
17
100
AcDbEntity
  8
RBAR-T8-H
100
AcDbVertex
100
AcDb3dPolylineVertex
 10
87.2
 20
34.0
 30
0.3
 70
32
  0
VERTEX
  5
DF1
330
17
100
AcDbEntity
  8
RBAR-T8-H
100
AcDbVertex
100
AcDb3dPolylineVertex
 10
84.1
 20
34.0
 30
1.2
 70
32
  0
VERTEX
  5
DF2
330
17
100
AcDbEntity
  8
RBAR-T8-H
100
AcDbVertex
100
AcDb3dPolylineVertex
 10
81.3
 20
34.0
 30
2.8
 70
32
  0
VERTEX
  5
DF3
330
17
100
AcDbEntity
  8
RBAR-T8-H
100
AcDbVertex
100
AcDb3dPolylineVertex
 10
78.8
 20
34.0
 30
4.8
 70
32
  0
VERTEX
  5
DF4
330
17
100
AcDbEntity
  8
RBAR-T8-H
100
AcDbVertex
100
AcDb3dPolylineVertex
 10
76.8
 20
34.0
 30
7.3
 70
32
  0
VERTEX
  5
DF5
330
17
100
AcDbEntity
  8
RBAR-T8-H
100
AcDbVertex
100
AcDb3dPolylineVertex
 10
75.2
 20
34.0
 30
10.1
 70
32
  0
VERTEX
  5
DF6
330
17
100
AcDbEntity
  8
RBAR-T8-H
100
AcDbVertex
100
AcDb3dPolylineVertex
 10
74.3
 20
34.0
 30
13.2
 70
32
  0
VERTEX
  5
DF7
330
17
100
AcDbEntity
  8
RBAR-T8-H
100
AcDbVertex
100
AcDb3dPolylineVertex
 10
74.0
 20
34.0
 30
16.3
 70
32
  0
VERTEX
  5
DF8
330
17
100
AcDbEntity
  8
RBAR-T8-H
100
AcDbVertex
100
AcDb3dPolylineVertex
 10
74.0
 20
34.0
 30
92.9
 70
32
  0
VERTEX
  5
DF9
330
17
100
AcDbEntity
  8
RBAR-T8-H
100
AcDbVertex
100
AcDb3dPolylineVertex
 10
74.3
 20
34.0
 30
96.1
 70
32
  0
VERTEX
  5
DFA
330
17
100
AcDbEntity
  8
RBAR-T8-H
100
AcDbVertex
100
AcDb3dPolylineVertex
 10
75.2
 20
34.0
 30
99.2
 70
32
  0
VERTEX
  5
DFB
330
17
100
AcDbEntity
  8
RBAR-T8-H
100
AcDbVertex
100
AcDb3dPolylineVertex
 10
76.8
 20
34.0
 30
102.0
 70
32
  0
VERTEX
  5
DFC
330
17
100
AcDbEntity
  8
RBAR-T8-H
100
AcDbVertex
100
AcDb3dPolylineVertex
 10
78.8
 20
34.0
 30
104.5
 70
32
  0
VERTEX
  5
DFD
330
17
100
AcDbEntity
  8
RBAR-T8-H
100
AcDbVertex
100
AcDb3dPolylineVertex
 10
81.3
 20
34.0
 30
106.5
 70
32
  0
VERTEX
  5
DFE
330
17
100
AcDbEntity
  8
RBAR-T8-H
100
AcDbVertex
100
AcDb3dPolylineVertex
 10
84.1
 20
34.0
 30
108.0
 70
32
  0
VERTEX
  5
DFF
330
17
100
AcDbEntity
  8
RBAR-T8-H
100
AcDbVertex
100
AcDb3dPolylineVertex
 10
87.2
 20
34.0
 30
109.0
 70
32
  0
VERTEX
  5
E00
330
17
100
AcDbEntity
  8
RBAR-T8-H
100
AcDbVertex
100
AcDb3dPolylineVertex
 10
90.3
 20
34.0
 30
109.3
 70
32
  0
VERTEX
  5
E01
330
17
100
AcDbEntity
  8
RBAR-T8-H
100
AcDbVertex
100
AcDb3dPolylineVertex
 10
478.5
 20
34.0
 30
109.3
 70
32
  0
SEQEND
  5
DDB
330
DDA
100
AcDbEntity
  8
RBAR-T8-H
  0
POLYLINE
  5
E02
330
17
100
AcDbEntity
  8
RBAR-T8-H
100
AcDb3dPolyline
 66
1
 10
0.0
 20
0.0
 30
0.0
 70
8
  0
VERTEX
  5
E04
330
17
100
AcDbEntity
  8
RBAR-T8-H
100
AcDbVertex
100
AcDb3dPolylineVertex
 10
2066.7
 20
34.0
 30
1452.0
 70
32
  0
VERTEX
  5
E05
330
17
100
AcDbEntity
  8
RBAR-T8-H
100
AcDbVertex
100
AcDb3dPolylineVertex
 10
2138.2
 20
34.0
 30
1452.0
 70
32
  0
VERTEX
  5
E06
330
17
100
AcDbEntity
  8
RBAR-T8-H
100
AcDbVertex
100
AcDb3dPolylineVertex
 10
2141.3
 20
34.0
 30
1451.7
 70
32
  0
VERTEX
  5
E07
330
17
100
AcDbEntity
  8
RBAR-T8-H
100
AcDbVertex
100
AcDb3dPolylineVertex
 10
2144.4
 20
34.0
 30
1450.7
 70
32
  0
VERTEX
  5
E08
330
17
100
AcDbEntity
  8
RBAR-T8-H
100
AcDbVertex
100
AcDb3dPolylineVertex
 10
2147.2
 20
34.0
 30
1449.2
 70
32
  0
VERTEX
  5
E09
330
17
100
AcDbEntity
  8
RBAR-T8-H
100
AcDbVertex
100
AcDb3dPolylineVertex
 10
2149.7
 20
34.0
 30
1447.2
 70
32
  0
VERTEX
  5
E0A
330
17
100
AcDbEntity
  8
RBAR-T8-H
100
AcDbVertex
100
AcDb3dPolylineVertex
 10
2151.7
 20
34.0
 30
1444.7
 70
32
  0
VERTEX
  5
E0B
330
17
100
AcDbEntity
  8
RBAR-T8-H
100
AcDbVertex
100
AcDb3dPolylineVertex
 10
2153.3
 20
34.0
 30
1441.9
 70
32
  0
VERTEX
  5
E0C
330
17
100
AcDbEntity
  8
RBAR-T8-H
100
AcDbVertex
100
AcDb3dPolylineVertex
 10
2154.2
 20
34.0
 30
1438.8
 70
32
  0
VERTEX
  5
E0D
330
17
100
AcDbEntity
  8
RBAR-T8-H
100
AcDbVertex
100
AcDb3dPolylineVertex
 10
2154.5
 20
34.0
 30
1435.6
 70
32
  0
VERTEX
  5
E0E
330
17
100
AcDbEntity
  8
RBAR-T8-H
100
AcDbVertex
100
AcDb3dPolylineVertex
 10
2154.5
 20
34.0
 30
1302.8
 70
32
  0
VERTEX
  5
E0F
330
17
100
AcDbEntity
  8
RBAR-T8-H
100
AcDbVertex
100
AcDb3dPolylineVertex
 10
2154.2
 20
34.0
 30
1299.7
 70
32
  0
VERTEX
  5
E10
330
17
100
AcDbEntity
  8
RBAR-T8-H
100
AcDbVertex
100
AcDb3dPolylineVertex
 10
2153.3
 20
34.0
 30
1296.6
 70
32
  0
VERTEX
  5
E11
330
17
100
AcDbEntity
  8
RBAR-T8-H
100
AcDbVertex
100
AcDb3dPolylineVertex
 10
2151.7
 20
34.0
 30
1293.8
 70
32
  0
VERTEX
  5
E12
330
17
100
AcDbEntity
  8
RBAR-T8-H
100
AcDbVertex
100
AcDb3dPolylineVertex
 10
2149.7
 20
34.0
 30
1291.3
 70
32
  0
VERTEX
  5
E13
330
17
100
AcDbEntity
  8
RBAR-T8-H
100
AcDbVertex
100
AcDb3dPolylineVertex
 10
2147.2
 20
34.0
 30
1289.3
 70
32
  0
VERTEX
  5
E14
330
17
100
AcDbEntity
  8
RBAR-T8-H
100
AcDbVertex
100
AcDb3dPolylineVertex
 10
2144.4
 20
34.0
 30
1287.7
 70
32
  0
VERTEX
  5
E15
330
17
100
AcDbEntity
  8
RBAR-T8-H
100
AcDbVertex
100
AcDb3dPolylineVertex
 10
2141.3
 20
34.0
 30
1286.8
 70
32
  0
VERTEX
  5
E16
330
17
100
AcDbEntity
  8
RBAR-T8-H
100
AcDbVertex
100
AcDb3dPolylineVertex
 10
2138.2
 20
34.0
 30
1286.5
 70
32
  0
VERTEX
  5
E17
330
17
100
AcDbEntity
  8
RBAR-T8-H
100
AcDbVertex
100
AcDb3dPolylineVertex
 10
1734.7
 20
34.0
 30
1286.5
 70
32
  0
VERTEX
  5
E18
330
17
100
AcDbEntity
  8
RBAR-T8-H
100
AcDbVertex
100
AcDb3dPolylineVertex
 10
1731.5
 20
34.0
 30
1286.8
 70
32
  0
VERTEX
  5
E19
330
17
100
AcDbEntity
  8
RBAR-T8-H
100
AcDbVertex
100
AcDb3dPolylineVertex
 10
1728.4
 20
34.0
 30
1287.7
 70
32
  0
VERTEX
  5
E1A
330
17
100
AcDbEntity
  8
RBAR-T8-H
100
AcDbVertex
100
AcDb3dPolylineVertex
 10
1725.6
 20
34.0
 30
1289.3
 70
32
  0
VERTEX
  5
E1B
330
17
100
AcDbEntity
  8
RBAR-T8-H
100
AcDbVertex
100
AcDb3dPolylineVertex
 10
1723.1
 20
34.0
 30
1291.3
 70
32
  0
VERTEX
  5
E1C
330
17
100
AcDbEntity
  8
RBAR-T8-H
100
AcDbVertex
100
AcDb3dPolylineVertex
 10
1721.1
 20
34.0
 30
1293.8
 70
32
  0
VERTEX
  5
E1D
330
17
100
AcDbEntity
  8
RBAR-T8-H
100
AcDbVertex
100
AcDb3dPolylineVertex
 10
1719.6
 20
34.0
 30
1296.6
 70
32
  0
VERTEX
  5
E1E
330
17
100
AcDbEntity
  8
RBAR-T8-H
100
AcDbVertex
100
AcDb3dPolylineVertex
 10
1718.7
 20
34.0
 30
1299.7
 70
32
  0
VERTEX
  5
E1F
330
17
100
AcDbEntity
  8
RBAR-T8-H
100
AcDbVertex
100
AcDb3dPolylineVertex
 10
1718.4
 20
34.0
 30
1302.8
 70
32
  0
VERTEX
  5
E20
330
17
100
AcDbEntity
  8
RBAR-T8-H
100
AcDbVertex
100
AcDb3dPolylineVertex
 10
1718.4
 20
34.0
 30
1379.5
 70
32
  0
VERTEX
  5
E21
330
17
100
AcDbEntity
  8
RBAR-T8-H
100
AcDbVertex
100
AcDb3dPolylineVertex
 10
1718.7
 20
34.0
 30
1382.6
 70
32
  0
VERTEX
  5
E22
330
17
100
AcDbEntity
  8
RBAR-T8-H
100
AcDbVertex
100
AcDb3dPolylineVertex
 10
1719.6
 20
34.0
 30
1385.7
 70
32
  0
VERTEX
  5
E23
330
17
100
AcDbEntity
  8
RBAR-T8-H
100
AcDbVertex
100
AcDb3dPolylineVertex
 10
1721.1
 20
34.0
 30
1388.5
 70
32
  0
VERTEX
  5
E24
330
17
100
AcDbEntity
  8
RBAR-T8-H
100
AcDbVertex
100
AcDb3dPolylineVertex
 10
1723.1
 20
34.0
 30
1391.0
 70
32
  0
VERTEX
  5
E25
330
17
100
AcDbEntity
  8
RBAR-T8-H
100
AcDbVertex
100
AcDb3dPolylineVertex
 10
1725.6
 20
34.0
 30
1393.0
 70
32
  0
VERTEX
  5
E26
330
17
100
AcDbEntity
  8
RBAR-T8-H
100
AcDbVertex
100
AcDb3dPolylineVertex
 10
1728.4
 20
34.0
 30
1394.6
 70
32
  0
VERTEX
  5
E27
330
17
100
AcDbEntity
  8
RBAR-T8-H
100
AcDbVertex
100
AcDb3dPolylineVertex
 10
1731.5
 20
34.0
 30
1395.5
 70
32
  0
VERTEX
  5
E28
330
17
100
AcDbEntity
  8
RBAR-T8-H
100
AcDbVertex
100
AcDb3dPolylineVertex
 10
1734.7
 20
34.0
 30
1395.8
 70
32
  0
VERTEX
  5
E29
330
17
100
AcDbEntity
  8
RBAR-T8-H
100
AcDbVertex
100
AcDb3dPolylineVertex
 10
2122.8
 20
34.0
 30
1395.8
 70
32
  0
SEQEND
  5
E03
330
E02
100
AcDbEntity
  8
RBAR-T8-H
  0
POLYLINE
  5
E2A
330
17
100
AcDbEntity
  8
RBAR-T8-H
100
AcDb3dPolyline
 66
1
 10
0.0
 20
0.0
 30
0.0
 70
8
  0
VERTEX
  5
E2C
330
17
100
AcDbEntity
  8
RBAR-T8-H
100
AcDbVertex
100
AcDb3dPolylineVertex
 10
422.3
 20
34.0
 30
165.5
 70
32
  0
VERTEX
  5
E2D
330
17
100
AcDbEntity
  8
RBAR-T8-H
100
AcDbVertex
100
AcDb3dPolylineVertex
 10
493.8
 20
34.0
 30
165.5
 70
32
  0
VERTEX
  5
E2E
330
17
100
AcDbEntity
  8
RBAR-T8-H
100
AcDbVertex
100
AcDb3dPolylineVertex
 10
497.0
 20
34.0
 30
165.2
 70
32
  0
VERTEX
  5
E2F
330
17
100
AcDbEntity
  8
RBAR-T8-H
100
AcDbVertex
100
AcDb3dPolylineVertex
 10
500.1
 20
34.0
 30
164.2
 70
32
  0
VERTEX
  5
E30
330
17
100
AcDbEntity
  8
RBAR-T8-H
100
AcDbVertex
100
AcDb3dPolylineVertex
 10
502.9
 20
34.0
 30
162.7
 70
32
  0
VERTEX
  5
E31
330
17
100
AcDbEntity
  8
RBAR-T8-H
100
AcDbVertex
100
AcDb3dPolylineVertex
 10
505.4
 20
34.0
 30
160.7
 70
32
  0
VERTEX
  5
E32
330
17
100
AcDbEntity
  8
RBAR-T8-H
100
AcDbVertex
100
AcDb3dPolylineVertex
 10
507.4
 20
34.0
 30
158.2
 70
32
  0
VERTEX
  5
E33
330
17
100
AcDbEntity
  8
RBAR-T8-H
100
AcDbVertex
100
AcDb3dPolylineVertex
 10
508.9
 20
34.0
 30
155.4
 70
32
  0
VERTEX
  5
E34
330
17
100
AcDbEntity
  8
RBAR-T8-H
100
AcDbVertex
100
AcDb3dPolylineVertex
 10
509.8
 20
34.0
 30
152.3
 70
32
  0
VERTEX
  5
E35
330
17
100
AcDbEntity
  8
RBAR-T8-H
100
AcDbVertex
100
AcDb3dPolylineVertex
 10
510.1
 20
34.0
 30
149.1
 70
32
  0
VERTEX
  5
E36
330
17
100
AcDbEntity
  8
RBAR-T8-H
100
AcDbVertex
100
AcDb3dPolylineVertex
 10
510.1
 20
34.0
 30
16.3
 70
32
  0
VERTEX
  5
E37
330
17
100
AcDbEntity
  8
RBAR-T8-H
100
AcDbVertex
100
AcDb3dPolylineVertex
 10
509.8
 20
34.0
 30
13.2
 70
32
  0
VERTEX
  5
E38
330
17
100
AcDbEntity
  8
RBAR-T8-H
100
AcDbVertex
100
AcDb3dPolylineVertex
 10
508.9
 20
34.0
 30
10.1
 70
32
  0
VERTEX
  5
E39
330
17
100
AcDbEntity
  8
RBAR-T8-H
100
AcDbVertex
100
AcDb3dPolylineVertex
 10
507.4
 20
34.0
 30
7.3
 70
32
  0
VERTEX
  5
E3A
330
17
100
AcDbEntity
  8
RBAR-T8-H
100
AcDbVertex
100
AcDb3dPolylineVertex
 10
505.4
 20
34.0
 30
4.8
 70
32
  0
VERTEX
  5
E3B
330
17
100
AcDbEntity
  8
RBAR-T8-H
100
AcDbVertex
100
AcDb3dPolylineVertex
 10
502.9
 20
34.0
 30
2.8
 70
32
  0
VERTEX
  5
E3C
330
17
100
AcDbEntity
  8
RBAR-T8-H
100
AcDbVertex
100
AcDb3dPolylineVertex
 10
500.1
 20
34.0
 30
1.2
 70
32
  0
VERTEX
  5
E3D
330
17
100
AcDbEntity
  8
RBAR-T8-H
100
AcDbVertex
100
AcDb3dPolylineVertex
 10
497.0
 20
34.0
 30
0.3
 70
32
  0
VERTEX
  5
E3E
330
17
100
AcDbEntity
  8
RBAR-T8-H
100
AcDbVertex
100
AcDb3dPolylineVertex
 10
493.8
 20
34.0
 30
0.0
 70
32
  0
VERTEX
  5
E3F
330
17
100
AcDbEntity
  8
RBAR-T8-H
100
AcDbVertex
100
AcDb3dPolylineVertex
 10
90.3
 20
34.0
 30
0.0
 70
32
  0
VERTEX
  5
E40
330
17
100
AcDbEntity
  8
RBAR-T8-H
100
AcDbVertex
100
AcDb3dPolylineVertex
 10
87.2
 20
34.0
 30
0.3
 70
32
  0
VERTEX
  5
E41
330
17
100
AcDbEntity
  8
RBAR-T8-H
100
AcDbVertex
100
AcDb3dPolylineVertex
 10
84.1
 20
34.0
 30
1.2
 70
32
  0
VERTEX
  5
E42
330
17
100
AcDbEntity
  8
RBAR-T8-H
100
AcDbVertex
100
AcDb3dPolylineVertex
 10
81.3
 20
34.0
 30
2.8
 70
32
  0
VERTEX
  5
E43
330
17
100
AcDbEntity
  8
RBAR-T8-H
100
AcDbVertex
100
AcDb3dPolylineVertex
 10
78.8
 20
34.0
 30
4.8
 70
32
  0
VERTEX
  5
E44
330
17
100
AcDbEntity
  8
RBAR-T8-H
100
AcDbVertex
100
AcDb3dPolylineVertex
 10
76.8
 20
34.0
 30
7.3
 70
32
  0
VERTEX
  5
E45
330
17
100
AcDbEntity
  8
RBAR-T8-H
100
AcDbVertex
100
AcDb3dPolylineVertex
 10
75.2
 20
34.0
 30
10.1
 70
32
  0
VERTEX
  5
E46
330
17
100
AcDbEntity
  8
RBAR-T8-H
100
AcDbVertex
100
AcDb3dPolylineVertex
 10
74.3
 20
34.0
 30
13.2
 70
32
  0
VERTEX
  5
E47
330
17
100
AcDbEntity
  8
RBAR-T8-H
100
AcDbVertex
100
AcDb3dPolylineVertex
 10
74.0
 20
34.0
 30
16.3
 70
32
  0
VERTEX
  5
E48
330
17
100
AcDbEntity
  8
RBAR-T8-H
100
AcDbVertex
100
AcDb3dPolylineVertex
 10
74.0
 20
34.0
 30
92.9
 70
32
  0
VERTEX
  5
E49
330
17
100
AcDbEntity
  8
RBAR-T8-H
100
AcDbVertex
100
AcDb3dPolylineVertex
 10
74.3
 20
34.0
 30
96.1
 70
32
  0
VERTEX
  5
E4A
330
17
100
AcDbEntity
  8
RBAR-T8-H
100
AcDbVertex
100
AcDb3dPolylineVertex
 10
75.2
 20
34.0
 30
99.2
 70
32
  0
VERTEX
  5
E4B
330
17
100
AcDbEntity
  8
RBAR-T8-H
100
AcDbVertex
100
AcDb3dPolylineVertex
 10
76.8
 20
34.0
 30
102.0
 70
32
  0
VERTEX
  5
E4C
330
17
100
AcDbEntity
  8
RBAR-T8-H
100
AcDbVertex
100
AcDb3dPolylineVertex
 10
78.8
 20
34.0
 30
104.5
 70
32
  0
VERTEX
  5
E4D
330
17
100
AcDbEntity
  8
RBAR-T8-H
100
AcDbVertex
100
AcDb3dPolylineVertex
 10
81.3
 20
34.0
 30
106.5
 70
32
  0
VERTEX
  5
E4E
330
17
100
AcDbEntity
  8
RBAR-T8-H
100
AcDbVertex
100
AcDb3dPolylineVertex
 10
84.1
 20
34.0
 30
108.0
 70
32
  0
VERTEX
  5
E4F
330
17
100
AcDbEntity
  8
RBAR-T8-H
100
AcDbVertex
100
AcDb3dPolylineVertex
 10
87.2
 20
34.0
 30
109.0
 70
32
  0
VERTEX
  5
E50
330
17
100
AcDbEntity
  8
RBAR-T8-H
100
AcDbVertex
100
AcDb3dPolylineVertex
 10
90.3
 20
34.0
 30
109.3
 70
32
  0
VERTEX
  5
E51
330
17
100
AcDbEntity
  8
RBAR-T8-H
100
AcDbVertex
100
AcDb3dPolylineVertex
 10
478.5
 20
34.0
 30
109.3
 70
32
  0
SEQEND
  5
E2B
330
E2A
100
AcDbEntity
  8
RBAR-T8-H
  0
POLYLINE
  5
E52
330
17
100
AcDbEntity
  8
RBAR-T8-H
100
AcDb3dPolyline
 66
1
 10
0.0
 20
0.0
 30
0.0
 70
8
  0
VERTEX
  5
E54
330
17
100
AcDbEntity
  8
RBAR-T8-H
100
AcDbVertex
100
AcDb3dPolylineVertex
 10
2066.7
 20
34.0
 30
1621.5
 70
32
  0
VERTEX
  5
E55
330
17
100
AcDbEntity
  8
RBAR-T8-H
100
AcDbVertex
100
AcDb3dPolylineVertex
 10
2138.2
 20
34.0
 30
1621.5
 70
32
  0
VERTEX
  5
E56
330
17
100
AcDbEntity
  8
RBAR-T8-H
100
AcDbVertex
100
AcDb3dPolylineVertex
 10
2141.3
 20
34.0
 30
1621.2
 70
32
  0
VERTEX
  5
E57
330
17
100
AcDbEntity
  8
RBAR-T8-H
100
AcDbVertex
100
AcDb3dPolylineVertex
 10
2144.4
 20
34.0
 30
1620.2
 70
32
  0
VERTEX
  5
E58
330
17
100
AcDbEntity
  8
RBAR-T8-H
100
AcDbVertex
100
AcDb3dPolylineVertex
 10
2147.2
 20
34.0
 30
1618.7
 70
32
  0
VERTEX
  5
E59
330
17
100
AcDbEntity
  8
RBAR-T8-H
100
AcDbVertex
100
AcDb3dPolylineVertex
 10
2149.7
 20
34.0
 30
1616.7
 70
32
  0
VERTEX
  5
E5A
330
17
100
AcDbEntity
  8
RBAR-T8-H
100
AcDbVertex
100
AcDb3dPolylineVertex
 10
2151.7
 20
34.0
 30
1614.2
 70
32
  0
VERTEX
  5
E5B
330
17
100
AcDbEntity
  8
RBAR-T8-H
100
AcDbVertex
100
AcDb3dPolylineVertex
 10
2153.3
 20
34.0
 30
1611.4
 70
32
  0
VERTEX
  5
E5C
330
17
100
AcDbEntity
  8
RBAR-T8-H
100
AcDbVertex
100
AcDb3dPolylineVertex
 10
2154.2
 20
34.0
 30
1608.3
 70
32
  0
VERTEX
  5
E5D
330
17
100
AcDbEntity
  8
RBAR-T8-H
100
AcDbVertex
100
AcDb3dPolylineVertex
 10
2154.5
 20
34.0
 30
1605.1
 70
32
  0
VERTEX
  5
E5E
330
17
100
AcDbEntity
  8
RBAR-T8-H
100
AcDbVertex
100
AcDb3dPolylineVertex
 10
2154.5
 20
34.0
 30
1472.3
 70
32
  0
VERTEX
  5
E5F
330
17
100
AcDbEntity
  8
RBAR-T8-H
100
AcDbVertex
100
AcDb3dPolylineVertex
 10
2154.2
 20
34.0
 30
1469.2
 70
32
  0
VERTEX
  5
E60
330
17
100
AcDbEntity
  8
RBAR-T8-H
100
AcDbVertex
100
AcDb3dPolylineVertex
 10
2153.3
 20
34.0
 30
1466.1
 70
32
  0
VERTEX
  5
E61
330
17
100
AcDbEntity
  8
RBAR-T8-H
100
AcDbVertex
100
AcDb3dPolylineVertex
 10
2151.7
 20
34.0
 30
1463.3
 70
32
  0
VERTEX
  5
E62
330
17
100
AcDbEntity
  8
RBAR-T8-H
100
AcDbVertex
100
AcDb3dPolylineVertex
 10
2149.7
 20
34.0
 30
1460.8
 70
32
  0
VERTEX
  5
E63
330
17
100
AcDbEntity
  8
RBAR-T8-H
100
AcDbVertex
100
AcDb3dPolylineVertex
 10
2147.2
 20
34.0
 30
1458.8
 70
32
  0
VERTEX
  5
E64
330
17
100
AcDbEntity
  8
RBAR-T8-H
100
AcDbVertex
100
AcDb3dPolylineVertex
 10
2144.4
 20
34.0
 30
1457.2
 70
32
  0
VERTEX
  5
E65
330
17
100
AcDbEntity
  8
RBAR-T8-H
100
AcDbVertex
100
AcDb3dPolylineVertex
 10
2141.3
 20
34.0
 30
1456.3
 70
32
  0
VERTEX
  5
E66
330
17
100
AcDbEntity
  8
RBAR-T8-H
100
AcDbVertex
100
AcDb3dPolylineVertex
 10
2138.2
 20
34.0
 30
1456.0
 70
32
  0
VERTEX
  5
E67
330
17
100
AcDbEntity
  8
RBAR-T8-H
100
AcDbVertex
100
AcDb3dPolylineVertex
 10
1734.7
 20
34.0
 30
1456.0
 70
32
  0
VERTEX
  5
E68
330
17
100
AcDbEntity
  8
RBAR-T8-H
100
AcDbVertex
100
AcDb3dPolylineVertex
 10
1731.5
 20
34.0
 30
1456.3
 70
32
  0
VERTEX
  5
E69
330
17
100
AcDbEntity
  8
RBAR-T8-H
100
AcDbVertex
100
AcDb3dPolylineVertex
 10
1728.4
 20
34.0
 30
1457.2
 70
32
  0
VERTEX
  5
E6A
330
17
100
AcDbEntity
  8
RBAR-T8-H
100
AcDbVertex
100
AcDb3dPolylineVertex
 10
1725.6
 20
34.0
 30
1458.8
 70
32
  0
VERTEX
  5
E6B
330
17
100
AcDbEntity
  8
RBAR-T8-H
100
AcDbVertex
100
AcDb3dPolylineVertex
 10
1723.1
 20
34.0
 30
1460.8
 70
32
  0
VERTEX
  5
E6C
330
17
100
AcDbEntity
  8
RBAR-T8-H
100
AcDbVertex
100
AcDb3dPolylineVertex
 10
1721.1
 20
34.0
 30
1463.3
 70
32
  0
VERTEX
  5
E6D
330
17
100
AcDbEntity
  8
RBAR-T8-H
100
AcDbVertex
100
AcDb3dPolylineVertex
 10
1719.6
 20
34.0
 30
1466.1
 70
32
  0
VERTEX
  5
E6E
330
17
100
AcDbEntity
  8
RBAR-T8-H
100
AcDbVertex
100
AcDb3dPolylineVertex
 10
1718.7
 20
34.0
 30
1469.2
 70
32
  0
VERTEX
  5
E6F
330
17
100
AcDbEntity
  8
RBAR-T8-H
100
AcDbVertex
100
AcDb3dPolylineVertex
 10
1718.4
 20
34.0
 30
1472.3
 70
32
  0
VERTEX
  5
E70
330
17
100
AcDbEntity
  8
RBAR-T8-H
100
AcDbVertex
100
AcDb3dPolylineVertex
 10
1718.4
 20
34.0
 30
1549.0
 70
32
  0
VERTEX
  5
E71
330
17
100
AcDbEntity
  8
RBAR-T8-H
100
AcDbVertex
100
AcDb3dPolylineVertex
 10
1718.7
 20
34.0
 30
1552.1
 70
32
  0
VERTEX
  5
E72
330
17
100
AcDbEntity
  8
RBAR-T8-H
100
AcDbVertex
100
AcDb3dPolylineVertex
 10
1719.6
 20
34.0
 30
1555.2
 70
32
  0
VERTEX
  5
E73
330
17
100
AcDbEntity
  8
RBAR-T8-H
100
AcDbVertex
100
AcDb3dPolylineVertex
 10
1721.1
 20
34.0
 30
1558.0
 70
32
  0
VERTEX
  5
E74
330
17
100
AcDbEntity
  8
RBAR-T8-H
100
AcDbVertex
100
AcDb3dPolylineVertex
 10
1723.1
 20
34.0
 30
1560.5
 70
32
  0
VERTEX
  5
E75
330
17
100
AcDbEntity
  8
RBAR-T8-H
100
AcDbVertex
100
AcDb3dPolylineVertex
 10
1725.6
 20
34.0
 30
1562.5
 70
32
  0
VERTEX
  5
E76
330
17
100
AcDbEntity
  8
RBAR-T8-H
100
AcDbVertex
100
AcDb3dPolylineVertex
 10
1728.4
 20
34.0
 30
1564.1
 70
32
  0
VERTEX
  5
E77
330
17
100
AcDbEntity
  8
RBAR-T8-H
100
AcDbVertex
100
AcDb3dPolylineVertex
 10
1731.5
 20
34.0
 30
1565.0
 70
32
  0
VERTEX
  5
E78
330
17
100
AcDbEntity
  8
RBAR-T8-H
100
AcDbVertex
100
AcDb3dPolylineVertex
 10
1734.7
 20
34.0
 30
1565.3
 70
32
  0
VERTEX
  5
E79
330
17
100
AcDbEntity
  8
RBAR-T8-H
100
AcDbVertex
100
AcDb3dPolylineVertex
 10
2122.8
 20
34.0
 30
1565.3
 70
32
  0
SEQEND
  5
E53
330
E52
100
AcDbEntity
  8
RBAR-T8-H
  0
POLYLINE
  5
E7A
330
17
100
AcDbEntity
  8
RBAR-T8-H
100
AcDb3dPolyline
 66
1
 10
0.0
 20
0.0
 30
0.0
 70
8
  0
VERTEX
  5
E7C
330
17
100
AcDbEntity
  8
RBAR-T8-H
100
AcDbVertex
100
AcDb3dPolylineVertex
 10
352.3
 20
34.0
 30
165.5
 70
32
  0
VERTEX
  5
E7D
330
17
100
AcDbEntity
  8
RBAR-T8-H
100
AcDbVertex
100
AcDb3dPolylineVertex
 10
423.8
 20
34.0
 30
165.5
 70
32
  0
VERTEX
  5
E7E
330
17
100
AcDbEntity
  8
RBAR-T8-H
100
AcDbVertex
100
AcDb3dPolylineVertex
 10
427.0
 20
34.0
 30
165.2
 70
32
  0
VERTEX
  5
E7F
330
17
100
AcDbEntity
  8
RBAR-T8-H
100
AcDbVertex
100
AcDb3dPolylineVertex
 10
430.1
 20
34.0
 30
164.2
 70
32
  0
VERTEX
  5
E80
330
17
100
AcDbEntity
  8
RBAR-T8-H
100
AcDbVertex
100
AcDb3dPolylineVertex
 10
432.9
 20
34.0
 30
162.7
 70
32
  0
VERTEX
  5
E81
330
17
100
AcDbEntity
  8
RBAR-T8-H
100
AcDbVertex
100
AcDb3dPolylineVertex
 10
435.4
 20
34.0
 30
160.7
 70
32
  0
VERTEX
  5
E82
330
17
100
AcDbEntity
  8
RBAR-T8-H
100
AcDbVertex
100
AcDb3dPolylineVertex
 10
437.4
 20
34.0
 30
158.2
 70
32
  0
VERTEX
  5
E83
330
17
100
AcDbEntity
  8
RBAR-T8-H
100
AcDbVertex
100
AcDb3dPolylineVertex
 10
438.9
 20
34.0
 30
155.4
 70
32
  0
VERTEX
  5
E84
330
17
100
AcDbEntity
  8
RBAR-T8-H
100
AcDbVertex
100
AcDb3dPolylineVertex
 10
439.8
 20
34.0
 30
152.3
 70
32
  0
VERTEX
  5
E85
330
17
100
AcDbEntity
  8
RBAR-T8-H
100
AcDbVertex
100
AcDb3dPolylineVertex
 10
440.1
 20
34.0
 30
149.1
 70
32
  0
VERTEX
  5
E86
330
17
100
AcDbEntity
  8
RBAR-T8-H
100
AcDbVertex
100
AcDb3dPolylineVertex
 10
440.1
 20
34.0
 30
16.3
 70
32
  0
VERTEX
  5
E87
330
17
100
AcDbEntity
  8
RBAR-T8-H
100
AcDbVertex
100
AcDb3dPolylineVertex
 10
439.8
 20
34.0
 30
13.2
 70
32
  0
VERTEX
  5
E88
330
17
100
AcDbEntity
  8
RBAR-T8-H
100
AcDbVertex
100
AcDb3dPolylineVertex
 10
438.9
 20
34.0
 30
10.1
 70
32
  0
VERTEX
  5
E89
330
17
100
AcDbEntity
  8
RBAR-T8-H
100
AcDbVertex
100
AcDb3dPolylineVertex
 10
437.4
 20
34.0
 30
7.3
 70
32
  0
VERTEX
  5
E8A
330
17
100
AcDbEntity
  8
RBAR-T8-H
100
AcDbVertex
100
AcDb3dPolylineVertex
 10
435.4
 20
34.0
 30
4.8
 70
32
  0
VERTEX
  5
E8B
330
17
100
AcDbEntity
  8
RBAR-T8-H
100
AcDbVertex
100
AcDb3dPolylineVertex
 10
432.9
 20
34.0
 30
2.8
 70
32
  0
VERTEX
  5
E8C
330
17
100
AcDbEntity
  8
RBAR-T8-H
100
AcDbVertex
100
AcDb3dPolylineVertex
 10
430.1
 20
34.0
 30
1.2
 70
32
  0
VERTEX
  5
E8D
330
17
100
AcDbEntity
  8
RBAR-T8-H
100
AcDbVertex
100
AcDb3dPolylineVertex
 10
427.0
 20
34.0
 30
0.3
 70
32
  0
VERTEX
  5
E8E
330
17
100
AcDbEntity
  8
RBAR-T8-H
100
AcDbVertex
100
AcDb3dPolylineVertex
 10
423.8
 20
34.0
 30
0.0
 70
32
  0
VERTEX
  5
E8F
330
17
100
AcDbEntity
  8
RBAR-T8-H
100
AcDbVertex
100
AcDb3dPolylineVertex
 10
20.3
 20
34.0
 30
0.0
 70
32
  0
VERTEX
  5
E90
330
17
100
AcDbEntity
  8
RBAR-T8-H
100
AcDbVertex
100
AcDb3dPolylineVertex
 10
17.2
 20
34.0
 30
0.3
 70
32
  0
VERTEX
  5
E91
330
17
100
AcDbEntity
  8
RBAR-T8-H
100
AcDbVertex
100
AcDb3dPolylineVertex
 10
14.1
 20
34.0
 30
1.2
 70
32
  0
VERTEX
  5
E92
330
17
100
AcDbEntity
  8
RBAR-T8-H
100
AcDbVertex
100
AcDb3dPolylineVertex
 10
11.3
 20
34.0
 30
2.8
 70
32
  0
VERTEX
  5
E93
330
17
100
AcDbEntity
  8
RBAR-T8-H
100
AcDbVertex
100
AcDb3dPolylineVertex
 10
8.8
 20
34.0
 30
4.8
 70
32
  0
VERTEX
  5
E94
330
17
100
AcDbEntity
  8
RBAR-T8-H
100
AcDbVertex
100
AcDb3dPolylineVertex
 10
6.8
 20
34.0
 30
7.3
 70
32
  0
VERTEX
  5
E95
330
17
100
AcDbEntity
  8
RBAR-T8-H
100
AcDbVertex
100
AcDb3dPolylineVertex
 10
5.2
 20
34.0
 30
10.1
 70
32
  0
VERTEX
  5
E96
330
17
100
AcDbEntity
  8
RBAR-T8-H
100
AcDbVertex
100
AcDb3dPolylineVertex
 10
4.3
 20
34.0
 30
13.2
 70
32
  0
VERTEX
  5
E97
330
17
100
AcDbEntity
  8
RBAR-T8-H
100
AcDbVertex
100
AcDb3dPolylineVertex
 10
4.0
 20
34.0
 30
16.3
 70
32
  0
VERTEX
  5
E98
330
17
100
AcDbEntity
  8
RBAR-T8-H
100
AcDbVertex
100
AcDb3dPolylineVertex
 10
4.0
 20
34.0
 30
92.9
 70
32
  0
VERTEX
  5
E99
330
17
100
AcDbEntity
  8
RBAR-T8-H
100
AcDbVertex
100
AcDb3dPolylineVertex
 10
4.3
 20
34.0
 30
96.1
 70
32
  0
VERTEX
  5
E9A
330
17
100
AcDbEntity
  8
RBAR-T8-H
100
AcDbVertex
100
AcDb3dPolylineVertex
 10
5.2
 20
34.0
 30
99.2
 70
32
  0
VERTEX
  5
E9B
330
17
100
AcDbEntity
  8
RBAR-T8-H
100
AcDbVertex
100
AcDb3dPolylineVertex
 10
6.8
 20
34.0
 30
102.0
 70
32
  0
VERTEX
  5
E9C
330
17
100
AcDbEntity
  8
RBAR-T8-H
100
AcDbVertex
100
AcDb3dPolylineVertex
 10
8.8
 20
34.0
 30
104.5
 70
32
  0
VERTEX
  5
E9D
330
17
100
AcDbEntity
  8
RBAR-T8-H
100
AcDbVertex
100
AcDb3dPolylineVertex
 10
11.3
 20
34.0
 30
106.5
 70
32
  0
VERTEX
  5
E9E
330
17
100
AcDbEntity
  8
RBAR-T8-H
100
AcDbVertex
100
AcDb3dPolylineVertex
 10
14.1
 20
34.0
 30
108.0
 70
32
  0
VERTEX
  5
E9F
330
17
100
AcDbEntity
  8
RBAR-T8-H
100
AcDbVertex
100
AcDb3dPolylineVertex
 10
17.2
 20
34.0
 30
109.0
 70
32
  0
VERTEX
  5
EA0
330
17
100
AcDbEntity
  8
RBAR-T8-H
100
AcDbVertex
100
AcDb3dPolylineVertex
 10
20.3
 20
34.0
 30
109.3
 70
32
  0
VERTEX
  5
EA1
330
17
100
AcDbEntity
  8
RBAR-T8-H
100
AcDbVertex
100
AcDb3dPolylineVertex
 10
408.5
 20
34.0
 30
109.3
 70
32
  0
SEQEND
  5
E7B
330
E7A
100
AcDbEntity
  8
RBAR-T8-H
  0
POLYLINE
  5
EA2
330
17
100
AcDbEntity
  8
RBAR-T8-H
100
AcDb3dPolyline
 66
1
 10
0.0
 20
0.0
 30
0.0
 70
8
  0
VERTEX
  5
EA4
330
17
100
AcDbEntity
  8
RBAR-T8-H
100
AcDbVertex
100
AcDb3dPolylineVertex
 10
422.3
 20
34.0
 30
165.5
 70
32
  0
VERTEX
  5
EA5
330
17
100
AcDbEntity
  8
RBAR-T8-H
100
AcDbVertex
100
AcDb3dPolylineVertex
 10
493.8
 20
34.0
 30
165.5
 70
32
  0
VERTEX
  5
EA6
330
17
100
AcDbEntity
  8
RBAR-T8-H
100
AcDbVertex
100
AcDb3dPolylineVertex
 10
497.0
 20
34.0
 30
165.2
 70
32
  0
VERTEX
  5
EA7
330
17
100
AcDbEntity
  8
RBAR-T8-H
100
AcDbVertex
100
AcDb3dPolylineVertex
 10
500.1
 20
34.0
 30
164.2
 70
32
  0
VERTEX
  5
EA8
330
17
100
AcDbEntity
  8
RBAR-T8-H
100
AcDbVertex
100
AcDb3dPolylineVertex
 10
502.9
 20
34.0
 30
162.7
 70
32
  0
VERTEX
  5
EA9
330
17
100
AcDbEntity
  8
RBAR-T8-H
100
AcDbVertex
100
AcDb3dPolylineVertex
 10
505.4
 20
34.0
 30
160.7
 70
32
  0
VERTEX
  5
EAA
330
17
100
AcDbEntity
  8
RBAR-T8-H
100
AcDbVertex
100
AcDb3dPolylineVertex
 10
507.4
 20
34.0
 30
158.2
 70
32
  0
VERTEX
  5
EAB
330
17
100
AcDbEntity
  8
RBAR-T8-H
100
AcDbVertex
100
AcDb3dPolylineVertex
 10
508.9
 20
34.0
 30
155.4
 70
32
  0
VERTEX
  5
EAC
330
17
100
AcDbEntity
  8
RBAR-T8-H
100
AcDbVertex
100
AcDb3dPolylineVertex
 10
509.8
 20
34.0
 30
152.3
 70
32
  0
VERTEX
  5
EAD
330
17
100
AcDbEntity
  8
RBAR-T8-H
100
AcDbVertex
100
AcDb3dPolylineVertex
 10
510.1
 20
34.0
 30
149.1
 70
32
  0
VERTEX
  5
EAE
330
17
100
AcDbEntity
  8
RBAR-T8-H
100
AcDbVertex
100
AcDb3dPolylineVertex
 10
510.1
 20
34.0
 30
16.3
 70
32
  0
VERTEX
  5
EAF
330
17
100
AcDbEntity
  8
RBAR-T8-H
100
AcDbVertex
100
AcDb3dPolylineVertex
 10
509.8
 20
34.0
 30
13.2
 70
32
  0
VERTEX
  5
EB0
330
17
100
AcDbEntity
  8
RBAR-T8-H
100
AcDbVertex
100
AcDb3dPolylineVertex
 10
508.9
 20
34.0
 30
10.1
 70
32
  0
VERTEX
  5
EB1
330
17
100
AcDbEntity
  8
RBAR-T8-H
100
AcDbVertex
100
AcDb3dPolylineVertex
 10
507.4
 20
34.0
 30
7.3
 70
32
  0
VERTEX
  5
EB2
330
17
100
AcDbEntity
  8
RBAR-T8-H
100
AcDbVertex
100
AcDb3dPolylineVertex
 10
505.4
 20
34.0
 30
4.8
 70
32
  0
VERTEX
  5
EB3
330
17
100
AcDbEntity
  8
RBAR-T8-H
100
AcDbVertex
100
AcDb3dPolylineVertex
 10
502.9
 20
34.0
 30
2.8
 70
32
  0
VERTEX
  5
EB4
330
17
100
AcDbEntity
  8
RBAR-T8-H
100
AcDbVertex
100
AcDb3dPolylineVertex
 10
500.1
 20
34.0
 30
1.2
 70
32
  0
VERTEX
  5
EB5
330
17
100
AcDbEntity
  8
RBAR-T8-H
100
AcDbVertex
100
AcDb3dPolylineVertex
 10
497.0
 20
34.0
 30
0.3
 70
32
  0
VERTEX
  5
EB6
330
17
100
AcDbEntity
  8
RBAR-T8-H
100
AcDbVertex
100
AcDb3dPolylineVertex
 10
493.8
 20
34.0
 30
0.0
 70
32
  0
VERTEX
  5
EB7
330
17
100
AcDbEntity
  8
RBAR-T8-H
100
AcDbVertex
100
AcDb3dPolylineVertex
 10
90.3
 20
34.0
 30
0.0
 70
32
  0
VERTEX
  5
EB8
330
17
100
AcDbEntity
  8
RBAR-T8-H
100
AcDbVertex
100
AcDb3dPolylineVertex
 10
87.2
 20
34.0
 30
0.3
 70
32
  0
VERTEX
  5
EB9
330
17
100
AcDbEntity
  8
RBAR-T8-H
100
AcDbVertex
100
AcDb3dPolylineVertex
 10
84.1
 20
34.0
 30
1.2
 70
32
  0
VERTEX
  5
EBA
330
17
100
AcDbEntity
  8
RBAR-T8-H
100
AcDbVertex
100
AcDb3dPolylineVertex
 10
81.3
 20
34.0
 30
2.8
 70
32
  0
VERTEX
  5
EBB
330
17
100
AcDbEntity
  8
RBAR-T8-H
100
AcDbVertex
100
AcDb3dPolylineVertex
 10
78.8
 20
34.0
 30
4.8
 70
32
  0
VERTEX
  5
EBC
330
17
100
AcDbEntity
  8
RBAR-T8-H
100
AcDbVertex
100
AcDb3dPolylineVertex
 10
76.8
 20
34.0
 30
7.3
 70
32
  0
VERTEX
  5
EBD
330
17
100
AcDbEntity
  8
RBAR-T8-H
100
AcDbVertex
100
AcDb3dPolylineVertex
 10
75.2
 20
34.0
 30
10.1
 70
32
  0
VERTEX
  5
EBE
330
17
100
AcDbEntity
  8
RBAR-T8-H
100
AcDbVertex
100
AcDb3dPolylineVertex
 10
74.3
 20
34.0
 30
13.2
 70
32
  0
VERTEX
  5
EBF
330
17
100
AcDbEntity
  8
RBAR-T8-H
100
AcDbVertex
100
AcDb3dPolylineVertex
 10
74.0
 20
34.0
 30
16.3
 70
32
  0
VERTEX
  5
EC0
330
17
100
AcDbEntity
  8
RBAR-T8-H
100
AcDbVertex
100
AcDb3dPolylineVertex
 10
74.0
 20
34.0
 30
92.9
 70
32
  0
VERTEX
  5
EC1
330
17
100
AcDbEntity
  8
RBAR-T8-H
100
AcDbVertex
100
AcDb3dPolylineVertex
 10
74.3
 20
34.0
 30
96.1
 70
32
  0
VERTEX
  5
EC2
330
17
100
AcDbEntity
  8
RBAR-T8-H
100
AcDbVertex
100
AcDb3dPolylineVertex
 10
75.2
 20
34.0
 30
99.2
 70
32
  0
VERTEX
  5
EC3
330
17
100
AcDbEntity
  8
RBAR-T8-H
100
AcDbVertex
100
AcDb3dPolylineVertex
 10
76.8
 20
34.0
 30
102.0
 70
32
  0
VERTEX
  5
EC4
330
17
100
AcDbEntity
  8
RBAR-T8-H
100
AcDbVertex
100
AcDb3dPolylineVertex
 10
78.8
 20
34.0
 30
104.5
 70
32
  0
VERTEX
  5
EC5
330
17
100
AcDbEntity
  8
RBAR-T8-H
100
AcDbVertex
100
AcDb3dPolylineVertex
 10
81.3
 20
34.0
 30
106.5
 70
32
  0
VERTEX
  5
EC6
330
17
100
AcDbEntity
  8
RBAR-T8-H
100
AcDbVertex
100
AcDb3dPolylineVertex
 10
84.1
 20
34.0
 30
108.0
 70
32
  0
VERTEX
  5
EC7
330
17
100
AcDbEntity
  8
RBAR-T8-H
100
AcDbVertex
100
AcDb3dPolylineVertex
 10
87.2
 20
34.0
 30
109.0
 70
32
  0
VERTEX
  5
EC8
330
17
100
AcDbEntity
  8
RBAR-T8-H
100
AcDbVertex
100
AcDb3dPolylineVertex
 10
90.3
 20
34.0
 30
109.3
 70
32
  0
VERTEX
  5
EC9
330
17
100
AcDbEntity
  8
RBAR-T8-H
100
AcDbVertex
100
AcDb3dPolylineVertex
 10
478.5
 20
34.0
 30
109.3
 70
32
  0
SEQEND
  5
EA3
330
EA2
100
AcDbEntity
  8
RBAR-T8-H
  0
POLYLINE
  5
ECA
330
17
100
AcDbEntity
  8
RBAR-T8-H
100
AcDb3dPolyline
 66
1
 10
0.0
 20
0.0
 30
0.0
 70
8
  0
VERTEX
  5
ECC
330
17
100
AcDbEntity
  8
RBAR-T8-H
100
AcDbVertex
100
AcDb3dPolylineVertex
 10
352.3
 20
34.0
 30
165.5
 70
32
  0
VERTEX
  5
ECD
330
17
100
AcDbEntity
  8
RBAR-T8-H
100
AcDbVertex
100
AcDb3dPolylineVertex
 10
423.8
 20
34.0
 30
165.5
 70
32
  0
VERTEX
  5
ECE
330
17
100
AcDbEntity
  8
RBAR-T8-H
100
AcDbVertex
100
AcDb3dPolylineVertex
 10
427.0
 20
34.0
 30
165.2
 70
32
  0
VERTEX
  5
ECF
330
17
100
AcDbEntity
  8
RBAR-T8-H
100
AcDbVertex
100
AcDb3dPolylineVertex
 10
430.1
 20
34.0
 30
164.2
 70
32
  0
VERTEX
  5
ED0
330
17
100
AcDbEntity
  8
RBAR-T8-H
100
AcDbVertex
100
AcDb3dPolylineVertex
 10
432.9
 20
34.0
 30
162.7
 70
32
  0
VERTEX
  5
ED1
330
17
100
AcDbEntity
  8
RBAR-T8-H
100
AcDbVertex
100
AcDb3dPolylineVertex
 10
435.4
 20
34.0
 30
160.7
 70
32
  0
VERTEX
  5
ED2
330
17
100
AcDbEntity
  8
RBAR-T8-H
100
AcDbVertex
100
AcDb3dPolylineVertex
 10
437.4
 20
34.0
 30
158.2
 70
32
  0
VERTEX
  5
ED3
330
17
100
AcDbEntity
  8
RBAR-T8-H
100
AcDbVertex
100
AcDb3dPolylineVertex
 10
438.9
 20
34.0
 30
155.4
 70
32
  0
VERTEX
  5
ED4
330
17
100
AcDbEntity
  8
RBAR-T8-H
100
AcDbVertex
100
AcDb3dPolylineVertex
 10
439.8
 20
34.0
 30
152.3
 70
32
  0
VERTEX
  5
ED5
330
17
100
AcDbEntity
  8
RBAR-T8-H
100
AcDbVertex
100
AcDb3dPolylineVertex
 10
440.1
 20
34.0
 30
149.1
 70
32
  0
VERTEX
  5
ED6
330
17
100
AcDbEntity
  8
RBAR-T8-H
100
AcDbVertex
100
AcDb3dPolylineVertex
 10
440.1
 20
34.0
 30
16.3
 70
32
  0
VERTEX
  5
ED7
330
17
100
AcDbEntity
  8
RBAR-T8-H
100
AcDbVertex
100
AcDb3dPolylineVertex
 10
439.8
 20
34.0
 30
13.2
 70
32
  0
VERTEX
  5
ED8
330
17
100
AcDbEntity
  8
RBAR-T8-H
100
AcDbVertex
100
AcDb3dPolylineVertex
 10
438.9
 20
34.0
 30
10.1
 70
32
  0
VERTEX
  5
ED9
330
17
100
AcDbEntity
  8
RBAR-T8-H
100
AcDbVertex
100
AcDb3dPolylineVertex
 10
437.4
 20
34.0
 30
7.3
 70
32
  0
VERTEX
  5
EDA
330
17
100
AcDbEntity
  8
RBAR-T8-H
100
AcDbVertex
100
AcDb3dPolylineVertex
 10
435.4
 20
34.0
 30
4.8
 70
32
  0
VERTEX
  5
EDB
330
17
100
AcDbEntity
  8
RBAR-T8-H
100
AcDbVertex
100
AcDb3dPolylineVertex
 10
432.9
 20
34.0
 30
2.8
 70
32
  0
VERTEX
  5
EDC
330
17
100
AcDbEntity
  8
RBAR-T8-H
100
AcDbVertex
100
AcDb3dPolylineVertex
 10
430.1
 20
34.0
 30
1.2
 70
32
  0
VERTEX
  5
EDD
330
17
100
AcDbEntity
  8
RBAR-T8-H
100
AcDbVertex
100
AcDb3dPolylineVertex
 10
427.0
 20
34.0
 30
0.3
 70
32
  0
VERTEX
  5
EDE
330
17
100
AcDbEntity
  8
RBAR-T8-H
100
AcDbVertex
100
AcDb3dPolylineVertex
 10
423.8
 20
34.0
 30
0.0
 70
32
  0
VERTEX
  5
EDF
330
17
100
AcDbEntity
  8
RBAR-T8-H
100
AcDbVertex
100
AcDb3dPolylineVertex
 10
20.3
 20
34.0
 30
0.0
 70
32
  0
VERTEX
  5
EE0
330
17
100
AcDbEntity
  8
RBAR-T8-H
100
AcDbVertex
100
AcDb3dPolylineVertex
 10
17.2
 20
34.0
 30
0.3
 70
32
  0
VERTEX
  5
EE1
330
17
100
AcDbEntity
  8
RBAR-T8-H
100
AcDbVertex
100
AcDb3dPolylineVertex
 10
14.1
 20
34.0
 30
1.2
 70
32
  0
VERTEX
  5
EE2
330
17
100
AcDbEntity
  8
RBAR-T8-H
100
AcDbVertex
100
AcDb3dPolylineVertex
 10
11.3
 20
34.0
 30
2.8
 70
32
  0
VERTEX
  5
EE3
330
17
100
AcDbEntity
  8
RBAR-T8-H
100
AcDbVertex
100
AcDb3dPolylineVertex
 10
8.8
 20
34.0
 30
4.8
 70
32
  0
VERTEX
  5
EE4
330
17
100
AcDbEntity
  8
RBAR-T8-H
100
AcDbVertex
100
AcDb3dPolylineVertex
 10
6.8
 20
34.0
 30
7.3
 70
32
  0
VERTEX
  5
EE5
330
17
100
AcDbEntity
  8
RBAR-T8-H
100
AcDbVertex
100
AcDb3dPolylineVertex
 10
5.2
 20
34.0
 30
10.1
 70
32
  0
VERTEX
  5
EE6
330
17
100
AcDbEntity
  8
RBAR-T8-H
100
AcDbVertex
100
AcDb3dPolylineVertex
 10
4.3
 20
34.0
 30
13.2
 70
32
  0
VERTEX
  5
EE7
330
17
100
AcDbEntity
  8
RBAR-T8-H
100
AcDbVertex
100
AcDb3dPolylineVertex
 10
4.0
 20
34.0
 30
16.3
 70
32
  0
VERTEX
  5
EE8
330
17
100
AcDbEntity
  8
RBAR-T8-H
100
AcDbVertex
100
AcDb3dPolylineVertex
 10
4.0
 20
34.0
 30
92.9
 70
32
  0
VERTEX
  5
EE9
330
17
100
AcDbEntity
  8
RBAR-T8-H
100
AcDbVertex
100
AcDb3dPolylineVertex
 10
4.3
 20
34.0
 30
96.1
 70
32
  0
VERTEX
  5
EEA
330
17
100
AcDbEntity
  8
RBAR-T8-H
100
AcDbVertex
100
AcDb3dPolylineVertex
 10
5.2
 20
34.0
 30
99.2
 70
32
  0
VERTEX
  5
EEB
330
17
100
AcDbEntity
  8
RBAR-T8-H
100
AcDbVertex
100
AcDb3dPolylineVertex
 10
6.8
 20
34.0
 30
102.0
 70
32
  0
VERTEX
  5
EEC
330
17
100
AcDbEntity
  8
RBAR-T8-H
100
AcDbVertex
100
AcDb3dPolylineVertex
 10
8.8
 20
34.0
 30
104.5
 70
32
  0
VERTEX
  5
EED
330
17
100
AcDbEntity
  8
RBAR-T8-H
100
AcDbVertex
100
AcDb3dPolylineVertex
 10
11.3
 20
34.0
 30
106.5
 70
32
  0
VERTEX
  5
EEE
330
17
100
AcDbEntity
  8
RBAR-T8-H
100
AcDbVertex
100
AcDb3dPolylineVertex
 10
14.1
 20
34.0
 30
108.0
 70
32
  0
VERTEX
  5
EEF
330
17
100
AcDbEntity
  8
RBAR-T8-H
100
AcDbVertex
100
AcDb3dPolylineVertex
 10
17.2
 20
34.0
 30
109.0
 70
32
  0
VERTEX
  5
EF0
330
17
100
AcDbEntity
  8
RBAR-T8-H
100
AcDbVertex
100
AcDb3dPolylineVertex
 10
20.3
 20
34.0
 30
109.3
 70
32
  0
VERTEX
  5
EF1
330
17
100
AcDbEntity
  8
RBAR-T8-H
100
AcDbVertex
100
AcDb3dPolylineVertex
 10
408.5
 20
34.0
 30
109.3
 70
32
  0
SEQEND
  5
ECB
330
ECA
100
AcDbEntity
  8
RBAR-T8-H
  0
POLYLINE
  5
EF2
330
17
100
AcDbEntity
  8
RBAR-T8-H
100
AcDb3dPolyline
 66
1
 10
0.0
 20
0.0
 30
0.0
 70
8
  0
VERTEX
  5
EF4
330
17
100
AcDbEntity
  8
RBAR-T8-H
100
AcDbVertex
100
AcDb3dPolylineVertex
 10
422.3
 20
34.0
 30
165.5
 70
32
  0
VERTEX
  5
EF5
330
17
100
AcDbEntity
  8
RBAR-T8-H
100
AcDbVertex
100
AcDb3dPolylineVertex
 10
493.8
 20
34.0
 30
165.5
 70
32
  0
VERTEX
  5
EF6
330
17
100
AcDbEntity
  8
RBAR-T8-H
100
AcDbVertex
100
AcDb3dPolylineVertex
 10
497.0
 20
34.0
 30
165.2
 70
32
  0
VERTEX
  5
EF7
330
17
100
AcDbEntity
  8
RBAR-T8-H
100
AcDbVertex
100
AcDb3dPolylineVertex
 10
500.1
 20
34.0
 30
164.2
 70
32
  0
VERTEX
  5
EF8
330
17
100
AcDbEntity
  8
RBAR-T8-H
100
AcDbVertex
100
AcDb3dPolylineVertex
 10
502.9
 20
34.0
 30
162.7
 70
32
  0
VERTEX
  5
EF9
330
17
100
AcDbEntity
  8
RBAR-T8-H
100
AcDbVertex
100
AcDb3dPolylineVertex
 10
505.4
 20
34.0
 30
160.7
 70
32
  0
VERTEX
  5
EFA
330
17
100
AcDbEntity
  8
RBAR-T8-H
100
AcDbVertex
100
AcDb3dPolylineVertex
 10
507.4
 20
34.0
 30
158.2
 70
32
  0
VERTEX
  5
EFB
330
17
100
AcDbEntity
  8
RBAR-T8-H
100
AcDbVertex
100
AcDb3dPolylineVertex
 10
508.9
 20
34.0
 30
155.4
 70
32
  0
VERTEX
  5
EFC
330
17
100
AcDbEntity
  8
RBAR-T8-H
100
AcDbVertex
100
AcDb3dPolylineVertex
 10
509.8
 20
34.0
 30
152.3
 70
32
  0
VERTEX
  5
EFD
330
17
100
AcDbEntity
  8
RBAR-T8-H
100
AcDbVertex
100
AcDb3dPolylineVertex
 10
510.1
 20
34.0
 30
149.1
 70
32
  0
VERTEX
  5
EFE
330
17
100
AcDbEntity
  8
RBAR-T8-H
100
AcDbVertex
100
AcDb3dPolylineVertex
 10
510.1
 20
34.0
 30
16.3
 70
32
  0
VERTEX
  5
EFF
330
17
100
AcDbEntity
  8
RBAR-T8-H
100
AcDbVertex
100
AcDb3dPolylineVertex
 10
509.8
 20
34.0
 30
13.2
 70
32
  0
VERTEX
  5
F00
330
17
100
AcDbEntity
  8
RBAR-T8-H
100
AcDbVertex
100
AcDb3dPolylineVertex
 10
508.9
 20
34.0
 30
10.1
 70
32
  0
VERTEX
  5
F01
330
17
100
AcDbEntity
  8
RBAR-T8-H
100
AcDbVertex
100
AcDb3dPolylineVertex
 10
507.4
 20
34.0
 30
7.3
 70
32
  0
VERTEX
  5
F02
330
17
100
AcDbEntity
  8
RBAR-T8-H
100
AcDbVertex
100
AcDb3dPolylineVertex
 10
505.4
 20
34.0
 30
4.8
 70
32
  0
VERTEX
  5
F03
330
17
100
AcDbEntity
  8
RBAR-T8-H
100
AcDbVertex
100
AcDb3dPolylineVertex
 10
502.9
 20
34.0
 30
2.8
 70
32
  0
VERTEX
  5
F04
330
17
100
AcDbEntity
  8
RBAR-T8-H
100
AcDbVertex
100
AcDb3dPolylineVertex
 10
500.1
 20
34.0
 30
1.2
 70
32
  0
VERTEX
  5
F05
330
17
100
AcDbEntity
  8
RBAR-T8-H
100
AcDbVertex
100
AcDb3dPolylineVertex
 10
497.0
 20
34.0
 30
0.3
 70
32
  0
VERTEX
  5
F06
330
17
100
AcDbEntity
  8
RBAR-T8-H
100
AcDbVertex
100
AcDb3dPolylineVertex
 10
493.8
 20
34.0
 30
0.0
 70
32
  0
VERTEX
  5
F07
330
17
100
AcDbEntity
  8
RBAR-T8-H
100
AcDbVertex
100
AcDb3dPolylineVertex
 10
90.3
 20
34.0
 30
0.0
 70
32
  0
VERTEX
  5
F08
330
17
100
AcDbEntity
  8
RBAR-T8-H
100
AcDbVertex
100
AcDb3dPolylineVertex
 10
87.2
 20
34.0
 30
0.3
 70
32
  0
VERTEX
  5
F09
330
17
100
AcDbEntity
  8
RBAR-T8-H
100
AcDbVertex
100
AcDb3dPolylineVertex
 10
84.1
 20
34.0
 30
1.2
 70
32
  0
VERTEX
  5
F0A
330
17
100
AcDbEntity
  8
RBAR-T8-H
100
AcDbVertex
100
AcDb3dPolylineVertex
 10
81.3
 20
34.0
 30
2.8
 70
32
  0
VERTEX
  5
F0B
330
17
100
AcDbEntity
  8
RBAR-T8-H
100
AcDbVertex
100
AcDb3dPolylineVertex
 10
78.8
 20
34.0
 30
4.8
 70
32
  0
VERTEX
  5
F0C
330
17
100
AcDbEntity
  8
RBAR-T8-H
100
AcDbVertex
100
AcDb3dPolylineVertex
 10
76.8
 20
34.0
 30
7.3
 70
32
  0
VERTEX
  5
F0D
330
17
100
AcDbEntity
  8
RBAR-T8-H
100
AcDbVertex
100
AcDb3dPolylineVertex
 10
75.2
 20
34.0
 30
10.1
 70
32
  0
VERTEX
  5
F0E
330
17
100
AcDbEntity
  8
RBAR-T8-H
100
AcDbVertex
100
AcDb3dPolylineVertex
 10
74.3
 20
34.0
 30
13.2
 70
32
  0
VERTEX
  5
F0F
330
17
100
AcDbEntity
  8
RBAR-T8-H
100
AcDbVertex
100
AcDb3dPolylineVertex
 10
74.0
 20
34.0
 30
16.3
 70
32
  0
VERTEX
  5
F10
330
17
100
AcDbEntity
  8
RBAR-T8-H
100
AcDbVertex
100
AcDb3dPolylineVertex
 10
74.0
 20
34.0
 30
92.9
 70
32
  0
VERTEX
  5
F11
330
17
100
AcDbEntity
  8
RBAR-T8-H
100
AcDbVertex
100
AcDb3dPolylineVertex
 10
74.3
 20
34.0
 30
96.1
 70
32
  0
VERTEX
  5
F12
330
17
100
AcDbEntity
  8
RBAR-T8-H
100
AcDbVertex
100
AcDb3dPolylineVertex
 10
75.2
 20
34.0
 30
99.2
 70
32
  0
VERTEX
  5
F13
330
17
100
AcDbEntity
  8
RBAR-T8-H
100
AcDbVertex
100
AcDb3dPolylineVertex
 10
76.8
 20
34.0
 30
102.0
 70
32
  0
VERTEX
  5
F14
330
17
100
AcDbEntity
  8
RBAR-T8-H
100
AcDbVertex
100
AcDb3dPolylineVertex
 10
78.8
 20
34.0
 30
104.5
 70
32
  0
VERTEX
  5
F15
330
17
100
AcDbEntity
  8
RBAR-T8-H
100
AcDbVertex
100
AcDb3dPolylineVertex
 10
81.3
 20
34.0
 30
106.5
 70
32
  0
VERTEX
  5
F16
330
17
100
AcDbEntity
  8
RBAR-T8-H
100
AcDbVertex
100
AcDb3dPolylineVertex
 10
84.1
 20
34.0
 30
108.0
 70
32
  0
VERTEX
  5
F17
330
17
100
AcDbEntity
  8
RBAR-T8-H
100
AcDbVertex
100
AcDb3dPolylineVertex
 10
87.2
 20
34.0
 30
109.0
 70
32
  0
VERTEX
  5
F18
330
17
100
AcDbEntity
  8
RBAR-T8-H
100
AcDbVertex
100
AcDb3dPolylineVertex
 10
90.3
 20
34.0
 30
109.3
 70
32
  0
VERTEX
  5
F19
330
17
100
AcDbEntity
  8
RBAR-T8-H
100
AcDbVertex
100
AcDb3dPolylineVertex
 10
478.5
 20
34.0
 30
109.3
 70
32
  0
SEQEND
  5
EF3
330
EF2
100
AcDbEntity
  8
RBAR-T8-H
  0
POLYLINE
  5
F1A
330
17
100
AcDbEntity
  8
RBAR-T8-H
100
AcDb3dPolyline
 66
1
 10
0.0
 20
0.0
 30
0.0
 70
8
  0
VERTEX
  5
F1C
330
17
100
AcDbEntity
  8
RBAR-T8-H
100
AcDbVertex
100
AcDb3dPolylineVertex
 10
2066.7
 20
34.0
 30
4164.0
 70
32
  0
VERTEX
  5
F1D
330
17
100
AcDbEntity
  8
RBAR-T8-H
100
AcDbVertex
100
AcDb3dPolylineVertex
 10
2138.2
 20
34.0
 30
4164.0
 70
32
  0
VERTEX
  5
F1E
330
17
100
AcDbEntity
  8
RBAR-T8-H
100
AcDbVertex
100
AcDb3dPolylineVertex
 10
2141.3
 20
34.0
 30
4163.7
 70
32
  0
VERTEX
  5
F1F
330
17
100
AcDbEntity
  8
RBAR-T8-H
100
AcDbVertex
100
AcDb3dPolylineVertex
 10
2144.4
 20
34.0
 30
4162.7
 70
32
  0
VERTEX
  5
F20
330
17
100
AcDbEntity
  8
RBAR-T8-H
100
AcDbVertex
100
AcDb3dPolylineVertex
 10
2147.2
 20
34.0
 30
4161.2
 70
32
  0
VERTEX
  5
F21
330
17
100
AcDbEntity
  8
RBAR-T8-H
100
AcDbVertex
100
AcDb3dPolylineVertex
 10
2149.7
 20
34.0
 30
4159.2
 70
32
  0
VERTEX
  5
F22
330
17
100
AcDbEntity
  8
RBAR-T8-H
100
AcDbVertex
100
AcDb3dPolylineVertex
 10
2151.7
 20
34.0
 30
4156.7
 70
32
  0
VERTEX
  5
F23
330
17
100
AcDbEntity
  8
RBAR-T8-H
100
AcDbVertex
100
AcDb3dPolylineVertex
 10
2153.3
 20
34.0
 30
4153.9
 70
32
  0
VERTEX
  5
F24
330
17
100
AcDbEntity
  8
RBAR-T8-H
100
AcDbVertex
100
AcDb3dPolylineVertex
 10
2154.2
 20
34.0
 30
4150.8
 70
32
  0
VERTEX
  5
F25
330
17
100
AcDbEntity
  8
RBAR-T8-H
100
AcDbVertex
100
AcDb3dPolylineVertex
 10
2154.5
 20
34.0
 30
4147.6
 70
32
  0
VERTEX
  5
F26
330
17
100
AcDbEntity
  8
RBAR-T8-H
100
AcDbVertex
100
AcDb3dPolylineVertex
 10
2154.5
 20
34.0
 30
4014.9
 70
32
  0
VERTEX
  5
F27
330
17
100
AcDbEntity
  8
RBAR-T8-H
100
AcDbVertex
100
AcDb3dPolylineVertex
 10
2154.2
 20
34.0
 30
4011.7
 70
32
  0
VERTEX
  5
F28
330
17
100
AcDbEntity
  8
RBAR-T8-H
100
AcDbVertex
100
AcDb3dPolylineVertex
 10
2153.3
 20
34.0
 30
4008.6
 70
32
  0
VERTEX
  5
F29
330
17
100
AcDbEntity
  8
RBAR-T8-H
100
AcDbVertex
100
AcDb3dPolylineVertex
 10
2151.7
 20
34.0
 30
4005.8
 70
32
  0
VERTEX
  5
F2A
330
17
100
AcDbEntity
  8
RBAR-T8-H
100
AcDbVertex
100
AcDb3dPolylineVertex
 10
2149.7
 20
34.0
 30
4003.3
 70
32
  0
VERTEX
  5
F2B
330
17
100
AcDbEntity
  8
RBAR-T8-H
100
AcDbVertex
100
AcDb3dPolylineVertex
 10
2147.2
 20
34.0
 30
4001.3
 70
32
  0
VERTEX
  5
F2C
330
17
100
AcDbEntity
  8
RBAR-T8-H
100
AcDbVertex
100
AcDb3dPolylineVertex
 10
2144.4
 20
34.0
 30
3999.8
 70
32
  0
VERTEX
  5
F2D
330
17
100
AcDbEntity
  8
RBAR-T8-H
100
AcDbVertex
100
AcDb3dPolylineVertex
 10
2141.3
 20
34.0
 30
3998.8
 70
32
  0
VERTEX
  5
F2E
330
17
100
AcDbEntity
  8
RBAR-T8-H
100
AcDbVertex
100
AcDb3dPolylineVertex
 10
2138.2
 20
34.0
 30
3998.5
 70
32
  0
VERTEX
  5
F2F
330
17
100
AcDbEntity
  8
RBAR-T8-H
100
AcDbVertex
100
AcDb3dPolylineVertex
 10
1734.7
 20
34.0
 30
3998.5
 70
32
  0
VERTEX
  5
F30
330
17
100
AcDbEntity
  8
RBAR-T8-H
100
AcDbVertex
100
AcDb3dPolylineVertex
 10
1731.5
 20
34.0
 30
3998.8
 70
32
  0
VERTEX
  5
F31
330
17
100
AcDbEntity
  8
RBAR-T8-H
100
AcDbVertex
100
AcDb3dPolylineVertex
 10
1728.4
 20
34.0
 30
3999.8
 70
32
  0
VERTEX
  5
F32
330
17
100
AcDbEntity
  8
RBAR-T8-H
100
AcDbVertex
100
AcDb3dPolylineVertex
 10
1725.6
 20
34.0
 30
4001.3
 70
32
  0
VERTEX
  5
F33
330
17
100
AcDbEntity
  8
RBAR-T8-H
100
AcDbVertex
100
AcDb3dPolylineVertex
 10
1723.1
 20
34.0
 30
4003.3
 70
32
  0
VERTEX
  5
F34
330
17
100
AcDbEntity
  8
RBAR-T8-H
100
AcDbVertex
100
AcDb3dPolylineVertex
 10
1721.1
 20
34.0
 30
4005.8
 70
32
  0
VERTEX
  5
F35
330
17
100
AcDbEntity
  8
RBAR-T8-H
100
AcDbVertex
100
AcDb3dPolylineVertex
 10
1719.6
 20
34.0
 30
4008.6
 70
32
  0
VERTEX
  5
F36
330
17
100
AcDbEntity
  8
RBAR-T8-H
100
AcDbVertex
100
AcDb3dPolylineVertex
 10
1718.7
 20
34.0
 30
4011.7
 70
32
  0
VERTEX
  5
F37
330
17
100
AcDbEntity
  8
RBAR-T8-H
100
AcDbVertex
100
AcDb3dPolylineVertex
 10
1718.4
 20
34.0
 30
4014.9
 70
32
  0
VERTEX
  5
F38
330
17
100
AcDbEntity
  8
RBAR-T8-H
100
AcDbVertex
100
AcDb3dPolylineVertex
 10
1718.4
 20
34.0
 30
4091.5
 70
32
  0
VERTEX
  5
F39
330
17
100
AcDbEntity
  8
RBAR-T8-H
100
AcDbVertex
100
AcDb3dPolylineVertex
 10
1718.7
 20
34.0
 30
4094.7
 70
32
  0
VERTEX
  5
F3A
330
17
100
AcDbEntity
  8
RBAR-T8-H
100
AcDbVertex
100
AcDb3dPolylineVertex
 10
1719.6
 20
34.0
 30
4097.7
 70
32
  0
VERTEX
  5
F3B
330
17
100
AcDbEntity
  8
RBAR-T8-H
100
AcDbVertex
100
AcDb3dPolylineVertex
 10
1721.1
 20
34.0
 30
4100.5
 70
32
  0
VERTEX
  5
F3C
330
17
100
AcDbEntity
  8
RBAR-T8-H
100
AcDbVertex
100
AcDb3dPolylineVertex
 10
1723.1
 20
34.0
 30
4103.0
 70
32
  0
VERTEX
  5
F3D
330
17
100
AcDbEntity
  8
RBAR-T8-H
100
AcDbVertex
100
AcDb3dPolylineVertex
 10
1725.6
 20
34.0
 30
4105.1
 70
32
  0
VERTEX
  5
F3E
330
17
100
AcDbEntity
  8
RBAR-T8-H
100
AcDbVertex
100
AcDb3dPolylineVertex
 10
1728.4
 20
34.0
 30
4106.6
 70
32
  0
VERTEX
  5
F3F
330
17
100
AcDbEntity
  8
RBAR-T8-H
100
AcDbVertex
100
AcDb3dPolylineVertex
 10
1731.5
 20
34.0
 30
4107.5
 70
32
  0
VERTEX
  5
F40
330
17
100
AcDbEntity
  8
RBAR-T8-H
100
AcDbVertex
100
AcDb3dPolylineVertex
 10
1734.7
 20
34.0
 30
4107.8
 70
32
  0
VERTEX
  5
F41
330
17
100
AcDbEntity
  8
RBAR-T8-H
100
AcDbVertex
100
AcDb3dPolylineVertex
 10
2122.8
 20
34.0
 30
4107.8
 70
32
  0
SEQEND
  5
F1B
330
F1A
100
AcDbEntity
  8
RBAR-T8-H
  0
POLYLINE
  5
F42
330
17
100
AcDbEntity
  8
RBAR-T8-H
100
AcDb3dPolyline
 66
1
 10
0.0
 20
0.0
 30
0.0
 70
8
  0
VERTEX
  5
F44
330
17
100
AcDbEntity
  8
RBAR-T8-H
100
AcDbVertex
100
AcDb3dPolylineVertex
 10
352.3
 20
34.0
 30
165.5
 70
32
  0
VERTEX
  5
F45
330
17
100
AcDbEntity
  8
RBAR-T8-H
100
AcDbVertex
100
AcDb3dPolylineVertex
 10
423.8
 20
34.0
 30
165.5
 70
32
  0
VERTEX
  5
F46
330
17
100
AcDbEntity
  8
RBAR-T8-H
100
AcDbVertex
100
AcDb3dPolylineVertex
 10
427.0
 20
34.0
 30
165.2
 70
32
  0
VERTEX
  5
F47
330
17
100
AcDbEntity
  8
RBAR-T8-H
100
AcDbVertex
100
AcDb3dPolylineVertex
 10
430.1
 20
34.0
 30
164.2
 70
32
  0
VERTEX
  5
F48
330
17
100
AcDbEntity
  8
RBAR-T8-H
100
AcDbVertex
100
AcDb3dPolylineVertex
 10
432.9
 20
34.0
 30
162.7
 70
32
  0
VERTEX
  5
F49
330
17
100
AcDbEntity
  8
RBAR-T8-H
100
AcDbVertex
100
AcDb3dPolylineVertex
 10
435.4
 20
34.0
 30
160.7
 70
32
  0
VERTEX
  5
F4A
330
17
100
AcDbEntity
  8
RBAR-T8-H
100
AcDbVertex
100
AcDb3dPolylineVertex
 10
437.4
 20
34.0
 30
158.2
 70
32
  0
VERTEX
  5
F4B
330
17
100
AcDbEntity
  8
RBAR-T8-H
100
AcDbVertex
100
AcDb3dPolylineVertex
 10
438.9
 20
34.0
 30
155.4
 70
32
  0
VERTEX
  5
F4C
330
17
100
AcDbEntity
  8
RBAR-T8-H
100
AcDbVertex
100
AcDb3dPolylineVertex
 10
439.8
 20
34.0
 30
152.3
 70
32
  0
VERTEX
  5
F4D
330
17
100
AcDbEntity
  8
RBAR-T8-H
100
AcDbVertex
100
AcDb3dPolylineVertex
 10
440.1
 20
34.0
 30
149.1
 70
32
  0
VERTEX
  5
F4E
330
17
100
AcDbEntity
  8
RBAR-T8-H
100
AcDbVertex
100
AcDb3dPolylineVertex
 10
440.1
 20
34.0
 30
16.3
 70
32
  0
VERTEX
  5
F4F
330
17
100
AcDbEntity
  8
RBAR-T8-H
100
AcDbVertex
100
AcDb3dPolylineVertex
 10
439.8
 20
34.0
 30
13.2
 70
32
  0
VERTEX
  5
F50
330
17
100
AcDbEntity
  8
RBAR-T8-H
100
AcDbVertex
100
AcDb3dPolylineVertex
 10
438.9
 20
34.0
 30
10.1
 70
32
  0
VERTEX
  5
F51
330
17
100
AcDbEntity
  8
RBAR-T8-H
100
AcDbVertex
100
AcDb3dPolylineVertex
 10
437.4
 20
34.0
 30
7.3
 70
32
  0
VERTEX
  5
F52
330
17
100
AcDbEntity
  8
RBAR-T8-H
100
AcDbVertex
100
AcDb3dPolylineVertex
 10
435.4
 20
34.0
 30
4.8
 70
32
  0
VERTEX
  5
F53
330
17
100
AcDbEntity
  8
RBAR-T8-H
100
AcDbVertex
100
AcDb3dPolylineVertex
 10
432.9
 20
34.0
 30
2.8
 70
32
  0
VERTEX
  5
F54
330
17
100
AcDbEntity
  8
RBAR-T8-H
100
AcDbVertex
100
AcDb3dPolylineVertex
 10
430.1
 20
34.0
 30
1.2
 70
32
  0
VERTEX
  5
F55
330
17
100
AcDbEntity
  8
RBAR-T8-H
100
AcDbVertex
100
AcDb3dPolylineVertex
 10
427.0
 20
34.0
 30
0.3
 70
32
  0
VERTEX
  5
F56
330
17
100
AcDbEntity
  8
RBAR-T8-H
100
AcDbVertex
100
AcDb3dPolylineVertex
 10
423.8
 20
34.0
 30
0.0
 70
32
  0
VERTEX
  5
F57
330
17
100
AcDbEntity
  8
RBAR-T8-H
100
AcDbVertex
100
AcDb3dPolylineVertex
 10
20.3
 20
34.0
 30
0.0
 70
32
  0
VERTEX
  5
F58
330
17
100
AcDbEntity
  8
RBAR-T8-H
100
AcDbVertex
100
AcDb3dPolylineVertex
 10
17.2
 20
34.0
 30
0.3
 70
32
  0
VERTEX
  5
F59
330
17
100
AcDbEntity
  8
RBAR-T8-H
100
AcDbVertex
100
AcDb3dPolylineVertex
 10
14.1
 20
34.0
 30
1.2
 70
32
  0
VERTEX
  5
F5A
330
17
100
AcDbEntity
  8
RBAR-T8-H
100
AcDbVertex
100
AcDb3dPolylineVertex
 10
11.3
 20
34.0
 30
2.8
 70
32
  0
VERTEX
  5
F5B
330
17
100
AcDbEntity
  8
RBAR-T8-H
100
AcDbVertex
100
AcDb3dPolylineVertex
 10
8.8
 20
34.0
 30
4.8
 70
32
  0
VERTEX
  5
F5C
330
17
100
AcDbEntity
  8
RBAR-T8-H
100
AcDbVertex
100
AcDb3dPolylineVertex
 10
6.8
 20
34.0
 30
7.3
 70
32
  0
VERTEX
  5
F5D
330
17
100
AcDbEntity
  8
RBAR-T8-H
100
AcDbVertex
100
AcDb3dPolylineVertex
 10
5.2
 20
34.0
 30
10.1
 70
32
  0
VERTEX
  5
F5E
330
17
100
AcDbEntity
  8
RBAR-T8-H
100
AcDbVertex
100
AcDb3dPolylineVertex
 10
4.3
 20
34.0
 30
13.2
 70
32
  0
VERTEX
  5
F5F
330
17
100
AcDbEntity
  8
RBAR-T8-H
100
AcDbVertex
100
AcDb3dPolylineVertex
 10
4.0
 20
34.0
 30
16.3
 70
32
  0
VERTEX
  5
F60
330
17
100
AcDbEntity
  8
RBAR-T8-H
100
AcDbVertex
100
AcDb3dPolylineVertex
 10
4.0
 20
34.0
 30
92.9
 70
32
  0
VERTEX
  5
F61
330
17
100
AcDbEntity
  8
RBAR-T8-H
100
AcDbVertex
100
AcDb3dPolylineVertex
 10
4.3
 20
34.0
 30
96.1
 70
32
  0
VERTEX
  5
F62
330
17
100
AcDbEntity
  8
RBAR-T8-H
100
AcDbVertex
100
AcDb3dPolylineVertex
 10
5.2
 20
34.0
 30
99.2
 70
32
  0
VERTEX
  5
F63
330
17
100
AcDbEntity
  8
RBAR-T8-H
100
AcDbVertex
100
AcDb3dPolylineVertex
 10
6.8
 20
34.0
 30
102.0
 70
32
  0
VERTEX
  5
F64
330
17
100
AcDbEntity
  8
RBAR-T8-H
100
AcDbVertex
100
AcDb3dPolylineVertex
 10
8.8
 20
34.0
 30
104.5
 70
32
  0
VERTEX
  5
F65
330
17
100
AcDbEntity
  8
RBAR-T8-H
100
AcDbVertex
100
AcDb3dPolylineVertex
 10
11.3
 20
34.0
 30
106.5
 70
32
  0
VERTEX
  5
F66
330
17
100
AcDbEntity
  8
RBAR-T8-H
100
AcDbVertex
100
AcDb3dPolylineVertex
 10
14.1
 20
34.0
 30
108.0
 70
32
  0
VERTEX
  5
F67
330
17
100
AcDbEntity
  8
RBAR-T8-H
100
AcDbVertex
100
AcDb3dPolylineVertex
 10
17.2
 20
34.0
 30
109.0
 70
32
  0
VERTEX
  5
F68
330
17
100
AcDbEntity
  8
RBAR-T8-H
100
AcDbVertex
100
AcDb3dPolylineVertex
 10
20.3
 20
34.0
 30
109.3
 70
32
  0
VERTEX
  5
F69
330
17
100
AcDbEntity
  8
RBAR-T8-H
100
AcDbVertex
100
AcDb3dPolylineVertex
 10
408.5
 20
34.0
 30
109.3
 70
32
  0
SEQEND
  5
F43
330
F42
100
AcDbEntity
  8
RBAR-T8-H
  0
POLYLINE
  5
F6A
330
17
100
AcDbEntity
  8
RBAR-T8-H
100
AcDb3dPolyline
 66
1
 10
0.0
 20
0.0
 30
0.0
 70
8
  0
VERTEX
  5
F6C
330
17
100
AcDbEntity
  8
RBAR-T8-H
100
AcDbVertex
100
AcDb3dPolylineVertex
 10
352.3
 20
34.0
 30
5095.0
 70
32
  0
VERTEX
  5
F6D
330
17
100
AcDbEntity
  8
RBAR-T8-H
100
AcDbVertex
100
AcDb3dPolylineVertex
 10
423.8
 20
34.0
 30
5095.0
 70
32
  0
VERTEX
  5
F6E
330
17
100
AcDbEntity
  8
RBAR-T8-H
100
AcDbVertex
100
AcDb3dPolylineVertex
 10
427.0
 20
34.0
 30
5094.7
 70
32
  0
VERTEX
  5
F6F
330
17
100
AcDbEntity
  8
RBAR-T8-H
100
AcDbVertex
100
AcDb3dPolylineVertex
 10
430.1
 20
34.0
 30
5093.8
 70
32
  0
VERTEX
  5
F70
330
17
100
AcDbEntity
  8
RBAR-T8-H
100
AcDbVertex
100
AcDb3dPolylineVertex
 10
432.9
 20
34.0
 30
5092.2
 70
32
  0
VERTEX
  5
F71
330
17
100
AcDbEntity
  8
RBAR-T8-H
100
AcDbVertex
100
AcDb3dPolylineVertex
 10
435.4
 20
34.0
 30
5090.2
 70
32
  0
VERTEX
  5
F72
330
17
100
AcDbEntity
  8
RBAR-T8-H
100
AcDbVertex
100
AcDb3dPolylineVertex
 10
437.4
 20
34.0
 30
5087.7
 70
32
  0
VERTEX
  5
F73
330
17
100
AcDbEntity
  8
RBAR-T8-H
100
AcDbVertex
100
AcDb3dPolylineVertex
 10
438.9
 20
34.0
 30
5084.9
 70
32
  0
VERTEX
  5
F74
330
17
100
AcDbEntity
  8
RBAR-T8-H
100
AcDbVertex
100
AcDb3dPolylineVertex
 10
439.8
 20
34.0
 30
5081.8
 70
32
  0
VERTEX
  5
F75
330
17
100
AcDbEntity
  8
RBAR-T8-H
100
AcDbVertex
100
AcDb3dPolylineVertex
 10
440.1
 20
34.0
 30
5078.7
 70
32
  0
VERTEX
  5
F76
330
17
100
AcDbEntity
  8
RBAR-T8-H
100
AcDbVertex
100
AcDb3dPolylineVertex
 10
440.1
 20
34.0
 30
4945.9
 70
32
  0
VERTEX
  5
F77
330
17
100
AcDbEntity
  8
RBAR-T8-H
100
AcDbVertex
100
AcDb3dPolylineVertex
 10
439.8
 20
34.0
 30
4942.7
 70
32
  0
VERTEX
  5
F78
330
17
100
AcDbEntity
  8
RBAR-T8-H
100
AcDbVertex
100
AcDb3dPolylineVertex
 10
438.9
 20
34.0
 30
4939.6
 70
32
  0
VERTEX
  5
F79
330
17
100
AcDbEntity
  8
RBAR-T8-H
100
AcDbVertex
100
AcDb3dPolylineVertex
 10
437.4
 20
34.0
 30
4936.8
 70
32
  0
VERTEX
  5
F7A
330
17
100
AcDbEntity
  8
RBAR-T8-H
100
AcDbVertex
100
AcDb3dPolylineVertex
 10
435.4
 20
34.0
 30
4934.3
 70
32
  0
VERTEX
  5
F7B
330
17
100
AcDbEntity
  8
RBAR-T8-H
100
AcDbVertex
100
AcDb3dPolylineVertex
 10
432.9
 20
34.0
 30
4932.3
 70
32
  0
VERTEX
  5
F7C
330
17
100
AcDbEntity
  8
RBAR-T8-H
100
AcDbVertex
100
AcDb3dPolylineVertex
 10
430.1
 20
34.0
 30
4930.8
 70
32
  0
VERTEX
  5
F7D
330
17
100
AcDbEntity
  8
RBAR-T8-H
100
AcDbVertex
100
AcDb3dPolylineVertex
 10
427.0
 20
34.0
 30
4929.8
 70
32
  0
VERTEX
  5
F7E
330
17
100
AcDbEntity
  8
RBAR-T8-H
100
AcDbVertex
100
AcDb3dPolylineVertex
 10
423.8
 20
34.0
 30
4929.5
 70
32
  0
VERTEX
  5
F7F
330
17
100
AcDbEntity
  8
RBAR-T8-H
100
AcDbVertex
100
AcDb3dPolylineVertex
 10
20.3
 20
34.0
 30
4929.5
 70
32
  0
VERTEX
  5
F80
330
17
100
AcDbEntity
  8
RBAR-T8-H
100
AcDbVertex
100
AcDb3dPolylineVertex
 10
17.2
 20
34.0
 30
4929.8
 70
32
  0
VERTEX
  5
F81
330
17
100
AcDbEntity
  8
RBAR-T8-H
100
AcDbVertex
100
AcDb3dPolylineVertex
 10
14.1
 20
34.0
 30
4930.8
 70
32
  0
VERTEX
  5
F82
330
17
100
AcDbEntity
  8
RBAR-T8-H
100
AcDbVertex
100
AcDb3dPolylineVertex
 10
11.3
 20
34.0
 30
4932.3
 70
32
  0
VERTEX
  5
F83
330
17
100
AcDbEntity
  8
RBAR-T8-H
100
AcDbVertex
100
AcDb3dPolylineVertex
 10
8.8
 20
34.0
 30
4934.3
 70
32
  0
VERTEX
  5
F84
330
17
100
AcDbEntity
  8
RBAR-T8-H
100
AcDbVertex
100
AcDb3dPolylineVertex
 10
6.8
 20
34.0
 30
4936.8
 70
32
  0
VERTEX
  5
F85
330
17
100
AcDbEntity
  8
RBAR-T8-H
100
AcDbVertex
100
AcDb3dPolylineVertex
 10
5.2
 20
34.0
 30
4939.6
 70
32
  0
VERTEX
  5
F86
330
17
100
AcDbEntity
  8
RBAR-T8-H
100
AcDbVertex
100
AcDb3dPolylineVertex
 10
4.3
 20
34.0
 30
4942.7
 70
32
  0
VERTEX
  5
F87
330
17
100
AcDbEntity
  8
RBAR-T8-H
100
AcDbVertex
100
AcDb3dPolylineVertex
 10
4.0
 20
34.0
 30
4945.9
 70
32
  0
VERTEX
  5
F88
330
17
100
AcDbEntity
  8
RBAR-T8-H
100
AcDbVertex
100
AcDb3dPolylineVertex
 10
4.0
 20
34.0
 30
5022.5
 70
32
  0
VERTEX
  5
F89
330
17
100
AcDbEntity
  8
RBAR-T8-H
100
AcDbVertex
100
AcDb3dPolylineVertex
 10
4.3
 20
34.0
 30
5025.7
 70
32
  0
VERTEX
  5
F8A
330
17
100
AcDbEntity
  8
RBAR-T8-H
100
AcDbVertex
100
AcDb3dPolylineVertex
 10
5.2
 20
34.0
 30
5028.7
 70
32
  0
VERTEX
  5
F8B
330
17
100
AcDbEntity
  8
RBAR-T8-H
100
AcDbVertex
100
AcDb3dPolylineVertex
 10
6.8
 20
34.0
 30
5031.6
 70
32
  0
VERTEX
  5
F8C
330
17
100
AcDbEntity
  8
RBAR-T8-H
100
AcDbVertex
100
AcDb3dPolylineVertex
 10
8.8
 20
34.0
 30
5034.0
 70
32
  0
VERTEX
  5
F8D
330
17
100
AcDbEntity
  8
RBAR-T8-H
100
AcDbVertex
100
AcDb3dPolylineVertex
 10
11.3
 20
34.0
 30
5036.1
 70
32
  0
VERTEX
  5
F8E
330
17
100
AcDbEntity
  8
RBAR-T8-H
100
AcDbVertex
100
AcDb3dPolylineVertex
 10
14.1
 20
34.0
 30
5037.6
 70
32
  0
VERTEX
  5
F8F
330
17
100
AcDbEntity
  8
RBAR-T8-H
100
AcDbVertex
100
AcDb3dPolylineVertex
 10
17.2
 20
34.0
 30
5038.5
 70
32
  0
VERTEX
  5
F90
330
17
100
AcDbEntity
  8
RBAR-T8-H
100
AcDbVertex
100
AcDb3dPolylineVertex
 10
20.3
 20
34.0
 30
5038.8
 70
32
  0
VERTEX
  5
F91
330
17
100
AcDbEntity
  8
RBAR-T8-H
100
AcDbVertex
100
AcDb3dPolylineVertex
 10
408.5
 20
34.0
 30
5038.8
 70
32
  0
SEQEND
  5
F6B
330
F6A
100
AcDbEntity
  8
RBAR-T8-H
  0
POLYLINE
  5
F92
330
17
100
AcDbEntity
  8
RBAR-T8-H
100
AcDb3dPolyline
 66
1
 10
0.0
 20
0.0
 30
0.0
 70
8
  0
VERTEX
  5
F94
330
17
100
AcDbEntity
  8
RBAR-T8-H
100
AcDbVertex
100
AcDb3dPolylineVertex
 10
2066.7
 20
34.0
 30
5095.0
 70
32
  0
VERTEX
  5
F95
330
17
100
AcDbEntity
  8
RBAR-T8-H
100
AcDbVertex
100
AcDb3dPolylineVertex
 10
2138.2
 20
34.0
 30
5095.0
 70
32
  0
VERTEX
  5
F96
330
17
100
AcDbEntity
  8
RBAR-T8-H
100
AcDbVertex
100
AcDb3dPolylineVertex
 10
2141.3
 20
34.0
 30
5094.7
 70
32
  0
VERTEX
  5
F97
330
17
100
AcDbEntity
  8
RBAR-T8-H
100
AcDbVertex
100
AcDb3dPolylineVertex
 10
2144.4
 20
34.0
 30
5093.8
 70
32
  0
VERTEX
  5
F98
330
17
100
AcDbEntity
  8
RBAR-T8-H
100
AcDbVertex
100
AcDb3dPolylineVertex
 10
2147.2
 20
34.0
 30
5092.2
 70
32
  0
VERTEX
  5
F99
330
17
100
AcDbEntity
  8
RBAR-T8-H
100
AcDbVertex
100
AcDb3dPolylineVertex
 10
2149.7
 20
34.0
 30
5090.2
 70
32
  0
VERTEX
  5
F9A
330
17
100
AcDbEntity
  8
RBAR-T8-H
100
AcDbVertex
100
AcDb3dPolylineVertex
 10
2151.7
 20
34.0
 30
5087.7
 70
32
  0
VERTEX
  5
F9B
330
17
100
AcDbEntity
  8
RBAR-T8-H
100
AcDbVertex
100
AcDb3dPolylineVertex
 10
2153.3
 20
34.0
 30
5084.9
 70
32
  0
VERTEX
  5
F9C
330
17
100
AcDbEntity
  8
RBAR-T8-H
100
AcDbVertex
100
AcDb3dPolylineVertex
 10
2154.2
 20
34.0
 30
5081.8
 70
32
  0
VERTEX
  5
F9D
330
17
100
AcDbEntity
  8
RBAR-T8-H
100
AcDbVertex
100
AcDb3dPolylineVertex
 10
2154.5
 20
34.0
 30
5078.7
 70
32
  0
VERTEX
  5
F9E
330
17
100
AcDbEntity
  8
RBAR-T8-H
100
AcDbVertex
100
AcDb3dPolylineVertex
 10
2154.5
 20
34.0
 30
4945.9
 70
32
  0
VERTEX
  5
F9F
330
17
100
AcDbEntity
  8
RBAR-T8-H
100
AcDbVertex
100
AcDb3dPolylineVertex
 10
2154.2
 20
34.0
 30
4942.7
 70
32
  0
VERTEX
  5
FA0
330
17
100
AcDbEntity
  8
RBAR-T8-H
100
AcDbVertex
100
AcDb3dPolylineVertex
 10
2153.3
 20
34.0
 30
4939.6
 70
32
  0
VERTEX
  5
FA1
330
17
100
AcDbEntity
  8
RBAR-T8-H
100
AcDbVertex
100
AcDb3dPolylineVertex
 10
2151.7
 20
34.0
 30
4936.8
 70
32
  0
VERTEX
  5
FA2
330
17
100
AcDbEntity
  8
RBAR-T8-H
100
AcDbVertex
100
AcDb3dPolylineVertex
 10
2149.7
 20
34.0
 30
4934.3
 70
32
  0
VERTEX
  5
FA3
330
17
100
AcDbEntity
  8
RBAR-T8-H
100
AcDbVertex
100
AcDb3dPolylineVertex
 10
2147.2
 20
34.0
 30
4932.3
 70
32
  0
VERTEX
  5
FA4
330
17
100
AcDbEntity
  8
RBAR-T8-H
100
AcDbVertex
100
AcDb3dPolylineVertex
 10
2144.4
 20
34.0
 30
4930.8
 70
32
  0
VERTEX
  5
FA5
330
17
100
AcDbEntity
  8
RBAR-T8-H
100
AcDbVertex
100
AcDb3dPolylineVertex
 10
2141.3
 20
34.0
 30
4929.8
 70
32
  0
VERTEX
  5
FA6
330
17
100
AcDbEntity
  8
RBAR-T8-H
100
AcDbVertex
100
AcDb3dPolylineVertex
 10
2138.2
 20
34.0
 30
4929.5
 70
32
  0
VERTEX
  5
FA7
330
17
100
AcDbEntity
  8
RBAR-T8-H
100
AcDbVertex
100
AcDb3dPolylineVertex
 10
1734.7
 20
34.0
 30
4929.5
 70
32
  0
VERTEX
  5
FA8
330
17
100
AcDbEntity
  8
RBAR-T8-H
100
AcDbVertex
100
AcDb3dPolylineVertex
 10
1731.5
 20
34.0
 30
4929.8
 70
32
  0
VERTEX
  5
FA9
330
17
100
AcDbEntity
  8
RBAR-T8-H
100
AcDbVertex
100
AcDb3dPolylineVertex
 10
1728.4
 20
34.0
 30
4930.8
 70
32
  0
VERTEX
  5
FAA
330
17
100
AcDbEntity
  8
RBAR-T8-H
100
AcDbVertex
100
AcDb3dPolylineVertex
 10
1725.6
 20
34.0
 30
4932.3
 70
32
  0
VERTEX
  5
FAB
330
17
100
AcDbEntity
  8
RBAR-T8-H
100
AcDbVertex
100
AcDb3dPolylineVertex
 10
1723.1
 20
34.0
 30
4934.3
 70
32
  0
VERTEX
  5
FAC
330
17
100
AcDbEntity
  8
RBAR-T8-H
100
AcDbVertex
100
AcDb3dPolylineVertex
 10
1721.1
 20
34.0
 30
4936.8
 70
32
  0
VERTEX
  5
FAD
330
17
100
AcDbEntity
  8
RBAR-T8-H
100
AcDbVertex
100
AcDb3dPolylineVertex
 10
1719.6
 20
34.0
 30
4939.6
 70
32
  0
VERTEX
  5
FAE
330
17
100
AcDbEntity
  8
RBAR-T8-H
100
AcDbVertex
100
AcDb3dPolylineVertex
 10
1718.7
 20
34.0
 30
4942.7
 70
32
  0
VERTEX
  5
FAF
330
17
100
AcDbEntity
  8
RBAR-T8-H
100
AcDbVertex
100
AcDb3dPolylineVertex
 10
1718.4
 20
34.0
 30
4945.9
 70
32
  0
VERTEX
  5
FB0
330
17
100
AcDbEntity
  8
RBAR-T8-H
100
AcDbVertex
100
AcDb3dPolylineVertex
 10
1718.4
 20
34.0
 30
5022.5
 70
32
  0
VERTEX
  5
FB1
330
17
100
AcDbEntity
  8
RBAR-T8-H
100
AcDbVertex
100
AcDb3dPolylineVertex
 10
1718.7
 20
34.0
 30
5025.7
 70
32
  0
VERTEX
  5
FB2
330
17
100
AcDbEntity
  8
RBAR-T8-H
100
AcDbVertex
100
AcDb3dPolylineVertex
 10
1719.6
 20
34.0
 30
5028.7
 70
32
  0
VERTEX
  5
FB3
330
17
100
AcDbEntity
  8
RBAR-T8-H
100
AcDbVertex
100
AcDb3dPolylineVertex
 10
1721.1
 20
34.0
 30
5031.6
 70
32
  0
VERTEX
  5
FB4
330
17
100
AcDbEntity
  8
RBAR-T8-H
100
AcDbVertex
100
AcDb3dPolylineVertex
 10
1723.1
 20
34.0
 30
5034.0
 70
32
  0
VERTEX
  5
FB5
330
17
100
AcDbEntity
  8
RBAR-T8-H
100
AcDbVertex
100
AcDb3dPolylineVertex
 10
1725.6
 20
34.0
 30
5036.1
 70
32
  0
VERTEX
  5
FB6
330
17
100
AcDbEntity
  8
RBAR-T8-H
100
AcDbVertex
100
AcDb3dPolylineVertex
 10
1728.4
 20
34.0
 30
5037.6
 70
32
  0
VERTEX
  5
FB7
330
17
100
AcDbEntity
  8
RBAR-T8-H
100
AcDbVertex
100
AcDb3dPolylineVertex
 10
1731.5
 20
34.0
 30
5038.5
 70
32
  0
VERTEX
  5
FB8
330
17
100
AcDbEntity
  8
RBAR-T8-H
100
AcDbVertex
100
AcDb3dPolylineVertex
 10
1734.7
 20
34.0
 30
5038.8
 70
32
  0
VERTEX
  5
FB9
330
17
100
AcDbEntity
  8
RBAR-T8-H
100
AcDbVertex
100
AcDb3dPolylineVertex
 10
2122.8
 20
34.0
 30
5038.8
 70
32
  0
SEQEND
  5
F93
330
F92
100
AcDbEntity
  8
RBAR-T8-H
  0
POLYLINE
  5
FBA
330
17
100
AcDbEntity
  8
RBAR-T8-H
100
AcDb3dPolyline
 66
1
 10
0.0
 20
0.0
 30
0.0
 70
8
  0
VERTEX
  5
FBC
330
17
100
AcDbEntity
  8
RBAR-T8-H
100
AcDbVertex
100
AcDb3dPolylineVertex
 10
932.4
 20
34.0
 30
4703.9
 70
32
  0
VERTEX
  5
FBD
330
17
100
AcDbEntity
  8
RBAR-T8-H
100
AcDbVertex
100
AcDb3dPolylineVertex
 10
1003.9
 20
34.0
 30
4703.9
 70
32
  0
VERTEX
  5
FBE
330
17
100
AcDbEntity
  8
RBAR-T8-H
100
AcDbVertex
100
AcDb3dPolylineVertex
 10
1007.1
 20
34.0
 30
4703.6
 70
32
  0
VERTEX
  5
FBF
330
17
100
AcDbEntity
  8
RBAR-T8-H
100
AcDbVertex
100
AcDb3dPolylineVertex
 10
1010.2
 20
34.0
 30
4702.6
 70
32
  0
VERTEX
  5
FC0
330
17
100
AcDbEntity
  8
RBAR-T8-H
100
AcDbVertex
100
AcDb3dPolylineVertex
 10
1013.0
 20
34.0
 30
4701.1
 70
32
  0
VERTEX
  5
FC1
330
17
100
AcDbEntity
  8
RBAR-T8-H
100
AcDbVertex
100
AcDb3dPolylineVertex
 10
1015.5
 20
34.0
 30
4699.1
 70
32
  0
VERTEX
  5
FC2
330
17
100
AcDbEntity
  8
RBAR-T8-H
100
AcDbVertex
100
AcDb3dPolylineVertex
 10
1017.5
 20
34.0
 30
4696.6
 70
32
  0
VERTEX
  5
FC3
330
17
100
AcDbEntity
  8
RBAR-T8-H
100
AcDbVertex
100
AcDb3dPolylineVertex
 10
1019.0
 20
34.0
 30
4693.8
 70
32
  0
VERTEX
  5
FC4
330
17
100
AcDbEntity
  8
RBAR-T8-H
100
AcDbVertex
100
AcDb3dPolylineVertex
 10
1019.9
 20
34.0
 30
4690.7
 70
32
  0
VERTEX
  5
FC5
330
17
100
AcDbEntity
  8
RBAR-T8-H
100
AcDbVertex
100
AcDb3dPolylineVertex
 10
1020.3
 20
34.0
 30
4687.5
 70
32
  0
VERTEX
  5
FC6
330
17
100
AcDbEntity
  8
RBAR-T8-H
100
AcDbVertex
100
AcDb3dPolylineVertex
 10
1020.3
 20
34.0
 30
4554.8
 70
32
  0
VERTEX
  5
FC7
330
17
100
AcDbEntity
  8
RBAR-T8-H
100
AcDbVertex
100
AcDb3dPolylineVertex
 10
1019.9
 20
34.0
 30
4551.6
 70
32
  0
VERTEX
  5
FC8
330
17
100
AcDbEntity
  8
RBAR-T8-H
100
AcDbVertex
100
AcDb3dPolylineVertex
 10
1019.0
 20
34.0
 30
4548.5
 70
32
  0
VERTEX
  5
FC9
330
17
100
AcDbEntity
  8
RBAR-T8-H
100
AcDbVertex
100
AcDb3dPolylineVertex
 10
1017.5
 20
34.0
 30
4545.7
 70
32
  0
VERTEX
  5
FCA
330
17
100
AcDbEntity
  8
RBAR-T8-H
100
AcDbVertex
100
AcDb3dPolylineVertex
 10
1015.5
 20
34.0
 30
4543.2
 70
32
  0
VERTEX
  5
FCB
330
17
100
AcDbEntity
  8
RBAR-T8-H
100
AcDbVertex
100
AcDb3dPolylineVertex
 10
1013.0
 20
34.0
 30
4541.2
 70
32
  0
VERTEX
  5
FCC
330
17
100
AcDbEntity
  8
RBAR-T8-H
100
AcDbVertex
100
AcDb3dPolylineVertex
 10
1010.2
 20
34.0
 30
4539.7
 70
32
  0
VERTEX
  5
FCD
330
17
100
AcDbEntity
  8
RBAR-T8-H
100
AcDbVertex
100
AcDb3dPolylineVertex
 10
1007.1
 20
34.0
 30
4538.7
 70
32
  0
VERTEX
  5
FCE
330
17
100
AcDbEntity
  8
RBAR-T8-H
100
AcDbVertex
100
AcDb3dPolylineVertex
 10
1003.9
 20
34.0
 30
4538.4
 70
32
  0
VERTEX
  5
FCF
330
17
100
AcDbEntity
  8
RBAR-T8-H
100
AcDbVertex
100
AcDb3dPolylineVertex
 10
600.5
 20
34.0
 30
4538.4
 70
32
  0
VERTEX
  5
FD0
330
17
100
AcDbEntity
  8
RBAR-T8-H
100
AcDbVertex
100
AcDb3dPolylineVertex
 10
597.3
 20
34.0
 30
4538.7
 70
32
  0
VERTEX
  5
FD1
330
17
100
AcDbEntity
  8
RBAR-T8-H
100
AcDbVertex
100
AcDb3dPolylineVertex
 10
594.2
 20
34.0
 30
4539.7
 70
32
  0
VERTEX
  5
FD2
330
17
100
AcDbEntity
  8
RBAR-T8-H
100
AcDbVertex
100
AcDb3dPolylineVertex
 10
591.4
 20
34.0
 30
4541.2
 70
32
  0
VERTEX
  5
FD3
330
17
100
AcDbEntity
  8
RBAR-T8-H
100
AcDbVertex
100
AcDb3dPolylineVertex
 10
588.9
 20
34.0
 30
4543.2
 70
32
  0
VERTEX
  5
FD4
330
17
100
AcDbEntity
  8
RBAR-T8-H
100
AcDbVertex
100
AcDb3dPolylineVertex
 10
586.9
 20
34.0
 30
4545.7
 70
32
  0
VERTEX
  5
FD5
330
17
100
AcDbEntity
  8
RBAR-T8-H
100
AcDbVertex
100
AcDb3dPolylineVertex
 10
585.4
 20
34.0
 30
4548.5
 70
32
  0
VERTEX
  5
FD6
330
17
100
AcDbEntity
  8
RBAR-T8-H
100
AcDbVertex
100
AcDb3dPolylineVertex
 10
584.4
 20
34.0
 30
4551.6
 70
32
  0
VERTEX
  5
FD7
330
17
100
AcDbEntity
  8
RBAR-T8-H
100
AcDbVertex
100
AcDb3dPolylineVertex
 10
584.1
 20
34.0
 30
4554.8
 70
32
  0
VERTEX
  5
FD8
330
17
100
AcDbEntity
  8
RBAR-T8-H
100
AcDbVertex
100
AcDb3dPolylineVertex
 10
584.1
 20
34.0
 30
4631.4
 70
32
  0
VERTEX
  5
FD9
330
17
100
AcDbEntity
  8
RBAR-T8-H
100
AcDbVertex
100
AcDb3dPolylineVertex
 10
584.4
 20
34.0
 30
4634.5
 70
32
  0
VERTEX
  5
FDA
330
17
100
AcDbEntity
  8
RBAR-T8-H
100
AcDbVertex
100
AcDb3dPolylineVertex
 10
585.4
 20
34.0
 30
4637.6
 70
32
  0
VERTEX
  5
FDB
330
17
100
AcDbEntity
  8
RBAR-T8-H
100
AcDbVertex
100
AcDb3dPolylineVertex
 10
586.9
 20
34.0
 30
4640.4
 70
32
  0
VERTEX
  5
FDC
330
17
100
AcDbEntity
  8
RBAR-T8-H
100
AcDbVertex
100
AcDb3dPolylineVertex
 10
588.9
 20
34.0
 30
4642.9
 70
32
  0
VERTEX
  5
FDD
330
17
100
AcDbEntity
  8
RBAR-T8-H
100
AcDbVertex
100
AcDb3dPolylineVertex
 10
591.4
 20
34.0
 30
4644.9
 70
32
  0
VERTEX
  5
FDE
330
17
100
AcDbEntity
  8
RBAR-T8-H
100
AcDbVertex
100
AcDb3dPolylineVertex
 10
594.2
 20
34.0
 30
4646.5
 70
32
  0
VERTEX
  5
FDF
330
17
100
AcDbEntity
  8
RBAR-T8-H
100
AcDbVertex
100
AcDb3dPolylineVertex
 10
597.3
 20
34.0
 30
4647.4
 70
32
  0
VERTEX
  5
FE0
330
17
100
AcDbEntity
  8
RBAR-T8-H
100
AcDbVertex
100
AcDb3dPolylineVertex
 10
600.5
 20
34.0
 30
4647.7
 70
32
  0
VERTEX
  5
FE1
330
17
100
AcDbEntity
  8
RBAR-T8-H
100
AcDbVertex
100
AcDb3dPolylineVertex
 10
988.6
 20
34.0
 30
4647.7
 70
32
  0
SEQEND
  5
FBB
330
FBA
100
AcDbEntity
  8
RBAR-T8-H
  0
POLYLINE
  5
FE2
330
17
100
AcDbEntity
  8
RBAR-T8-H
100
AcDb3dPolyline
 66
1
 10
0.0
 20
0.0
 30
0.0
 70
8
  0
VERTEX
  5
FE4
330
17
100
AcDbEntity
  8
RBAR-T8-H
100
AcDbVertex
100
AcDb3dPolylineVertex
 10
1482.5
 20
34.0
 30
454.9
 70
32
  0
VERTEX
  5
FE5
330
17
100
AcDbEntity
  8
RBAR-T8-H
100
AcDbVertex
100
AcDb3dPolylineVertex
 10
1554.0
 20
34.0
 30
454.9
 70
32
  0
VERTEX
  5
FE6
330
17
100
AcDbEntity
  8
RBAR-T8-H
100
AcDbVertex
100
AcDb3dPolylineVertex
 10
1557.2
 20
34.0
 30
454.6
 70
32
  0
VERTEX
  5
FE7
330
17
100
AcDbEntity
  8
RBAR-T8-H
100
AcDbVertex
100
AcDb3dPolylineVertex
 10
1560.3
 20
34.0
 30
453.6
 70
32
  0
VERTEX
  5
FE8
330
17
100
AcDbEntity
  8
RBAR-T8-H
100
AcDbVertex
100
AcDb3dPolylineVertex
 10
1563.1
 20
34.0
 30
452.1
 70
32
  0
VERTEX
  5
FE9
330
17
100
AcDbEntity
  8
RBAR-T8-H
100
AcDbVertex
100
AcDb3dPolylineVertex
 10
1565.6
 20
34.0
 30
450.1
 70
32
  0
VERTEX
  5
FEA
330
17
100
AcDbEntity
  8
RBAR-T8-H
100
AcDbVertex
100
AcDb3dPolylineVertex
 10
1567.6
 20
34.0
 30
447.6
 70
32
  0
VERTEX
  5
FEB
330
17
100
AcDbEntity
  8
RBAR-T8-H
100
AcDbVertex
100
AcDb3dPolylineVertex
 10
1569.1
 20
34.0
 30
444.8
 70
32
  0
VERTEX
  5
FEC
330
17
100
AcDbEntity
  8
RBAR-T8-H
100
AcDbVertex
100
AcDb3dPolylineVertex
 10
1570.1
 20
34.0
 30
441.7
 70
32
  0
VERTEX
  5
FED
330
17
100
AcDbEntity
  8
RBAR-T8-H
100
AcDbVertex
100
AcDb3dPolylineVertex
 10
1570.4
 20
34.0
 30
438.5
 70
32
  0
VERTEX
  5
FEE
330
17
100
AcDbEntity
  8
RBAR-T8-H
100
AcDbVertex
100
AcDb3dPolylineVertex
 10
1570.4
 20
34.0
 30
305.7
 70
32
  0
VERTEX
  5
FEF
330
17
100
AcDbEntity
  8
RBAR-T8-H
100
AcDbVertex
100
AcDb3dPolylineVertex
 10
1570.1
 20
34.0
 30
302.6
 70
32
  0
VERTEX
  5
FF0
330
17
100
AcDbEntity
  8
RBAR-T8-H
100
AcDbVertex
100
AcDb3dPolylineVertex
 10
1569.1
 20
34.0
 30
299.5
 70
32
  0
VERTEX
  5
FF1
330
17
100
AcDbEntity
  8
RBAR-T8-H
100
AcDbVertex
100
AcDb3dPolylineVertex
 10
1567.6
 20
34.0
 30
296.7
 70
32
  0
VERTEX
  5
FF2
330
17
100
AcDbEntity
  8
RBAR-T8-H
100
AcDbVertex
100
AcDb3dPolylineVertex
 10
1565.6
 20
34.0
 30
294.2
 70
32
  0
VERTEX
  5
FF3
330
17
100
AcDbEntity
  8
RBAR-T8-H
100
AcDbVertex
100
AcDb3dPolylineVertex
 10
1563.1
 20
34.0
 30
292.2
 70
32
  0
VERTEX
  5
FF4
330
17
100
AcDbEntity
  8
RBAR-T8-H
100
AcDbVertex
100
AcDb3dPolylineVertex
 10
1560.3
 20
34.0
 30
290.6
 70
32
  0
VERTEX
  5
FF5
330
17
100
AcDbEntity
  8
RBAR-T8-H
100
AcDbVertex
100
AcDb3dPolylineVertex
 10
1557.2
 20
34.0
 30
289.7
 70
32
  0
VERTEX
  5
FF6
330
17
100
AcDbEntity
  8
RBAR-T8-H
100
AcDbVertex
100
AcDb3dPolylineVertex
 10
1554.0
 20
34.0
 30
289.4
 70
32
  0
VERTEX
  5
FF7
330
17
100
AcDbEntity
  8
RBAR-T8-H
100
AcDbVertex
100
AcDb3dPolylineVertex
 10
1150.6
 20
34.0
 30
289.4
 70
32
  0
VERTEX
  5
FF8
330
17
100
AcDbEntity
  8
RBAR-T8-H
100
AcDbVertex
100
AcDb3dPolylineVertex
 10
1147.4
 20
34.0
 30
289.7
 70
32
  0
VERTEX
  5
FF9
330
17
100
AcDbEntity
  8
RBAR-T8-H
100
AcDbVertex
100
AcDb3dPolylineVertex
 10
1144.3
 20
34.0
 30
290.6
 70
32
  0
VERTEX
  5
FFA
330
17
100
AcDbEntity
  8
RBAR-T8-H
100
AcDbVertex
100
AcDb3dPolylineVertex
 10
1141.5
 20
34.0
 30
292.2
 70
32
  0
VERTEX
  5
FFB
330
17
100
AcDbEntity
  8
RBAR-T8-H
100
AcDbVertex
100
AcDb3dPolylineVertex
 10
1139.0
 20
34.0
 30
294.2
 70
32
  0
VERTEX
  5
FFC
330
17
100
AcDbEntity
  8
RBAR-T8-H
100
AcDbVertex
100
AcDb3dPolylineVertex
 10
1137.0
 20
34.0
 30
296.7
 70
32
  0
VERTEX
  5
FFD
330
17
100
AcDbEntity
  8
RBAR-T8-H
100
AcDbVertex
100
AcDb3dPolylineVertex
 10
1135.5
 20
34.0
 30
299.5
 70
32
  0
VERTEX
  5
FFE
330
17
100
AcDbEntity
  8
RBAR-T8-H
100
AcDbVertex
100
AcDb3dPolylineVertex
 10
1134.6
 20
34.0
 30
302.6
 70
32
  0
VERTEX
  5
FFF
330
17
100
AcDbEntity
  8
RBAR-T8-H
100
AcDbVertex
100
AcDb3dPolylineVertex
 10
1134.2
 20
34.0
 30
305.7
 70
32
  0
VERTEX
  5
1000
330
17
100
AcDbEntity
  8
RBAR-T8-H
100
AcDbVertex
100
AcDb3dPolylineVertex
 10
1134.2
 20
34.0
 30
382.3
 70
32
  0
VERTEX
  5
1001
330
17
100
AcDbEntity
  8
RBAR-T8-H
100
AcDbVertex
100
AcDb3dPolylineVertex
 10
1134.6
 20
34.0
 30
385.5
 70
32
  0
VERTEX
  5
1002
330
17
100
AcDbEntity
  8
RBAR-T8-H
100
AcDbVertex
100
AcDb3dPolylineVertex
 10
1135.5
 20
34.0
 30
388.6
 70
32
  0
VERTEX
  5
1003
330
17
100
AcDbEntity
  8
RBAR-T8-H
100
AcDbVertex
100
AcDb3dPolylineVertex
 10
1137.0
 20
34.0
 30
391.4
 70
32
  0
VERTEX
  5
1004
330
17
100
AcDbEntity
  8
RBAR-T8-H
100
AcDbVertex
100
AcDb3dPolylineVertex
 10
1139.0
 20
34.0
 30
393.9
 70
32
  0
VERTEX
  5
1005
330
17
100
AcDbEntity
  8
RBAR-T8-H
100
AcDbVertex
100
AcDb3dPolylineVertex
 10
1141.5
 20
34.0
 30
395.9
 70
32
  0
VERTEX
  5
1006
330
17
100
AcDbEntity
  8
RBAR-T8-H
100
AcDbVertex
100
AcDb3dPolylineVertex
 10
1144.3
 20
34.0
 30
397.4
 70
32
  0
VERTEX
  5
1007
330
17
100
AcDbEntity
  8
RBAR-T8-H
100
AcDbVertex
100
AcDb3dPolylineVertex
 10
1147.4
 20
34.0
 30
398.4
 70
32
  0
VERTEX
  5
1008
330
17
100
AcDbEntity
  8
RBAR-T8-H
100
AcDbVertex
100
AcDb3dPolylineVertex
 10
1150.6
 20
34.0
 30
398.7
 70
32
  0
VERTEX
  5
1009
330
17
100
AcDbEntity
  8
RBAR-T8-H
100
AcDbVertex
100
AcDb3dPolylineVertex
 10
1538.7
 20
34.0
 30
398.7
 70
32
  0
SEQEND
  5
FE3
330
FE2
100
AcDbEntity
  8
RBAR-T8-H
  0
POLYLINE
  5
100A
330
17
100
AcDbEntity
  8
RBAR-T8-H
100
AcDb3dPolyline
 66
1
 10
0.0
 20
0.0
 30
0.0
 70
8
  0
VERTEX
  5
100C
330
17
100
AcDbEntity
  8
RBAR-T8-H
100
AcDbVertex
100
AcDb3dPolylineVertex
 10
1482.5
 20
34.0
 30
1292.7
 70
32
  0
VERTEX
  5
100D
330
17
100
AcDbEntity
  8
RBAR-T8-H
100
AcDbVertex
100
AcDb3dPolylineVertex
 10
1554.0
 20
34.0
 30
1292.7
 70
32
  0
VERTEX
  5
100E
330
17
100
AcDbEntity
  8
RBAR-T8-H
100
AcDbVertex
100
AcDb3dPolylineVertex
 10
1557.2
 20
34.0
 30
1292.4
 70
32
  0
VERTEX
  5
100F
330
17
100
AcDbEntity
  8
RBAR-T8-H
100
AcDbVertex
100
AcDb3dPolylineVertex
 10
1560.3
 20
34.0
 30
1291.5
 70
32
  0
VERTEX
  5
1010
330
17
100
AcDbEntity
  8
RBAR-T8-H
100
AcDbVertex
100
AcDb3dPolylineVertex
 10
1563.1
 20
34.0
 30
1289.9
 70
32
  0
VERTEX
  5
1011
330
17
100
AcDbEntity
  8
RBAR-T8-H
100
AcDbVertex
100
AcDb3dPolylineVertex
 10
1565.6
 20
34.0
 30
1287.9
 70
32
  0
VERTEX
  5
1012
330
17
100
AcDbEntity
  8
RBAR-T8-H
100
AcDbVertex
100
AcDb3dPolylineVertex
 10
1567.6
 20
34.0
 30
1285.4
 70
32
  0
VERTEX
  5
1013
330
17
100
AcDbEntity
  8
RBAR-T8-H
100
AcDbVertex
100
AcDb3dPolylineVertex
 10
1569.1
 20
34.0
 30
1282.6
 70
32
  0
VERTEX
  5
1014
330
17
100
AcDbEntity
  8
RBAR-T8-H
100
AcDbVertex
100
AcDb3dPolylineVertex
 10
1570.1
 20
34.0
 30
1279.5
 70
32
  0
VERTEX
  5
1015
330
17
100
AcDbEntity
  8
RBAR-T8-H
100
AcDbVertex
100
AcDb3dPolylineVertex
 10
1570.4
 20
34.0
 30
1276.4
 70
32
  0
VERTEX
  5
1016
330
17
100
AcDbEntity
  8
RBAR-T8-H
100
AcDbVertex
100
AcDb3dPolylineVertex
 10
1570.4
 20
34.0
 30
1143.6
 70
32
  0
VERTEX
  5
1017
330
17
100
AcDbEntity
  8
RBAR-T8-H
100
AcDbVertex
100
AcDb3dPolylineVertex
 10
1570.1
 20
34.0
 30
1140.4
 70
32
  0
VERTEX
  5
1018
330
17
100
AcDbEntity
  8
RBAR-T8-H
100
AcDbVertex
100
AcDb3dPolylineVertex
 10
1569.1
 20
34.0
 30
1137.3
 70
32
  0
VERTEX
  5
1019
330
17
100
AcDbEntity
  8
RBAR-T8-H
100
AcDbVertex
100
AcDb3dPolylineVertex
 10
1567.6
 20
34.0
 30
1134.5
 70
32
  0
VERTEX
  5
101A
330
17
100
AcDbEntity
  8
RBAR-T8-H
100
AcDbVertex
100
AcDb3dPolylineVertex
 10
1565.6
 20
34.0
 30
1132.0
 70
32
  0
VERTEX
  5
101B
330
17
100
AcDbEntity
  8
RBAR-T8-H
100
AcDbVertex
100
AcDb3dPolylineVertex
 10
1563.1
 20
34.0
 30
1130.0
 70
32
  0
VERTEX
  5
101C
330
17
100
AcDbEntity
  8
RBAR-T8-H
100
AcDbVertex
100
AcDb3dPolylineVertex
 10
1560.3
 20
34.0
 30
1128.5
 70
32
  0
VERTEX
  5
101D
330
17
100
AcDbEntity
  8
RBAR-T8-H
100
AcDbVertex
100
AcDb3dPolylineVertex
 10
1557.2
 20
34.0
 30
1127.5
 70
32
  0
VERTEX
  5
101E
330
17
100
AcDbEntity
  8
RBAR-T8-H
100
AcDbVertex
100
AcDb3dPolylineVertex
 10
1554.0
 20
34.0
 30
1127.2
 70
32
  0
VERTEX
  5
101F
330
17
100
AcDbEntity
  8
RBAR-T8-H
100
AcDbVertex
100
AcDb3dPolylineVertex
 10
1150.6
 20
34.0
 30
1127.2
 70
32
  0
VERTEX
  5
1020
330
17
100
AcDbEntity
  8
RBAR-T8-H
100
AcDbVertex
100
AcDb3dPolylineVertex
 10
1147.4
 20
34.0
 30
1127.5
 70
32
  0
VERTEX
  5
1021
330
17
100
AcDbEntity
  8
RBAR-T8-H
100
AcDbVertex
100
AcDb3dPolylineVertex
 10
1144.3
 20
34.0
 30
1128.5
 70
32
  0
VERTEX
  5
1022
330
17
100
AcDbEntity
  8
RBAR-T8-H
100
AcDbVertex
100
AcDb3dPolylineVertex
 10
1141.5
 20
34.0
 30
1130.0
 70
32
  0
VERTEX
  5
1023
330
17
100
AcDbEntity
  8
RBAR-T8-H
100
AcDbVertex
100
AcDb3dPolylineVertex
 10
1139.0
 20
34.0
 30
1132.0
 70
32
  0
VERTEX
  5
1024
330
17
100
AcDbEntity
  8
RBAR-T8-H
100
AcDbVertex
100
AcDb3dPolylineVertex
 10
1137.0
 20
34.0
 30
1134.5
 70
32
  0
VERTEX
  5
1025
330
17
100
AcDbEntity
  8
RBAR-T8-H
100
AcDbVertex
100
AcDb3dPolylineVertex
 10
1135.5
 20
34.0
 30
1137.3
 70
32
  0
VERTEX
  5
1026
330
17
100
AcDbEntity
  8
RBAR-T8-H
100
AcDbVertex
100
AcDb3dPolylineVertex
 10
1134.6
 20
34.0
 30
1140.4
 70
32
  0
VERTEX
  5
1027
330
17
100
AcDbEntity
  8
RBAR-T8-H
100
AcDbVertex
100
AcDb3dPolylineVertex
 10
1134.2
 20
34.0
 30
1143.6
 70
32
  0
VERTEX
  5
1028
330
17
100
AcDbEntity
  8
RBAR-T8-H
100
AcDbVertex
100
AcDb3dPolylineVertex
 10
1134.2
 20
34.0
 30
1220.2
 70
32
  0
VERTEX
  5
1029
330
17
100
AcDbEntity
  8
RBAR-T8-H
100
AcDbVertex
100
AcDb3dPolylineVertex
 10
1134.6
 20
34.0
 30
1223.4
 70
32
  0
VERTEX
  5
102A
330
17
100
AcDbEntity
  8
RBAR-T8-H
100
AcDbVertex
100
AcDb3dPolylineVertex
 10
1135.5
 20
34.0
 30
1226.4
 70
32
  0
VERTEX
  5
102B
330
17
100
AcDbEntity
  8
RBAR-T8-H
100
AcDbVertex
100
AcDb3dPolylineVertex
 10
1137.0
 20
34.0
 30
1229.3
 70
32
  0
VERTEX
  5
102C
330
17
100
AcDbEntity
  8
RBAR-T8-H
100
AcDbVertex
100
AcDb3dPolylineVertex
 10
1139.0
 20
34.0
 30
1231.7
 70
32
  0
VERTEX
  5
102D
330
17
100
AcDbEntity
  8
RBAR-T8-H
100
AcDbVertex
100
AcDb3dPolylineVertex
 10
1141.5
 20
34.0
 30
1233.8
 70
32
  0
VERTEX
  5
102E
330
17
100
AcDbEntity
  8
RBAR-T8-H
100
AcDbVertex
100
AcDb3dPolylineVertex
 10
1144.3
 20
34.0
 30
1235.3
 70
32
  0
VERTEX
  5
102F
330
17
100
AcDbEntity
  8
RBAR-T8-H
100
AcDbVertex
100
AcDb3dPolylineVertex
 10
1147.4
 20
34.0
 30
1236.2
 70
32
  0
VERTEX
  5
1030
330
17
100
AcDbEntity
  8
RBAR-T8-H
100
AcDbVertex
100
AcDb3dPolylineVertex
 10
1150.6
 20
34.0
 30
1236.5
 70
32
  0
VERTEX
  5
1031
330
17
100
AcDbEntity
  8
RBAR-T8-H
100
AcDbVertex
100
AcDb3dPolylineVertex
 10
1538.7
 20
34.0
 30
1236.5
 70
32
  0
SEQEND
  5
100B
330
100A
100
AcDbEntity
  8
RBAR-T8-H
  0
POLYLINE
  5
1032
330
17
100
AcDbEntity
  8
RBAR-T8-H
100
AcDb3dPolyline
 66
1
 10
0.0
 20
0.0
 30
0.0
 70
8
  0
VERTEX
  5
1034
330
17
100
AcDbEntity
  8
RBAR-T8-H
100
AcDbVertex
100
AcDb3dPolylineVertex
 10
1482.5
 20
34.0
 30
2130.5
 70
32
  0
VERTEX
  5
1035
330
17
100
AcDbEntity
  8
RBAR-T8-H
100
AcDbVertex
100
AcDb3dPolylineVertex
 10
1554.0
 20
34.0
 30
2130.5
 70
32
  0
VERTEX
  5
1036
330
17
100
AcDbEntity
  8
RBAR-T8-H
100
AcDbVertex
100
AcDb3dPolylineVertex
 10
1557.2
 20
34.0
 30
2130.2
 70
32
  0
VERTEX
  5
1037
330
17
100
AcDbEntity
  8
RBAR-T8-H
100
AcDbVertex
100
AcDb3dPolylineVertex
 10
1560.3
 20
34.0
 30
2129.3
 70
32
  0
VERTEX
  5
1038
330
17
100
AcDbEntity
  8
RBAR-T8-H
100
AcDbVertex
100
AcDb3dPolylineVertex
 10
1563.1
 20
34.0
 30
2127.8
 70
32
  0
VERTEX
  5
1039
330
17
100
AcDbEntity
  8
RBAR-T8-H
100
AcDbVertex
100
AcDb3dPolylineVertex
 10
1565.6
 20
34.0
 30
2125.7
 70
32
  0
VERTEX
  5
103A
330
17
100
AcDbEntity
  8
RBAR-T8-H
100
AcDbVertex
100
AcDb3dPolylineVertex
 10
1567.6
 20
34.0
 30
2123.3
 70
32
  0
VERTEX
  5
103B
330
17
100
AcDbEntity
  8
RBAR-T8-H
100
AcDbVertex
100
AcDb3dPolylineVertex
 10
1569.1
 20
34.0
 30
2120.4
 70
32
  0
VERTEX
  5
103C
330
17
100
AcDbEntity
  8
RBAR-T8-H
100
AcDbVertex
100
AcDb3dPolylineVertex
 10
1570.1
 20
34.0
 30
2117.4
 70
32
  0
VERTEX
  5
103D
330
17
100
AcDbEntity
  8
RBAR-T8-H
100
AcDbVertex
100
AcDb3dPolylineVertex
 10
1570.4
 20
34.0
 30
2114.2
 70
32
  0
VERTEX
  5
103E
330
17
100
AcDbEntity
  8
RBAR-T8-H
100
AcDbVertex
100
AcDb3dPolylineVertex
 10
1570.4
 20
34.0
 30
1981.4
 70
32
  0
VERTEX
  5
103F
330
17
100
AcDbEntity
  8
RBAR-T8-H
100
AcDbVertex
100
AcDb3dPolylineVertex
 10
1570.1
 20
34.0
 30
1978.2
 70
32
  0
VERTEX
  5
1040
330
17
100
AcDbEntity
  8
RBAR-T8-H
100
AcDbVertex
100
AcDb3dPolylineVertex
 10
1569.1
 20
34.0
 30
1975.2
 70
32
  0
VERTEX
  5
1041
330
17
100
AcDbEntity
  8
RBAR-T8-H
100
AcDbVertex
100
AcDb3dPolylineVertex
 10
1567.6
 20
34.0
 30
1972.3
 70
32
  0
VERTEX
  5
1042
330
17
100
AcDbEntity
  8
RBAR-T8-H
100
AcDbVertex
100
AcDb3dPolylineVertex
 10
1565.6
 20
34.0
 30
1969.9
 70
32
  0
VERTEX
  5
1043
330
17
100
AcDbEntity
  8
RBAR-T8-H
100
AcDbVertex
100
AcDb3dPolylineVertex
 10
1563.1
 20
34.0
 30
1967.8
 70
32
  0
VERTEX
  5
1044
330
17
100
AcDbEntity
  8
RBAR-T8-H
100
AcDbVertex
100
AcDb3dPolylineVertex
 10
1560.3
 20
34.0
 30
1966.3
 70
32
  0
VERTEX
  5
1045
330
17
100
AcDbEntity
  8
RBAR-T8-H
100
AcDbVertex
100
AcDb3dPolylineVertex
 10
1557.2
 20
34.0
 30
1965.4
 70
32
  0
VERTEX
  5
1046
330
17
100
AcDbEntity
  8
RBAR-T8-H
100
AcDbVertex
100
AcDb3dPolylineVertex
 10
1554.0
 20
34.0
 30
1965.1
 70
32
  0
VERTEX
  5
1047
330
17
100
AcDbEntity
  8
RBAR-T8-H
100
AcDbVertex
100
AcDb3dPolylineVertex
 10
1150.6
 20
34.0
 30
1965.1
 70
32
  0
VERTEX
  5
1048
330
17
100
AcDbEntity
  8
RBAR-T8-H
100
AcDbVertex
100
AcDb3dPolylineVertex
 10
1147.4
 20
34.0
 30
1965.4
 70
32
  0
VERTEX
  5
1049
330
17
100
AcDbEntity
  8
RBAR-T8-H
100
AcDbVertex
100
AcDb3dPolylineVertex
 10
1144.3
 20
34.0
 30
1966.3
 70
32
  0
VERTEX
  5
104A
330
17
100
AcDbEntity
  8
RBAR-T8-H
100
AcDbVertex
100
AcDb3dPolylineVertex
 10
1141.5
 20
34.0
 30
1967.8
 70
32
  0
VERTEX
  5
104B
330
17
100
AcDbEntity
  8
RBAR-T8-H
100
AcDbVertex
100
AcDb3dPolylineVertex
 10
1139.0
 20
34.0
 30
1969.9
 70
32
  0
VERTEX
  5
104C
330
17
100
AcDbEntity
  8
RBAR-T8-H
100
AcDbVertex
100
AcDb3dPolylineVertex
 10
1137.0
 20
34.0
 30
1972.3
 70
32
  0
VERTEX
  5
104D
330
17
100
AcDbEntity
  8
RBAR-T8-H
100
AcDbVertex
100
AcDb3dPolylineVertex
 10
1135.5
 20
34.0
 30
1975.2
 70
32
  0
VERTEX
  5
104E
330
17
100
AcDbEntity
  8
RBAR-T8-H
100
AcDbVertex
100
AcDb3dPolylineVertex
 10
1134.6
 20
34.0
 30
1978.2
 70
32
  0
VERTEX
  5
104F
330
17
100
AcDbEntity
  8
RBAR-T8-H
100
AcDbVertex
100
AcDb3dPolylineVertex
 10
1134.2
 20
34.0
 30
1981.4
 70
32
  0
VERTEX
  5
1050
330
17
100
AcDbEntity
  8
RBAR-T8-H
100
AcDbVertex
100
AcDb3dPolylineVertex
 10
1134.2
 20
34.0
 30
2058.0
 70
32
  0
VERTEX
  5
1051
330
17
100
AcDbEntity
  8
RBAR-T8-H
100
AcDbVertex
100
AcDb3dPolylineVertex
 10
1134.6
 20
34.0
 30
2061.2
 70
32
  0
VERTEX
  5
1052
330
17
100
AcDbEntity
  8
RBAR-T8-H
100
AcDbVertex
100
AcDb3dPolylineVertex
 10
1135.5
 20
34.0
 30
2064.3
 70
32
  0
VERTEX
  5
1053
330
17
100
AcDbEntity
  8
RBAR-T8-H
100
AcDbVertex
100
AcDb3dPolylineVertex
 10
1137.0
 20
34.0
 30
2067.1
 70
32
  0
VERTEX
  5
1054
330
17
100
AcDbEntity
  8
RBAR-T8-H
100
AcDbVertex
100
AcDb3dPolylineVertex
 10
1139.0
 20
34.0
 30
2069.6
 70
32
  0
VERTEX
  5
1055
330
17
100
AcDbEntity
  8
RBAR-T8-H
100
AcDbVertex
100
AcDb3dPolylineVertex
 10
1141.5
 20
34.0
 30
2071.6
 70
32
  0
VERTEX
  5
1056
330
17
100
AcDbEntity
  8
RBAR-T8-H
100
AcDbVertex
100
AcDb3dPolylineVertex
 10
1144.3
 20
34.0
 30
2073.1
 70
32
  0
VERTEX
  5
1057
330
17
100
AcDbEntity
  8
RBAR-T8-H
100
AcDbVertex
100
AcDb3dPolylineVertex
 10
1147.4
 20
34.0
 30
2074.0
 70
32
  0
VERTEX
  5
1058
330
17
100
AcDbEntity
  8
RBAR-T8-H
100
AcDbVertex
100
AcDb3dPolylineVertex
 10
1150.6
 20
34.0
 30
2074.4
 70
32
  0
VERTEX
  5
1059
330
17
100
AcDbEntity
  8
RBAR-T8-H
100
AcDbVertex
100
AcDb3dPolylineVertex
 10
1538.7
 20
34.0
 30
2074.4
 70
32
  0
SEQEND
  5
1033
330
1032
100
AcDbEntity
  8
RBAR-T8-H
  0
POLYLINE
  5
105A
330
17
100
AcDbEntity
  8
RBAR-T8-H
100
AcDb3dPolyline
 66
1
 10
0.0
 20
0.0
 30
0.0
 70
8
  0
VERTEX
  5
105C
330
17
100
AcDbEntity
  8
RBAR-T8-H
100
AcDbVertex
100
AcDb3dPolylineVertex
 10
1482.5
 20
34.0
 30
2968.4
 70
32
  0
VERTEX
  5
105D
330
17
100
AcDbEntity
  8
RBAR-T8-H
100
AcDbVertex
100
AcDb3dPolylineVertex
 10
1554.0
 20
34.0
 30
2968.4
 70
32
  0
VERTEX
  5
105E
330
17
100
AcDbEntity
  8
RBAR-T8-H
100
AcDbVertex
100
AcDb3dPolylineVertex
 10
1557.2
 20
34.0
 30
2968.1
 70
32
  0
VERTEX
  5
105F
330
17
100
AcDbEntity
  8
RBAR-T8-H
100
AcDbVertex
100
AcDb3dPolylineVertex
 10
1560.3
 20
34.0
 30
2967.1
 70
32
  0
VERTEX
  5
1060
330
17
100
AcDbEntity
  8
RBAR-T8-H
100
AcDbVertex
100
AcDb3dPolylineVertex
 10
1563.1
 20
34.0
 30
2965.6
 70
32
  0
VERTEX
  5
1061
330
17
100
AcDbEntity
  8
RBAR-T8-H
100
AcDbVertex
100
AcDb3dPolylineVertex
 10
1565.6
 20
34.0
 30
2963.6
 70
32
  0
VERTEX
  5
1062
330
17
100
AcDbEntity
  8
RBAR-T8-H
100
AcDbVertex
100
AcDb3dPolylineVertex
 10
1567.6
 20
34.0
 30
2961.1
 70
32
  0
VERTEX
  5
1063
330
17
100
AcDbEntity
  8
RBAR-T8-H
100
AcDbVertex
100
AcDb3dPolylineVertex
 10
1569.1
 20
34.0
 30
2958.3
 70
32
  0
VERTEX
  5
1064
330
17
100
AcDbEntity
  8
RBAR-T8-H
100
AcDbVertex
100
AcDb3dPolylineVertex
 10
1570.1
 20
34.0
 30
2955.2
 70
32
  0
VERTEX
  5
1065
330
17
100
AcDbEntity
  8
RBAR-T8-H
100
AcDbVertex
100
AcDb3dPolylineVertex
 10
1570.4
 20
34.0
 30
2952.0
 70
32
  0
VERTEX
  5
1066
330
17
100
AcDbEntity
  8
RBAR-T8-H
100
AcDbVertex
100
AcDb3dPolylineVertex
 10
1570.4
 20
34.0
 30
2819.2
 70
32
  0
VERTEX
  5
1067
330
17
100
AcDbEntity
  8
RBAR-T8-H
100
AcDbVertex
100
AcDb3dPolylineVertex
 10
1570.1
 20
34.0
 30
2816.1
 70
32
  0
VERTEX
  5
1068
330
17
100
AcDbEntity
  8
RBAR-T8-H
100
AcDbVertex
100
AcDb3dPolylineVertex
 10
1569.1
 20
34.0
 30
2813.0
 70
32
  0
VERTEX
  5
1069
330
17
100
AcDbEntity
  8
RBAR-T8-H
100
AcDbVertex
100
AcDb3dPolylineVertex
 10
1567.6
 20
34.0
 30
2810.2
 70
32
  0
VERTEX
  5
106A
330
17
100
AcDbEntity
  8
RBAR-T8-H
100
AcDbVertex
100
AcDb3dPolylineVertex
 10
1565.6
 20
34.0
 30
2807.7
 70
32
  0
VERTEX
  5
106B
330
17
100
AcDbEntity
  8
RBAR-T8-H
100
AcDbVertex
100
AcDb3dPolylineVertex
 10
1563.1
 20
34.0
 30
2805.7
 70
32
  0
VERTEX
  5
106C
330
17
100
AcDbEntity
  8
RBAR-T8-H
100
AcDbVertex
100
AcDb3dPolylineVertex
 10
1560.3
 20
34.0
 30
2804.1
 70
32
  0
VERTEX
  5
106D
330
17
100
AcDbEntity
  8
RBAR-T8-H
100
AcDbVertex
100
AcDb3dPolylineVertex
 10
1557.2
 20
34.0
 30
2803.2
 70
32
  0
VERTEX
  5
106E
330
17
100
AcDbEntity
  8
RBAR-T8-H
100
AcDbVertex
100
AcDb3dPolylineVertex
 10
1554.0
 20
34.0
 30
2802.9
 70
32
  0
VERTEX
  5
106F
330
17
100
AcDbEntity
  8
RBAR-T8-H
100
AcDbVertex
100
AcDb3dPolylineVertex
 10
1150.6
 20
34.0
 30
2802.9
 70
32
  0
VERTEX
  5
1070
330
17
100
AcDbEntity
  8
RBAR-T8-H
100
AcDbVertex
100
AcDb3dPolylineVertex
 10
1147.4
 20
34.0
 30
2803.2
 70
32
  0
VERTEX
  5
1071
330
17
100
AcDbEntity
  8
RBAR-T8-H
100
AcDbVertex
100
AcDb3dPolylineVertex
 10
1144.3
 20
34.0
 30
2804.1
 70
32
  0
VERTEX
  5
1072
330
17
100
AcDbEntity
  8
RBAR-T8-H
100
AcDbVertex
100
AcDb3dPolylineVertex
 10
1141.5
 20
34.0
 30
2805.7
 70
32
  0
VERTEX
  5
1073
330
17
100
AcDbEntity
  8
RBAR-T8-H
100
AcDbVertex
100
AcDb3dPolylineVertex
 10
1139.0
 20
34.0
 30
2807.7
 70
32
  0
VERTEX
  5
1074
330
17
100
AcDbEntity
  8
RBAR-T8-H
100
AcDbVertex
100
AcDb3dPolylineVertex
 10
1137.0
 20
34.0
 30
2810.2
 70
32
  0
VERTEX
  5
1075
330
17
100
AcDbEntity
  8
RBAR-T8-H
100
AcDbVertex
100
AcDb3dPolylineVertex
 10
1135.5
 20
34.0
 30
2813.0
 70
32
  0
VERTEX
  5
1076
330
17
100
AcDbEntity
  8
RBAR-T8-H
100
AcDbVertex
100
AcDb3dPolylineVertex
 10
1134.6
 20
34.0
 30
2816.1
 70
32
  0
VERTEX
  5
1077
330
17
100
AcDbEntity
  8
RBAR-T8-H
100
AcDbVertex
100
AcDb3dPolylineVertex
 10
1134.2
 20
34.0
 30
2819.2
 70
32
  0
VERTEX
  5
1078
330
17
100
AcDbEntity
  8
RBAR-T8-H
100
AcDbVertex
100
AcDb3dPolylineVertex
 10
1134.2
 20
34.0
 30
2895.8
 70
32
  0
VERTEX
  5
1079
330
17
100
AcDbEntity
  8
RBAR-T8-H
100
AcDbVertex
100
AcDb3dPolylineVertex
 10
1134.6
 20
34.0
 30
2899.0
 70
32
  0
VERTEX
  5
107A
330
17
100
AcDbEntity
  8
RBAR-T8-H
100
AcDbVertex
100
AcDb3dPolylineVertex
 10
1135.5
 20
34.0
 30
2902.1
 70
32
  0
VERTEX
  5
107B
330
17
100
AcDbEntity
  8
RBAR-T8-H
100
AcDbVertex
100
AcDb3dPolylineVertex
 10
1137.0
 20
34.0
 30
2904.9
 70
32
  0
VERTEX
  5
107C
330
17
100
AcDbEntity
  8
RBAR-T8-H
100
AcDbVertex
100
AcDb3dPolylineVertex
 10
1139.0
 20
34.0
 30
2907.4
 70
32
  0
VERTEX
  5
107D
330
17
100
AcDbEntity
  8
RBAR-T8-H
100
AcDbVertex
100
AcDb3dPolylineVertex
 10
1141.5
 20
34.0
 30
2909.4
 70
32
  0
VERTEX
  5
107E
330
17
100
AcDbEntity
  8
RBAR-T8-H
100
AcDbVertex
100
AcDb3dPolylineVertex
 10
1144.3
 20
34.0
 30
2910.9
 70
32
  0
VERTEX
  5
107F
330
17
100
AcDbEntity
  8
RBAR-T8-H
100
AcDbVertex
100
AcDb3dPolylineVertex
 10
1147.4
 20
34.0
 30
2911.9
 70
32
  0
VERTEX
  5
1080
330
17
100
AcDbEntity
  8
RBAR-T8-H
100
AcDbVertex
100
AcDb3dPolylineVertex
 10
1150.6
 20
34.0
 30
2912.2
 70
32
  0
VERTEX
  5
1081
330
17
100
AcDbEntity
  8
RBAR-T8-H
100
AcDbVertex
100
AcDb3dPolylineVertex
 10
1538.7
 20
34.0
 30
2912.2
 70
32
  0
SEQEND
  5
105B
330
105A
100
AcDbEntity
  8
RBAR-T8-H
  0
POLYLINE
  5
1082
330
17
100
AcDbEntity
  8
RBAR-T8-H
100
AcDb3dPolyline
 66
1
 10
0.0
 20
0.0
 30
0.0
 70
8
  0
VERTEX
  5
1084
330
17
100
AcDbEntity
  8
RBAR-T8-H
100
AcDbVertex
100
AcDb3dPolylineVertex
 10
1482.5
 20
34.0
 30
3806.2
 70
32
  0
VERTEX
  5
1085
330
17
100
AcDbEntity
  8
RBAR-T8-H
100
AcDbVertex
100
AcDb3dPolylineVertex
 10
1554.0
 20
34.0
 30
3806.2
 70
32
  0
VERTEX
  5
1086
330
17
100
AcDbEntity
  8
RBAR-T8-H
100
AcDbVertex
100
AcDb3dPolylineVertex
 10
1557.2
 20
34.0
 30
3805.9
 70
32
  0
VERTEX
  5
1087
330
17
100
AcDbEntity
  8
RBAR-T8-H
100
AcDbVertex
100
AcDb3dPolylineVertex
 10
1560.3
 20
34.0
 30
3805.0
 70
32
  0
VERTEX
  5
1088
330
17
100
AcDbEntity
  8
RBAR-T8-H
100
AcDbVertex
100
AcDb3dPolylineVertex
 10
1563.1
 20
34.0
 30
3803.4
 70
32
  0
VERTEX
  5
1089
330
17
100
AcDbEntity
  8
RBAR-T8-H
100
AcDbVertex
100
AcDb3dPolylineVertex
 10
1565.6
 20
34.0
 30
3801.4
 70
32
  0
VERTEX
  5
108A
330
17
100
AcDbEntity
  8
RBAR-T8-H
100
AcDbVertex
100
AcDb3dPolylineVertex
 10
1567.6
 20
34.0
 30
3798.9
 70
32
  0
VERTEX
  5
108B
330
17
100
AcDbEntity
  8
RBAR-T8-H
100
AcDbVertex
100
AcDb3dPolylineVertex
 10
1569.1
 20
34.0
 30
3796.1
 70
32
  0
VERTEX
  5
108C
330
17
100
AcDbEntity
  8
RBAR-T8-H
100
AcDbVertex
100
AcDb3dPolylineVertex
 10
1570.1
 20
34.0
 30
3793.0
 70
32
  0
VERTEX
  5
108D
330
17
100
AcDbEntity
  8
RBAR-T8-H
100
AcDbVertex
100
AcDb3dPolylineVertex
 10
1570.4
 20
34.0
 30
3789.9
 70
32
  0
VERTEX
  5
108E
330
17
100
AcDbEntity
  8
RBAR-T8-H
100
AcDbVertex
100
AcDb3dPolylineVertex
 10
1570.4
 20
34.0
 30
3657.1
 70
32
  0
VERTEX
  5
108F
330
17
100
AcDbEntity
  8
RBAR-T8-H
100
AcDbVertex
100
AcDb3dPolylineVertex
 10
1570.1
 20
34.0
 30
3653.9
 70
32
  0
VERTEX
  5
1090
330
17
100
AcDbEntity
  8
RBAR-T8-H
100
AcDbVertex
100
AcDb3dPolylineVertex
 10
1569.1
 20
34.0
 30
3650.8
 70
32
  0
VERTEX
  5
1091
330
17
100
AcDbEntity
  8
RBAR-T8-H
100
AcDbVertex
100
AcDb3dPolylineVertex
 10
1567.6
 20
34.0
 30
3648.0
 70
32
  0
VERTEX
  5
1092
330
17
100
AcDbEntity
  8
RBAR-T8-H
100
AcDbVertex
100
AcDb3dPolylineVertex
 10
1565.6
 20
34.0
 30
3645.5
 70
32
  0
VERTEX
  5
1093
330
17
100
AcDbEntity
  8
RBAR-T8-H
100
AcDbVertex
100
AcDb3dPolylineVertex
 10
1563.1
 20
34.0
 30
3643.5
 70
32
  0
VERTEX
  5
1094
330
17
100
AcDbEntity
  8
RBAR-T8-H
100
AcDbVertex
100
AcDb3dPolylineVertex
 10
1560.3
 20
34.0
 30
3642.0
 70
32
  0
VERTEX
  5
1095
330
17
100
AcDbEntity
  8
RBAR-T8-H
100
AcDbVertex
100
AcDb3dPolylineVertex
 10
1557.2
 20
34.0
 30
3641.0
 70
32
  0
VERTEX
  5
1096
330
17
100
AcDbEntity
  8
RBAR-T8-H
100
AcDbVertex
100
AcDb3dPolylineVertex
 10
1554.0
 20
34.0
 30
3640.7
 70
32
  0
VERTEX
  5
1097
330
17
100
AcDbEntity
  8
RBAR-T8-H
100
AcDbVertex
100
AcDb3dPolylineVertex
 10
1150.6
 20
34.0
 30
3640.7
 70
32
  0
VERTEX
  5
1098
330
17
100
AcDbEntity
  8
RBAR-T8-H
100
AcDbVertex
100
AcDb3dPolylineVertex
 10
1147.4
 20
34.0
 30
3641.0
 70
32
  0
VERTEX
  5
1099
330
17
100
AcDbEntity
  8
RBAR-T8-H
100
AcDbVertex
100
AcDb3dPolylineVertex
 10
1144.3
 20
34.0
 30
3642.0
 70
32
  0
VERTEX
  5
109A
330
17
100
AcDbEntity
  8
RBAR-T8-H
100
AcDbVertex
100
AcDb3dPolylineVertex
 10
1141.5
 20
34.0
 30
3643.5
 70
32
  0
VERTEX
  5
109B
330
17
100
AcDbEntity
  8
RBAR-T8-H
100
AcDbVertex
100
AcDb3dPolylineVertex
 10
1139.0
 20
34.0
 30
3645.5
 70
32
  0
VERTEX
  5
109C
330
17
100
AcDbEntity
  8
RBAR-T8-H
100
AcDbVertex
100
AcDb3dPolylineVertex
 10
1137.0
 20
34.0
 30
3648.0
 70
32
  0
VERTEX
  5
109D
330
17
100
AcDbEntity
  8
RBAR-T8-H
100
AcDbVertex
100
AcDb3dPolylineVertex
 10
1135.5
 20
34.0
 30
3650.8
 70
32
  0
VERTEX
  5
109E
330
17
100
AcDbEntity
  8
RBAR-T8-H
100
AcDbVertex
100
AcDb3dPolylineVertex
 10
1134.6
 20
34.0
 30
3653.9
 70
32
  0
VERTEX
  5
109F
330
17
100
AcDbEntity
  8
RBAR-T8-H
100
AcDbVertex
100
AcDb3dPolylineVertex
 10
1134.2
 20
34.0
 30
3657.1
 70
32
  0
VERTEX
  5
10A0
330
17
100
AcDbEntity
  8
RBAR-T8-H
100
AcDbVertex
100
AcDb3dPolylineVertex
 10
1134.2
 20
34.0
 30
3733.7
 70
32
  0
VERTEX
  5
10A1
330
17
100
AcDbEntity
  8
RBAR-T8-H
100
AcDbVertex
100
AcDb3dPolylineVertex
 10
1134.6
 20
34.0
 30
3736.9
 70
32
  0
VERTEX
  5
10A2
330
17
100
AcDbEntity
  8
RBAR-T8-H
100
AcDbVertex
100
AcDb3dPolylineVertex
 10
1135.5
 20
34.0
 30
3739.9
 70
32
  0
VERTEX
  5
10A3
330
17
100
AcDbEntity
  8
RBAR-T8-H
100
AcDbVertex
100
AcDb3dPolylineVertex
 10
1137.0
 20
34.0
 30
3742.8
 70
32
  0
VERTEX
  5
10A4
330
17
100
AcDbEntity
  8
RBAR-T8-H
100
AcDbVertex
100
AcDb3dPolylineVertex
 10
1139.0
 20
34.0
 30
3745.2
 70
32
  0
VERTEX
  5
10A5
330
17
100
AcDbEntity
  8
RBAR-T8-H
100
AcDbVertex
100
AcDb3dPolylineVertex
 10
1141.5
 20
34.0
 30
3747.3
 70
32
  0
VERTEX
  5
10A6
330
17
100
AcDbEntity
  8
RBAR-T8-H
100
AcDbVertex
100
AcDb3dPolylineVertex
 10
1144.3
 20
34.0
 30
3748.8
 70
32
  0
VERTEX
  5
10A7
330
17
100
AcDbEntity
  8
RBAR-T8-H
100
AcDbVertex
100
AcDb3dPolylineVertex
 10
1147.4
 20
34.0
 30
3749.7
 70
32
  0
VERTEX
  5
10A8
330
17
100
AcDbEntity
  8
RBAR-T8-H
100
AcDbVertex
100
AcDb3dPolylineVertex
 10
1150.6
 20
34.0
 30
3750.0
 70
32
  0
VERTEX
  5
10A9
330
17
100
AcDbEntity
  8
RBAR-T8-H
100
AcDbVertex
100
AcDb3dPolylineVertex
 10
1538.7
 20
34.0
 30
3750.0
 70
32
  0
SEQEND
  5
1083
330
1082
100
AcDbEntity
  8
RBAR-T8-H
  0
POLYLINE
  5
10AA
330
17
100
AcDbEntity
  8
RBAR-T8-H
100
AcDb3dPolyline
 66
1
 10
0.0
 20
0.0
 30
0.0
 70
8
  0
VERTEX
  5
10AC
330
17
100
AcDbEntity
  8
RBAR-T8-H
100
AcDbVertex
100
AcDb3dPolylineVertex
 10
1482.5
 20
34.0
 30
4644.0
 70
32
  0
VERTEX
  5
10AD
330
17
100
AcDbEntity
  8
RBAR-T8-H
100
AcDbVertex
100
AcDb3dPolylineVertex
 10
1554.0
 20
34.0
 30
4644.0
 70
32
  0
VERTEX
  5
10AE
330
17
100
AcDbEntity
  8
RBAR-T8-H
100
AcDbVertex
100
AcDb3dPolylineVertex
 10
1557.2
 20
34.0
 30
4643.7
 70
32
  0
VERTEX
  5
10AF
330
17
100
AcDbEntity
  8
RBAR-T8-H
100
AcDbVertex
100
AcDb3dPolylineVertex
 10
1560.3
 20
34.0
 30
4642.8
 70
32
  0
VERTEX
  5
10B0
330
17
100
AcDbEntity
  8
RBAR-T8-H
100
AcDbVertex
100
AcDb3dPolylineVertex
 10
1563.1
 20
34.0
 30
4641.3
 70
32
  0
VERTEX
  5
10B1
330
17
100
AcDbEntity
  8
RBAR-T8-H
100
AcDbVertex
100
AcDb3dPolylineVertex
 10
1565.6
 20
34.0
 30
4639.2
 70
32
  0
VERTEX
  5
10B2
330
17
100
AcDbEntity
  8
RBAR-T8-H
100
AcDbVertex
100
AcDb3dPolylineVertex
 10
1567.6
 20
34.0
 30
4636.8
 70
32
  0
VERTEX
  5
10B3
330
17
100
AcDbEntity
  8
RBAR-T8-H
100
AcDbVertex
100
AcDb3dPolylineVertex
 10
1569.1
 20
34.0
 30
4633.9
 70
32
  0
VERTEX
  5
10B4
330
17
100
AcDbEntity
  8
RBAR-T8-H
100
AcDbVertex
100
AcDb3dPolylineVertex
 10
1570.1
 20
34.0
 30
4630.9
 70
32
  0
VERTEX
  5
10B5
330
17
100
AcDbEntity
  8
RBAR-T8-H
100
AcDbVertex
100
AcDb3dPolylineVertex
 10
1570.4
 20
34.0
 30
4627.7
 70
32
  0
VERTEX
  5
10B6
330
17
100
AcDbEntity
  8
RBAR-T8-H
100
AcDbVertex
100
AcDb3dPolylineVertex
 10
1570.4
 20
34.0
 30
4494.9
 70
32
  0
VERTEX
  5
10B7
330
17
100
AcDbEntity
  8
RBAR-T8-H
100
AcDbVertex
100
AcDb3dPolylineVertex
 10
1570.1
 20
34.0
 30
4491.7
 70
32
  0
VERTEX
  5
10B8
330
17
100
AcDbEntity
  8
RBAR-T8-H
100
AcDbVertex
100
AcDb3dPolylineVertex
 10
1569.1
 20
34.0
 30
4488.7
 70
32
  0
VERTEX
  5
10B9
330
17
100
AcDbEntity
  8
RBAR-T8-H
100
AcDbVertex
100
AcDb3dPolylineVertex
 10
1567.6
 20
34.0
 30
4485.8
 70
32
  0
VERTEX
  5
10BA
330
17
100
AcDbEntity
  8
RBAR-T8-H
100
AcDbVertex
100
AcDb3dPolylineVertex
 10
1565.6
 20
34.0
 30
4483.4
 70
32
  0
VERTEX
  5
10BB
330
17
100
AcDbEntity
  8
RBAR-T8-H
100
AcDbVertex
100
AcDb3dPolylineVertex
 10
1563.1
 20
34.0
 30
4481.3
 70
32
  0
VERTEX
  5
10BC
330
17
100
AcDbEntity
  8
RBAR-T8-H
100
AcDbVertex
100
AcDb3dPolylineVertex
 10
1560.3
 20
34.0
 30
4479.8
 70
32
  0
VERTEX
  5
10BD
330
17
100
AcDbEntity
  8
RBAR-T8-H
100
AcDbVertex
100
AcDb3dPolylineVertex
 10
1557.2
 20
34.0
 30
4478.9
 70
32
  0
VERTEX
  5
10BE
330
17
100
AcDbEntity
  8
RBAR-T8-H
100
AcDbVertex
100
AcDb3dPolylineVertex
 10
1554.0
 20
34.0
 30
4478.6
 70
32
  0
VERTEX
  5
10BF
330
17
100
AcDbEntity
  8
RBAR-T8-H
100
AcDbVertex
100
AcDb3dPolylineVertex
 10
1150.6
 20
34.0
 30
4478.6
 70
32
  0
VERTEX
  5
10C0
330
17
100
AcDbEntity
  8
RBAR-T8-H
100
AcDbVertex
100
AcDb3dPolylineVertex
 10
1147.4
 20
34.0
 30
4478.9
 70
32
  0
VERTEX
  5
10C1
330
17
100
AcDbEntity
  8
RBAR-T8-H
100
AcDbVertex
100
AcDb3dPolylineVertex
 10
1144.3
 20
34.0
 30
4479.8
 70
32
  0
VERTEX
  5
10C2
330
17
100
AcDbEntity
  8
RBAR-T8-H
100
AcDbVertex
100
AcDb3dPolylineVertex
 10
1141.5
 20
34.0
 30
4481.3
 70
32
  0
VERTEX
  5
10C3
330
17
100
AcDbEntity
  8
RBAR-T8-H
100
AcDbVertex
100
AcDb3dPolylineVertex
 10
1139.0
 20
34.0
 30
4483.4
 70
32
  0
VERTEX
  5
10C4
330
17
100
AcDbEntity
  8
RBAR-T8-H
100
AcDbVertex
100
AcDb3dPolylineVertex
 10
1137.0
 20
34.0
 30
4485.8
 70
32
  0
VERTEX
  5
10C5
330
17
100
AcDbEntity
  8
RBAR-T8-H
100
AcDbVertex
100
AcDb3dPolylineVertex
 10
1135.5
 20
34.0
 30
4488.7
 70
32
  0
VERTEX
  5
10C6
330
17
100
AcDbEntity
  8
RBAR-T8-H
100
AcDbVertex
100
AcDb3dPolylineVertex
 10
1134.6
 20
34.0
 30
4491.7
 70
32
  0
VERTEX
  5
10C7
330
17
100
AcDbEntity
  8
RBAR-T8-H
100
AcDbVertex
100
AcDb3dPolylineVertex
 10
1134.2
 20
34.0
 30
4494.9
 70
32
  0
VERTEX
  5
10C8
330
17
100
AcDbEntity
  8
RBAR-T8-H
100
AcDbVertex
100
AcDb3dPolylineVertex
 10
1134.2
 20
34.0
 30
4571.5
 70
32
  0
VERTEX
  5
10C9
330
17
100
AcDbEntity
  8
RBAR-T8-H
100
AcDbVertex
100
AcDb3dPolylineVertex
 10
1134.6
 20
34.0
 30
4574.7
 70
32
  0
VERTEX
  5
10CA
330
17
100
AcDbEntity
  8
RBAR-T8-H
100
AcDbVertex
100
AcDb3dPolylineVertex
 10
1135.5
 20
34.0
 30
4577.8
 70
32
  0
VERTEX
  5
10CB
330
17
100
AcDbEntity
  8
RBAR-T8-H
100
AcDbVertex
100
AcDb3dPolylineVertex
 10
1137.0
 20
34.0
 30
4580.6
 70
32
  0
VERTEX
  5
10CC
330
17
100
AcDbEntity
  8
RBAR-T8-H
100
AcDbVertex
100
AcDb3dPolylineVertex
 10
1139.0
 20
34.0
 30
4583.1
 70
32
  0
VERTEX
  5
10CD
330
17
100
AcDbEntity
  8
RBAR-T8-H
100
AcDbVertex
100
AcDb3dPolylineVertex
 10
1141.5
 20
34.0
 30
4585.1
 70
32
  0
VERTEX
  5
10CE
330
17
100
AcDbEntity
  8
RBAR-T8-H
100
AcDbVertex
100
AcDb3dPolylineVertex
 10
1144.3
 20
34.0
 30
4586.6
 70
32
  0
VERTEX
  5
10CF
330
17
100
AcDbEntity
  8
RBAR-T8-H
100
AcDbVertex
100
AcDb3dPolylineVertex
 10
1147.4
 20
34.0
 30
4587.5
 70
32
  0
VERTEX
  5
10D0
330
17
100
AcDbEntity
  8
RBAR-T8-H
100
AcDbVertex
100
AcDb3dPolylineVertex
 10
1150.6
 20
34.0
 30
4587.9
 70
32
  0
VERTEX
  5
10D1
330
17
100
AcDbEntity
  8
RBAR-T8-H
100
AcDbVertex
100
AcDb3dPolylineVertex
 10
1538.7
 20
34.0
 30
4587.9
 70
32
  0
SEQEND
  5
10AB
330
10AA
100
AcDbEntity
  8
RBAR-T8-H
  0
POLYLINE
  5
10D2
330
17
100
AcDbEntity
  8
RBAR-T8-H
100
AcDb3dPolyline
 66
1
 10
0.0
 20
0.0
 30
0.0
 70
8
  0
VERTEX
  5
10D4
330
17
100
AcDbEntity
  8
RBAR-T8-H
100
AcDbVertex
100
AcDb3dPolylineVertex
 10
2032.7
 20
34.0
 30
454.9
 70
32
  0
VERTEX
  5
10D5
330
17
100
AcDbEntity
  8
RBAR-T8-H
100
AcDbVertex
100
AcDb3dPolylineVertex
 10
2104.2
 20
34.0
 30
454.9
 70
32
  0
VERTEX
  5
10D6
330
17
100
AcDbEntity
  8
RBAR-T8-H
100
AcDbVertex
100
AcDb3dPolylineVertex
 10
2107.3
 20
34.0
 30
454.6
 70
32
  0
VERTEX
  5
10D7
330
17
100
AcDbEntity
  8
RBAR-T8-H
100
AcDbVertex
100
AcDb3dPolylineVertex
 10
2110.4
 20
34.0
 30
453.6
 70
32
  0
VERTEX
  5
10D8
330
17
100
AcDbEntity
  8
RBAR-T8-H
100
AcDbVertex
100
AcDb3dPolylineVertex
 10
2113.2
 20
34.0
 30
452.1
 70
32
  0
VERTEX
  5
10D9
330
17
100
AcDbEntity
  8
RBAR-T8-H
100
AcDbVertex
100
AcDb3dPolylineVertex
 10
2115.7
 20
34.0
 30
450.1
 70
32
  0
VERTEX
  5
10DA
330
17
100
AcDbEntity
  8
RBAR-T8-H
100
AcDbVertex
100
AcDb3dPolylineVertex
 10
2117.7
 20
34.0
 30
447.6
 70
32
  0
VERTEX
  5
10DB
330
17
100
AcDbEntity
  8
RBAR-T8-H
100
AcDbVertex
100
AcDb3dPolylineVertex
 10
2119.3
 20
34.0
 30
444.8
 70
32
  0
VERTEX
  5
10DC
330
17
100
AcDbEntity
  8
RBAR-T8-H
100
AcDbVertex
100
AcDb3dPolylineVertex
 10
2120.2
 20
34.0
 30
441.7
 70
32
  0
VERTEX
  5
10DD
330
17
100
AcDbEntity
  8
RBAR-T8-H
100
AcDbVertex
100
AcDb3dPolylineVertex
 10
2120.5
 20
34.0
 30
438.5
 70
32
  0
VERTEX
  5
10DE
330
17
100
AcDbEntity
  8
RBAR-T8-H
100
AcDbVertex
100
AcDb3dPolylineVertex
 10
2120.5
 20
34.0
 30
305.7
 70
32
  0
VERTEX
  5
10DF
330
17
100
AcDbEntity
  8
RBAR-T8-H
100
AcDbVertex
100
AcDb3dPolylineVertex
 10
2120.2
 20
34.0
 30
302.6
 70
32
  0
VERTEX
  5
10E0
330
17
100
AcDbEntity
  8
RBAR-T8-H
100
AcDbVertex
100
AcDb3dPolylineVertex
 10
2119.3
 20
34.0
 30
299.5
 70
32
  0
VERTEX
  5
10E1
330
17
100
AcDbEntity
  8
RBAR-T8-H
100
AcDbVertex
100
AcDb3dPolylineVertex
 10
2117.7
 20
34.0
 30
296.7
 70
32
  0
VERTEX
  5
10E2
330
17
100
AcDbEntity
  8
RBAR-T8-H
100
AcDbVertex
100
AcDb3dPolylineVertex
 10
2115.7
 20
34.0
 30
294.2
 70
32
  0
VERTEX
  5
10E3
330
17
100
AcDbEntity
  8
RBAR-T8-H
100
AcDbVertex
100
AcDb3dPolylineVertex
 10
2113.2
 20
34.0
 30
292.2
 70
32
  0
VERTEX
  5
10E4
330
17
100
AcDbEntity
  8
RBAR-T8-H
100
AcDbVertex
100
AcDb3dPolylineVertex
 10
2110.4
 20
34.0
 30
290.6
 70
32
  0
VERTEX
  5
10E5
330
17
100
AcDbEntity
  8
RBAR-T8-H
100
AcDbVertex
100
AcDb3dPolylineVertex
 10
2107.3
 20
34.0
 30
289.7
 70
32
  0
VERTEX
  5
10E6
330
17
100
AcDbEntity
  8
RBAR-T8-H
100
AcDbVertex
100
AcDb3dPolylineVertex
 10
2104.2
 20
34.0
 30
289.4
 70
32
  0
VERTEX
  5
10E7
330
17
100
AcDbEntity
  8
RBAR-T8-H
100
AcDbVertex
100
AcDb3dPolylineVertex
 10
1700.7
 20
34.0
 30
289.4
 70
32
  0
VERTEX
  5
10E8
330
17
100
AcDbEntity
  8
RBAR-T8-H
100
AcDbVertex
100
AcDb3dPolylineVertex
 10
1697.5
 20
34.0
 30
289.7
 70
32
  0
VERTEX
  5
10E9
330
17
100
AcDbEntity
  8
RBAR-T8-H
100
AcDbVertex
100
AcDb3dPolylineVertex
 10
1694.4
 20
34.0
 30
290.6
 70
32
  0
VERTEX
  5
10EA
330
17
100
AcDbEntity
  8
RBAR-T8-H
100
AcDbVertex
100
AcDb3dPolylineVertex
 10
1691.6
 20
34.0
 30
292.2
 70
32
  0
VERTEX
  5
10EB
330
17
100
AcDbEntity
  8
RBAR-T8-H
100
AcDbVertex
100
AcDb3dPolylineVertex
 10
1689.1
 20
34.0
 30
294.2
 70
32
  0
VERTEX
  5
10EC
330
17
100
AcDbEntity
  8
RBAR-T8-H
100
AcDbVertex
100
AcDb3dPolylineVertex
 10
1687.1
 20
34.0
 30
296.7
 70
32
  0
VERTEX
  5
10ED
330
17
100
AcDbEntity
  8
RBAR-T8-H
100
AcDbVertex
100
AcDb3dPolylineVertex
 10
1685.6
 20
34.0
 30
299.5
 70
32
  0
VERTEX
  5
10EE
330
17
100
AcDbEntity
  8
RBAR-T8-H
100
AcDbVertex
100
AcDb3dPolylineVertex
 10
1684.7
 20
34.0
 30
302.6
 70
32
  0
VERTEX
  5
10EF
330
17
100
AcDbEntity
  8
RBAR-T8-H
100
AcDbVertex
100
AcDb3dPolylineVertex
 10
1684.4
 20
34.0
 30
305.7
 70
32
  0
VERTEX
  5
10F0
330
17
100
AcDbEntity
  8
RBAR-T8-H
100
AcDbVertex
100
AcDb3dPolylineVertex
 10
1684.4
 20
34.0
 30
382.3
 70
32
  0
VERTEX
  5
10F1
330
17
100
AcDbEntity
  8
RBAR-T8-H
100
AcDbVertex
100
AcDb3dPolylineVertex
 10
1684.7
 20
34.0
 30
385.5
 70
32
  0
VERTEX
  5
10F2
330
17
100
AcDbEntity
  8
RBAR-T8-H
100
AcDbVertex
100
AcDb3dPolylineVertex
 10
1685.6
 20
34.0
 30
388.6
 70
32
  0
VERTEX
  5
10F3
330
17
100
AcDbEntity
  8
RBAR-T8-H
100
AcDbVertex
100
AcDb3dPolylineVertex
 10
1687.1
 20
34.0
 30
391.4
 70
32
  0
VERTEX
  5
10F4
330
17
100
AcDbEntity
  8
RBAR-T8-H
100
AcDbVertex
100
AcDb3dPolylineVertex
 10
1689.1
 20
34.0
 30
393.9
 70
32
  0
VERTEX
  5
10F5
330
17
100
AcDbEntity
  8
RBAR-T8-H
100
AcDbVertex
100
AcDb3dPolylineVertex
 10
1691.6
 20
34.0
 30
395.9
 70
32
  0
VERTEX
  5
10F6
330
17
100
AcDbEntity
  8
RBAR-T8-H
100
AcDbVertex
100
AcDb3dPolylineVertex
 10
1694.4
 20
34.0
 30
397.4
 70
32
  0
VERTEX
  5
10F7
330
17
100
AcDbEntity
  8
RBAR-T8-H
100
AcDbVertex
100
AcDb3dPolylineVertex
 10
1697.5
 20
34.0
 30
398.4
 70
32
  0
VERTEX
  5
10F8
330
17
100
AcDbEntity
  8
RBAR-T8-H
100
AcDbVertex
100
AcDb3dPolylineVertex
 10
1700.7
 20
34.0
 30
398.7
 70
32
  0
VERTEX
  5
10F9
330
17
100
AcDbEntity
  8
RBAR-T8-H
100
AcDbVertex
100
AcDb3dPolylineVertex
 10
2088.8
 20
34.0
 30
398.7
 70
32
  0
SEQEND
  5
10D3
330
10D2
100
AcDbEntity
  8
RBAR-T8-H
  0
POLYLINE
  5
10FA
330
17
100
AcDbEntity
  8
RBAR-T8-H
100
AcDb3dPolyline
 66
1
 10
0.0
 20
0.0
 30
0.0
 70
8
  0
VERTEX
  5
10FC
330
17
100
AcDbEntity
  8
RBAR-T8-H
100
AcDbVertex
100
AcDb3dPolylineVertex
 10
2032.7
 20
34.0
 30
1292.7
 70
32
  0
VERTEX
  5
10FD
330
17
100
AcDbEntity
  8
RBAR-T8-H
100
AcDbVertex
100
AcDb3dPolylineVertex
 10
2104.2
 20
34.0
 30
1292.7
 70
32
  0
VERTEX
  5
10FE
330
17
100
AcDbEntity
  8
RBAR-T8-H
100
AcDbVertex
100
AcDb3dPolylineVertex
 10
2107.3
 20
34.0
 30
1292.4
 70
32
  0
VERTEX
  5
10FF
330
17
100
AcDbEntity
  8
RBAR-T8-H
100
AcDbVertex
100
AcDb3dPolylineVertex
 10
2110.4
 20
34.0
 30
1291.5
 70
32
  0
VERTEX
  5
1100
330
17
100
AcDbEntity
  8
RBAR-T8-H
100
AcDbVertex
100
AcDb3dPolylineVertex
 10
2113.2
 20
34.0
 30
1289.9
 70
32
  0
VERTEX
  5
1101
330
17
100
AcDbEntity
  8
RBAR-T8-H
100
AcDbVertex
100
AcDb3dPolylineVertex
 10
2115.7
 20
34.0
 30
1287.9
 70
32
  0
VERTEX
  5
1102
330
17
100
AcDbEntity
  8
RBAR-T8-H
100
AcDbVertex
100
AcDb3dPolylineVertex
 10
2117.7
 20
34.0
 30
1285.4
 70
32
  0
VERTEX
  5
1103
330
17
100
AcDbEntity
  8
RBAR-T8-H
100
AcDbVertex
100
AcDb3dPolylineVertex
 10
2119.3
 20
34.0
 30
1282.6
 70
32
  0
VERTEX
  5
1104
330
17
100
AcDbEntity
  8
RBAR-T8-H
100
AcDbVertex
100
AcDb3dPolylineVertex
 10
2120.2
 20
34.0
 30
1279.5
 70
32
  0
VERTEX
  5
1105
330
17
100
AcDbEntity
  8
RBAR-T8-H
100
AcDbVertex
100
AcDb3dPolylineVertex
 10
2120.5
 20
34.0
 30
1276.4
 70
32
  0
VERTEX
  5
1106
330
17
100
AcDbEntity
  8
RBAR-T8-H
100
AcDbVertex
100
AcDb3dPolylineVertex
 10
2120.5
 20
34.0
 30
1143.6
 70
32
  0
VERTEX
  5
1107
330
17
100
AcDbEntity
  8
RBAR-T8-H
100
AcDbVertex
100
AcDb3dPolylineVertex
 10
2120.2
 20
34.0
 30
1140.4
 70
32
  0
VERTEX
  5
1108
330
17
100
AcDbEntity
  8
RBAR-T8-H
100
AcDbVertex
100
AcDb3dPolylineVertex
 10
2119.3
 20
34.0
 30
1137.3
 70
32
  0
VERTEX
  5
1109
330
17
100
AcDbEntity
  8
RBAR-T8-H
100
AcDbVertex
100
AcDb3dPolylineVertex
 10
2117.7
 20
34.0
 30
1134.5
 70
32
  0
VERTEX
  5
110A
330
17
100
AcDbEntity
  8
RBAR-T8-H
100
AcDbVertex
100
AcDb3dPolylineVertex
 10
2115.7
 20
34.0
 30
1132.0
 70
32
  0
VERTEX
  5
110B
330
17
100
AcDbEntity
  8
RBAR-T8-H
100
AcDbVertex
100
AcDb3dPolylineVertex
 10
2113.2
 20
34.0
 30
1130.0
 70
32
  0
VERTEX
  5
110C
330
17
100
AcDbEntity
  8
RBAR-T8-H
100
AcDbVertex
100
AcDb3dPolylineVertex
 10
2110.4
 20
34.0
 30
1128.5
 70
32
  0
VERTEX
  5
110D
330
17
100
AcDbEntity
  8
RBAR-T8-H
100
AcDbVertex
100
AcDb3dPolylineVertex
 10
2107.3
 20
34.0
 30
1127.5
 70
32
  0
VERTEX
  5
110E
330
17
100
AcDbEntity
  8
RBAR-T8-H
100
AcDbVertex
100
AcDb3dPolylineVertex
 10
2104.2
 20
34.0
 30
1127.2
 70
32
  0
VERTEX
  5
110F
330
17
100
AcDbEntity
  8
RBAR-T8-H
100
AcDbVertex
100
AcDb3dPolylineVertex
 10
1700.7
 20
34.0
 30
1127.2
 70
32
  0
VERTEX
  5
1110
330
17
100
AcDbEntity
  8
RBAR-T8-H
100
AcDbVertex
100
AcDb3dPolylineVertex
 10
1697.5
 20
34.0
 30
1127.5
 70
32
  0
VERTEX
  5
1111
330
17
100
AcDbEntity
  8
RBAR-T8-H
100
AcDbVertex
100
AcDb3dPolylineVertex
 10
1694.4
 20
34.0
 30
1128.5
 70
32
  0
VERTEX
  5
1112
330
17
100
AcDbEntity
  8
RBAR-T8-H
100
AcDbVertex
100
AcDb3dPolylineVertex
 10
1691.6
 20
34.0
 30
1130.0
 70
32
  0
VERTEX
  5
1113
330
17
100
AcDbEntity
  8
RBAR-T8-H
100
AcDbVertex
100
AcDb3dPolylineVertex
 10
1689.1
 20
34.0
 30
1132.0
 70
32
  0
VERTEX
  5
1114
330
17
100
AcDbEntity
  8
RBAR-T8-H
100
AcDbVertex
100
AcDb3dPolylineVertex
 10
1687.1
 20
34.0
 30
1134.5
 70
32
  0
VERTEX
  5
1115
330
17
100
AcDbEntity
  8
RBAR-T8-H
100
AcDbVertex
100
AcDb3dPolylineVertex
 10
1685.6
 20
34.0
 30
1137.3
 70
32
  0
VERTEX
  5
1116
330
17
100
AcDbEntity
  8
RBAR-T8-H
100
AcDbVertex
100
AcDb3dPolylineVertex
 10
1684.7
 20
34.0
 30
1140.4
 70
32
  0
VERTEX
  5
1117
330
17
100
AcDbEntity
  8
RBAR-T8-H
100
AcDbVertex
100
AcDb3dPolylineVertex
 10
1684.4
 20
34.0
 30
1143.6
 70
32
  0
VERTEX
  5
1118
330
17
100
AcDbEntity
  8
RBAR-T8-H
100
AcDbVertex
100
AcDb3dPolylineVertex
 10
1684.4
 20
34.0
 30
1220.2
 70
32
  0
VERTEX
  5
1119
330
17
100
AcDbEntity
  8
RBAR-T8-H
100
AcDbVertex
100
AcDb3dPolylineVertex
 10
1684.7
 20
34.0
 30
1223.4
 70
32
  0
VERTEX
  5
111A
330
17
100
AcDbEntity
  8
RBAR-T8-H
100
AcDbVertex
100
AcDb3dPolylineVertex
 10
1685.6
 20
34.0
 30
1226.4
 70
32
  0
VERTEX
  5
111B
330
17
100
AcDbEntity
  8
RBAR-T8-H
100
AcDbVertex
100
AcDb3dPolylineVertex
 10
1687.1
 20
34.0
 30
1229.3
 70
32
  0
VERTEX
  5
111C
330
17
100
AcDbEntity
  8
RBAR-T8-H
100
AcDbVertex
100
AcDb3dPolylineVertex
 10
1689.1
 20
34.0
 30
1231.7
 70
32
  0
VERTEX
  5
111D
330
17
100
AcDbEntity
  8
RBAR-T8-H
100
AcDbVertex
100
AcDb3dPolylineVertex
 10
1691.6
 20
34.0
 30
1233.8
 70
32
  0
VERTEX
  5
111E
330
17
100
AcDbEntity
  8
RBAR-T8-H
100
AcDbVertex
100
AcDb3dPolylineVertex
 10
1694.4
 20
34.0
 30
1235.3
 70
32
  0
VERTEX
  5
111F
330
17
100
AcDbEntity
  8
RBAR-T8-H
100
AcDbVertex
100
AcDb3dPolylineVertex
 10
1697.5
 20
34.0
 30
1236.2
 70
32
  0
VERTEX
  5
1120
330
17
100
AcDbEntity
  8
RBAR-T8-H
100
AcDbVertex
100
AcDb3dPolylineVertex
 10
1700.7
 20
34.0
 30
1236.5
 70
32
  0
VERTEX
  5
1121
330
17
100
AcDbEntity
  8
RBAR-T8-H
100
AcDbVertex
100
AcDb3dPolylineVertex
 10
2088.8
 20
34.0
 30
1236.5
 70
32
  0
SEQEND
  5
10FB
330
10FA
100
AcDbEntity
  8
RBAR-T8-H
  0
POLYLINE
  5
1122
330
17
100
AcDbEntity
  8
RBAR-T8-H
100
AcDb3dPolyline
 66
1
 10
0.0
 20
0.0
 30
0.0
 70
8
  0
VERTEX
  5
1124
330
17
100
AcDbEntity
  8
RBAR-T8-H
100
AcDbVertex
100
AcDb3dPolylineVertex
 10
2032.7
 20
34.0
 30
2130.5
 70
32
  0
VERTEX
  5
1125
330
17
100
AcDbEntity
  8
RBAR-T8-H
100
AcDbVertex
100
AcDb3dPolylineVertex
 10
2104.2
 20
34.0
 30
2130.5
 70
32
  0
VERTEX
  5
1126
330
17
100
AcDbEntity
  8
RBAR-T8-H
100
AcDbVertex
100
AcDb3dPolylineVertex
 10
2107.3
 20
34.0
 30
2130.2
 70
32
  0
VERTEX
  5
1127
330
17
100
AcDbEntity
  8
RBAR-T8-H
100
AcDbVertex
100
AcDb3dPolylineVertex
 10
2110.4
 20
34.0
 30
2129.3
 70
32
  0
VERTEX
  5
1128
330
17
100
AcDbEntity
  8
RBAR-T8-H
100
AcDbVertex
100
AcDb3dPolylineVertex
 10
2113.2
 20
34.0
 30
2127.8
 70
32
  0
VERTEX
  5
1129
330
17
100
AcDbEntity
  8
RBAR-T8-H
100
AcDbVertex
100
AcDb3dPolylineVertex
 10
2115.7
 20
34.0
 30
2125.7
 70
32
  0
VERTEX
  5
112A
330
17
100
AcDbEntity
  8
RBAR-T8-H
100
AcDbVertex
100
AcDb3dPolylineVertex
 10
2117.7
 20
34.0
 30
2123.3
 70
32
  0
VERTEX
  5
112B
330
17
100
AcDbEntity
  8
RBAR-T8-H
100
AcDbVertex
100
AcDb3dPolylineVertex
 10
2119.3
 20
34.0
 30
2120.4
 70
32
  0
VERTEX
  5
112C
330
17
100
AcDbEntity
  8
RBAR-T8-H
100
AcDbVertex
100
AcDb3dPolylineVertex
 10
2120.2
 20
34.0
 30
2117.4
 70
32
  0
VERTEX
  5
112D
330
17
100
AcDbEntity
  8
RBAR-T8-H
100
AcDbVertex
100
AcDb3dPolylineVertex
 10
2120.5
 20
34.0
 30
2114.2
 70
32
  0
VERTEX
  5
112E
330
17
100
AcDbEntity
  8
RBAR-T8-H
100
AcDbVertex
100
AcDb3dPolylineVertex
 10
2120.5
 20
34.0
 30
1981.4
 70
32
  0
VERTEX
  5
112F
330
17
100
AcDbEntity
  8
RBAR-T8-H
100
AcDbVertex
100
AcDb3dPolylineVertex
 10
2120.2
 20
34.0
 30
1978.2
 70
32
  0
VERTEX
  5
1130
330
17
100
AcDbEntity
  8
RBAR-T8-H
100
AcDbVertex
100
AcDb3dPolylineVertex
 10
2119.3
 20
34.0
 30
1975.2
 70
32
  0
VERTEX
  5
1131
330
17
100
AcDbEntity
  8
RBAR-T8-H
100
AcDbVertex
100
AcDb3dPolylineVertex
 10
2117.7
 20
34.0
 30
1972.3
 70
32
  0
VERTEX
  5
1132
330
17
100
AcDbEntity
  8
RBAR-T8-H
100
AcDbVertex
100
AcDb3dPolylineVertex
 10
2115.7
 20
34.0
 30
1969.9
 70
32
  0
VERTEX
  5
1133
330
17
100
AcDbEntity
  8
RBAR-T8-H
100
AcDbVertex
100
AcDb3dPolylineVertex
 10
2113.2
 20
34.0
 30
1967.8
 70
32
  0
VERTEX
  5
1134
330
17
100
AcDbEntity
  8
RBAR-T8-H
100
AcDbVertex
100
AcDb3dPolylineVertex
 10
2110.4
 20
34.0
 30
1966.3
 70
32
  0
VERTEX
  5
1135
330
17
100
AcDbEntity
  8
RBAR-T8-H
100
AcDbVertex
100
AcDb3dPolylineVertex
 10
2107.3
 20
34.0
 30
1965.4
 70
32
  0
VERTEX
  5
1136
330
17
100
AcDbEntity
  8
RBAR-T8-H
100
AcDbVertex
100
AcDb3dPolylineVertex
 10
2104.2
 20
34.0
 30
1965.1
 70
32
  0
VERTEX
  5
1137
330
17
100
AcDbEntity
  8
RBAR-T8-H
100
AcDbVertex
100
AcDb3dPolylineVertex
 10
1700.7
 20
34.0
 30
1965.1
 70
32
  0
VERTEX
  5
1138
330
17
100
AcDbEntity
  8
RBAR-T8-H
100
AcDbVertex
100
AcDb3dPolylineVertex
 10
1697.5
 20
34.0
 30
1965.4
 70
32
  0
VERTEX
  5
1139
330
17
100
AcDbEntity
  8
RBAR-T8-H
100
AcDbVertex
100
AcDb3dPolylineVertex
 10
1694.4
 20
34.0
 30
1966.3
 70
32
  0
VERTEX
  5
113A
330
17
100
AcDbEntity
  8
RBAR-T8-H
100
AcDbVertex
100
AcDb3dPolylineVertex
 10
1691.6
 20
34.0
 30
1967.8
 70
32
  0
VERTEX
  5
113B
330
17
100
AcDbEntity
  8
RBAR-T8-H
100
AcDbVertex
100
AcDb3dPolylineVertex
 10
1689.1
 20
34.0
 30
1969.9
 70
32
  0
VERTEX
  5
113C
330
17
100
AcDbEntity
  8
RBAR-T8-H
100
AcDbVertex
100
AcDb3dPolylineVertex
 10
1687.1
 20
34.0
 30
1972.3
 70
32
  0
VERTEX
  5
113D
330
17
100
AcDbEntity
  8
RBAR-T8-H
100
AcDbVertex
100
AcDb3dPolylineVertex
 10
1685.6
 20
34.0
 30
1975.2
 70
32
  0
VERTEX
  5
113E
330
17
100
AcDbEntity
  8
RBAR-T8-H
100
AcDbVertex
100
AcDb3dPolylineVertex
 10
1684.7
 20
34.0
 30
1978.2
 70
32
  0
VERTEX
  5
113F
330
17
100
AcDbEntity
  8
RBAR-T8-H
100
AcDbVertex
100
AcDb3dPolylineVertex
 10
1684.4
 20
34.0
 30
1981.4
 70
32
  0
VERTEX
  5
1140
330
17
100
AcDbEntity
  8
RBAR-T8-H
100
AcDbVertex
100
AcDb3dPolylineVertex
 10
1684.4
 20
34.0
 30
2058.0
 70
32
  0
VERTEX
  5
1141
330
17
100
AcDbEntity
  8
RBAR-T8-H
100
AcDbVertex
100
AcDb3dPolylineVertex
 10
1684.7
 20
34.0
 30
2061.2
 70
32
  0
VERTEX
  5
1142
330
17
100
AcDbEntity
  8
RBAR-T8-H
100
AcDbVertex
100
AcDb3dPolylineVertex
 10
1685.6
 20
34.0
 30
2064.3
 70
32
  0
VERTEX
  5
1143
330
17
100
AcDbEntity
  8
RBAR-T8-H
100
AcDbVertex
100
AcDb3dPolylineVertex
 10
1687.1
 20
34.0
 30
2067.1
 70
32
  0
VERTEX
  5
1144
330
17
100
AcDbEntity
  8
RBAR-T8-H
100
AcDbVertex
100
AcDb3dPolylineVertex
 10
1689.1
 20
34.0
 30
2069.6
 70
32
  0
VERTEX
  5
1145
330
17
100
AcDbEntity
  8
RBAR-T8-H
100
AcDbVertex
100
AcDb3dPolylineVertex
 10
1691.6
 20
34.0
 30
2071.6
 70
32
  0
VERTEX
  5
1146
330
17
100
AcDbEntity
  8
RBAR-T8-H
100
AcDbVertex
100
AcDb3dPolylineVertex
 10
1694.4
 20
34.0
 30
2073.1
 70
32
  0
VERTEX
  5
1147
330
17
100
AcDbEntity
  8
RBAR-T8-H
100
AcDbVertex
100
AcDb3dPolylineVertex
 10
1697.5
 20
34.0
 30
2074.0
 70
32
  0
VERTEX
  5
1148
330
17
100
AcDbEntity
  8
RBAR-T8-H
100
AcDbVertex
100
AcDb3dPolylineVertex
 10
1700.7
 20
34.0
 30
2074.4
 70
32
  0
VERTEX
  5
1149
330
17
100
AcDbEntity
  8
RBAR-T8-H
100
AcDbVertex
100
AcDb3dPolylineVertex
 10
2088.8
 20
34.0
 30
2074.4
 70
32
  0
SEQEND
  5
1123
330
1122
100
AcDbEntity
  8
RBAR-T8-H
  0
POLYLINE
  5
114A
330
17
100
AcDbEntity
  8
RBAR-T8-H
100
AcDb3dPolyline
 66
1
 10
0.0
 20
0.0
 30
0.0
 70
8
  0
VERTEX
  5
114C
330
17
100
AcDbEntity
  8
RBAR-T8-H
100
AcDbVertex
100
AcDb3dPolylineVertex
 10
2032.7
 20
34.0
 30
2968.4
 70
32
  0
VERTEX
  5
114D
330
17
100
AcDbEntity
  8
RBAR-T8-H
100
AcDbVertex
100
AcDb3dPolylineVertex
 10
2104.2
 20
34.0
 30
2968.4
 70
32
  0
VERTEX
  5
114E
330
17
100
AcDbEntity
  8
RBAR-T8-H
100
AcDbVertex
100
AcDb3dPolylineVertex
 10
2107.3
 20
34.0
 30
2968.1
 70
32
  0
VERTEX
  5
114F
330
17
100
AcDbEntity
  8
RBAR-T8-H
100
AcDbVertex
100
AcDb3dPolylineVertex
 10
2110.4
 20
34.0
 30
2967.1
 70
32
  0
VERTEX
  5
1150
330
17
100
AcDbEntity
  8
RBAR-T8-H
100
AcDbVertex
100
AcDb3dPolylineVertex
 10
2113.2
 20
34.0
 30
2965.6
 70
32
  0
VERTEX
  5
1151
330
17
100
AcDbEntity
  8
RBAR-T8-H
100
AcDbVertex
100
AcDb3dPolylineVertex
 10
2115.7
 20
34.0
 30
2963.6
 70
32
  0
VERTEX
  5
1152
330
17
100
AcDbEntity
  8
RBAR-T8-H
100
AcDbVertex
100
AcDb3dPolylineVertex
 10
2117.7
 20
34.0
 30
2961.1
 70
32
  0
VERTEX
  5
1153
330
17
100
AcDbEntity
  8
RBAR-T8-H
100
AcDbVertex
100
AcDb3dPolylineVertex
 10
2119.3
 20
34.0
 30
2958.3
 70
32
  0
VERTEX
  5
1154
330
17
100
AcDbEntity
  8
RBAR-T8-H
100
AcDbVertex
100
AcDb3dPolylineVertex
 10
2120.2
 20
34.0
 30
2955.2
 70
32
  0
VERTEX
  5
1155
330
17
100
AcDbEntity
  8
RBAR-T8-H
100
AcDbVertex
100
AcDb3dPolylineVertex
 10
2120.5
 20
34.0
 30
2952.0
 70
32
  0
VERTEX
  5
1156
330
17
100
AcDbEntity
  8
RBAR-T8-H
100
AcDbVertex
100
AcDb3dPolylineVertex
 10
2120.5
 20
34.0
 30
2819.2
 70
32
  0
VERTEX
  5
1157
330
17
100
AcDbEntity
  8
RBAR-T8-H
100
AcDbVertex
100
AcDb3dPolylineVertex
 10
2120.2
 20
34.0
 30
2816.1
 70
32
  0
VERTEX
  5
1158
330
17
100
AcDbEntity
  8
RBAR-T8-H
100
AcDbVertex
100
AcDb3dPolylineVertex
 10
2119.3
 20
34.0
 30
2813.0
 70
32
  0
VERTEX
  5
1159
330
17
100
AcDbEntity
  8
RBAR-T8-H
100
AcDbVertex
100
AcDb3dPolylineVertex
 10
2117.7
 20
34.0
 30
2810.2
 70
32
  0
VERTEX
  5
115A
330
17
100
AcDbEntity
  8
RBAR-T8-H
100
AcDbVertex
100
AcDb3dPolylineVertex
 10
2115.7
 20
34.0
 30
2807.7
 70
32
  0
VERTEX
  5
115B
330
17
100
AcDbEntity
  8
RBAR-T8-H
100
AcDbVertex
100
AcDb3dPolylineVertex
 10
2113.2
 20
34.0
 30
2805.7
 70
32
  0
VERTEX
  5
115C
330
17
100
AcDbEntity
  8
RBAR-T8-H
100
AcDbVertex
100
AcDb3dPolylineVertex
 10
2110.4
 20
34.0
 30
2804.1
 70
32
  0
VERTEX
  5
115D
330
17
100
AcDbEntity
  8
RBAR-T8-H
100
AcDbVertex
100
AcDb3dPolylineVertex
 10
2107.3
 20
34.0
 30
2803.2
 70
32
  0
VERTEX
  5
115E
330
17
100
AcDbEntity
  8
RBAR-T8-H
100
AcDbVertex
100
AcDb3dPolylineVertex
 10
2104.2
 20
34.0
 30
2802.9
 70
32
  0
VERTEX
  5
115F
330
17
100
AcDbEntity
  8
RBAR-T8-H
100
AcDbVertex
100
AcDb3dPolylineVertex
 10
1700.7
 20
34.0
 30
2802.9
 70
32
  0
VERTEX
  5
1160
330
17
100
AcDbEntity
  8
RBAR-T8-H
100
AcDbVertex
100
AcDb3dPolylineVertex
 10
1697.5
 20
34.0
 30
2803.2
 70
32
  0
VERTEX
  5
1161
330
17
100
AcDbEntity
  8
RBAR-T8-H
100
AcDbVertex
100
AcDb3dPolylineVertex
 10
1694.4
 20
34.0
 30
2804.1
 70
32
  0
VERTEX
  5
1162
330
17
100
AcDbEntity
  8
RBAR-T8-H
100
AcDbVertex
100
AcDb3dPolylineVertex
 10
1691.6
 20
34.0
 30
2805.7
 70
32
  0
VERTEX
  5
1163
330
17
100
AcDbEntity
  8
RBAR-T8-H
100
AcDbVertex
100
AcDb3dPolylineVertex
 10
1689.1
 20
34.0
 30
2807.7
 70
32
  0
VERTEX
  5
1164
330
17
100
AcDbEntity
  8
RBAR-T8-H
100
AcDbVertex
100
AcDb3dPolylineVertex
 10
1687.1
 20
34.0
 30
2810.2
 70
32
  0
VERTEX
  5
1165
330
17
100
AcDbEntity
  8
RBAR-T8-H
100
AcDbVertex
100
AcDb3dPolylineVertex
 10
1685.6
 20
34.0
 30
2813.0
 70
32
  0
VERTEX
  5
1166
330
17
100
AcDbEntity
  8
RBAR-T8-H
100
AcDbVertex
100
AcDb3dPolylineVertex
 10
1684.7
 20
34.0
 30
2816.1
 70
32
  0
VERTEX
  5
1167
330
17
100
AcDbEntity
  8
RBAR-T8-H
100
AcDbVertex
100
AcDb3dPolylineVertex
 10
1684.4
 20
34.0
 30
2819.2
 70
32
  0
VERTEX
  5
1168
330
17
100
AcDbEntity
  8
RBAR-T8-H
100
AcDbVertex
100
AcDb3dPolylineVertex
 10
1684.4
 20
34.0
 30
2895.8
 70
32
  0
VERTEX
  5
1169
330
17
100
AcDbEntity
  8
RBAR-T8-H
100
AcDbVertex
100
AcDb3dPolylineVertex
 10
1684.7
 20
34.0
 30
2899.0
 70
32
  0
VERTEX
  5
116A
330
17
100
AcDbEntity
  8
RBAR-T8-H
100
AcDbVertex
100
AcDb3dPolylineVertex
 10
1685.6
 20
34.0
 30
2902.1
 70
32
  0
VERTEX
  5
116B
330
17
100
AcDbEntity
  8
RBAR-T8-H
100
AcDbVertex
100
AcDb3dPolylineVertex
 10
1687.1
 20
34.0
 30
2904.9
 70
32
  0
VERTEX
  5
116C
330
17
100
AcDbEntity
  8
RBAR-T8-H
100
AcDbVertex
100
AcDb3dPolylineVertex
 10
1689.1
 20
34.0
 30
2907.4
 70
32
  0
VERTEX
  5
116D
330
17
100
AcDbEntity
  8
RBAR-T8-H
100
AcDbVertex
100
AcDb3dPolylineVertex
 10
1691.6
 20
34.0
 30
2909.4
 70
32
  0
VERTEX
  5
116E
330
17
100
AcDbEntity
  8
RBAR-T8-H
100
AcDbVertex
100
AcDb3dPolylineVertex
 10
1694.4
 20
34.0
 30
2910.9
 70
32
  0
VERTEX
  5
116F
330
17
100
AcDbEntity
  8
RBAR-T8-H
100
AcDbVertex
100
AcDb3dPolylineVertex
 10
1697.5
 20
34.0
 30
2911.9
 70
32
  0
VERTEX
  5
1170
330
17
100
AcDbEntity
  8
RBAR-T8-H
100
AcDbVertex
100
AcDb3dPolylineVertex
 10
1700.7
 20
34.0
 30
2912.2
 70
32
  0
VERTEX
  5
1171
330
17
100
AcDbEntity
  8
RBAR-T8-H
100
AcDbVertex
100
AcDb3dPolylineVertex
 10
2088.8
 20
34.0
 30
2912.2
 70
32
  0
SEQEND
  5
114B
330
114A
100
AcDbEntity
  8
RBAR-T8-H
  0
POLYLINE
  5
1172
330
17
100
AcDbEntity
  8
RBAR-T8-H
100
AcDb3dPolyline
 66
1
 10
0.0
 20
0.0
 30
0.0
 70
8
  0
VERTEX
  5
1174
330
17
100
AcDbEntity
  8
RBAR-T8-H
100
AcDbVertex
100
AcDb3dPolylineVertex
 10
2032.7
 20
34.0
 30
3806.2
 70
32
  0
VERTEX
  5
1175
330
17
100
AcDbEntity
  8
RBAR-T8-H
100
AcDbVertex
100
AcDb3dPolylineVertex
 10
2104.2
 20
34.0
 30
3806.2
 70
32
  0
VERTEX
  5
1176
330
17
100
AcDbEntity
  8
RBAR-T8-H
100
AcDbVertex
100
AcDb3dPolylineVertex
 10
2107.3
 20
34.0
 30
3805.9
 70
32
  0
VERTEX
  5
1177
330
17
100
AcDbEntity
  8
RBAR-T8-H
100
AcDbVertex
100
AcDb3dPolylineVertex
 10
2110.4
 20
34.0
 30
3805.0
 70
32
  0
VERTEX
  5
1178
330
17
100
AcDbEntity
  8
RBAR-T8-H
100
AcDbVertex
100
AcDb3dPolylineVertex
 10
2113.2
 20
34.0
 30
3803.4
 70
32
  0
VERTEX
  5
1179
330
17
100
AcDbEntity
  8
RBAR-T8-H
100
AcDbVertex
100
AcDb3dPolylineVertex
 10
2115.7
 20
34.0
 30
3801.4
 70
32
  0
VERTEX
  5
117A
330
17
100
AcDbEntity
  8
RBAR-T8-H
100
AcDbVertex
100
AcDb3dPolylineVertex
 10
2117.7
 20
34.0
 30
3798.9
 70
32
  0
VERTEX
  5
117B
330
17
100
AcDbEntity
  8
RBAR-T8-H
100
AcDbVertex
100
AcDb3dPolylineVertex
 10
2119.3
 20
34.0
 30
3796.1
 70
32
  0
VERTEX
  5
117C
330
17
100
AcDbEntity
  8
RBAR-T8-H
100
AcDbVertex
100
AcDb3dPolylineVertex
 10
2120.2
 20
34.0
 30
3793.0
 70
32
  0
VERTEX
  5
117D
330
17
100
AcDbEntity
  8
RBAR-T8-H
100
AcDbVertex
100
AcDb3dPolylineVertex
 10
2120.5
 20
34.0
 30
3789.9
 70
32
  0
VERTEX
  5
117E
330
17
100
AcDbEntity
  8
RBAR-T8-H
100
AcDbVertex
100
AcDb3dPolylineVertex
 10
2120.5
 20
34.0
 30
3657.1
 70
32
  0
VERTEX
  5
117F
330
17
100
AcDbEntity
  8
RBAR-T8-H
100
AcDbVertex
100
AcDb3dPolylineVertex
 10
2120.2
 20
34.0
 30
3653.9
 70
32
  0
VERTEX
  5
1180
330
17
100
AcDbEntity
  8
RBAR-T8-H
100
AcDbVertex
100
AcDb3dPolylineVertex
 10
2119.3
 20
34.0
 30
3650.8
 70
32
  0
VERTEX
  5
1181
330
17
100
AcDbEntity
  8
RBAR-T8-H
100
AcDbVertex
100
AcDb3dPolylineVertex
 10
2117.7
 20
34.0
 30
3648.0
 70
32
  0
VERTEX
  5
1182
330
17
100
AcDbEntity
  8
RBAR-T8-H
100
AcDbVertex
100
AcDb3dPolylineVertex
 10
2115.7
 20
34.0
 30
3645.5
 70
32
  0
VERTEX
  5
1183
330
17
100
AcDbEntity
  8
RBAR-T8-H
100
AcDbVertex
100
AcDb3dPolylineVertex
 10
2113.2
 20
34.0
 30
3643.5
 70
32
  0
VERTEX
  5
1184
330
17
100
AcDbEntity
  8
RBAR-T8-H
100
AcDbVertex
100
AcDb3dPolylineVertex
 10
2110.4
 20
34.0
 30
3642.0
 70
32
  0
VERTEX
  5
1185
330
17
100
AcDbEntity
  8
RBAR-T8-H
100
AcDbVertex
100
AcDb3dPolylineVertex
 10
2107.3
 20
34.0
 30
3641.0
 70
32
  0
VERTEX
  5
1186
330
17
100
AcDbEntity
  8
RBAR-T8-H
100
AcDbVertex
100
AcDb3dPolylineVertex
 10
2104.2
 20
34.0
 30
3640.7
 70
32
  0
VERTEX
  5
1187
330
17
100
AcDbEntity
  8
RBAR-T8-H
100
AcDbVertex
100
AcDb3dPolylineVertex
 10
1700.7
 20
34.0
 30
3640.7
 70
32
  0
VERTEX
  5
1188
330
17
100
AcDbEntity
  8
RBAR-T8-H
100
AcDbVertex
100
AcDb3dPolylineVertex
 10
1697.5
 20
34.0
 30
3641.0
 70
32
  0
VERTEX
  5
1189
330
17
100
AcDbEntity
  8
RBAR-T8-H
100
AcDbVertex
100
AcDb3dPolylineVertex
 10
1694.4
 20
34.0
 30
3642.0
 70
32
  0
VERTEX
  5
118A
330
17
100
AcDbEntity
  8
RBAR-T8-H
100
AcDbVertex
100
AcDb3dPolylineVertex
 10
1691.6
 20
34.0
 30
3643.5
 70
32
  0
VERTEX
  5
118B
330
17
100
AcDbEntity
  8
RBAR-T8-H
100
AcDbVertex
100
AcDb3dPolylineVertex
 10
1689.1
 20
34.0
 30
3645.5
 70
32
  0
VERTEX
  5
118C
330
17
100
AcDbEntity
  8
RBAR-T8-H
100
AcDbVertex
100
AcDb3dPolylineVertex
 10
1687.1
 20
34.0
 30
3648.0
 70
32
  0
VERTEX
  5
118D
330
17
100
AcDbEntity
  8
RBAR-T8-H
100
AcDbVertex
100
AcDb3dPolylineVertex
 10
1685.6
 20
34.0
 30
3650.8
 70
32
  0
VERTEX
  5
118E
330
17
100
AcDbEntity
  8
RBAR-T8-H
100
AcDbVertex
100
AcDb3dPolylineVertex
 10
1684.7
 20
34.0
 30
3653.9
 70
32
  0
VERTEX
  5
118F
330
17
100
AcDbEntity
  8
RBAR-T8-H
100
AcDbVertex
100
AcDb3dPolylineVertex
 10
1684.4
 20
34.0
 30
3657.1
 70
32
  0
VERTEX
  5
1190
330
17
100
AcDbEntity
  8
RBAR-T8-H
100
AcDbVertex
100
AcDb3dPolylineVertex
 10
1684.4
 20
34.0
 30
3733.7
 70
32
  0
VERTEX
  5
1191
330
17
100
AcDbEntity
  8
RBAR-T8-H
100
AcDbVertex
100
AcDb3dPolylineVertex
 10
1684.7
 20
34.0
 30
3736.9
 70
32
  0
VERTEX
  5
1192
330
17
100
AcDbEntity
  8
RBAR-T8-H
100
AcDbVertex
100
AcDb3dPolylineVertex
 10
1685.6
 20
34.0
 30
3739.9
 70
32
  0
VERTEX
  5
1193
330
17
100
AcDbEntity
  8
RBAR-T8-H
100
AcDbVertex
100
AcDb3dPolylineVertex
 10
1687.1
 20
34.0
 30
3742.8
 70
32
  0
VERTEX
  5
1194
330
17
100
AcDbEntity
  8
RBAR-T8-H
100
AcDbVertex
100
AcDb3dPolylineVertex
 10
1689.1
 20
34.0
 30
3745.2
 70
32
  0
VERTEX
  5
1195
330
17
100
AcDbEntity
  8
RBAR-T8-H
100
AcDbVertex
100
AcDb3dPolylineVertex
 10
1691.6
 20
34.0
 30
3747.3
 70
32
  0
VERTEX
  5
1196
330
17
100
AcDbEntity
  8
RBAR-T8-H
100
AcDbVertex
100
AcDb3dPolylineVertex
 10
1694.4
 20
34.0
 30
3748.8
 70
32
  0
VERTEX
  5
1197
330
17
100
AcDbEntity
  8
RBAR-T8-H
100
AcDbVertex
100
AcDb3dPolylineVertex
 10
1697.5
 20
34.0
 30
3749.7
 70
32
  0
VERTEX
  5
1198
330
17
100
AcDbEntity
  8
RBAR-T8-H
100
AcDbVertex
100
AcDb3dPolylineVertex
 10
1700.7
 20
34.0
 30
3750.0
 70
32
  0
VERTEX
  5
1199
330
17
100
AcDbEntity
  8
RBAR-T8-H
100
AcDbVertex
100
AcDb3dPolylineVertex
 10
2088.8
 20
34.0
 30
3750.0
 70
32
  0
SEQEND
  5
1173
330
1172
100
AcDbEntity
  8
RBAR-T8-H
  0
POLYLINE
  5
119A
330
17
100
AcDbEntity
  8
RBAR-T8-H
100
AcDb3dPolyline
 66
1
 10
0.0
 20
0.0
 30
0.0
 70
8
  0
VERTEX
  5
119C
330
17
100
AcDbEntity
  8
RBAR-T8-H
100
AcDbVertex
100
AcDb3dPolylineVertex
 10
2032.7
 20
34.0
 30
4644.0
 70
32
  0
VERTEX
  5
119D
330
17
100
AcDbEntity
  8
RBAR-T8-H
100
AcDbVertex
100
AcDb3dPolylineVertex
 10
2104.2
 20
34.0
 30
4644.0
 70
32
  0
VERTEX
  5
119E
330
17
100
AcDbEntity
  8
RBAR-T8-H
100
AcDbVertex
100
AcDb3dPolylineVertex
 10
2107.3
 20
34.0
 30
4643.7
 70
32
  0
VERTEX
  5
119F
330
17
100
AcDbEntity
  8
RBAR-T8-H
100
AcDbVertex
100
AcDb3dPolylineVertex
 10
2110.4
 20
34.0
 30
4642.8
 70
32
  0
VERTEX
  5
11A0
330
17
100
AcDbEntity
  8
RBAR-T8-H
100
AcDbVertex
100
AcDb3dPolylineVertex
 10
2113.2
 20
34.0
 30
4641.3
 70
32
  0
VERTEX
  5
11A1
330
17
100
AcDbEntity
  8
RBAR-T8-H
100
AcDbVertex
100
AcDb3dPolylineVertex
 10
2115.7
 20
34.0
 30
4639.2
 70
32
  0
VERTEX
  5
11A2
330
17
100
AcDbEntity
  8
RBAR-T8-H
100
AcDbVertex
100
AcDb3dPolylineVertex
 10
2117.7
 20
34.0
 30
4636.8
 70
32
  0
VERTEX
  5
11A3
330
17
100
AcDbEntity
  8
RBAR-T8-H
100
AcDbVertex
100
AcDb3dPolylineVertex
 10
2119.3
 20
34.0
 30
4633.9
 70
32
  0
VERTEX
  5
11A4
330
17
100
AcDbEntity
  8
RBAR-T8-H
100
AcDbVertex
100
AcDb3dPolylineVertex
 10
2120.2
 20
34.0
 30
4630.9
 70
32
  0
VERTEX
  5
11A5
330
17
100
AcDbEntity
  8
RBAR-T8-H
100
AcDbVertex
100
AcDb3dPolylineVertex
 10
2120.5
 20
34.0
 30
4627.7
 70
32
  0
VERTEX
  5
11A6
330
17
100
AcDbEntity
  8
RBAR-T8-H
100
AcDbVertex
100
AcDb3dPolylineVertex
 10
2120.5
 20
34.0
 30
4494.9
 70
32
  0
VERTEX
  5
11A7
330
17
100
AcDbEntity
  8
RBAR-T8-H
100
AcDbVertex
100
AcDb3dPolylineVertex
 10
2120.2
 20
34.0
 30
4491.7
 70
32
  0
VERTEX
  5
11A8
330
17
100
AcDbEntity
  8
RBAR-T8-H
100
AcDbVertex
100
AcDb3dPolylineVertex
 10
2119.3
 20
34.0
 30
4488.7
 70
32
  0
VERTEX
  5
11A9
330
17
100
AcDbEntity
  8
RBAR-T8-H
100
AcDbVertex
100
AcDb3dPolylineVertex
 10
2117.7
 20
34.0
 30
4485.8
 70
32
  0
VERTEX
  5
11AA
330
17
100
AcDbEntity
  8
RBAR-T8-H
100
AcDbVertex
100
AcDb3dPolylineVertex
 10
2115.7
 20
34.0
 30
4483.4
 70
32
  0
VERTEX
  5
11AB
330
17
100
AcDbEntity
  8
RBAR-T8-H
100
AcDbVertex
100
AcDb3dPolylineVertex
 10
2113.2
 20
34.0
 30
4481.3
 70
32
  0
VERTEX
  5
11AC
330
17
100
AcDbEntity
  8
RBAR-T8-H
100
AcDbVertex
100
AcDb3dPolylineVertex
 10
2110.4
 20
34.0
 30
4479.8
 70
32
  0
VERTEX
  5
11AD
330
17
100
AcDbEntity
  8
RBAR-T8-H
100
AcDbVertex
100
AcDb3dPolylineVertex
 10
2107.3
 20
34.0
 30
4478.9
 70
32
  0
VERTEX
  5
11AE
330
17
100
AcDbEntity
  8
RBAR-T8-H
100
AcDbVertex
100
AcDb3dPolylineVertex
 10
2104.2
 20
34.0
 30
4478.6
 70
32
  0
VERTEX
  5
11AF
330
17
100
AcDbEntity
  8
RBAR-T8-H
100
AcDbVertex
100
AcDb3dPolylineVertex
 10
1700.7
 20
34.0
 30
4478.6
 70
32
  0
VERTEX
  5
11B0
330
17
100
AcDbEntity
  8
RBAR-T8-H
100
AcDbVertex
100
AcDb3dPolylineVertex
 10
1697.5
 20
34.0
 30
4478.9
 70
32
  0
VERTEX
  5
11B1
330
17
100
AcDbEntity
  8
RBAR-T8-H
100
AcDbVertex
100
AcDb3dPolylineVertex
 10
1694.4
 20
34.0
 30
4479.8
 70
32
  0
VERTEX
  5
11B2
330
17
100
AcDbEntity
  8
RBAR-T8-H
100
AcDbVertex
100
AcDb3dPolylineVertex
 10
1691.6
 20
34.0
 30
4481.3
 70
32
  0
VERTEX
  5
11B3
330
17
100
AcDbEntity
  8
RBAR-T8-H
100
AcDbVertex
100
AcDb3dPolylineVertex
 10
1689.1
 20
34.0
 30
4483.4
 70
32
  0
VERTEX
  5
11B4
330
17
100
AcDbEntity
  8
RBAR-T8-H
100
AcDbVertex
100
AcDb3dPolylineVertex
 10
1687.1
 20
34.0
 30
4485.8
 70
32
  0
VERTEX
  5
11B5
330
17
100
AcDbEntity
  8
RBAR-T8-H
100
AcDbVertex
100
AcDb3dPolylineVertex
 10
1685.6
 20
34.0
 30
4488.7
 70
32
  0
VERTEX
  5
11B6
330
17
100
AcDbEntity
  8
RBAR-T8-H
100
AcDbVertex
100
AcDb3dPolylineVertex
 10
1684.7
 20
34.0
 30
4491.7
 70
32
  0
VERTEX
  5
11B7
330
17
100
AcDbEntity
  8
RBAR-T8-H
100
AcDbVertex
100
AcDb3dPolylineVertex
 10
1684.4
 20
34.0
 30
4494.9
 70
32
  0
VERTEX
  5
11B8
330
17
100
AcDbEntity
  8
RBAR-T8-H
100
AcDbVertex
100
AcDb3dPolylineVertex
 10
1684.4
 20
34.0
 30
4571.5
 70
32
  0
VERTEX
  5
11B9
330
17
100
AcDbEntity
  8
RBAR-T8-H
100
AcDbVertex
100
AcDb3dPolylineVertex
 10
1684.7
 20
34.0
 30
4574.7
 70
32
  0
VERTEX
  5
11BA
330
17
100
AcDbEntity
  8
RBAR-T8-H
100
AcDbVertex
100
AcDb3dPolylineVertex
 10
1685.6
 20
34.0
 30
4577.8
 70
32
  0
VERTEX
  5
11BB
330
17
100
AcDbEntity
  8
RBAR-T8-H
100
AcDbVertex
100
AcDb3dPolylineVertex
 10
1687.1
 20
34.0
 30
4580.6
 70
32
  0
VERTEX
  5
11BC
330
17
100
AcDbEntity
  8
RBAR-T8-H
100
AcDbVertex
100
AcDb3dPolylineVertex
 10
1689.1
 20
34.0
 30
4583.1
 70
32
  0
VERTEX
  5
11BD
330
17
100
AcDbEntity
  8
RBAR-T8-H
100
AcDbVertex
100
AcDb3dPolylineVertex
 10
1691.6
 20
34.0
 30
4585.1
 70
32
  0
VERTEX
  5
11BE
330
17
100
AcDbEntity
  8
RBAR-T8-H
100
AcDbVertex
100
AcDb3dPolylineVertex
 10
1694.4
 20
34.0
 30
4586.6
 70
32
  0
VERTEX
  5
11BF
330
17
100
AcDbEntity
  8
RBAR-T8-H
100
AcDbVertex
100
AcDb3dPolylineVertex
 10
1697.5
 20
34.0
 30
4587.5
 70
32
  0
VERTEX
  5
11C0
330
17
100
AcDbEntity
  8
RBAR-T8-H
100
AcDbVertex
100
AcDb3dPolylineVertex
 10
1700.7
 20
34.0
 30
4587.9
 70
32
  0
VERTEX
  5
11C1
330
17
100
AcDbEntity
  8
RBAR-T8-H
100
AcDbVertex
100
AcDb3dPolylineVertex
 10
2088.8
 20
34.0
 30
4587.9
 70
32
  0
SEQEND
  5
119B
330
119A
100
AcDbEntity
  8
RBAR-T8-H
  0
POLYLINE
  5
11C3
330
17
100
AcDbEntity
  8
RBAR-T20-J
100
AcDb3dPolyline
 66
1
 10
0.0
 20
0.0
 30
0.0
 70
8
  0
VERTEX
  5
11C5
330
17
100
AcDbEntity
  8
RBAR-T20-J
100
AcDbVertex
100
AcDb3dPolylineVertex
 10
278.3
 20
100.0
 30
-991.9
 70
32
  0
VERTEX
  5
11C6
330
17
100
AcDbEntity
  8
RBAR-T20-J
100
AcDbVertex
100
AcDb3dPolylineVertex
 10
278.3
 20
100.0
 30
145.2
 70
32
  0
VERTEX
  5
11C7
330
17
100
AcDbEntity
  8
RBAR-T20-J
100
AcDbVertex
100
AcDb3dPolylineVertex
 10
277.9
 20
100.0
 30
152.3
 70
32
  0
VERTEX
  5
11C8
330
17
100
AcDbEntity
  8
RBAR-T20-J
100
AcDbVertex
100
AcDb3dPolylineVertex
 10
276.8
 20
100.0
 30
159.4
 70
32
  0
VERTEX
  5
11C9
330
17
100
AcDbEntity
  8
RBAR-T20-J
100
AcDbVertex
100
AcDb3dPolylineVertex
 10
275.0
 20
100.0
 30
166.3
 70
32
  0
VERTEX
  5
11CA
330
17
100
AcDbEntity
  8
RBAR-T20-J
100
AcDbVertex
100
AcDb3dPolylineVertex
 10
194.0
 20
100.0
 30
423.1
 70
32
  0
VERTEX
  5
11CB
330
17
100
AcDbEntity
  8
RBAR-T20-J
100
AcDbVertex
100
AcDb3dPolylineVertex
 10
192.2
 20
100.0
 30
430.0
 70
32
  0
VERTEX
  5
11CC
330
17
100
AcDbEntity
  8
RBAR-T20-J
100
AcDbVertex
100
AcDb3dPolylineVertex
 10
191.2
 20
100.0
 30
437.1
 70
32
  0
VERTEX
  5
11CD
330
17
100
AcDbEntity
  8
RBAR-T20-J
100
AcDbVertex
100
AcDb3dPolylineVertex
 10
190.8
 20
100.0
 30
444.2
 70
32
  0
VERTEX
  5
11CE
330
17
100
AcDbEntity
  8
RBAR-T20-J
100
AcDbVertex
100
AcDb3dPolylineVertex
 10
190.8
 20
100.0
 30
5095.0
 70
32
  0
SEQEND
  5
11C4
330
11C3
100
AcDbEntity
  8
RBAR-T20-J
  0
POLYLINE
  5
11CF
330
17
100
AcDbEntity
  8
RBAR-T20-J
100
AcDb3dPolyline
 66
1
 10
0.0
 20
0.0
 30
0.0
 70
8
  0
VERTEX
  5
11D1
330
17
100
AcDbEntity
  8
RBAR-T20-J
100
AcDbVertex
100
AcDb3dPolylineVertex
 10
278.3
 20
100.0
 30
0.0
 70
32
  0
VERTEX
  5
11D2
330
17
100
AcDbEntity
  8
RBAR-T20-J
100
AcDbVertex
100
AcDb3dPolylineVertex
 10
278.3
 20
100.0
 30
1137.1
 70
32
  0
VERTEX
  5
11D3
330
17
100
AcDbEntity
  8
RBAR-T20-J
100
AcDbVertex
100
AcDb3dPolylineVertex
 10
277.9
 20
100.0
 30
1144.2
 70
32
  0
VERTEX
  5
11D4
330
17
100
AcDbEntity
  8
RBAR-T20-J
100
AcDbVertex
100
AcDb3dPolylineVertex
 10
276.8
 20
100.0
 30
1151.3
 70
32
  0
VERTEX
  5
11D5
330
17
100
AcDbEntity
  8
RBAR-T20-J
100
AcDbVertex
100
AcDb3dPolylineVertex
 10
275.0
 20
100.0
 30
1158.2
 70
32
  0
VERTEX
  5
11D6
330
17
100
AcDbEntity
  8
RBAR-T20-J
100
AcDbVertex
100
AcDb3dPolylineVertex
 10
194.0
 20
100.0
 30
1415.0
 70
32
  0
VERTEX
  5
11D7
330
17
100
AcDbEntity
  8
RBAR-T20-J
100
AcDbVertex
100
AcDb3dPolylineVertex
 10
192.2
 20
100.0
 30
1421.9
 70
32
  0
VERTEX
  5
11D8
330
17
100
AcDbEntity
  8
RBAR-T20-J
100
AcDbVertex
100
AcDb3dPolylineVertex
 10
191.2
 20
100.0
 30
1429.0
 70
32
  0
VERTEX
  5
11D9
330
17
100
AcDbEntity
  8
RBAR-T20-J
100
AcDbVertex
100
AcDb3dPolylineVertex
 10
190.8
 20
100.0
 30
1436.1
 70
32
  0
VERTEX
  5
11DA
330
17
100
AcDbEntity
  8
RBAR-T20-J
100
AcDbVertex
100
AcDb3dPolylineVertex
 10
190.8
 20
100.0
 30
6086.9
 70
32
  0
SEQEND
  5
11D0
330
11CF
100
AcDbEntity
  8
RBAR-T20-J
  0
ENDSEC
  0
SECTION
  2
OBJECTS
  0
DICTIONARY
  5
A
330
0
100
AcDbDictionary
281
1
  3
ACAD_COLOR
350
B
  3
ACAD_GROUP
350
C
  3
ACAD_LAYOUT
350
D
  3
ACAD_MATERIAL
350
E
  3
ACAD_MLEADERSTYLE
350
F
  3
ACAD_MLINESTYLE
350
10
  3
ACAD_PLOTSETTINGS
350
11
  3
ACAD_PLOTSTYLENAME
350
12
  3
ACAD_SCALELIST
350
14
  3
ACAD_TABLESTYLE
350
15
  3
ACAD_VISUALSTYLE
350
16
  3
EZDXF_META
350
2D
  0
DICTIONARY
  5
B
330
A
100
AcDbDictionary
281
1
  0
DICTIONARY
  5
C
330
A
100
AcDbDictionary
281
1
  0
DICTIONARY
  5
D
330
A
100
AcDbDictionary
281
1
  3
Model
350
1A
  3
Layout1
350
1E
  0
DICTIONARY
  5
E
330
A
100
AcDbDictionary
281
1
  3
ByBlock
350
1F
  3
ByLayer
350
20
  3
Global
350
21
  0
DICTIONARY
  5
F
330
A
100
AcDbDictionary
281
1
  3
Standard
350
2C
  0
DICTIONARY
  5
10
330
A
100
AcDbDictionary
281
1
  3
Standard
350
22
  0
DICTIONARY
  5
11
330
A
100
AcDbDictionary
281
1
  0
ACDBDICTIONARYWDFLT
  5
12
330
A
100
AcDbDictionary
281
1
  3
Normal
350
13
100
AcDbDictionaryWithDefault
340
13
  0
ACDBPLACEHOLDER
  5
13
330
12
  0
DICTIONARY
  5
14
330
A
100
AcDbDictionary
281
1
  0
DICTIONARY
  5
15
330
A
100
AcDbDictionary
281
1
  0
DICTIONARY
  5
16
330
A
100
AcDbDictionary
281
1
  3
2dWireframe
350
5A
  3
Basic
350
5B
  3
Brighten
350
5C
  3
ColorChange
350
5D
  3
Conceptual
350
5E
  3
Dim
350
5F
  3
EdgeColorOff
350
60
  3
Facepattern
350
61
  3
Flat
350
62
  3
FlatWithEdges
350
63
  3
Gouraud
350
64
  3
GouraudWithEdges
350
65
  3
Hidden
350
66
  3
JitterOff
350
67
  3
Linepattern
350
68
  3
Modeling
350
69
  3
OverhangOff
350
6A
  3
Realistic
350
6B
  3
Shaded
350
6C
  3
Shaded with edges
350
6D
  3
Shades of Gray
350
6E
  3
Sketchy
350
6F
  3
Thicken
350
70
  3
Wireframe
350
71
  3
X-Ray
350
72
  0
LAYOUT
  5
1A
330
D
100
AcDbPlotSettings
  1

  4
A3
  6

 40
7.5
 41
20.0
 42
7.5
 43
20.0
 44
420.0
 45
297.0
 46
0.0
 47
0.0
 48
0.0
 49
0.0
140
0.0
141
0.0
142
1.0
143
1.0
 70
1024
 72
1
 73
0
 74
5
  7

 75
16
 76
0
 77
2
 78
300
147
1.0
148
0.0
149
0.0
100
AcDbLayout
  1
Model
 70
1
 71
0
 10
0.0
 20
0.0
 11
420.0
 21
297.0
 12
0.0
 22
0.0
 32
0.0
 14
1e+20
 24
1e+20
 34
1e+20
 15
-1e+20
 25
-1e+20
 35
-1e+20
146
0.0
 13
0.0
 23
0.0
 33
0.0
 16
1.0
 26
0.0
 36
0.0
 17
0.0
 27
1.0
 37
0.0
 76
1
330
17
  0
LAYOUT
  5
1E
330
D
100
AcDbPlotSettings
  1

  4
A3
  6

 40
7.5
 41
20.0
 42
7.5
 43
20.0
 44
420.0
 45
297.0
 46
0.0
 47
0.0
 48
0.0
 49
0.0
140
0.0
141
0.0
142
1.0
143
1.0
 70
0
 72
1
 73
0
 74
5
  7

 75
16
 76
0
 77
2
 78
300
147
1.0
148
0.0
149
0.0
100
AcDbLayout
  1
Layout1
 70
1
 71
1
 10
0.0
 20
0.0
 11
420.0
 21
297.0
 12
0.0
 22
0.0
 32
0.0
 14
1e+20
 24
1e+20
 34
1e+20
 15
-1e+20
 25
-1e+20
 35
-1e+20
146
0.0
 13
0.0
 23
0.0
 33
0.0
 16
1.0
 26
0.0
 36
0.0
 17
0.0
 27
1.0
 37
0.0
 76
1
330
1B
  0
MATERIAL
  5
1F
102
{ACAD_REACTORS
330
E
102
}
330
E
100
AcDbMaterial
  1
ByBlock
  2

 70
0
 40
1.0
 71
1
 41
1.0
 91
-1023410177
 42
1.0
 72
1
  3

 73
1
 74
1
 75
1
 44
0.5
 73
0
 45
1.0
 46
1.0
 77
1
  4

 78
1
 79
1
170
1
 48
1.0
171
1
  6

172
1
173
1
174
1
140
1.0
141
1.0
175
1
  7

176
1
177
1
178
1
143
1.0
179
1
  8

270
1
271
1
272
1
145
1.0
146
1.0
273
1
  9

274
1
275
1
276
1
 42
1.0
 72
1
  3

 73
1
 74
1
 75
1
 94
63
  0
MATERIAL
  5
20
102
{ACAD_REACTORS
330
E
102
}
330
E
100
AcDbMaterial
  1
ByLayer
  2

 70
0
 40
1.0
 71
1
 41
1.0
 91
-1023410177
 42
1.0
 72
1
  3

 73
1
 74
1
 75
1
 44
0.5
 73
0
 45
1.0
 46
1.0
 77
1
  4

 78
1
 79
1
170
1
 48
1.0
171
1
  6

172
1
173
1
174
1
140
1.0
141
1.0
175
1
  7

176
1
177
1
178
1
143
1.0
179
1
  8

270
1
271
1
272
1
145
1.0
146
1.0
273
1
  9

274
1
275
1
276
1
 42
1.0
 72
1
  3

 73
1
 74
1
 75
1
 94
63
  0
MATERIAL
  5
21
102
{ACAD_REACTORS
330
E
102
}
330
E
100
AcDbMaterial
  1
Global
  2

 70
0
 40
1.0
 71
1
 41
1.0
 91
-1023410177
 42
1.0
 72
1
  3

 73
1
 74
1
 75
1
 44
0.5
 73
0
 45
1.0
 46
1.0
 77
1
  4

 78
1
 79
1
170
1
 48
1.0
171
1
  6

172
1
173
1
174
1
140
1.0
141
1.0
175
1
  7

176
1
177
1
178
1
143
1.0
179
1
  8

270
1
271
1
272
1
145
1.0
146
1.0
273
1
  9

274
1
275
1
276
1
 42
1.0
 72
1
  3

 73
1
 74
1
 75
1
 94
63
  0
MLINESTYLE
  5
22
102
{ACAD_REACTORS
330
10
102
}
330
10
100
AcDbMlineStyle
  2
Standard
 70
0
  3

 62
256
 51
90.0
 52
90.0
 71
2
 49
0.5
 62
256
  6
BYLAYER
 49
-0.5
 62
256
  6
BYLAYER
  0
MLEADERSTYLE
  5
2C
102
{ACAD_REACTORS
330
F
102
}
330
F
100
AcDbMLeaderStyle
179
2
170
2
171
1
172
0
 90
2
 40
0.0
 41
0.0
173
1
 91
-1056964608
 92
-2
290
1
 42
2.0
291
1
 43
8.0
  3
Standard
 44
4.0
300

342
29
174
1
175
1
176
0
178
1
 93
-1056964608
 45
4.0
292
0
297
0
 46
4.0
 94
-1056964608
 47
1.0
 49
1.0
140
1.0
294
1
141
0.0
177
0
142
1.0
295
0
296
0
143
3.75
271
0
272
9
273
9
  0
DICTIONARY
  5
2D
330
A
100
AcDbDictionary
280
1
281
1
  3
CREATED_BY_EZDXF
350
2E
  3
WRITTEN_BY_EZDXF
350
11DD
  0
DICTIONARYVAR
  5
2E
330
2D
100
DictionaryVariables
280
0
  1
1.4.4 @ 2026-08-13T06:06:09.049948+00:00
  0
VISUALSTYLE
  5
5A
102
{ACAD_REACTORS
330
16
102
}
330
16
100
AcDbVisualStyle
  2
2dWireframe
 70
4
 90
0
 40
0.6
 62
7
290
0
291
0
  0
VISUALSTYLE
  5
5B
102
{ACAD_REACTORS
330
16
102
}
330
16
100
AcDbVisualStyle
  2
Basic
 70
7
 90
1
 40
0.6
 62
7
290
0
291
1
  0
VISUALSTYLE
  5
5C
102
{ACAD_REACTORS
330
16
102
}
330
16
100
AcDbVisualStyle
  2
Brighten
 70
12
 90
2
 40
0.6
 62
7
290
0
291
1
  0
VISUALSTYLE
  5
5D
102
{ACAD_REACTORS
330
16
102
}
330
16
100
AcDbVisualStyle
  2
ColorChange
 70
16
 90
2
 40
0.6
 62
8
290
0
291
1
  0
VISUALSTYLE
  5
5E
102
{ACAD_REACTORS
330
16
102
}
330
16
100
AcDbVisualStyle
  2
Conceptual
 70
9
 90
3
 40
0.6
 62
7
290
0
291
0
  0
VISUALSTYLE
  5
5F
102
{ACAD_REACTORS
330
16
102
}
330
16
100
AcDbVisualStyle
  2
Dim
 70
11
 90
2
 40
0.6
 62
7
290
0
291
1
  0
VISUALSTYLE
  5
60
102
{ACAD_REACTORS
330
16
102
}
330
16
100
AcDbVisualStyle
  2
EdgeColorOff
 70
22
 90
2
 40
0.6
 62
7
290
0
291
1
  0
VISUALSTYLE
  5
61
102
{ACAD_REACTORS
330
16
102
}
330
16
100
AcDbVisualStyle
  2
Facepattern
 70
15
 90
2
 40
0.6
 62
7
290
0
291
1
  0
VISUALSTYLE
  5
62
102
{ACAD_REACTORS
330
16
102
}
330
16
100
AcDbVisualStyle
  2
Flat
 70
0
 90
2
 40
0.6
 62
7
290
0
291
1
  0
VISUALSTYLE
  5
63
102
{ACAD_REACTORS
330
16
102
}
330
16
100
AcDbVisualStyle
  2
FlatWithEdges
 70
1
 90
2
 40
0.6
 62
7
290
0
291
1
  0
VISUALSTYLE
  5
64
102
{ACAD_REACTORS
330
16
102
}
330
16
100
AcDbVisualStyle
  2
Gouraud
 70
2
 90
2
 40
0.6
 62
7
290
0
291
1
  0
VISUALSTYLE
  5
65
102
{ACAD_REACTORS
330
16
102
}
330
16
100
AcDbVisualStyle
  2
GouraudWithEdges
 70
3
 90
2
 40
0.6
 62
7
290
0
291
1
  0
VISUALSTYLE
  5
66
102
{ACAD_REACTORS
330
16
102
}
330
16
100
AcDbVisualStyle
  2
Hidden
 70
6
 90
1
 40
0.6
 62
7
290
0
291
0
  0
VISUALSTYLE
  5
67
102
{ACAD_REACTORS
330
16
102
}
330
16
100
AcDbVisualStyle
  2
JitterOff
 70
20
 90
2
 40
0.6
 62
7
290
0
291
1
  0
VISUALSTYLE
  5
68
102
{ACAD_REACTORS
330
16
102
}
330
16
100
AcDbVisualStyle
  2
Linepattern
 70
14
 90
2
 40
0.6
 62
7
290
0
291
1
  0
VISUALSTYLE
  5
69
102
{ACAD_REACTORS
330
16
102
}
330
16
100
AcDbVisualStyle
  2
Modeling
 70
10
 90
2
 40
0.6
 62
7
290
0
291
0
  0
VISUALSTYLE
  5
6A
102
{ACAD_REACTORS
330
16
102
}
330
16
100
AcDbVisualStyle
  2
OverhangOff
 70
21
 90
2
 40
0.6
 62
7
290
0
291
1
  0
VISUALSTYLE
  5
6B
102
{ACAD_REACTORS
330
16
102
}
330
16
100
AcDbVisualStyle
  2
Realistic
 70
8
 90
2
 40
0.6
 62
7
290
0
291
0
  0
VISUALSTYLE
  5
6C
102
{ACAD_REACTORS
330
16
102
}
330
16
100
AcDbVisualStyle
  2
Shaded
 70
27
 90
2
 40
0.6
 62
7
290
0
291
0
  0
VISUALSTYLE
  5
6D
102
{ACAD_REACTORS
330
16
102
}
330
16
100
AcDbVisualStyle
  2
Shaded with edges
 70
26
 90
2
 40
0.6
 62
7
290
0
291
0
  0
VISUALSTYLE
  5
6E
102
{ACAD_REACTORS
330
16
102
}
330
16
100
AcDbVisualStyle
  2
Shades of Gray
 70
23
 90
2
 40
0.6
 62
7
290
0
291
0
  0
VISUALSTYLE
  5
6F
102
{ACAD_REACTORS
330
16
102
}
330
16
100
AcDbVisualStyle
  2
Sketchy
 70
24
 90
1
 40
0.6
 62
7
290
0
291
0
  0
VISUALSTYLE
  5
70
102
{ACAD_REACTORS
330
16
102
}
330
16
100
AcDbVisualStyle
  2
Thicken
 70
13
 90
2
 40
0.6
 62
7
290
0
291
1
  0
VISUALSTYLE
  5
71
102
{ACAD_REACTORS
330
16
102
}
330
16
100
AcDbVisualStyle
  2
Wireframe
 70
5
 90
0
 40
0.6
 62
7
290
0
291
0
  0
VISUALSTYLE
  5
72
102
{ACAD_REACTORS
330
16
102
}
330
16
100
AcDbVisualStyle
  2
X-Ray
 70
25
 90
2
 40
0.5
 62
7
290
0
291
0
  0
DICTIONARYVAR
  5
11DD
330
2D
100
DictionaryVariables
280
0
  1
1.4.4 @ 2026-08-13T06:06:09.169799+00:00
  0
ENDSEC
  0
EOF
