  0
SECTION
  2
HEADER
  9
$ACADVER
  1
AC1024
  9
$ACADMAINTVER
 70
6
  9
$DWGCODEPAGE
  3
ANSI_1252
  9
$LASTSAVEDBY
  1
ezdxf
  9
$INSBASE
 10
0.0
 20
0.0
 30
0.0
  9
$EXTMIN
 10
1e+20
 20
1e+20
 30
1e+20
  9
$EXTMAX
 10
-1e+20
 20
-1e+20
 30
-1e+20
  9
$LIMMIN
 10
0.0
 20
0.0
  9
$LIMMAX
 10
420.0
 20
297.0
  9
$ORTHOMODE
 70
0
  9
$REGENMODE
 70
1
  9
$FILLMODE
 70
1
  9
$QTEXTMODE
 70
0
  9
$MIRRTEXT
 70
1
  9
$LTSCALE
 40
1.0
  9
$ATTMODE
 70
1
  9
$TEXTSIZE
 40
2.5
  9
$TRACEWID
 40
1.0
  9
$TEXTSTYLE
  7
OpenSans
  9
$CLAYER
  8
0
  9
$CELTYPE
  6
ByLayer
  9
$CECOLOR
 62
256
  9
$CELTSCALE
 40
1.0
  9
$DISPSILH
 70
0
  9
$DIMSCALE
 40
1.0
  9
$DIMASZ
 40
0.175
  9
$DIMEXO
 40
0.125
  9
$DIMDLI
 40
3.75
  9
$DIMRND
 40
0.0
  9
$DIMDLE
 40
0.0
  9
$DIMEXE
 40
0.375
  9
$DIMTP
 40
0.0
  9
$DIMTM
 40
0.0
  9
$DIMTXT
 40
0.25
  9
$DIMCEN
 40
2.5
  9
$DIMTSZ
 40
0.0
  9
$DIMTOL
 70
0
  9
$DIMLIM
 70
0
  9
$DIMTIH
 70
0
  9
$DIMTOH
 70
0
  9
$DIMSE1
 70
0
  9
$DIMSE2
 70
0
  9
$DIMTAD
 70
1
  9
$DIMZIN
 70
12
  9
$DIMBLK
  1
ARCHTICK
  9
$DIMASO
 70
1
  9
$DIMSHO
 70
1
  9
$DIMPOST
  1

  9
$DIMAPOST
  1

  9
$DIMALT
 70
0
  9
$DIMALTD
 70
3
  9
$DIMALTF
 40
0.03937007874
  9
$DIMLFAC
 40
100.0
  9
$DIMTOFL
 70
1
  9
$DIMTVP
 40
0.0
  9
$DIMTIX
 70
0
  9
$DIMSOXD
 70
0
  9
$DIMSAH
 70
0
  9
$DIMBLK1
  1

  9
$DIMBLK2
  1

  9
$DIMSTYLE
  2
EZDXF
  9
$DIMCLRD
 70
0
  9
$DIMCLRE
 70
0
  9
$DIMCLRT
 70
0
  9
$DIMTFAC
 40
0.5
  9
$DIMGAP
 40
0.1
  9
$DIMJUST
 70
0
  9
$DIMSD1
 70
0
  9
$DIMSD2
 70
0
  9
$DIMTOLJ
 70
0
  9
$DIMTZIN
 70
8
  9
$DIMALTZ
 70
0
  9
$DIMALTTZ
 70
0
  9
$DIMUPT
 70
1
  9
$DIMDEC
 70
2
  9
$DIMTDEC
 70
2
  9
$DIMALTU
 70
2
  9
$DIMALTTD
 70
3
  9
$DIMTXSTY
  7
OpenSansCondensed-Light
  9
$DIMAUNIT
 70
0
  9
$DIMADEC
 70
2
  9
$DIMALTRND
 40
0.0
  9
$DIMAZIN
 70
3
  9
$DIMDSEP
 70
46
  9
$DIMATFIT
 70
3
  9
$DIMFRAC
 70
0
  9
$DIMLDRBLK
  1

  9
$DIMLUNIT
 70
2
  9
$DIMLWD
 70
-2
  9
$DIMLWE
 70
-2
  9
$DIMTMOVE
 70
2
  9
$DIMFXL
 40
1.0
  9
$DIMFXLON
 70
0
  9
$DIMJOGANG
 40
0.785398163397
  9
$DIMTFILL
 70
0
  9
$DIMTFILLCLR
 70
0
  9
$DIMARCSYM
 70
0
  9
$DIMLTYPE
  6

  9
$DIMLTEX1
  6

  9
$DIMLTEX2
  6

  9
$DIMTXTDIRECTION
 70
0
  9
$LUNITS
 70
2
  9
$LUPREC
 70
4
  9
$SKETCHINC
 40
1.0
  9
$FILLETRAD
 40
10.0
  9
$AUNITS
 70
0
  9
$AUPREC
 70
2
  9
$MENU
  1
.
  9
$ELEVATION
 40
0.0
  9
$PELEVATION
 40
0.0
  9
$THICKNESS
 40
0.0
  9
$LIMCHECK
 70
0
  9
$CHAMFERA
 40
0.0
  9
$CHAMFERB
 40
0.0
  9
$CHAMFERC
 40
0.0
  9
$CHAMFERD
 40
0.0
  9
$SKPOLY
 70
0
  9
$TDCREATE
 40
2461266.483414352
  9
$TDUCREATE
 40
2458532.153996898
  9
$TDUPDATE
 40
2461266.483414352
  9
$TDUUPDATE
 40
2458532.1544311
  9
$TDINDWG
 40
0.0
  9
$TDUSRTIMER
 40
0.0
  9
$USRTIMER
 70
1
  9
$ANGBASE
 50
0.0
  9
$ANGDIR
 70
0
  9
$PDMODE
 70
0
  9
$PDSIZE
 40
0.0
  9
$PLINEWID
 40
0.0
  9
$SPLFRAME
 70
0
  9
$SPLINETYPE
 70
6
  9
$SPLINESEGS
 70
8
  9
$HANDSEED
  5
1A01
  9
$SURFTAB1
 70
6
  9
$SURFTAB2
 70
6
  9
$SURFTYPE
 70
6
  9
$SURFU
 70
6
  9
$SURFV
 70
6
  9
$UCSBASE
  2

  9
$UCSNAME
  2

  9
$UCSORG
 10
0.0
 20
0.0
 30
0.0
  9
$UCSXDIR
 10
1.0
 20
0.0
 30
0.0
  9
$UCSYDIR
 10
0.0
 20
1.0
 30
0.0
  9
$UCSORTHOREF
  2

  9
$UCSORTHOVIEW
 70
0
  9
$UCSORGTOP
 10
0.0
 20
0.0
 30
0.0
  9
$UCSORGBOTTOM
 10
0.0
 20
0.0
 30
0.0
  9
$UCSORGLEFT
 10
0.0
 20
0.0
 30
0.0
  9
$UCSORGRIGHT
 10
0.0
 20
0.0
 30
0.0
  9
$UCSORGFRONT
 10
0.0
 20
0.0
 30
0.0
  9
$UCSORGBACK
 10
0.0
 20
0.0
 30
0.0
  9
$PUCSBASE
  2

  9
$PUCSNAME
  2

  9
$PUCSORG
 10
0.0
 20
0.0
 30
0.0
  9
$PUCSXDIR
 10
1.0
 20
0.0
 30
0.0
  9
$PUCSYDIR
 10
0.0
 20
1.0
 30
0.0
  9
$PUCSORTHOREF
  2

  9
$PUCSORTHOVIEW
 70
0
  9
$PUCSORGTOP
 10
0.0
 20
0.0
 30
0.0
  9
$PUCSORGBOTTOM
 10
0.0
 20
0.0
 30
0.0
  9
$PUCSORGLEFT
 10
0.0
 20
0.0
 30
0.0
  9
$PUCSORGRIGHT
 10
0.0
 20
0.0
 30
0.0
  9
$PUCSORGFRONT
 10
0.0
 20
0.0
 30
0.0
  9
$PUCSORGBACK
 10
0.0
 20
0.0
 30
0.0
  9
$USERI1
 70
0
  9
$USERI2
 70
0
  9
$USERI3
 70
0
  9
$USERI4
 70
0
  9
$USERI5
 70
0
  9
$USERR1
 40
0.0
  9
$USERR2
 40
0.0
  9
$USERR3
 40
0.0
  9
$USERR4
 40
0.0
  9
$USERR5
 40
0.0
  9
$WORLDVIEW
 70
1
  9
$SHADEDGE
 70
3
  9
$SHADEDIF
 70
70
  9
$TILEMODE
 70
1
  9
$MAXACTVP
 70
64
  9
$PINSBASE
 10
0.0
 20
0.0
 30
0.0
  9
$PLIMCHECK
 70
0
  9
$PEXTMIN
 10
1e+20
 20
1e+20
 30
1e+20
  9
$PEXTMAX
 10
-1e+20
 20
-1e+20
 30
-1e+20
  9
$PLIMMIN
 10
0.0
 20
0.0
  9
$PLIMMAX
 10
420.0
 20
297.0
  9
$UNITMODE
 70
0
  9
$VISRETAIN
 70
1
  9
$PLINEGEN
 70
0
  9
$PSLTSCALE
 70
1
  9
$TREEDEPTH
 70
3020
  9
$CMLSTYLE
  2
Standard
  9
$CMLJUST
 70
0
  9
$CMLSCALE
 40
20.0
  9
$PROXYGRAPHICS
 70
1
  9
$MEASUREMENT
 70
1
  9
$CELWEIGHT
370
-1
  9
$ENDCAPS
280
0
  9
$JOINSTYLE
280
0
  9
$LWDISPLAY
290
0
  9
$INSUNITS
 70
6
  9
$HYPERLINKBASE
  1

  9
$STYLESHEET
  1

  9
$XEDIT
290
1
  9
$CEPSNTYPE
380
0
  9
$PSTYLEMODE
290
1
  9
$FINGERPRINTGUID
  2
{495625D4-240C-45F0-90CC-6DE62277120E}
  9
$VERSIONGUID
  2
{EBF8D6AD-D61F-4615-976C-5D64A83CE5C0}
  9
$EXTNAMES
290
1
  9
$PSVPSCALE
 40
0.0
  9
$OLESTARTUP
290
0
  9
$SORTENTS
280
127
  9
$INDEXCTL
280
0
  9
$HIDETEXT
280
1
  9
$XCLIPFRAME
280
1
  9
$HALOGAP
280
0
  9
$OBSCOLOR
 70
257
  9
$OBSLTYPE
280
0
  9
$INTERSECTIONDISPLAY
280
0
  9
$INTERSECTIONCOLOR
 70
257
  9
$DIMASSOC
280
2
  9
$PROJECTNAME
  1

  9
$CAMERADISPLAY
290
0
  9
$LENSLENGTH
 40
50.0
  9
$CAMERAHEIGHT
 40
0.0
  9
$STEPSPERSEC
 40
24.0
  9
$STEPSIZE
 40
100.0
  9
$3DDWFPREC
 40
2.0
  9
$PSOLWIDTH
 40
0.005
  9
$PSOLHEIGHT
 40
0.08
  9
$LOFTANG1
 40
1.570796326795
  9
$LOFTANG2
 40
1.570796326795
  9
$LOFTMAG1
 40
0.0
  9
$LOFTMAG2
 40
0.0
  9
$LOFTPARAM
 70
7
  9
$LOFTNORMALS
280
1
  9
$LATITUDE
 40
37.795
  9
$LONGITUDE
 40
-122.394
  9
$NORTHDIRECTION
 40
0.0
  9
$TIMEZONE
 70
-8000
  9
$LIGHTGLYPHDISPLAY
280
1
  9
$TILEMODELIGHTSYNCH
280
1
  9
$CMATERIAL
347
20
  9
$SOLIDHIST
280
0
  9
$SHOWHIST
280
1
  9
$DWFFRAME
280
2
  9
$DGNFRAME
280
2
  9
$REALWORLDSCALE
290
1
  9
$INTERFERECOLOR
 62
256
  9
$CSHADOW
280
0
  9
$SHADOWPLANELOCATION
 40
0.0
  0
ENDSEC
  0
SECTION
  2
CLASSES
  0
CLASS
  1
ACDBDICTIONARYWDFLT
  2
AcDbDictionaryWithDefault
  3
ObjectDBX Classes
 90
0
 91
0
280
0
281
0
  0
CLASS
  1
SUN
  2
AcDbSun
  3
SCENEOE
 90
1153
 91
0
280
0
281
0
  0
CLASS
  1
VISUALSTYLE
  2
AcDbVisualStyle
  3
ObjectDBX Classes
 90
4095
 91
0
280
0
281
0
  0
CLASS
  1
MATERIAL
  2
AcDbMaterial
  3
ObjectDBX Classes
 90
1153
 91
0
280
0
281
0
  0
CLASS
  1
SCALE
  2
AcDbScale
  3
ObjectDBX Classes
 90
1153
 91
0
280
0
281
0
  0
CLASS
  1
TABLESTYLE
  2
AcDbTableStyle
  3
ObjectDBX Classes
 90
4095
 91
0
280
0
281
0
  0
CLASS
  1
MLEADERSTYLE
  2
AcDbMLeaderStyle
  3
ACDB_MLEADERSTYLE_CLASS
 90
4095
 91
0
280
0
281
0
  0
CLASS
  1
DICTIONARYVAR
  2
AcDbDictionaryVar
  3
ObjectDBX Classes
 90
0
 91
0
280
0
281
0
  0
CLASS
  1
CELLSTYLEMAP
  2
AcDbCellStyleMap
  3
ObjectDBX Classes
 90
1152
 91
0
280
0
281
0
  0
CLASS
  1
MENTALRAYRENDERSETTINGS
  2
AcDbMentalRayRenderSettings
  3
SCENEOE
 90
1024
 91
0
280
0
281
0
  0
CLASS
  1
ACDBDETAILVIEWSTYLE
  2
AcDbDetailViewStyle
  3
ObjectDBX Classes
 90
1025
 91
0
280
0
281
0
  0
CLASS
  1
ACDBSECTIONVIEWSTYLE
  2
AcDbSectionViewStyle
  3
ObjectDBX Classes
 90
1025
 91
0
280
0
281
0
  0
CLASS
  1
RASTERVARIABLES
  2
AcDbRasterVariables
  3
ISM
 90
0
 91
0
280
0
281
0
  0
CLASS
  1
ACDBPLACEHOLDER
  2
AcDbPlaceHolder
  3
ObjectDBX Classes
 90
0
 91
0
280
0
281
0
  0
CLASS
  1
LAYOUT
  2
AcDbLayout
  3
ObjectDBX Classes
 90
0
 91
0
280
0
281
0
  0
ENDSEC
  0
SECTION
  2
TABLES
  0
TABLE
  2
VPORT
  5
8
330
0
100
AcDbSymbolTable
 70
1
  0
VPORT
  5
23
330
8
100
AcDbSymbolTableRecord
100
AcDbViewportTableRecord
  2
*Active
 70
0
 10
0.0
 20
0.0
 11
1.0
 21
1.0
 12
0.0
 22
0.0
 13
0.0
 23
0.0
 14
0.5
 24
0.5
 15
0.5
 25
0.5
 16
0.0
 26
0.0
 36
1.0
 17
0.0
 27
0.0
 37
0.0
 40
1000.0
 41
1.34
 42
50.0
 43
0.0
 44
0.0
 50
0.0
 51
0.0
 71
0
 72
1000
 73
1
 74
3
 75
0
 76
0
 77
0
 78
0
281
0
 65
0
146
0.0
  0
ENDTAB
  0
TABLE
  2
LTYPE
  5
2
330
0
100
AcDbSymbolTable
 70
21
  0
LTYPE
  5
24
330
2
100
AcDbSymbolTableRecord
100
AcDbLinetypeTableRecord
  2
ByBlock
 70
0
  3

 72
65
 73
0
 40
0.0
  0
LTYPE
  5
25
330
2
100
AcDbSymbolTableRecord
100
AcDbLinetypeTableRecord
  2
ByLayer
 70
0
  3

 72
65
 73
0
 40
0.0
  0
LTYPE
  5
26
330
2
100
AcDbSymbolTableRecord
100
AcDbLinetypeTableRecord
  2
Continuous
 70
0
  3

 72
65
 73
0
 40
0.0
  0
LTYPE
  5
2F
330
2
100
AcDbSymbolTableRecord
100
AcDbLinetypeTableRecord
  2
CENTER
 70
0
  3
Center ____ _ ____ _ ____ _ ____ _ ____ _ ____
 72
65
 73
4
 40
5.08
 49
3.175
 74
0
 49
-0.635
 74
0
 49
0.635
 74
0
 49
-0.635
 74
0
  0
LTYPE
  5
30
330
2
100
AcDbSymbolTableRecord
100
AcDbLinetypeTableRecord
  2
CENTERX2
 70
0
  3
Center (2x) ________  __  ________  __  ________
 72
65
 73
4
 40
8.89
 49
6.35
 74
0
 49
-0.635
 74
0
 49
1.27
 74
0
 49
-0.635
 74
0
  0
LTYPE
  5
31
330
2
100
AcDbSymbolTableRecord
100
AcDbLinetypeTableRecord
  2
CENTER2
 70
0
  3
Center (.5x) ____ _ ____ _ ____ _ ____ _ ____
 72
65
 73
4
 40
2.54
 49
1.587
 74
0
 49
-0.318
 74
0
 49
0.318
 74
0
 49
-0.318
 74
0
  0
LTYPE
  5
32
330
2
100
AcDbSymbolTableRecord
100
AcDbLinetypeTableRecord
  2
DASHED
 70
0
  3
Dashed __ __ __ __ __ __ __ __ __ __ __ __ __ _
 72
65
 73
2
 40
1.524
 49
1.27
 74
0
 49
-0.254
 74
0
  0
LTYPE
  5
33
330
2
100
AcDbSymbolTableRecord
100
AcDbLinetypeTableRecord
  2
DASHEDX2
 70
0
  3
Dashed (2x) ____  ____  ____  ____  ____  ____
 72
65
 73
2
 40
3.048
 49
2.54
 74
0
 49
-0.508
 74
0
  0
LTYPE
  5
34
330
2
100
AcDbSymbolTableRecord
100
AcDbLinetypeTableRecord
  2
DASHED2
 70
0
  3
Dashed (.5x) _ _ _ _ _ _ _ _ _ _ _ _ _ _
 72
65
 73
2
 40
0.762
 49
0.635
 74
0
 49
-0.127
 74
0
  0
LTYPE
  5
35
330
2
100
AcDbSymbolTableRecord
100
AcDbLinetypeTableRecord
  2
PHANTOM
 70
0
  3
Phantom ______  __  __  ______  __  __  ______
 72
65
 73
6
 40
6.35
 49
3.175
 74
0
 49
-0.635
 74
0
 49
0.635
 74
0
 49
-0.635
 74
0
 49
0.635
 74
0
 49
-0.635
 74
0
  0
LTYPE
  5
36
330
2
100
AcDbSymbolTableRecord
100
AcDbLinetypeTableRecord
  2
PHANTOMX2
 70
0
  3
Phantom (2x)____________    ____    ____    ____________
 72
65
 73
6
 40
10.795
 49
6.35
 74
0
 49
-0.635
 74
0
 49
1.27
 74
0
 49
-0.635
 74
0
 49
1.27
 74
0
 49
-0.635
 74
0
  0
LTYPE
  5
37
330
2
100
AcDbSymbolTableRecord
100
AcDbLinetypeTableRecord
  2
PHANTOM2
 70
0
  3
Phantom (.5x) ___ _ _ ___ _ _ ___ _ _ ___ _ _ ___
 72
65
 73
6
 40
3.175
 49
1.587
 74
0
 49
-0.318
 74
0
 49
0.318
 74
0
 49
-0.318
 74
0
 49
0.318
 74
0
 49
-0.318
 74
0
  0
LTYPE
  5
38
330
2
100
AcDbSymbolTableRecord
100
AcDbLinetypeTableRecord
  2
DASHDOT
 70
0
  3
Dash dot __ . __ . __ . __ . __ . __ . __ . __
 72
65
 73
4
 40
3.556
 49
2.54
 74
0
 49
-0.508
 74
0
 49
0.0
 74
0
 49
-0.508
 74
0
  0
LTYPE
  5
39
330
2
100
AcDbSymbolTableRecord
100
AcDbLinetypeTableRecord
  2
DASHDOTX2
 70
0
  3
Dash dot (2x) ____  .  ____  .  ____  .  ____
 72
65
 73
4
 40
6.096
 49
5.08
 74
0
 49
-0.508
 74
0
 49
0.0
 74
0
 49
-0.508
 74
0
  0
LTYPE
  5
3A
330
2
100
AcDbSymbolTableRecord
100
AcDbLinetypeTableRecord
  2
DASHDOT2
 70
0
  3
Dash dot (.5x) _ . _ . _ . _ . _ . _ . _ . _
 72
65
 73
4
 40
1.778
 49
1.27
 74
0
 49
-0.254
 74
0
 49
0.0
 74
0
 49
-0.254
 74
0
  0
LTYPE
  5
3B
330
2
100
AcDbSymbolTableRecord
100
AcDbLinetypeTableRecord
  2
DOT
 70
0
  3
Dot .  .  .  .  .  .  .  .  .  .  .  .  .  .  .  .
 72
65
 73
2
 40
0.508
 49
0.0
 74
0
 49
-0.508
 74
0
  0
LTYPE
  5
3C
330
2
100
AcDbSymbolTableRecord
100
AcDbLinetypeTableRecord
  2
DOTX2
 70
0
  3
Dot (2x) .    .    .    .    .    .    .    . 
 72
65
 73
2
 40
1.016
 49
0.0
 74
0
 49
-1.016
 74
0
  0
LTYPE
  5
3D
330
2
100
AcDbSymbolTableRecord
100
AcDbLinetypeTableRecord
  2
DOT2
 70
0
  3
Dot (.5) . . . . . . . . . . . . . . . . . . . 
 72
65
 73
2
 40
0.254
 49
0.0
 74
0
 49
-0.254
 74
0
  0
LTYPE
  5
3E
330
2
100
AcDbSymbolTableRecord
100
AcDbLinetypeTableRecord
  2
DIVIDE
 70
0
  3
Divide __ . . __ . . __ . . __ . . __ . . __
 72
65
 73
6
 40
4.064
 49
2.54
 74
0
 49
-0.508
 74
0
 49
0.0
 74
0
 49
-0.508
 74
0
 49
0.0
 74
0
 49
-0.508
 74
0
  0
LTYPE
  5
3F
330
2
100
AcDbSymbolTableRecord
100
AcDbLinetypeTableRecord
  2
DIVIDEX2
 70
0
  3
Divide (2x) ____  . .  ____  . .  ____  . .  ____
 72
65
 73
6
 40
6.604
 49
5.08
 74
0
 49
-0.508
 74
0
 49
0.0
 74
0
 49
-0.508
 74
0
 49
0.0
 74
0
 49
-0.508
 74
0
  0
LTYPE
  5
40
330
2
100
AcDbSymbolTableRecord
100
AcDbLinetypeTableRecord
  2
DIVIDE2
 70
0
  3
Divide(.5x) _ . _ . _ . _ . _ . _ . _ . _
 72
65
 73
6
 40
2.032
 49
1.27
 74
0
 49
-0.254
 74
0
 49
0.0
 74
0
 49
-0.254
 74
0
 49
0.0
 74
0
 49
-0.254
 74
0
  0
ENDTAB
  0
TABLE
  2
LAYER
  5
1
330
0
100
AcDbSymbolTable
 70
16
  0
LAYER
  5
27
330
1
100
AcDbSymbolTableRecord
100
AcDbLayerTableRecord
  2
0
 70
0
 62
7
  6
Continuous
370
-3
390
13
347
21
  0
LAYER
  5
28
330
1
100
AcDbSymbolTableRecord
100
AcDbLayerTableRecord
  2
Defpoints
 70
0
 62
7
  6
Continuous
290
0
370
-3
390
13
347
21
  0
LAYER
  5
8A
330
1
100
AcDbSymbolTableRecord
100
AcDbLayerTableRecord
  2
RBAR-T16-F
 70
0
 62
4
  6
Continuous
370
-3
390
13
347
21
  0
LAYER
  5
E3
330
1
100
AcDbSymbolTableRecord
100
AcDbLayerTableRecord
  2
RBAR-T16-E
 70
0
 62
4
  6
Continuous
370
-3
390
13
347
21
  0
LAYER
  5
F4
330
1
100
AcDbSymbolTableRecord
100
AcDbLayerTableRecord
  2
RBAR-T12-D
 70
0
 62
3
  6
Continuous
370
-3
390
13
347
21
  0
LAYER
  5
229
330
1
100
AcDbSymbolTableRecord
100
AcDbLayerTableRecord
  2
RBAR-T12-C2
 70
0
 62
3
  6
Continuous
370
-3
390
13
347
21
  0
LAYER
  5
26A
330
1
100
AcDbSymbolTableRecord
100
AcDbLayerTableRecord
  2
RBAR-T12-C1
 70
0
 62
3
  6
Continuous
370
-3
390
13
347
21
  0
LAYER
  5
273
330
1
100
AcDbSymbolTableRecord
100
AcDbLayerTableRecord
  2
RBAR-T12-C
 70
0
 62
3
  6
Continuous
370
-3
390
13
347
21
  0
LAYER
  5
27C
330
1
100
AcDbSymbolTableRecord
100
AcDbLayerTableRecord
  2
RBAR-T8-B1
 70
0
 62
1
  6
Continuous
370
-3
390
13
347
21
  0
LAYER
  5
65B
330
1
100
AcDbSymbolTableRecord
100
AcDbLayerTableRecord
  2
RBAR-T8-B
 70
0
 62
1
  6
Continuous
370
-3
390
13
347
21
  0
LAYER
  5
1080
330
1
100
AcDbSymbolTableRecord
100
AcDbLayerTableRecord
  2
RBAR-T8-A1
 70
0
 62
1
  6
Continuous
370
-3
390
13
347
21
  0
LAYER
  5
1171
330
1
100
AcDbSymbolTableRecord
100
AcDbLayerTableRecord
  2
RBAR-T8-A
 70
0
 62
1
  6
Continuous
370
-3
390
13
347
21
  0
LAYER
  5
1262
330
1
100
AcDbSymbolTableRecord
100
AcDbLayerTableRecord
  2
RBAR-T10-H
 70
0
 62
2
  6
Continuous
370
-3
390
13
347
21
  0
LAYER
  5
12DB
330
1
100
AcDbSymbolTableRecord
100
AcDbLayerTableRecord
  2
RBAR-T8-G
 70
0
 62
1
  6
Continuous
370
-3
390
13
347
21
  0
LAYER
  5
19E4
330
1
100
AcDbSymbolTableRecord
100
AcDbLayerTableRecord
  2
RBAR-T20-I1
 70
0
 62
5
  6
Continuous
370
-3
390
13
347
21
  0
LAYER
  5
19F1
330
1
100
AcDbSymbolTableRecord
100
AcDbLayerTableRecord
  2
RBAR-T20-I
 70
0
 62
5
  6
Continuous
370
-3
390
13
347
21
  0
ENDTAB
  0
TABLE
  2
STYLE
  5
5
330
0
100
AcDbSymbolTable
 70
26
  0
STYLE
  5
29
330
5
100
AcDbSymbolTableRecord
100
AcDbTextStyleTableRecord
  2
Standard
 70
0
 40
0.0
 41
1.0
 50
0.0
 71
0
 42
2.5
  3
txt
  4

  0
STYLE
  5
41
330
5
100
AcDbSymbolTableRecord
100
AcDbTextStyleTableRecord
  2
OpenSans-Light
 70
0
 40
0.0
 41
1.0
 50
0.0
 71
0
 42
2.5
  3
OpenSans-Light.ttf
  4

  0
STYLE
  5
42
330
5
100
AcDbSymbolTableRecord
100
AcDbTextStyleTableRecord
  2
OpenSans-Light-Italic
 70
0
 40
0.0
 41
1.0
 50
0.0
 71
0
 42
2.5
  3
OpenSans-LightItalic.ttf
  4

  0
STYLE
  5
43
330
5
100
AcDbSymbolTableRecord
100
AcDbTextStyleTableRecord
  2
OpenSans
 70
0
 40
0.0
 41
1.0
 50
0.0
 71
0
 42
2.5
  3
OpenSans-Regular.ttf
  4

  0
STYLE
  5
44
330
5
100
AcDbSymbolTableRecord
100
AcDbTextStyleTableRecord
  2
OpenSans-Italic
 70
0
 40
0.0
 41
1.0
 50
0.0
 71
0
 42
2.5
  3
OpenSans-Italic.ttf
  4

  0
STYLE
  5
45
330
5
100
AcDbSymbolTableRecord
100
AcDbTextStyleTableRecord
  2
OpenSans-SemiBold
 70
0
 40
0.0
 41
1.0
 50
0.0
 71
0
 42
2.5
  3
OpenSans-SemiBold.ttf
  4

  0
STYLE
  5
46
330
5
100
AcDbSymbolTableRecord
100
AcDbTextStyleTableRecord
  2
OpenSans-SemiBoldItalic
 70
0
 40
0.0
 41
1.0
 50
0.0
 71
0
 42
2.5
  3
OpenSans-SemiBoldItalic.ttf
  4

  0
STYLE
  5
47
330
5
100
AcDbSymbolTableRecord
100
AcDbTextStyleTableRecord
  2
OpenSans-Bold
 70
0
 40
0.0
 41
1.0
 50
0.0
 71
0
 42
2.5
  3
OpenSans-Bold.ttf
  4

  0
STYLE
  5
48
330
5
100
AcDbSymbolTableRecord
100
AcDbTextStyleTableRecord
  2
OpenSans-BoldItalic
 70
0
 40
0.0
 41
1.0
 50
0.0
 71
0
 42
2.5
  3
OpenSans-BoldItalic.ttf
  4

  0
STYLE
  5
49
330
5
100
AcDbSymbolTableRecord
100
AcDbTextStyleTableRecord
  2
OpenSans-ExtraBold
 70
0
 40
0.0
 41
1.0
 50
0.0
 71
0
 42
2.5
  3
OpenSans-ExtraBold.ttf
  4

  0
STYLE
  5
4A
330
5
100
AcDbSymbolTableRecord
100
AcDbTextStyleTableRecord
  2
OpenSans-ExtraBoldItalic
 70
0
 40
0.0
 41
1.0
 50
0.0
 71
0
 42
2.5
  3
OpenSans-ExtraBoldItalic.ttf
  4

  0
STYLE
  5
4B
330
5
100
AcDbSymbolTableRecord
100
AcDbTextStyleTableRecord
  2
OpenSansCondensed-Bold
 70
0
 40
0.0
 41
1.0
 50
0.0
 71
0
 42
2.5
  3
OpenSansCondensed-Bold.ttf
  4

  0
STYLE
  5
4C
330
5
100
AcDbSymbolTableRecord
100
AcDbTextStyleTableRecord
  2
OpenSansCondensed-Light
 70
0
 40
0.0
 41
1.0
 50
0.0
 71
0
 42
2.5
  3
OpenSansCondensed-Light.ttf
  4

  0
STYLE
  5
4D
330
5
100
AcDbSymbolTableRecord
100
AcDbTextStyleTableRecord
  2
OpenSansCondensed-Italic
 70
0
 40
0.0
 41
1.0
 50
0.0
 71
0
 42
2.5
  3
OpenSansCondensed-LightItalic.ttf
  4

  0
STYLE
  5
4E
330
5
100
AcDbSymbolTableRecord
100
AcDbTextStyleTableRecord
  2
LiberationSans
 70
0
 40
0.0
 41
1.0
 50
0.0
 71
0
 42
2.5
  3
LiberationSans-Regular.ttf
  4

  0
STYLE
  5
4F
330
5
100
AcDbSymbolTableRecord
100
AcDbTextStyleTableRecord
  2
LiberationSans-Bold
 70
0
 40
0.0
 41
1.0
 50
0.0
 71
0
 42
2.5
  3
LiberationSans-Bold.ttf
  4

  0
STYLE
  5
50
330
5
100
AcDbSymbolTableRecord
100
AcDbTextStyleTableRecord
  2
LiberationSans-BoldItalic
 70
0
 40
0.0
 41
1.0
 50
0.0
 71
0
 42
2.5
  3
LiberationSans-BoldItalic.ttf
  4

  0
STYLE
  5
51
330
5
100
AcDbSymbolTableRecord
100
AcDbTextStyleTableRecord
  2
LiberationSans-Italic
 70
0
 40
0.0
 41
1.0
 50
0.0
 71
0
 42
2.5
  3
LiberationSans-Italic.ttf
  4

  0
STYLE
  5
52
330
5
100
AcDbSymbolTableRecord
100
AcDbTextStyleTableRecord
  2
LiberationSerif
 70
0
 40
0.0
 41
1.0
 50
0.0
 71
0
 42
2.5
  3
LiberationSerif-Regular.ttf
  4

  0
STYLE
  5
53
330
5
100
AcDbSymbolTableRecord
100
AcDbTextStyleTableRecord
  2
LiberationSerif-Bold
 70
0
 40
0.0
 41
1.0
 50
0.0
 71
0
 42
2.5
  3
LiberationSerif-Bold.ttf
  4

  0
STYLE
  5
54
330
5
100
AcDbSymbolTableRecord
100
AcDbTextStyleTableRecord
  2
LiberationSerif-BoldItalic
 70
0
 40
0.0
 41
1.0
 50
0.0
 71
0
 42
2.5
  3
LiberationSerif-BoldItalic.ttf
  4

  0
STYLE
  5
55
330
5
100
AcDbSymbolTableRecord
100
AcDbTextStyleTableRecord
  2
LiberationSerif-Italic
 70
0
 40
0.0
 41
1.0
 50
0.0
 71
0
 42
2.5
  3
LiberationSerif-Italic.ttf
  4

  0
STYLE
  5
56
330
5
100
AcDbSymbolTableRecord
100
AcDbTextStyleTableRecord
  2
LiberationMono
 70
0
 40
0.0
 41
1.0
 50
0.0
 71
0
 42
2.5
  3
LiberationMono-Regular.ttf
  4

  0
STYLE
  5
57
330
5
100
AcDbSymbolTableRecord
100
AcDbTextStyleTableRecord
  2
LiberationMono-Bold
 70
0
 40
0.0
 41
1.0
 50
0.0
 71
0
 42
2.5
  3
LiberationMono-Bold.ttf
  4

  0
STYLE
  5
58
330
5
100
AcDbSymbolTableRecord
100
AcDbTextStyleTableRecord
  2
LiberationMono-BoldItalic
 70
0
 40
0.0
 41
1.0
 50
0.0
 71
0
 42
2.5
  3
LiberationMono-BoldItalic.ttf
  4

  0
STYLE
  5
59
330
5
100
AcDbSymbolTableRecord
100
AcDbTextStyleTableRecord
  2
LiberationMono-Italic
 70
0
 40
0.0
 41
1.0
 50
0.0
 71
0
 42
2.5
  3
LiberationMono-Italic.ttf
  4

  0
ENDTAB
  0
TABLE
  2
VIEW
  5
7
330
0
100
AcDbSymbolTable
 70
0
  0
ENDTAB
  0
TABLE
  2
UCS
  5
6
330
0
100
AcDbSymbolTable
 70
0
  0
ENDTAB
  0
TABLE
  2
APPID
  5
3
330
0
100
AcDbSymbolTable
 70
3
  0
APPID
  5
2A
330
3
100
AcDbSymbolTableRecord
100
AcDbRegAppTableRecord
  2
ACAD
 70
0
  0
APPID
  5
19FE
330
3
100
AcDbSymbolTableRecord
100
AcDbRegAppTableRecord
  2
HATCHBACKGROUNDCOLOR
 70
0
  0
APPID
  5
19FF
330
3
100
AcDbSymbolTableRecord
100
AcDbRegAppTableRecord
  2
EZDXF
 70
0
  0
ENDTAB
  0
TABLE
  2
DIMSTYLE
  5
4
330
0
100
AcDbSymbolTable
 70
12
100
AcDbDimStyleTable
  0
DIMSTYLE
105
2B
330
4
100
AcDbSymbolTableRecord
100
AcDbDimStyleTableRecord
  2
Standard
 70
0
 40
1.0
 41
2.5
 42
0.625
 43
3.75
 44
1.25
 45
0.0
 46
0.0
 47
0.0
 48
0.0
 49
2.5
140
2.5
141
2.5
142
0.0
143
0.03937007874
144
1.0
145
0.0
146
1.0
147
0.625
148
0.0
 69
0
 70
0
 71
0
 72
0
 73
0
 74
0
 75
0
 76
0
 77
1
 78
8
 79
3
170
0
171
3
172
1
173
0
174
0
175
0
176
0
177
0
178
0
179
2
271
2
272
2
273
2
274
3
275
0
276
0
277
2
278
44
279
0
280
0
281
0
282
0
283
0
284
8
285
0
286
0
288
0
289
3
290
0
371
-2
372
-2
  0
DIMSTYLE
105
73
330
4
100
AcDbSymbolTableRecord
100
AcDbDimStyleTableRecord
  2
EZDXF
 70
0
 40
1.0
 41
0.175
 42
0.125
 43
3.75
 44
0.375
 45
0.0
 46
0.0
 47
0.0
 48
0.0
 49
2.5
140
0.25
141
2.5
142
0.0
143
0.03937007874
144
100.0
145
0.0
146
0.5
147
0.1
148
0.0
 69
0
 70
0
 71
0
 72
0
 73
0
 74
0
 75
0
 76
0
 77
1
 78
12
 79
3
170
0
171
3
172
1
173
0
174
0
175
0
176
0
177
0
178
0
179
2
271
2
272
2
273
2
274
3
275
0
276
0
277
2
278
46
279
2
280
0
281
0
282
0
283
0
284
8
285
0
286
0
288
1
289
3
290
0
340
4C
342
74
371
-2
372
-2
  0
DIMSTYLE
105
7C
330
4
100
AcDbSymbolTableRecord
100
AcDbDimStyleTableRecord
  2
EZ_M_100_H25_CM
 70
0
 40
1.0
 41
0.25
 42
0.125
 43
3.75
 44
0.375
 45
0.0
 46
0.0
 47
0.0
 48
0.0
 49
2.5
140
0.25
141
2.5
142
0.125
143
0.03937007874
144
100.0
145
0.0
146
0.5
147
0.1
148
0.0
 69
0
 70
0
 71
0
 72
0
 73
0
 74
0
 75
0
 76
0
 77
1
 78
12
 79
3
170
0
171
3
172
1
173
0
174
0
175
0
176
0
177
0
178
0
179
2
271
2
272
2
273
2
274
3
275
0
276
0
277
2
278
46
279
2
280
0
281
0
282
0
283
0
284
8
285
0
286
0
288
1
289
3
290
0
340
4C
371
-2
372
-2
  0
DIMSTYLE
105
7D
330
4
100
AcDbSymbolTableRecord
100
AcDbDimStyleTableRecord
  2
EZ_M_50_H25_CM
 70
0
 40
1.0
 41
0.125
 42
0.0625
 43
3.75
 44
0.1875
 45
0.0
 46
0.0
 47
0.0
 48
0.0
 49
2.5
140
0.125
141
2.5
142
0.0625
143
0.03937007874
144
100.0
145
0.0
146
0.5
147
0.05
148
0.0
 69
0
 70
0
 71
0
 72
0
 73
0
 74
0
 75
0
 76
0
 77
1
 78
12
 79
3
170
0
171
3
172
1
173
0
174
0
175
0
176
0
177
0
178
0
179
2
271
2
272
2
273
2
274
3
275
0
276
0
277
2
278
46
279
2
280
0
281
0
282
0
283
0
284
8
285
0
286
0
288
1
289
3
290
0
340
4C
371
-2
372
-2
  0
DIMSTYLE
105
7E
330
4
100
AcDbSymbolTableRecord
100
AcDbDimStyleTableRecord
  2
EZ_M_25_H25_CM
 70
0
 40
1.0
 41
0.0625
 42
0.03125
 43
3.75
 44
0.09375
 45
0.0
 46
0.0
 47
0.0
 48
0.0
 49
2.5
140
0.0625
141
2.5
142
0.03125
143
0.03937007874
144
100.0
145
0.0
146
0.5
147
0.025
148
0.0
 69
0
 70
0
 71
0
 72
0
 73
0
 74
0
 75
0
 76
0
 77
1
 78
12
 79
3
170
0
171
3
172
1
173
0
174
0
175
0
176
0
177
0
178
0
179
2
271
2
272
2
273
2
274
3
275
0
276
0
277
2
278
46
279
2
280
0
281
0
282
0
283
0
284
8
285
0
286
0
288
1
289
3
290
0
340
4C
371
-2
372
-2
  0
DIMSTYLE
105
7F
330
4
100
AcDbSymbolTableRecord
100
AcDbDimStyleTableRecord
  2
EZ_M_20_H25_CM
 70
0
 40
1.0
 41
0.05
 42
0.025
 43
3.75
 44
0.07500000000000001
 45
0.0
 46
0.0
 47
0.0
 48
0.0
 49
2.5
140
0.05
141
2.5
142
0.025
143
0.03937007874
144
100.0
145
0.0
146
0.5
147
0.020000000000000004
148
0.0
 69
0
 70
0
 71
0
 72
0
 73
0
 74
0
 75
0
 76
0
 77
1
 78
12
 79
3
170
0
171
3
172
1
173
0
174
0
175
0
176
0
177
0
178
0
179
2
271
2
272
2
273
2
274
3
275
0
276
0
277
2
278
46
279
2
280
0
281
0
282
0
283
0
284
8
285
0
286
0
288
1
289
3
290
0
340
4C
371
-2
372
-2
  0
DIMSTYLE
105
80
330
4
100
AcDbSymbolTableRecord
100
AcDbDimStyleTableRecord
  2
EZ_M_10_H25_CM
 70
0
 40
1.0
 41
0.025
 42
0.0125
 43
3.75
 44
0.037500000000000006
 45
0.0
 46
0.0
 47
0.0
 48
0.0
 49
2.5
140
0.025
141
2.5
142
0.0125
143
0.03937007874
144
100.0
145
0.0
146
0.5
147
0.010000000000000002
148
0.0
 69
0
 70
0
 71
0
 72
0
 73
0
 74
0
 75
0
 76
0
 77
1
 78
12
 79
3
170
0
171
3
172
1
173
0
174
0
175
0
176
0
177
0
178
0
179
2
271
2
272
2
273
2
274
3
275
0
276
0
277
2
278
46
279
2
280
0
281
0
282
0
283
0
284
8
285
0
286
0
288
1
289
3
290
0
340
4C
371
-2
372
-2
  0
DIMSTYLE
105
81
330
4
100
AcDbSymbolTableRecord
100
AcDbDimStyleTableRecord
  2
EZ_M_5_H25_CM
 70
0
 40
1.0
 41
0.0125
 42
0.00625
 43
3.75
 44
0.018750000000000003
 45
0.0
 46
0.0
 47
0.0
 48
0.0
 49
2.5
140
0.0125
141
2.5
142
0.00625
143
0.03937007874
144
100.0
145
0.0
146
0.5
147
0.005000000000000001
148
0.0
 69
0
 70
0
 71
0
 72
0
 73
0
 74
0
 75
0
 76
0
 77
1
 78
12
 79
3
170
0
171
3
172
1
173
0
174
0
175
0
176
0
177
0
178
0
179
2
271
2
272
2
273
2
274
3
275
0
276
0
277
2
278
46
279
2
280
0
281
0
282
0
283
0
284
8
285
0
286
0
288
1
289
3
290
0
340
4C
371
-2
372
-2
  0
DIMSTYLE
105
82
330
4
100
AcDbSymbolTableRecord
100
AcDbDimStyleTableRecord
  2
EZ_M_1_H25_CM
 70
0
 40
1.0
 41
0.0025
 42
0.00125
 43
3.75
 44
0.00375
 45
0.0
 46
0.0
 47
0.0
 48
0.0
 49
2.5
140
0.0025
141
2.5
142
0.00125
143
0.03937007874
144
100.0
145
0.0
146
0.5
147
0.001
148
0.0
 69
0
 70
0
 71
0
 72
0
 73
0
 74
0
 75
0
 76
0
 77
1
 78
12
 79
3
170
0
171
3
172
1
173
0
174
0
175
0
176
0
177
0
178
0
179
2
271
2
272
2
273
2
274
3
275
0
276
0
277
2
278
46
279
2
280
0
281
0
282
0
283
0
284
8
285
0
286
0
288
1
289
3
290
0
340
4C
371
-2
372
-2
  0
DIMSTYLE
105
83
330
4
100
AcDbSymbolTableRecord
100
AcDbDimStyleTableRecord
  2
EZ_RADIUS
 70
0
 40
1.0
 41
0.25
 42
0.125
 43
3.75
 44
0.375
 45
0.0
 46
0.0
 47
0.0
 48
0.0
 49
2.5
140
0.25
141
0.0
142
0.0
143
0.03937007874
144
100.0
145
0.0
146
0.5
147
0.1
148
0.0
 69
0
 70
0
 71
0
 72
0
 73
0
 74
0
 75
0
 76
0
 77
1
 78
12
 79
3
170
0
171
3
172
0
173
0
174
0
175
0
176
0
177
0
178
0
179
2
271
2
272
2
273
2
274
3
275
0
276
0
277
2
278
46
279
1
280
0
281
0
282
0
283
0
284
8
285
0
286
0
288
1
289
3
290
0
340
4C
342
84
371
-2
372
-2
  0
DIMSTYLE
105
88
330
4
100
AcDbSymbolTableRecord
100
AcDbDimStyleTableRecord
  2
EZ_RADIUS_INSIDE
 70
0
 40
1.0
 41
0.25
 42
0.125
 43
3.75
 44
0.375
 45
0.0
 46
0.0
 47
0.0
 48
0.0
 49
2.5
140
0.25
141
0.0
142
0.0
143
0.03937007874
144
100.0
145
0.0
146
0.5
147
0.1
148
0.0
 69
0
 70
0
 71
0
 72
0
 73
0
 74
0
 75
0
 76
0
 77
0
 78
12
 79
3
170
0
171
3
172
0
173
0
174
1
175
0
176
0
177
0
178
0
179
2
271
2
272
2
273
2
274
3
275
0
276
0
277
2
278
46
279
0
280
0
281
0
282
0
283
0
284
8
285
0
286
0
288
1
289
0
290
0
340
4C
342
84
371
-2
372
-2
  0
DIMSTYLE
105
89
330
4
100
AcDbSymbolTableRecord
100
AcDbDimStyleTableRecord
  2
EZ_CURVED
 70
0
 40
1.0
 41
0.25
 42
0.125
 43
3.75
 44
0.375
 45
0.0
 46
0.0
 47
0.0
 48
0.0
 49
2.5
140
0.25
141
2.5
142
0.0
143
0.03937007874
144
100.0
145
0.0
146
0.5
147
0.1
148
0.0
 69
0
 70
0
 71
0
 72
0
 73
0
 74
0
 75
0
 76
0
 77
1
 78
12
 79
2
 90
2
170
0
171
3
172
1
173
0
174
0
175
0
176
0
177
0
178
0
179
2
271
2
272
2
273
2
274
3
275
0
276
0
277
2
278
46
279
2
280
0
281
0
282
0
283
0
284
8
285
0
286
0
288
1
289
3
290
0
340
4C
371
-2
372
-2
  0
ENDTAB
  0
TABLE
  2
BLOCK_RECORD
  5
9
330
0
100
AcDbSymbolTable
 70
5
  0
BLOCK_RECORD
  5
17
330
9
100
AcDbSymbolTableRecord
100
AcDbBlockTableRecord
  2
*Model_Space
340
1A
 70
0
280
1
281
0
  0
BLOCK_RECORD
  5
1B
330
9
100
AcDbSymbolTableRecord
100
AcDbBlockTableRecord
  2
*Paper_Space
340
1E
 70
0
280
1
281
0
  0
BLOCK_RECORD
  5
74
330
9
100
AcDbSymbolTableRecord
100
AcDbBlockTableRecord
  2
_ARCHTICK
340
0
 70
0
280
1
281
0
  0
BLOCK_RECORD
  5
78
330
9
100
AcDbSymbolTableRecord
100
AcDbBlockTableRecord
  2
_CLOSEDFILLED
340
0
 70
0
280
1
281
0
  0
BLOCK_RECORD
  5
84
330
9
100
AcDbSymbolTableRecord
100
AcDbBlockTableRecord
  2
_CLOSEDBLANK
340
0
 70
0
280
1
281
0
  0
ENDTAB
  0
ENDSEC
  0
SECTION
  2
BLOCKS
  0
BLOCK
  5
18
330
17
100
AcDbEntity
  8
0
100
AcDbBlockBegin
  2
*Model_Space
 70
0
 10
0.0
 20
0.0
 30
0.0
  3
*Model_Space
  1

  0
ENDBLK
  5
19
330
17
100
AcDbEntity
  8
0
100
AcDbBlockEnd
  0
BLOCK
  5
1C
330
1B
100
AcDbEntity
  8
0
100
AcDbBlockBegin
  2
*Paper_Space
 70
0
 10
0.0
 20
0.0
 30
0.0
  3
*Paper_Space
  1

  0
ENDBLK
  5
1D
330
1B
100
AcDbEntity
  8
0
100
AcDbBlockEnd
  0
BLOCK
  5
75
330
74
100
AcDbEntity
  8
0
100
AcDbBlockBegin
  2
_ARCHTICK
 70
0
 10
0.0
 20
0.0
 30
0.0
  3
_ARCHTICK
  1

  0
LWPOLYLINE
  5
77
330
74
100
AcDbEntity
  8
0
  6
BYBLOCK
 62
0
100
AcDbPolyline
 90
2
 70
0
 43
0.15
 10
-0.5
 20
-0.5
 10
0.5
 20
0.5
  0
ENDBLK
  5
76
330
74
100
AcDbEntity
  8
0
100
AcDbBlockEnd
  0
BLOCK
  5
79
330
78
100
AcDbEntity
  8
0
100
AcDbBlockBegin
  2
_CLOSEDFILLED
 70
0
 10
0.0
 20
0.0
 30
0.0
  3
_CLOSEDFILLED
  1

  0
SOLID
  5
7B
330
78
100
AcDbEntity
  8
0
  6
BYBLOCK
 62
0
100
AcDbTrace
 10
-1.0
 20
0.16439898372402537
 30
0.0
 11
0.0
 21
0.0
 31
0.0
 12
-1.0
 22
-0.16439898372402537
 32
0.0
 13
-1.0
 23
-0.16439898372402537
 33
0.0
  0
ENDBLK
  5
7A
330
78
100
AcDbEntity
  8
0
100
AcDbBlockEnd
  0
BLOCK
  5
85
330
84
100
AcDbEntity
  8
0
100
AcDbBlockBegin
  2
_CLOSEDBLANK
 70
0
 10
0.0
 20
0.0
 30
0.0
  3
_CLOSEDBLANK
  1

  0
LWPOLYLINE
  5
87
330
84
100
AcDbEntity
  8
0
  6
BYBLOCK
 62
0
100
AcDbPolyline
 90
3
 70
1
 10
-1.0
 20
0.16439898372402537
 10
0.0
 20
0.0
 10
-1.0
 20
-0.16439898372402537
  0
ENDBLK
  5
86
330
84
100
AcDbEntity
  8
0
100
AcDbBlockEnd
  0
ENDSEC
  0
SECTION
  2
ENTITIES
  0
POLYLINE
  5
8B
330
17
100
AcDbEntity
  8
RBAR-T16-F
100
AcDb3dPolyline
 66
1
 10
0.0
 20
0.0
 30
0.0
 70
8
  0
VERTEX
  5
8D
330
17
100
AcDbEntity
  8
RBAR-T16-F
100
AcDbVertex
100
AcDb3dPolylineVertex
 10
2069.2
 20
114.0
 30
38.0
 70
32
  0
VERTEX
  5
8E
330
17
100
AcDbEntity
  8
RBAR-T16-F
100
AcDbVertex
100
AcDb3dPolylineVertex
 10
2069.2
 20
114.0
 30
797.9
 70
32
  0
VERTEX
  5
8F
330
17
100
AcDbEntity
  8
RBAR-T16-F
100
AcDbVertex
100
AcDb3dPolylineVertex
 10
2069.8
 20
114.0
 30
804.1
 70
32
  0
VERTEX
  5
90
330
17
100
AcDbEntity
  8
RBAR-T16-F
100
AcDbVertex
100
AcDb3dPolylineVertex
 10
2071.6
 20
114.0
 30
810.1
 70
32
  0
VERTEX
  5
91
330
17
100
AcDbEntity
  8
RBAR-T16-F
100
AcDbVertex
100
AcDb3dPolylineVertex
 10
2074.6
 20
114.0
 30
815.6
 70
32
  0
VERTEX
  5
92
330
17
100
AcDbEntity
  8
RBAR-T16-F
100
AcDbVertex
100
AcDb3dPolylineVertex
 10
2078.6
 20
114.0
 30
820.5
 70
32
  0
VERTEX
  5
93
330
17
100
AcDbEntity
  8
RBAR-T16-F
100
AcDbVertex
100
AcDb3dPolylineVertex
 10
2083.4
 20
114.0
 30
824.5
 70
32
  0
VERTEX
  5
94
330
17
100
AcDbEntity
  8
RBAR-T16-F
100
AcDbVertex
100
AcDb3dPolylineVertex
 10
2089.0
 20
114.0
 30
827.4
 70
32
  0
VERTEX
  5
95
330
17
100
AcDbEntity
  8
RBAR-T16-F
100
AcDbVertex
100
AcDb3dPolylineVertex
 10
2095.0
 20
114.0
 30
829.2
 70
32
  0
VERTEX
  5
96
330
17
100
AcDbEntity
  8
RBAR-T16-F
100
AcDbVertex
100
AcDb3dPolylineVertex
 10
2101.2
 20
114.0
 30
829.9
 70
32
  0
VERTEX
  5
97
330
17
100
AcDbEntity
  8
RBAR-T16-F
100
AcDbVertex
100
AcDb3dPolylineVertex
 10
2581.1
 20
114.0
 30
829.9
 70
32
  0
VERTEX
  5
98
330
17
100
AcDbEntity
  8
RBAR-T16-F
100
AcDbVertex
100
AcDb3dPolylineVertex
 10
2587.4
 20
114.0
 30
829.2
 70
32
  0
VERTEX
  5
99
330
17
100
AcDbEntity
  8
RBAR-T16-F
100
AcDbVertex
100
AcDb3dPolylineVertex
 10
2593.4
 20
114.0
 30
827.4
 70
32
  0
VERTEX
  5
9A
330
17
100
AcDbEntity
  8
RBAR-T16-F
100
AcDbVertex
100
AcDb3dPolylineVertex
 10
2598.9
 20
114.0
 30
824.5
 70
32
  0
VERTEX
  5
9B
330
17
100
AcDbEntity
  8
RBAR-T16-F
100
AcDbVertex
100
AcDb3dPolylineVertex
 10
2603.7
 20
114.0
 30
820.5
 70
32
  0
VERTEX
  5
9C
330
17
100
AcDbEntity
  8
RBAR-T16-F
100
AcDbVertex
100
AcDb3dPolylineVertex
 10
2607.7
 20
114.0
 30
815.6
 70
32
  0
VERTEX
  5
9D
330
17
100
AcDbEntity
  8
RBAR-T16-F
100
AcDbVertex
100
AcDb3dPolylineVertex
 10
2610.7
 20
114.0
 30
810.1
 70
32
  0
VERTEX
  5
9E
330
17
100
AcDbEntity
  8
RBAR-T16-F
100
AcDbVertex
100
AcDb3dPolylineVertex
 10
2612.5
 20
114.0
 30
804.1
 70
32
  0
VERTEX
  5
9F
330
17
100
AcDbEntity
  8
RBAR-T16-F
100
AcDbVertex
100
AcDb3dPolylineVertex
 10
2613.1
 20
114.0
 30
797.9
 70
32
  0
VERTEX
  5
A0
330
17
100
AcDbEntity
  8
RBAR-T16-F
100
AcDbVertex
100
AcDb3dPolylineVertex
 10
2613.1
 20
114.0
 30
38.0
 70
32
  0
SEQEND
  5
8C
330
8B
100
AcDbEntity
  8
RBAR-T16-F
  0
POLYLINE
  5
A1
330
17
100
AcDbEntity
  8
RBAR-T16-F
100
AcDb3dPolyline
 66
1
 10
0.0
 20
0.0
 30
0.0
 70
8
  0
VERTEX
  5
A3
330
17
100
AcDbEntity
  8
RBAR-T16-F
100
AcDbVertex
100
AcDb3dPolylineVertex
 10
2118.7
 20
46.0
 30
38.0
 70
32
  0
VERTEX
  5
A4
330
17
100
AcDbEntity
  8
RBAR-T16-F
100
AcDbVertex
100
AcDb3dPolylineVertex
 10
2118.7
 20
46.0
 30
797.9
 70
32
  0
VERTEX
  5
A5
330
17
100
AcDbEntity
  8
RBAR-T16-F
100
AcDbVertex
100
AcDb3dPolylineVertex
 10
2119.3
 20
46.0
 30
804.1
 70
32
  0
VERTEX
  5
A6
330
17
100
AcDbEntity
  8
RBAR-T16-F
100
AcDbVertex
100
AcDb3dPolylineVertex
 10
2121.1
 20
46.0
 30
810.1
 70
32
  0
VERTEX
  5
A7
330
17
100
AcDbEntity
  8
RBAR-T16-F
100
AcDbVertex
100
AcDb3dPolylineVertex
 10
2124.1
 20
46.0
 30
815.6
 70
32
  0
VERTEX
  5
A8
330
17
100
AcDbEntity
  8
RBAR-T16-F
100
AcDbVertex
100
AcDb3dPolylineVertex
 10
2128.1
 20
46.0
 30
820.5
 70
32
  0
VERTEX
  5
A9
330
17
100
AcDbEntity
  8
RBAR-T16-F
100
AcDbVertex
100
AcDb3dPolylineVertex
 10
2132.9
 20
46.0
 30
824.5
 70
32
  0
VERTEX
  5
AA
330
17
100
AcDbEntity
  8
RBAR-T16-F
100
AcDbVertex
100
AcDb3dPolylineVertex
 10
2138.5
 20
46.0
 30
827.4
 70
32
  0
VERTEX
  5
AB
330
17
100
AcDbEntity
  8
RBAR-T16-F
100
AcDbVertex
100
AcDb3dPolylineVertex
 10
2144.5
 20
46.0
 30
829.2
 70
32
  0
VERTEX
  5
AC
330
17
100
AcDbEntity
  8
RBAR-T16-F
100
AcDbVertex
100
AcDb3dPolylineVertex
 10
2150.7
 20
46.0
 30
829.9
 70
32
  0
VERTEX
  5
AD
330
17
100
AcDbEntity
  8
RBAR-T16-F
100
AcDbVertex
100
AcDb3dPolylineVertex
 10
2630.6
 20
46.0
 30
829.9
 70
32
  0
VERTEX
  5
AE
330
17
100
AcDbEntity
  8
RBAR-T16-F
100
AcDbVertex
100
AcDb3dPolylineVertex
 10
2636.9
 20
46.0
 30
829.2
 70
32
  0
VERTEX
  5
AF
330
17
100
AcDbEntity
  8
RBAR-T16-F
100
AcDbVertex
100
AcDb3dPolylineVertex
 10
2642.9
 20
46.0
 30
827.4
 70
32
  0
VERTEX
  5
B0
330
17
100
AcDbEntity
  8
RBAR-T16-F
100
AcDbVertex
100
AcDb3dPolylineVertex
 10
2648.4
 20
46.0
 30
824.5
 70
32
  0
VERTEX
  5
B1
330
17
100
AcDbEntity
  8
RBAR-T16-F
100
AcDbVertex
100
AcDb3dPolylineVertex
 10
2653.2
 20
46.0
 30
820.5
 70
32
  0
VERTEX
  5
B2
330
17
100
AcDbEntity
  8
RBAR-T16-F
100
AcDbVertex
100
AcDb3dPolylineVertex
 10
2657.2
 20
46.0
 30
815.6
 70
32
  0
VERTEX
  5
B3
330
17
100
AcDbEntity
  8
RBAR-T16-F
100
AcDbVertex
100
AcDb3dPolylineVertex
 10
2660.2
 20
46.0
 30
810.1
 70
32
  0
VERTEX
  5
B4
330
17
100
AcDbEntity
  8
RBAR-T16-F
100
AcDbVertex
100
AcDb3dPolylineVertex
 10
2662.0
 20
46.0
 30
804.1
 70
32
  0
VERTEX
  5
B5
330
17
100
AcDbEntity
  8
RBAR-T16-F
100
AcDbVertex
100
AcDb3dPolylineVertex
 10
2662.6
 20
46.0
 30
797.9
 70
32
  0
VERTEX
  5
B6
330
17
100
AcDbEntity
  8
RBAR-T16-F
100
AcDbVertex
100
AcDb3dPolylineVertex
 10
2662.6
 20
46.0
 30
38.0
 70
32
  0
SEQEND
  5
A2
330
A1
100
AcDbEntity
  8
RBAR-T16-F
  0
POLYLINE
  5
B7
330
17
100
AcDbEntity
  8
RBAR-T16-F
100
AcDb3dPolyline
 66
1
 10
0.0
 20
0.0
 30
0.0
 70
8
  0
VERTEX
  5
B9
330
17
100
AcDbEntity
  8
RBAR-T16-F
100
AcDbVertex
100
AcDb3dPolylineVertex
 10
2118.7
 20
114.0
 30
1069.1
 70
32
  0
VERTEX
  5
BA
330
17
100
AcDbEntity
  8
RBAR-T16-F
100
AcDbVertex
100
AcDb3dPolylineVertex
 10
2118.7
 20
114.0
 30
1828.9
 70
32
  0
VERTEX
  5
BB
330
17
100
AcDbEntity
  8
RBAR-T16-F
100
AcDbVertex
100
AcDb3dPolylineVertex
 10
2119.3
 20
114.0
 30
1835.2
 70
32
  0
VERTEX
  5
BC
330
17
100
AcDbEntity
  8
RBAR-T16-F
100
AcDbVertex
100
AcDb3dPolylineVertex
 10
2121.1
 20
114.0
 30
1841.2
 70
32
  0
VERTEX
  5
BD
330
17
100
AcDbEntity
  8
RBAR-T16-F
100
AcDbVertex
100
AcDb3dPolylineVertex
 10
2124.1
 20
114.0
 30
1846.7
 70
32
  0
VERTEX
  5
BE
330
17
100
AcDbEntity
  8
RBAR-T16-F
100
AcDbVertex
100
AcDb3dPolylineVertex
 10
2128.1
 20
114.0
 30
1851.6
 70
32
  0
VERTEX
  5
BF
330
17
100
AcDbEntity
  8
RBAR-T16-F
100
AcDbVertex
100
AcDb3dPolylineVertex
 10
2132.9
 20
114.0
 30
1855.5
 70
32
  0
VERTEX
  5
C0
330
17
100
AcDbEntity
  8
RBAR-T16-F
100
AcDbVertex
100
AcDb3dPolylineVertex
 10
2138.5
 20
114.0
 30
1858.5
 70
32
  0
VERTEX
  5
C1
330
17
100
AcDbEntity
  8
RBAR-T16-F
100
AcDbVertex
100
AcDb3dPolylineVertex
 10
2144.5
 20
114.0
 30
1860.3
 70
32
  0
VERTEX
  5
C2
330
17
100
AcDbEntity
  8
RBAR-T16-F
100
AcDbVertex
100
AcDb3dPolylineVertex
 10
2150.7
 20
114.0
 30
1860.9
 70
32
  0
VERTEX
  5
C3
330
17
100
AcDbEntity
  8
RBAR-T16-F
100
AcDbVertex
100
AcDb3dPolylineVertex
 10
2630.6
 20
114.0
 30
1860.9
 70
32
  0
VERTEX
  5
C4
330
17
100
AcDbEntity
  8
RBAR-T16-F
100
AcDbVertex
100
AcDb3dPolylineVertex
 10
2636.9
 20
114.0
 30
1860.3
 70
32
  0
VERTEX
  5
C5
330
17
100
AcDbEntity
  8
RBAR-T16-F
100
AcDbVertex
100
AcDb3dPolylineVertex
 10
2642.9
 20
114.0
 30
1858.5
 70
32
  0
VERTEX
  5
C6
330
17
100
AcDbEntity
  8
RBAR-T16-F
100
AcDbVertex
100
AcDb3dPolylineVertex
 10
2648.4
 20
114.0
 30
1855.5
 70
32
  0
VERTEX
  5
C7
330
17
100
AcDbEntity
  8
RBAR-T16-F
100
AcDbVertex
100
AcDb3dPolylineVertex
 10
2653.2
 20
114.0
 30
1851.6
 70
32
  0
VERTEX
  5
C8
330
17
100
AcDbEntity
  8
RBAR-T16-F
100
AcDbVertex
100
AcDb3dPolylineVertex
 10
2657.2
 20
114.0
 30
1846.7
 70
32
  0
VERTEX
  5
C9
330
17
100
AcDbEntity
  8
RBAR-T16-F
100
AcDbVertex
100
AcDb3dPolylineVertex
 10
2660.2
 20
114.0
 30
1841.2
 70
32
  0
VERTEX
  5
CA
330
17
100
AcDbEntity
  8
RBAR-T16-F
100
AcDbVertex
100
AcDb3dPolylineVertex
 10
2662.0
 20
114.0
 30
1835.2
 70
32
  0
VERTEX
  5
CB
330
17
100
AcDbEntity
  8
RBAR-T16-F
100
AcDbVertex
100
AcDb3dPolylineVertex
 10
2662.6
 20
114.0
 30
1828.9
 70
32
  0
VERTEX
  5
CC
330
17
100
AcDbEntity
  8
RBAR-T16-F
100
AcDbVertex
100
AcDb3dPolylineVertex
 10
2662.6
 20
114.0
 30
1069.1
 70
32
  0
SEQEND
  5
B8
330
B7
100
AcDbEntity
  8
RBAR-T16-F
  0
POLYLINE
  5
CD
330
17
100
AcDbEntity
  8
RBAR-T16-F
100
AcDb3dPolyline
 66
1
 10
0.0
 20
0.0
 30
0.0
 70
8
  0
VERTEX
  5
CF
330
17
100
AcDbEntity
  8
RBAR-T16-F
100
AcDbVertex
100
AcDb3dPolylineVertex
 10
3081.3
 20
46.0
 30
2100.1
 70
32
  0
VERTEX
  5
D0
330
17
100
AcDbEntity
  8
RBAR-T16-F
100
AcDbVertex
100
AcDb3dPolylineVertex
 10
3081.3
 20
46.0
 30
2860.0
 70
32
  0
VERTEX
  5
D1
330
17
100
AcDbEntity
  8
RBAR-T16-F
100
AcDbVertex
100
AcDb3dPolylineVertex
 10
3081.9
 20
46.0
 30
2866.2
 70
32
  0
VERTEX
  5
D2
330
17
100
AcDbEntity
  8
RBAR-T16-F
100
AcDbVertex
100
AcDb3dPolylineVertex
 10
3083.7
 20
46.0
 30
2872.2
 70
32
  0
VERTEX
  5
D3
330
17
100
AcDbEntity
  8
RBAR-T16-F
100
AcDbVertex
100
AcDb3dPolylineVertex
 10
3086.7
 20
46.0
 30
2877.8
 70
32
  0
VERTEX
  5
D4
330
17
100
AcDbEntity
  8
RBAR-T16-F
100
AcDbVertex
100
AcDb3dPolylineVertex
 10
3090.7
 20
46.0
 30
2882.6
 70
32
  0
VERTEX
  5
D5
330
17
100
AcDbEntity
  8
RBAR-T16-F
100
AcDbVertex
100
AcDb3dPolylineVertex
 10
3095.5
 20
46.0
 30
2886.6
 70
32
  0
VERTEX
  5
D6
330
17
100
AcDbEntity
  8
RBAR-T16-F
100
AcDbVertex
100
AcDb3dPolylineVertex
 10
3101.1
 20
46.0
 30
2889.6
 70
32
  0
VERTEX
  5
D7
330
17
100
AcDbEntity
  8
RBAR-T16-F
100
AcDbVertex
100
AcDb3dPolylineVertex
 10
3107.1
 20
46.0
 30
2891.4
 70
32
  0
VERTEX
  5
D8
330
17
100
AcDbEntity
  8
RBAR-T16-F
100
AcDbVertex
100
AcDb3dPolylineVertex
 10
3113.3
 20
46.0
 30
2892.0
 70
32
  0
VERTEX
  5
D9
330
17
100
AcDbEntity
  8
RBAR-T16-F
100
AcDbVertex
100
AcDb3dPolylineVertex
 10
3593.2
 20
46.0
 30
2892.0
 70
32
  0
VERTEX
  5
DA
330
17
100
AcDbEntity
  8
RBAR-T16-F
100
AcDbVertex
100
AcDb3dPolylineVertex
 10
3599.5
 20
46.0
 30
2891.4
 70
32
  0
VERTEX
  5
DB
330
17
100
AcDbEntity
  8
RBAR-T16-F
100
AcDbVertex
100
AcDb3dPolylineVertex
 10
3605.5
 20
46.0
 30
2889.6
 70
32
  0
VERTEX
  5
DC
330
17
100
AcDbEntity
  8
RBAR-T16-F
100
AcDbVertex
100
AcDb3dPolylineVertex
 10
3611.0
 20
46.0
 30
2886.6
 70
32
  0
VERTEX
  5
DD
330
17
100
AcDbEntity
  8
RBAR-T16-F
100
AcDbVertex
100
AcDb3dPolylineVertex
 10
3615.8
 20
46.0
 30
2882.6
 70
32
  0
VERTEX
  5
DE
330
17
100
AcDbEntity
  8
RBAR-T16-F
100
AcDbVertex
100
AcDb3dPolylineVertex
 10
3619.8
 20
46.0
 30
2877.8
 70
32
  0
VERTEX
  5
DF
330
17
100
AcDbEntity
  8
RBAR-T16-F
100
AcDbVertex
100
AcDb3dPolylineVertex
 10
3622.8
 20
46.0
 30
2872.2
 70
32
  0
VERTEX
  5
E0
330
17
100
AcDbEntity
  8
RBAR-T16-F
100
AcDbVertex
100
AcDb3dPolylineVertex
 10
3624.6
 20
46.0
 30
2866.2
 70
32
  0
VERTEX
  5
E1
330
17
100
AcDbEntity
  8
RBAR-T16-F
100
AcDbVertex
100
AcDb3dPolylineVertex
 10
3625.2
 20
46.0
 30
2860.0
 70
32
  0
VERTEX
  5
E2
330
17
100
AcDbEntity
  8
RBAR-T16-F
100
AcDbVertex
100
AcDb3dPolylineVertex
 10
3625.2
 20
46.0
 30
2100.1
 70
32
  0
SEQEND
  5
CE
330
CD
100
AcDbEntity
  8
RBAR-T16-F
  0
POLYLINE
  5
E4
330
17
100
AcDbEntity
  8
RBAR-T16-E
100
AcDb3dPolyline
 66
1
 10
0.0
 20
0.0
 30
0.0
 70
8
  0
VERTEX
  5
E6
330
17
100
AcDbEntity
  8
RBAR-T16-E
100
AcDbVertex
100
AcDb3dPolylineVertex
 10
38.0
 20
28.0
 30
366.2
 70
32
  0
VERTEX
  5
E7
330
17
100
AcDbEntity
  8
RBAR-T16-E
100
AcDbVertex
100
AcDb3dPolylineVertex
 10
8838.0
 20
28.0
 30
366.2
 70
32
  0
SEQEND
  5
E5
330
E4
100
AcDbEntity
  8
RBAR-T16-E
  0
POLYLINE
  5
E8
330
17
100
AcDbEntity
  8
RBAR-T16-E
100
AcDb3dPolyline
 66
1
 10
0.0
 20
0.0
 30
0.0
 70
8
  0
VERTEX
  5
EA
330
17
100
AcDbEntity
  8
RBAR-T16-E
100
AcDbVertex
100
AcDb3dPolylineVertex
 10
38.0
 20
132.0
 30
1098.8
 70
32
  0
VERTEX
  5
EB
330
17
100
AcDbEntity
  8
RBAR-T16-E
100
AcDbVertex
100
AcDb3dPolylineVertex
 10
8838.0
 20
132.0
 30
1098.8
 70
32
  0
SEQEND
  5
E9
330
E8
100
AcDbEntity
  8
RBAR-T16-E
  0
POLYLINE
  5
EC
330
17
100
AcDbEntity
  8
RBAR-T16-E
100
AcDb3dPolyline
 66
1
 10
0.0
 20
0.0
 30
0.0
 70
8
  0
VERTEX
  5
EE
330
17
100
AcDbEntity
  8
RBAR-T16-E
100
AcDbVertex
100
AcDb3dPolylineVertex
 10
193.0
 20
80.0
 30
1831.2
 70
32
  0
VERTEX
  5
EF
330
17
100
AcDbEntity
  8
RBAR-T16-E
100
AcDbVertex
100
AcDb3dPolylineVertex
 10
8993.0
 20
80.0
 30
1831.2
 70
32
  0
SEQEND
  5
ED
330
EC
100
AcDbEntity
  8
RBAR-T16-E
  0
POLYLINE
  5
F0
330
17
100
AcDbEntity
  8
RBAR-T16-E
100
AcDb3dPolyline
 66
1
 10
0.0
 20
0.0
 30
0.0
 70
8
  0
VERTEX
  5
F2
330
17
100
AcDbEntity
  8
RBAR-T16-E
100
AcDbVertex
100
AcDb3dPolylineVertex
 10
2069.2
 20
46.0
 30
2563.8
 70
32
  0
VERTEX
  5
F3
330
17
100
AcDbEntity
  8
RBAR-T16-E
100
AcDbVertex
100
AcDb3dPolylineVertex
 10
10869.2
 20
46.0
 30
2563.8
 70
32
  0
SEQEND
  5
F1
330
F0
100
AcDbEntity
  8
RBAR-T16-E
  0
POLYLINE
  5
F5
330
17
100
AcDbEntity
  8
RBAR-T12-D
100
AcDb3dPolyline
 66
1
 10
0.0
 20
0.0
 30
0.0
 70
8
  0
VERTEX
  5
F7
330
17
100
AcDbEntity
  8
RBAR-T12-D
100
AcDbVertex
100
AcDb3dPolylineVertex
 10
1804.3
 20
36.0
 30
2326.8
 70
32
  0
VERTEX
  5
F8
330
17
100
AcDbEntity
  8
RBAR-T12-D
100
AcDbVertex
100
AcDb3dPolylineVertex
 10
1804.3
 20
36.0
 30
2905.6
 70
32
  0
VERTEX
  5
F9
330
17
100
AcDbEntity
  8
RBAR-T12-D
100
AcDbVertex
100
AcDb3dPolylineVertex
 10
1804.8
 20
36.0
 30
2910.4
 70
32
  0
VERTEX
  5
FA
330
17
100
AcDbEntity
  8
RBAR-T12-D
100
AcDbVertex
100
AcDb3dPolylineVertex
 10
1806.1
 20
36.0
 30
2915.0
 70
32
  0
VERTEX
  5
FB
330
17
100
AcDbEntity
  8
RBAR-T12-D
100
AcDbVertex
100
AcDb3dPolylineVertex
 10
1808.4
 20
36.0
 30
2919.2
 70
32
  0
VERTEX
  5
FC
330
17
100
AcDbEntity
  8
RBAR-T12-D
100
AcDbVertex
100
AcDb3dPolylineVertex
 10
1811.4
 20
36.0
 30
2922.9
 70
32
  0
VERTEX
  5
FD
330
17
100
AcDbEntity
  8
RBAR-T12-D
100
AcDbVertex
100
AcDb3dPolylineVertex
 10
1815.1
 20
36.0
 30
2925.9
 70
32
  0
VERTEX
  5
FE
330
17
100
AcDbEntity
  8
RBAR-T12-D
100
AcDbVertex
100
AcDb3dPolylineVertex
 10
1819.3
 20
36.0
 30
2928.1
 70
32
  0
VERTEX
  5
FF
330
17
100
AcDbEntity
  8
RBAR-T12-D
100
AcDbVertex
100
AcDb3dPolylineVertex
 10
1823.9
 20
36.0
 30
2929.5
 70
32
  0
VERTEX
  5
100
330
17
100
AcDbEntity
  8
RBAR-T12-D
100
AcDbVertex
100
AcDb3dPolylineVertex
 10
1828.7
 20
36.0
 30
2930.0
 70
32
  0
VERTEX
  5
101
330
17
100
AcDbEntity
  8
RBAR-T12-D
100
AcDbVertex
100
AcDb3dPolylineVertex
 10
1894.7
 20
36.0
 30
2930.0
 70
32
  0
VERTEX
  5
102
330
17
100
AcDbEntity
  8
RBAR-T12-D
100
AcDbVertex
100
AcDb3dPolylineVertex
 10
1899.4
 20
36.0
 30
2929.5
 70
32
  0
VERTEX
  5
103
330
17
100
AcDbEntity
  8
RBAR-T12-D
100
AcDbVertex
100
AcDb3dPolylineVertex
 10
1904.0
 20
36.0
 30
2928.1
 70
32
  0
VERTEX
  5
104
330
17
100
AcDbEntity
  8
RBAR-T12-D
100
AcDbVertex
100
AcDb3dPolylineVertex
 10
1908.2
 20
36.0
 30
2925.9
 70
32
  0
VERTEX
  5
105
330
17
100
AcDbEntity
  8
RBAR-T12-D
100
AcDbVertex
100
AcDb3dPolylineVertex
 10
1911.9
 20
36.0
 30
2922.9
 70
32
  0
VERTEX
  5
106
330
17
100
AcDbEntity
  8
RBAR-T12-D
100
AcDbVertex
100
AcDb3dPolylineVertex
 10
1914.9
 20
36.0
 30
2919.2
 70
32
  0
VERTEX
  5
107
330
17
100
AcDbEntity
  8
RBAR-T12-D
100
AcDbVertex
100
AcDb3dPolylineVertex
 10
1917.2
 20
36.0
 30
2915.0
 70
32
  0
VERTEX
  5
108
330
17
100
AcDbEntity
  8
RBAR-T12-D
100
AcDbVertex
100
AcDb3dPolylineVertex
 10
1918.6
 20
36.0
 30
2910.4
 70
32
  0
VERTEX
  5
109
330
17
100
AcDbEntity
  8
RBAR-T12-D
100
AcDbVertex
100
AcDb3dPolylineVertex
 10
1919.0
 20
36.0
 30
2905.6
 70
32
  0
VERTEX
  5
10A
330
17
100
AcDbEntity
  8
RBAR-T12-D
100
AcDbVertex
100
AcDb3dPolylineVertex
 10
1919.0
 20
36.0
 30
2326.8
 70
32
  0
SEQEND
  5
F6
330
F5
100
AcDbEntity
  8
RBAR-T12-D
  0
POLYLINE
  5
10B
330
17
100
AcDbEntity
  8
RBAR-T12-D
100
AcDb3dPolyline
 66
1
 10
0.0
 20
0.0
 30
0.0
 70
8
  0
VERTEX
  5
10D
330
17
100
AcDbEntity
  8
RBAR-T12-D
100
AcDbVertex
100
AcDb3dPolylineVertex
 10
1410.0
 20
36.0
 30
36.0
 70
32
  0
VERTEX
  5
10E
330
17
100
AcDbEntity
  8
RBAR-T12-D
100
AcDbVertex
100
AcDb3dPolylineVertex
 10
1410.0
 20
36.0
 30
614.8
 70
32
  0
VERTEX
  5
10F
330
17
100
AcDbEntity
  8
RBAR-T12-D
100
AcDbVertex
100
AcDb3dPolylineVertex
 10
1410.5
 20
36.0
 30
619.5
 70
32
  0
VERTEX
  5
110
330
17
100
AcDbEntity
  8
RBAR-T12-D
100
AcDbVertex
100
AcDb3dPolylineVertex
 10
1411.9
 20
36.0
 30
624.1
 70
32
  0
VERTEX
  5
111
330
17
100
AcDbEntity
  8
RBAR-T12-D
100
AcDbVertex
100
AcDb3dPolylineVertex
 10
1414.1
 20
36.0
 30
628.3
 70
32
  0
VERTEX
  5
112
330
17
100
AcDbEntity
  8
RBAR-T12-D
100
AcDbVertex
100
AcDb3dPolylineVertex
 10
1417.1
 20
36.0
 30
632.0
 70
32
  0
VERTEX
  5
113
330
17
100
AcDbEntity
  8
RBAR-T12-D
100
AcDbVertex
100
AcDb3dPolylineVertex
 10
1420.8
 20
36.0
 30
635.0
 70
32
  0
VERTEX
  5
114
330
17
100
AcDbEntity
  8
RBAR-T12-D
100
AcDbVertex
100
AcDb3dPolylineVertex
 10
1425.0
 20
36.0
 30
637.3
 70
32
  0
VERTEX
  5
115
330
17
100
AcDbEntity
  8
RBAR-T12-D
100
AcDbVertex
100
AcDb3dPolylineVertex
 10
1429.6
 20
36.0
 30
638.7
 70
32
  0
VERTEX
  5
116
330
17
100
AcDbEntity
  8
RBAR-T12-D
100
AcDbVertex
100
AcDb3dPolylineVertex
 10
1434.4
 20
36.0
 30
639.2
 70
32
  0
VERTEX
  5
117
330
17
100
AcDbEntity
  8
RBAR-T12-D
100
AcDbVertex
100
AcDb3dPolylineVertex
 10
1500.4
 20
36.0
 30
639.2
 70
32
  0
VERTEX
  5
118
330
17
100
AcDbEntity
  8
RBAR-T12-D
100
AcDbVertex
100
AcDb3dPolylineVertex
 10
1505.1
 20
36.0
 30
638.7
 70
32
  0
VERTEX
  5
119
330
17
100
AcDbEntity
  8
RBAR-T12-D
100
AcDbVertex
100
AcDb3dPolylineVertex
 10
1509.7
 20
36.0
 30
637.3
 70
32
  0
VERTEX
  5
11A
330
17
100
AcDbEntity
  8
RBAR-T12-D
100
AcDbVertex
100
AcDb3dPolylineVertex
 10
1513.9
 20
36.0
 30
635.0
 70
32
  0
VERTEX
  5
11B
330
17
100
AcDbEntity
  8
RBAR-T12-D
100
AcDbVertex
100
AcDb3dPolylineVertex
 10
1517.6
 20
36.0
 30
632.0
 70
32
  0
VERTEX
  5
11C
330
17
100
AcDbEntity
  8
RBAR-T12-D
100
AcDbVertex
100
AcDb3dPolylineVertex
 10
1520.6
 20
36.0
 30
628.3
 70
32
  0
VERTEX
  5
11D
330
17
100
AcDbEntity
  8
RBAR-T12-D
100
AcDbVertex
100
AcDb3dPolylineVertex
 10
1522.9
 20
36.0
 30
624.1
 70
32
  0
VERTEX
  5
11E
330
17
100
AcDbEntity
  8
RBAR-T12-D
100
AcDbVertex
100
AcDb3dPolylineVertex
 10
1524.3
 20
36.0
 30
619.5
 70
32
  0
VERTEX
  5
11F
330
17
100
AcDbEntity
  8
RBAR-T12-D
100
AcDbVertex
100
AcDb3dPolylineVertex
 10
1524.7
 20
36.0
 30
614.8
 70
32
  0
VERTEX
  5
120
330
17
100
AcDbEntity
  8
RBAR-T12-D
100
AcDbVertex
100
AcDb3dPolylineVertex
 10
1524.7
 20
36.0
 30
36.0
 70
32
  0
SEQEND
  5
10C
330
10B
100
AcDbEntity
  8
RBAR-T12-D
  0
POLYLINE
  5
121
330
17
100
AcDbEntity
  8
RBAR-T12-D
100
AcDb3dPolyline
 66
1
 10
0.0
 20
0.0
 30
0.0
 70
8
  0
VERTEX
  5
123
330
17
100
AcDbEntity
  8
RBAR-T12-D
100
AcDbVertex
100
AcDb3dPolylineVertex
 10
2350.0
 20
36.0
 30
36.0
 70
32
  0
VERTEX
  5
124
330
17
100
AcDbEntity
  8
RBAR-T12-D
100
AcDbVertex
100
AcDb3dPolylineVertex
 10
2350.0
 20
36.0
 30
614.8
 70
32
  0
VERTEX
  5
125
330
17
100
AcDbEntity
  8
RBAR-T12-D
100
AcDbVertex
100
AcDb3dPolylineVertex
 10
2350.5
 20
36.0
 30
619.5
 70
32
  0
VERTEX
  5
126
330
17
100
AcDbEntity
  8
RBAR-T12-D
100
AcDbVertex
100
AcDb3dPolylineVertex
 10
2351.9
 20
36.0
 30
624.1
 70
32
  0
VERTEX
  5
127
330
17
100
AcDbEntity
  8
RBAR-T12-D
100
AcDbVertex
100
AcDb3dPolylineVertex
 10
2354.1
 20
36.0
 30
628.3
 70
32
  0
VERTEX
  5
128
330
17
100
AcDbEntity
  8
RBAR-T12-D
100
AcDbVertex
100
AcDb3dPolylineVertex
 10
2357.1
 20
36.0
 30
632.0
 70
32
  0
VERTEX
  5
129
330
17
100
AcDbEntity
  8
RBAR-T12-D
100
AcDbVertex
100
AcDb3dPolylineVertex
 10
2360.8
 20
36.0
 30
635.0
 70
32
  0
VERTEX
  5
12A
330
17
100
AcDbEntity
  8
RBAR-T12-D
100
AcDbVertex
100
AcDb3dPolylineVertex
 10
2365.0
 20
36.0
 30
637.3
 70
32
  0
VERTEX
  5
12B
330
17
100
AcDbEntity
  8
RBAR-T12-D
100
AcDbVertex
100
AcDb3dPolylineVertex
 10
2369.6
 20
36.0
 30
638.7
 70
32
  0
VERTEX
  5
12C
330
17
100
AcDbEntity
  8
RBAR-T12-D
100
AcDbVertex
100
AcDb3dPolylineVertex
 10
2374.4
 20
36.0
 30
639.2
 70
32
  0
VERTEX
  5
12D
330
17
100
AcDbEntity
  8
RBAR-T12-D
100
AcDbVertex
100
AcDb3dPolylineVertex
 10
2440.4
 20
36.0
 30
639.2
 70
32
  0
VERTEX
  5
12E
330
17
100
AcDbEntity
  8
RBAR-T12-D
100
AcDbVertex
100
AcDb3dPolylineVertex
 10
2445.1
 20
36.0
 30
638.7
 70
32
  0
VERTEX
  5
12F
330
17
100
AcDbEntity
  8
RBAR-T12-D
100
AcDbVertex
100
AcDb3dPolylineVertex
 10
2449.7
 20
36.0
 30
637.3
 70
32
  0
VERTEX
  5
130
330
17
100
AcDbEntity
  8
RBAR-T12-D
100
AcDbVertex
100
AcDb3dPolylineVertex
 10
2453.9
 20
36.0
 30
635.0
 70
32
  0
VERTEX
  5
131
330
17
100
AcDbEntity
  8
RBAR-T12-D
100
AcDbVertex
100
AcDb3dPolylineVertex
 10
2457.6
 20
36.0
 30
632.0
 70
32
  0
VERTEX
  5
132
330
17
100
AcDbEntity
  8
RBAR-T12-D
100
AcDbVertex
100
AcDb3dPolylineVertex
 10
2460.6
 20
36.0
 30
628.3
 70
32
  0
VERTEX
  5
133
330
17
100
AcDbEntity
  8
RBAR-T12-D
100
AcDbVertex
100
AcDb3dPolylineVertex
 10
2462.9
 20
36.0
 30
624.1
 70
32
  0
VERTEX
  5
134
330
17
100
AcDbEntity
  8
RBAR-T12-D
100
AcDbVertex
100
AcDb3dPolylineVertex
 10
2464.3
 20
36.0
 30
619.5
 70
32
  0
VERTEX
  5
135
330
17
100
AcDbEntity
  8
RBAR-T12-D
100
AcDbVertex
100
AcDb3dPolylineVertex
 10
2464.7
 20
36.0
 30
614.8
 70
32
  0
VERTEX
  5
136
330
17
100
AcDbEntity
  8
RBAR-T12-D
100
AcDbVertex
100
AcDb3dPolylineVertex
 10
2464.7
 20
36.0
 30
36.0
 70
32
  0
SEQEND
  5
122
330
121
100
AcDbEntity
  8
RBAR-T12-D
  0
POLYLINE
  5
137
330
17
100
AcDbEntity
  8
RBAR-T12-D
100
AcDb3dPolyline
 66
1
 10
0.0
 20
0.0
 30
0.0
 70
8
  0
VERTEX
  5
139
330
17
100
AcDbEntity
  8
RBAR-T12-D
100
AcDbVertex
100
AcDb3dPolylineVertex
 10
3290.0
 20
36.0
 30
36.0
 70
32
  0
VERTEX
  5
13A
330
17
100
AcDbEntity
  8
RBAR-T12-D
100
AcDbVertex
100
AcDb3dPolylineVertex
 10
3290.0
 20
36.0
 30
614.8
 70
32
  0
VERTEX
  5
13B
330
17
100
AcDbEntity
  8
RBAR-T12-D
100
AcDbVertex
100
AcDb3dPolylineVertex
 10
3290.5
 20
36.0
 30
619.5
 70
32
  0
VERTEX
  5
13C
330
17
100
AcDbEntity
  8
RBAR-T12-D
100
AcDbVertex
100
AcDb3dPolylineVertex
 10
3291.9
 20
36.0
 30
624.1
 70
32
  0
VERTEX
  5
13D
330
17
100
AcDbEntity
  8
RBAR-T12-D
100
AcDbVertex
100
AcDb3dPolylineVertex
 10
3294.1
 20
36.0
 30
628.3
 70
32
  0
VERTEX
  5
13E
330
17
100
AcDbEntity
  8
RBAR-T12-D
100
AcDbVertex
100
AcDb3dPolylineVertex
 10
3297.1
 20
36.0
 30
632.0
 70
32
  0
VERTEX
  5
13F
330
17
100
AcDbEntity
  8
RBAR-T12-D
100
AcDbVertex
100
AcDb3dPolylineVertex
 10
3300.8
 20
36.0
 30
635.0
 70
32
  0
VERTEX
  5
140
330
17
100
AcDbEntity
  8
RBAR-T12-D
100
AcDbVertex
100
AcDb3dPolylineVertex
 10
3305.0
 20
36.0
 30
637.3
 70
32
  0
VERTEX
  5
141
330
17
100
AcDbEntity
  8
RBAR-T12-D
100
AcDbVertex
100
AcDb3dPolylineVertex
 10
3309.6
 20
36.0
 30
638.7
 70
32
  0
VERTEX
  5
142
330
17
100
AcDbEntity
  8
RBAR-T12-D
100
AcDbVertex
100
AcDb3dPolylineVertex
 10
3314.4
 20
36.0
 30
639.2
 70
32
  0
VERTEX
  5
143
330
17
100
AcDbEntity
  8
RBAR-T12-D
100
AcDbVertex
100
AcDb3dPolylineVertex
 10
3380.4
 20
36.0
 30
639.2
 70
32
  0
VERTEX
  5
144
330
17
100
AcDbEntity
  8
RBAR-T12-D
100
AcDbVertex
100
AcDb3dPolylineVertex
 10
3385.1
 20
36.0
 30
638.7
 70
32
  0
VERTEX
  5
145
330
17
100
AcDbEntity
  8
RBAR-T12-D
100
AcDbVertex
100
AcDb3dPolylineVertex
 10
3389.7
 20
36.0
 30
637.3
 70
32
  0
VERTEX
  5
146
330
17
100
AcDbEntity
  8
RBAR-T12-D
100
AcDbVertex
100
AcDb3dPolylineVertex
 10
3393.9
 20
36.0
 30
635.0
 70
32
  0
VERTEX
  5
147
330
17
100
AcDbEntity
  8
RBAR-T12-D
100
AcDbVertex
100
AcDb3dPolylineVertex
 10
3397.6
 20
36.0
 30
632.0
 70
32
  0
VERTEX
  5
148
330
17
100
AcDbEntity
  8
RBAR-T12-D
100
AcDbVertex
100
AcDb3dPolylineVertex
 10
3400.6
 20
36.0
 30
628.3
 70
32
  0
VERTEX
  5
149
330
17
100
AcDbEntity
  8
RBAR-T12-D
100
AcDbVertex
100
AcDb3dPolylineVertex
 10
3402.9
 20
36.0
 30
624.1
 70
32
  0
VERTEX
  5
14A
330
17
100
AcDbEntity
  8
RBAR-T12-D
100
AcDbVertex
100
AcDb3dPolylineVertex
 10
3404.3
 20
36.0
 30
619.5
 70
32
  0
VERTEX
  5
14B
330
17
100
AcDbEntity
  8
RBAR-T12-D
100
AcDbVertex
100
AcDb3dPolylineVertex
 10
3404.7
 20
36.0
 30
614.8
 70
32
  0
VERTEX
  5
14C
330
17
100
AcDbEntity
  8
RBAR-T12-D
100
AcDbVertex
100
AcDb3dPolylineVertex
 10
3404.7
 20
36.0
 30
36.0
 70
32
  0
SEQEND
  5
138
330
137
100
AcDbEntity
  8
RBAR-T12-D
  0
POLYLINE
  5
14D
330
17
100
AcDbEntity
  8
RBAR-T12-D
100
AcDb3dPolyline
 66
1
 10
0.0
 20
0.0
 30
0.0
 70
8
  0
VERTEX
  5
14F
330
17
100
AcDbEntity
  8
RBAR-T12-D
100
AcDbVertex
100
AcDb3dPolylineVertex
 10
470.0
 20
36.0
 30
787.6
 70
32
  0
VERTEX
  5
150
330
17
100
AcDbEntity
  8
RBAR-T12-D
100
AcDbVertex
100
AcDb3dPolylineVertex
 10
470.0
 20
36.0
 30
1366.4
 70
32
  0
VERTEX
  5
151
330
17
100
AcDbEntity
  8
RBAR-T12-D
100
AcDbVertex
100
AcDb3dPolylineVertex
 10
470.5
 20
36.0
 30
1371.2
 70
32
  0
VERTEX
  5
152
330
17
100
AcDbEntity
  8
RBAR-T12-D
100
AcDbVertex
100
AcDb3dPolylineVertex
 10
471.9
 20
36.0
 30
1375.7
 70
32
  0
VERTEX
  5
153
330
17
100
AcDbEntity
  8
RBAR-T12-D
100
AcDbVertex
100
AcDb3dPolylineVertex
 10
474.1
 20
36.0
 30
1379.9
 70
32
  0
VERTEX
  5
154
330
17
100
AcDbEntity
  8
RBAR-T12-D
100
AcDbVertex
100
AcDb3dPolylineVertex
 10
477.1
 20
36.0
 30
1383.6
 70
32
  0
VERTEX
  5
155
330
17
100
AcDbEntity
  8
RBAR-T12-D
100
AcDbVertex
100
AcDb3dPolylineVertex
 10
480.8
 20
36.0
 30
1386.7
 70
32
  0
VERTEX
  5
156
330
17
100
AcDbEntity
  8
RBAR-T12-D
100
AcDbVertex
100
AcDb3dPolylineVertex
 10
485.0
 20
36.0
 30
1388.9
 70
32
  0
VERTEX
  5
157
330
17
100
AcDbEntity
  8
RBAR-T12-D
100
AcDbVertex
100
AcDb3dPolylineVertex
 10
489.6
 20
36.0
 30
1390.3
 70
32
  0
VERTEX
  5
158
330
17
100
AcDbEntity
  8
RBAR-T12-D
100
AcDbVertex
100
AcDb3dPolylineVertex
 10
494.4
 20
36.0
 30
1390.8
 70
32
  0
VERTEX
  5
159
330
17
100
AcDbEntity
  8
RBAR-T12-D
100
AcDbVertex
100
AcDb3dPolylineVertex
 10
560.4
 20
36.0
 30
1390.8
 70
32
  0
VERTEX
  5
15A
330
17
100
AcDbEntity
  8
RBAR-T12-D
100
AcDbVertex
100
AcDb3dPolylineVertex
 10
565.1
 20
36.0
 30
1390.3
 70
32
  0
VERTEX
  5
15B
330
17
100
AcDbEntity
  8
RBAR-T12-D
100
AcDbVertex
100
AcDb3dPolylineVertex
 10
569.7
 20
36.0
 30
1388.9
 70
32
  0
VERTEX
  5
15C
330
17
100
AcDbEntity
  8
RBAR-T12-D
100
AcDbVertex
100
AcDb3dPolylineVertex
 10
573.9
 20
36.0
 30
1386.7
 70
32
  0
VERTEX
  5
15D
330
17
100
AcDbEntity
  8
RBAR-T12-D
100
AcDbVertex
100
AcDb3dPolylineVertex
 10
577.6
 20
36.0
 30
1383.6
 70
32
  0
VERTEX
  5
15E
330
17
100
AcDbEntity
  8
RBAR-T12-D
100
AcDbVertex
100
AcDb3dPolylineVertex
 10
580.6
 20
36.0
 30
1379.9
 70
32
  0
VERTEX
  5
15F
330
17
100
AcDbEntity
  8
RBAR-T12-D
100
AcDbVertex
100
AcDb3dPolylineVertex
 10
582.9
 20
36.0
 30
1375.7
 70
32
  0
VERTEX
  5
160
330
17
100
AcDbEntity
  8
RBAR-T12-D
100
AcDbVertex
100
AcDb3dPolylineVertex
 10
584.3
 20
36.0
 30
1371.2
 70
32
  0
VERTEX
  5
161
330
17
100
AcDbEntity
  8
RBAR-T12-D
100
AcDbVertex
100
AcDb3dPolylineVertex
 10
584.7
 20
36.0
 30
1366.4
 70
32
  0
VERTEX
  5
162
330
17
100
AcDbEntity
  8
RBAR-T12-D
100
AcDbVertex
100
AcDb3dPolylineVertex
 10
584.7
 20
36.0
 30
787.6
 70
32
  0
SEQEND
  5
14E
330
14D
100
AcDbEntity
  8
RBAR-T12-D
  0
POLYLINE
  5
163
330
17
100
AcDbEntity
  8
RBAR-T12-D
100
AcDb3dPolyline
 66
1
 10
0.0
 20
0.0
 30
0.0
 70
8
  0
VERTEX
  5
165
330
17
100
AcDbEntity
  8
RBAR-T12-D
100
AcDbVertex
100
AcDb3dPolylineVertex
 10
1410.0
 20
36.0
 30
787.6
 70
32
  0
VERTEX
  5
166
330
17
100
AcDbEntity
  8
RBAR-T12-D
100
AcDbVertex
100
AcDb3dPolylineVertex
 10
1410.0
 20
36.0
 30
1366.4
 70
32
  0
VERTEX
  5
167
330
17
100
AcDbEntity
  8
RBAR-T12-D
100
AcDbVertex
100
AcDb3dPolylineVertex
 10
1410.5
 20
36.0
 30
1371.2
 70
32
  0
VERTEX
  5
168
330
17
100
AcDbEntity
  8
RBAR-T12-D
100
AcDbVertex
100
AcDb3dPolylineVertex
 10
1411.9
 20
36.0
 30
1375.7
 70
32
  0
VERTEX
  5
169
330
17
100
AcDbEntity
  8
RBAR-T12-D
100
AcDbVertex
100
AcDb3dPolylineVertex
 10
1414.1
 20
36.0
 30
1379.9
 70
32
  0
VERTEX
  5
16A
330
17
100
AcDbEntity
  8
RBAR-T12-D
100
AcDbVertex
100
AcDb3dPolylineVertex
 10
1417.1
 20
36.0
 30
1383.6
 70
32
  0
VERTEX
  5
16B
330
17
100
AcDbEntity
  8
RBAR-T12-D
100
AcDbVertex
100
AcDb3dPolylineVertex
 10
1420.8
 20
36.0
 30
1386.7
 70
32
  0
VERTEX
  5
16C
330
17
100
AcDbEntity
  8
RBAR-T12-D
100
AcDbVertex
100
AcDb3dPolylineVertex
 10
1425.0
 20
36.0
 30
1388.9
 70
32
  0
VERTEX
  5
16D
330
17
100
AcDbEntity
  8
RBAR-T12-D
100
AcDbVertex
100
AcDb3dPolylineVertex
 10
1429.6
 20
36.0
 30
1390.3
 70
32
  0
VERTEX
  5
16E
330
17
100
AcDbEntity
  8
RBAR-T12-D
100
AcDbVertex
100
AcDb3dPolylineVertex
 10
1434.4
 20
36.0
 30
1390.8
 70
32
  0
VERTEX
  5
16F
330
17
100
AcDbEntity
  8
RBAR-T12-D
100
AcDbVertex
100
AcDb3dPolylineVertex
 10
1500.4
 20
36.0
 30
1390.8
 70
32
  0
VERTEX
  5
170
330
17
100
AcDbEntity
  8
RBAR-T12-D
100
AcDbVertex
100
AcDb3dPolylineVertex
 10
1505.1
 20
36.0
 30
1390.3
 70
32
  0
VERTEX
  5
171
330
17
100
AcDbEntity
  8
RBAR-T12-D
100
AcDbVertex
100
AcDb3dPolylineVertex
 10
1509.7
 20
36.0
 30
1388.9
 70
32
  0
VERTEX
  5
172
330
17
100
AcDbEntity
  8
RBAR-T12-D
100
AcDbVertex
100
AcDb3dPolylineVertex
 10
1513.9
 20
36.0
 30
1386.7
 70
32
  0
VERTEX
  5
173
330
17
100
AcDbEntity
  8
RBAR-T12-D
100
AcDbVertex
100
AcDb3dPolylineVertex
 10
1517.6
 20
36.0
 30
1383.6
 70
32
  0
VERTEX
  5
174
330
17
100
AcDbEntity
  8
RBAR-T12-D
100
AcDbVertex
100
AcDb3dPolylineVertex
 10
1520.6
 20
36.0
 30
1379.9
 70
32
  0
VERTEX
  5
175
330
17
100
AcDbEntity
  8
RBAR-T12-D
100
AcDbVertex
100
AcDb3dPolylineVertex
 10
1522.9
 20
36.0
 30
1375.7
 70
32
  0
VERTEX
  5
176
330
17
100
AcDbEntity
  8
RBAR-T12-D
100
AcDbVertex
100
AcDb3dPolylineVertex
 10
1524.3
 20
36.0
 30
1371.2
 70
32
  0
VERTEX
  5
177
330
17
100
AcDbEntity
  8
RBAR-T12-D
100
AcDbVertex
100
AcDb3dPolylineVertex
 10
1524.7
 20
36.0
 30
1366.4
 70
32
  0
VERTEX
  5
178
330
17
100
AcDbEntity
  8
RBAR-T12-D
100
AcDbVertex
100
AcDb3dPolylineVertex
 10
1524.7
 20
36.0
 30
787.6
 70
32
  0
SEQEND
  5
164
330
163
100
AcDbEntity
  8
RBAR-T12-D
  0
POLYLINE
  5
179
330
17
100
AcDbEntity
  8
RBAR-T12-D
100
AcDb3dPolyline
 66
1
 10
0.0
 20
0.0
 30
0.0
 70
8
  0
VERTEX
  5
17B
330
17
100
AcDbEntity
  8
RBAR-T12-D
100
AcDbVertex
100
AcDb3dPolylineVertex
 10
2350.0
 20
36.0
 30
787.6
 70
32
  0
VERTEX
  5
17C
330
17
100
AcDbEntity
  8
RBAR-T12-D
100
AcDbVertex
100
AcDb3dPolylineVertex
 10
2350.0
 20
36.0
 30
1366.4
 70
32
  0
VERTEX
  5
17D
330
17
100
AcDbEntity
  8
RBAR-T12-D
100
AcDbVertex
100
AcDb3dPolylineVertex
 10
2350.5
 20
36.0
 30
1371.2
 70
32
  0
VERTEX
  5
17E
330
17
100
AcDbEntity
  8
RBAR-T12-D
100
AcDbVertex
100
AcDb3dPolylineVertex
 10
2351.9
 20
36.0
 30
1375.7
 70
32
  0
VERTEX
  5
17F
330
17
100
AcDbEntity
  8
RBAR-T12-D
100
AcDbVertex
100
AcDb3dPolylineVertex
 10
2354.1
 20
36.0
 30
1379.9
 70
32
  0
VERTEX
  5
180
330
17
100
AcDbEntity
  8
RBAR-T12-D
100
AcDbVertex
100
AcDb3dPolylineVertex
 10
2357.1
 20
36.0
 30
1383.6
 70
32
  0
VERTEX
  5
181
330
17
100
AcDbEntity
  8
RBAR-T12-D
100
AcDbVertex
100
AcDb3dPolylineVertex
 10
2360.8
 20
36.0
 30
1386.7
 70
32
  0
VERTEX
  5
182
330
17
100
AcDbEntity
  8
RBAR-T12-D
100
AcDbVertex
100
AcDb3dPolylineVertex
 10
2365.0
 20
36.0
 30
1388.9
 70
32
  0
VERTEX
  5
183
330
17
100
AcDbEntity
  8
RBAR-T12-D
100
AcDbVertex
100
AcDb3dPolylineVertex
 10
2369.6
 20
36.0
 30
1390.3
 70
32
  0
VERTEX
  5
184
330
17
100
AcDbEntity
  8
RBAR-T12-D
100
AcDbVertex
100
AcDb3dPolylineVertex
 10
2374.4
 20
36.0
 30
1390.8
 70
32
  0
VERTEX
  5
185
330
17
100
AcDbEntity
  8
RBAR-T12-D
100
AcDbVertex
100
AcDb3dPolylineVertex
 10
2440.4
 20
36.0
 30
1390.8
 70
32
  0
VERTEX
  5
186
330
17
100
AcDbEntity
  8
RBAR-T12-D
100
AcDbVertex
100
AcDb3dPolylineVertex
 10
2445.1
 20
36.0
 30
1390.3
 70
32
  0
VERTEX
  5
187
330
17
100
AcDbEntity
  8
RBAR-T12-D
100
AcDbVertex
100
AcDb3dPolylineVertex
 10
2449.7
 20
36.0
 30
1388.9
 70
32
  0
VERTEX
  5
188
330
17
100
AcDbEntity
  8
RBAR-T12-D
100
AcDbVertex
100
AcDb3dPolylineVertex
 10
2453.9
 20
36.0
 30
1386.7
 70
32
  0
VERTEX
  5
189
330
17
100
AcDbEntity
  8
RBAR-T12-D
100
AcDbVertex
100
AcDb3dPolylineVertex
 10
2457.6
 20
36.0
 30
1383.6
 70
32
  0
VERTEX
  5
18A
330
17
100
AcDbEntity
  8
RBAR-T12-D
100
AcDbVertex
100
AcDb3dPolylineVertex
 10
2460.6
 20
36.0
 30
1379.9
 70
32
  0
VERTEX
  5
18B
330
17
100
AcDbEntity
  8
RBAR-T12-D
100
AcDbVertex
100
AcDb3dPolylineVertex
 10
2462.9
 20
36.0
 30
1375.7
 70
32
  0
VERTEX
  5
18C
330
17
100
AcDbEntity
  8
RBAR-T12-D
100
AcDbVertex
100
AcDb3dPolylineVertex
 10
2464.3
 20
36.0
 30
1371.2
 70
32
  0
VERTEX
  5
18D
330
17
100
AcDbEntity
  8
RBAR-T12-D
100
AcDbVertex
100
AcDb3dPolylineVertex
 10
2464.7
 20
36.0
 30
1366.4
 70
32
  0
VERTEX
  5
18E
330
17
100
AcDbEntity
  8
RBAR-T12-D
100
AcDbVertex
100
AcDb3dPolylineVertex
 10
2464.7
 20
36.0
 30
787.6
 70
32
  0
SEQEND
  5
17A
330
179
100
AcDbEntity
  8
RBAR-T12-D
  0
POLYLINE
  5
18F
330
17
100
AcDbEntity
  8
RBAR-T12-D
100
AcDb3dPolyline
 66
1
 10
0.0
 20
0.0
 30
0.0
 70
8
  0
VERTEX
  5
191
330
17
100
AcDbEntity
  8
RBAR-T12-D
100
AcDbVertex
100
AcDb3dPolylineVertex
 10
3290.0
 20
36.0
 30
787.6
 70
32
  0
VERTEX
  5
192
330
17
100
AcDbEntity
  8
RBAR-T12-D
100
AcDbVertex
100
AcDb3dPolylineVertex
 10
3290.0
 20
36.0
 30
1366.4
 70
32
  0
VERTEX
  5
193
330
17
100
AcDbEntity
  8
RBAR-T12-D
100
AcDbVertex
100
AcDb3dPolylineVertex
 10
3290.5
 20
36.0
 30
1371.2
 70
32
  0
VERTEX
  5
194
330
17
100
AcDbEntity
  8
RBAR-T12-D
100
AcDbVertex
100
AcDb3dPolylineVertex
 10
3291.9
 20
36.0
 30
1375.7
 70
32
  0
VERTEX
  5
195
330
17
100
AcDbEntity
  8
RBAR-T12-D
100
AcDbVertex
100
AcDb3dPolylineVertex
 10
3294.1
 20
36.0
 30
1379.9
 70
32
  0
VERTEX
  5
196
330
17
100
AcDbEntity
  8
RBAR-T12-D
100
AcDbVertex
100
AcDb3dPolylineVertex
 10
3297.1
 20
36.0
 30
1383.6
 70
32
  0
VERTEX
  5
197
330
17
100
AcDbEntity
  8
RBAR-T12-D
100
AcDbVertex
100
AcDb3dPolylineVertex
 10
3300.8
 20
36.0
 30
1386.7
 70
32
  0
VERTEX
  5
198
330
17
100
AcDbEntity
  8
RBAR-T12-D
100
AcDbVertex
100
AcDb3dPolylineVertex
 10
3305.0
 20
36.0
 30
1388.9
 70
32
  0
VERTEX
  5
199
330
17
100
AcDbEntity
  8
RBAR-T12-D
100
AcDbVertex
100
AcDb3dPolylineVertex
 10
3309.6
 20
36.0
 30
1390.3
 70
32
  0
VERTEX
  5
19A
330
17
100
AcDbEntity
  8
RBAR-T12-D
100
AcDbVertex
100
AcDb3dPolylineVertex
 10
3314.4
 20
36.0
 30
1390.8
 70
32
  0
VERTEX
  5
19B
330
17
100
AcDbEntity
  8
RBAR-T12-D
100
AcDbVertex
100
AcDb3dPolylineVertex
 10
3380.4
 20
36.0
 30
1390.8
 70
32
  0
VERTEX
  5
19C
330
17
100
AcDbEntity
  8
RBAR-T12-D
100
AcDbVertex
100
AcDb3dPolylineVertex
 10
3385.1
 20
36.0
 30
1390.3
 70
32
  0
VERTEX
  5
19D
330
17
100
AcDbEntity
  8
RBAR-T12-D
100
AcDbVertex
100
AcDb3dPolylineVertex
 10
3389.7
 20
36.0
 30
1388.9
 70
32
  0
VERTEX
  5
19E
330
17
100
AcDbEntity
  8
RBAR-T12-D
100
AcDbVertex
100
AcDb3dPolylineVertex
 10
3393.9
 20
36.0
 30
1386.7
 70
32
  0
VERTEX
  5
19F
330
17
100
AcDbEntity
  8
RBAR-T12-D
100
AcDbVertex
100
AcDb3dPolylineVertex
 10
3397.6
 20
36.0
 30
1383.6
 70
32
  0
VERTEX
  5
1A0
330
17
100
AcDbEntity
  8
RBAR-T12-D
100
AcDbVertex
100
AcDb3dPolylineVertex
 10
3400.6
 20
36.0
 30
1379.9
 70
32
  0
VERTEX
  5
1A1
330
17
100
AcDbEntity
  8
RBAR-T12-D
100
AcDbVertex
100
AcDb3dPolylineVertex
 10
3402.9
 20
36.0
 30
1375.7
 70
32
  0
VERTEX
  5
1A2
330
17
100
AcDbEntity
  8
RBAR-T12-D
100
AcDbVertex
100
AcDb3dPolylineVertex
 10
3404.3
 20
36.0
 30
1371.2
 70
32
  0
VERTEX
  5
1A3
330
17
100
AcDbEntity
  8
RBAR-T12-D
100
AcDbVertex
100
AcDb3dPolylineVertex
 10
3404.7
 20
36.0
 30
1366.4
 70
32
  0
VERTEX
  5
1A4
330
17
100
AcDbEntity
  8
RBAR-T12-D
100
AcDbVertex
100
AcDb3dPolylineVertex
 10
3404.7
 20
36.0
 30
787.6
 70
32
  0
SEQEND
  5
190
330
18F
100
AcDbEntity
  8
RBAR-T12-D
  0
POLYLINE
  5
1A5
330
17
100
AcDbEntity
  8
RBAR-T12-D
100
AcDb3dPolyline
 66
1
 10
0.0
 20
0.0
 30
0.0
 70
8
  0
VERTEX
  5
1A7
330
17
100
AcDbEntity
  8
RBAR-T12-D
100
AcDbVertex
100
AcDb3dPolylineVertex
 10
626.7
 20
36.0
 30
1539.2
 70
32
  0
VERTEX
  5
1A8
330
17
100
AcDbEntity
  8
RBAR-T12-D
100
AcDbVertex
100
AcDb3dPolylineVertex
 10
626.7
 20
36.0
 30
2118.0
 70
32
  0
VERTEX
  5
1A9
330
17
100
AcDbEntity
  8
RBAR-T12-D
100
AcDbVertex
100
AcDb3dPolylineVertex
 10
627.1
 20
36.0
 30
2122.8
 70
32
  0
VERTEX
  5
1AA
330
17
100
AcDbEntity
  8
RBAR-T12-D
100
AcDbVertex
100
AcDb3dPolylineVertex
 10
628.5
 20
36.0
 30
2127.3
 70
32
  0
VERTEX
  5
1AB
330
17
100
AcDbEntity
  8
RBAR-T12-D
100
AcDbVertex
100
AcDb3dPolylineVertex
 10
630.8
 20
36.0
 30
2131.6
 70
32
  0
VERTEX
  5
1AC
330
17
100
AcDbEntity
  8
RBAR-T12-D
100
AcDbVertex
100
AcDb3dPolylineVertex
 10
633.8
 20
36.0
 30
2135.2
 70
32
  0
VERTEX
  5
1AD
330
17
100
AcDbEntity
  8
RBAR-T12-D
100
AcDbVertex
100
AcDb3dPolylineVertex
 10
637.5
 20
36.0
 30
2138.3
 70
32
  0
VERTEX
  5
1AE
330
17
100
AcDbEntity
  8
RBAR-T12-D
100
AcDbVertex
100
AcDb3dPolylineVertex
 10
641.7
 20
36.0
 30
2140.5
 70
32
  0
VERTEX
  5
1AF
330
17
100
AcDbEntity
  8
RBAR-T12-D
100
AcDbVertex
100
AcDb3dPolylineVertex
 10
646.3
 20
36.0
 30
2141.9
 70
32
  0
VERTEX
  5
1B0
330
17
100
AcDbEntity
  8
RBAR-T12-D
100
AcDbVertex
100
AcDb3dPolylineVertex
 10
651.0
 20
36.0
 30
2142.4
 70
32
  0
VERTEX
  5
1B1
330
17
100
AcDbEntity
  8
RBAR-T12-D
100
AcDbVertex
100
AcDb3dPolylineVertex
 10
717.0
 20
36.0
 30
2142.4
 70
32
  0
VERTEX
  5
1B2
330
17
100
AcDbEntity
  8
RBAR-T12-D
100
AcDbVertex
100
AcDb3dPolylineVertex
 10
721.8
 20
36.0
 30
2141.9
 70
32
  0
VERTEX
  5
1B3
330
17
100
AcDbEntity
  8
RBAR-T12-D
100
AcDbVertex
100
AcDb3dPolylineVertex
 10
726.4
 20
36.0
 30
2140.5
 70
32
  0
VERTEX
  5
1B4
330
17
100
AcDbEntity
  8
RBAR-T12-D
100
AcDbVertex
100
AcDb3dPolylineVertex
 10
730.6
 20
36.0
 30
2138.3
 70
32
  0
VERTEX
  5
1B5
330
17
100
AcDbEntity
  8
RBAR-T12-D
100
AcDbVertex
100
AcDb3dPolylineVertex
 10
734.3
 20
36.0
 30
2135.2
 70
32
  0
VERTEX
  5
1B6
330
17
100
AcDbEntity
  8
RBAR-T12-D
100
AcDbVertex
100
AcDb3dPolylineVertex
 10
737.3
 20
36.0
 30
2131.6
 70
32
  0
VERTEX
  5
1B7
330
17
100
AcDbEntity
  8
RBAR-T12-D
100
AcDbVertex
100
AcDb3dPolylineVertex
 10
739.6
 20
36.0
 30
2127.3
 70
32
  0
VERTEX
  5
1B8
330
17
100
AcDbEntity
  8
RBAR-T12-D
100
AcDbVertex
100
AcDb3dPolylineVertex
 10
740.9
 20
36.0
 30
2122.8
 70
32
  0
VERTEX
  5
1B9
330
17
100
AcDbEntity
  8
RBAR-T12-D
100
AcDbVertex
100
AcDb3dPolylineVertex
 10
741.4
 20
36.0
 30
2118.0
 70
32
  0
VERTEX
  5
1BA
330
17
100
AcDbEntity
  8
RBAR-T12-D
100
AcDbVertex
100
AcDb3dPolylineVertex
 10
741.4
 20
36.0
 30
1539.2
 70
32
  0
SEQEND
  5
1A6
330
1A5
100
AcDbEntity
  8
RBAR-T12-D
  0
POLYLINE
  5
1BB
330
17
100
AcDbEntity
  8
RBAR-T12-D
100
AcDb3dPolyline
 66
1
 10
0.0
 20
0.0
 30
0.0
 70
8
  0
VERTEX
  5
1BD
330
17
100
AcDbEntity
  8
RBAR-T12-D
100
AcDbVertex
100
AcDb3dPolylineVertex
 10
1880.0
 20
36.0
 30
1539.2
 70
32
  0
VERTEX
  5
1BE
330
17
100
AcDbEntity
  8
RBAR-T12-D
100
AcDbVertex
100
AcDb3dPolylineVertex
 10
1880.0
 20
36.0
 30
2118.0
 70
32
  0
VERTEX
  5
1BF
330
17
100
AcDbEntity
  8
RBAR-T12-D
100
AcDbVertex
100
AcDb3dPolylineVertex
 10
1880.5
 20
36.0
 30
2122.8
 70
32
  0
VERTEX
  5
1C0
330
17
100
AcDbEntity
  8
RBAR-T12-D
100
AcDbVertex
100
AcDb3dPolylineVertex
 10
1881.9
 20
36.0
 30
2127.3
 70
32
  0
VERTEX
  5
1C1
330
17
100
AcDbEntity
  8
RBAR-T12-D
100
AcDbVertex
100
AcDb3dPolylineVertex
 10
1884.1
 20
36.0
 30
2131.6
 70
32
  0
VERTEX
  5
1C2
330
17
100
AcDbEntity
  8
RBAR-T12-D
100
AcDbVertex
100
AcDb3dPolylineVertex
 10
1887.1
 20
36.0
 30
2135.2
 70
32
  0
VERTEX
  5
1C3
330
17
100
AcDbEntity
  8
RBAR-T12-D
100
AcDbVertex
100
AcDb3dPolylineVertex
 10
1890.8
 20
36.0
 30
2138.3
 70
32
  0
VERTEX
  5
1C4
330
17
100
AcDbEntity
  8
RBAR-T12-D
100
AcDbVertex
100
AcDb3dPolylineVertex
 10
1895.0
 20
36.0
 30
2140.5
 70
32
  0
VERTEX
  5
1C5
330
17
100
AcDbEntity
  8
RBAR-T12-D
100
AcDbVertex
100
AcDb3dPolylineVertex
 10
1899.6
 20
36.0
 30
2141.9
 70
32
  0
VERTEX
  5
1C6
330
17
100
AcDbEntity
  8
RBAR-T12-D
100
AcDbVertex
100
AcDb3dPolylineVertex
 10
1904.4
 20
36.0
 30
2142.4
 70
32
  0
VERTEX
  5
1C7
330
17
100
AcDbEntity
  8
RBAR-T12-D
100
AcDbVertex
100
AcDb3dPolylineVertex
 10
1970.4
 20
36.0
 30
2142.4
 70
32
  0
VERTEX
  5
1C8
330
17
100
AcDbEntity
  8
RBAR-T12-D
100
AcDbVertex
100
AcDb3dPolylineVertex
 10
1975.1
 20
36.0
 30
2141.9
 70
32
  0
VERTEX
  5
1C9
330
17
100
AcDbEntity
  8
RBAR-T12-D
100
AcDbVertex
100
AcDb3dPolylineVertex
 10
1979.7
 20
36.0
 30
2140.5
 70
32
  0
VERTEX
  5
1CA
330
17
100
AcDbEntity
  8
RBAR-T12-D
100
AcDbVertex
100
AcDb3dPolylineVertex
 10
1983.9
 20
36.0
 30
2138.3
 70
32
  0
VERTEX
  5
1CB
330
17
100
AcDbEntity
  8
RBAR-T12-D
100
AcDbVertex
100
AcDb3dPolylineVertex
 10
1987.6
 20
36.0
 30
2135.2
 70
32
  0
VERTEX
  5
1CC
330
17
100
AcDbEntity
  8
RBAR-T12-D
100
AcDbVertex
100
AcDb3dPolylineVertex
 10
1990.6
 20
36.0
 30
2131.6
 70
32
  0
VERTEX
  5
1CD
330
17
100
AcDbEntity
  8
RBAR-T12-D
100
AcDbVertex
100
AcDb3dPolylineVertex
 10
1992.9
 20
36.0
 30
2127.3
 70
32
  0
VERTEX
  5
1CE
330
17
100
AcDbEntity
  8
RBAR-T12-D
100
AcDbVertex
100
AcDb3dPolylineVertex
 10
1994.3
 20
36.0
 30
2122.8
 70
32
  0
VERTEX
  5
1CF
330
17
100
AcDbEntity
  8
RBAR-T12-D
100
AcDbVertex
100
AcDb3dPolylineVertex
 10
1994.7
 20
36.0
 30
2118.0
 70
32
  0
VERTEX
  5
1D0
330
17
100
AcDbEntity
  8
RBAR-T12-D
100
AcDbVertex
100
AcDb3dPolylineVertex
 10
1994.7
 20
36.0
 30
1539.2
 70
32
  0
SEQEND
  5
1BC
330
1BB
100
AcDbEntity
  8
RBAR-T12-D
  0
POLYLINE
  5
1D1
330
17
100
AcDbEntity
  8
RBAR-T12-D
100
AcDb3dPolyline
 66
1
 10
0.0
 20
0.0
 30
0.0
 70
8
  0
VERTEX
  5
1D3
330
17
100
AcDbEntity
  8
RBAR-T12-D
100
AcDbVertex
100
AcDb3dPolylineVertex
 10
3133.3
 20
36.0
 30
1539.2
 70
32
  0
VERTEX
  5
1D4
330
17
100
AcDbEntity
  8
RBAR-T12-D
100
AcDbVertex
100
AcDb3dPolylineVertex
 10
3133.3
 20
36.0
 30
2118.0
 70
32
  0
VERTEX
  5
1D5
330
17
100
AcDbEntity
  8
RBAR-T12-D
100
AcDbVertex
100
AcDb3dPolylineVertex
 10
3133.8
 20
36.0
 30
2122.8
 70
32
  0
VERTEX
  5
1D6
330
17
100
AcDbEntity
  8
RBAR-T12-D
100
AcDbVertex
100
AcDb3dPolylineVertex
 10
3135.2
 20
36.0
 30
2127.3
 70
32
  0
VERTEX
  5
1D7
330
17
100
AcDbEntity
  8
RBAR-T12-D
100
AcDbVertex
100
AcDb3dPolylineVertex
 10
3137.4
 20
36.0
 30
2131.6
 70
32
  0
VERTEX
  5
1D8
330
17
100
AcDbEntity
  8
RBAR-T12-D
100
AcDbVertex
100
AcDb3dPolylineVertex
 10
3140.5
 20
36.0
 30
2135.2
 70
32
  0
VERTEX
  5
1D9
330
17
100
AcDbEntity
  8
RBAR-T12-D
100
AcDbVertex
100
AcDb3dPolylineVertex
 10
3144.2
 20
36.0
 30
2138.3
 70
32
  0
VERTEX
  5
1DA
330
17
100
AcDbEntity
  8
RBAR-T12-D
100
AcDbVertex
100
AcDb3dPolylineVertex
 10
3148.4
 20
36.0
 30
2140.5
 70
32
  0
VERTEX
  5
1DB
330
17
100
AcDbEntity
  8
RBAR-T12-D
100
AcDbVertex
100
AcDb3dPolylineVertex
 10
3152.9
 20
36.0
 30
2141.9
 70
32
  0
VERTEX
  5
1DC
330
17
100
AcDbEntity
  8
RBAR-T12-D
100
AcDbVertex
100
AcDb3dPolylineVertex
 10
3157.7
 20
36.0
 30
2142.4
 70
32
  0
VERTEX
  5
1DD
330
17
100
AcDbEntity
  8
RBAR-T12-D
100
AcDbVertex
100
AcDb3dPolylineVertex
 10
3223.7
 20
36.0
 30
2142.4
 70
32
  0
VERTEX
  5
1DE
330
17
100
AcDbEntity
  8
RBAR-T12-D
100
AcDbVertex
100
AcDb3dPolylineVertex
 10
3228.5
 20
36.0
 30
2141.9
 70
32
  0
VERTEX
  5
1DF
330
17
100
AcDbEntity
  8
RBAR-T12-D
100
AcDbVertex
100
AcDb3dPolylineVertex
 10
3233.0
 20
36.0
 30
2140.5
 70
32
  0
VERTEX
  5
1E0
330
17
100
AcDbEntity
  8
RBAR-T12-D
100
AcDbVertex
100
AcDb3dPolylineVertex
 10
3237.2
 20
36.0
 30
2138.3
 70
32
  0
VERTEX
  5
1E1
330
17
100
AcDbEntity
  8
RBAR-T12-D
100
AcDbVertex
100
AcDb3dPolylineVertex
 10
3240.9
 20
36.0
 30
2135.2
 70
32
  0
VERTEX
  5
1E2
330
17
100
AcDbEntity
  8
RBAR-T12-D
100
AcDbVertex
100
AcDb3dPolylineVertex
 10
3244.0
 20
36.0
 30
2131.6
 70
32
  0
VERTEX
  5
1E3
330
17
100
AcDbEntity
  8
RBAR-T12-D
100
AcDbVertex
100
AcDb3dPolylineVertex
 10
3246.2
 20
36.0
 30
2127.3
 70
32
  0
VERTEX
  5
1E4
330
17
100
AcDbEntity
  8
RBAR-T12-D
100
AcDbVertex
100
AcDb3dPolylineVertex
 10
3247.6
 20
36.0
 30
2122.8
 70
32
  0
VERTEX
  5
1E5
330
17
100
AcDbEntity
  8
RBAR-T12-D
100
AcDbVertex
100
AcDb3dPolylineVertex
 10
3248.1
 20
36.0
 30
2118.0
 70
32
  0
VERTEX
  5
1E6
330
17
100
AcDbEntity
  8
RBAR-T12-D
100
AcDbVertex
100
AcDb3dPolylineVertex
 10
3248.1
 20
36.0
 30
1539.2
 70
32
  0
SEQEND
  5
1D2
330
1D1
100
AcDbEntity
  8
RBAR-T12-D
  0
POLYLINE
  5
1E7
330
17
100
AcDbEntity
  8
RBAR-T12-D
100
AcDb3dPolyline
 66
1
 10
0.0
 20
0.0
 30
0.0
 70
8
  0
VERTEX
  5
1E9
330
17
100
AcDbEntity
  8
RBAR-T12-D
100
AcDbVertex
100
AcDb3dPolylineVertex
 10
626.7
 20
36.0
 30
2290.8
 70
32
  0
VERTEX
  5
1EA
330
17
100
AcDbEntity
  8
RBAR-T12-D
100
AcDbVertex
100
AcDb3dPolylineVertex
 10
626.7
 20
36.0
 30
2869.6
 70
32
  0
VERTEX
  5
1EB
330
17
100
AcDbEntity
  8
RBAR-T12-D
100
AcDbVertex
100
AcDb3dPolylineVertex
 10
627.1
 20
36.0
 30
2874.4
 70
32
  0
VERTEX
  5
1EC
330
17
100
AcDbEntity
  8
RBAR-T12-D
100
AcDbVertex
100
AcDb3dPolylineVertex
 10
628.5
 20
36.0
 30
2879.0
 70
32
  0
VERTEX
  5
1ED
330
17
100
AcDbEntity
  8
RBAR-T12-D
100
AcDbVertex
100
AcDb3dPolylineVertex
 10
630.8
 20
36.0
 30
2883.2
 70
32
  0
VERTEX
  5
1EE
330
17
100
AcDbEntity
  8
RBAR-T12-D
100
AcDbVertex
100
AcDb3dPolylineVertex
 10
633.8
 20
36.0
 30
2886.9
 70
32
  0
VERTEX
  5
1EF
330
17
100
AcDbEntity
  8
RBAR-T12-D
100
AcDbVertex
100
AcDb3dPolylineVertex
 10
637.5
 20
36.0
 30
2889.9
 70
32
  0
VERTEX
  5
1F0
330
17
100
AcDbEntity
  8
RBAR-T12-D
100
AcDbVertex
100
AcDb3dPolylineVertex
 10
641.7
 20
36.0
 30
2892.1
 70
32
  0
VERTEX
  5
1F1
330
17
100
AcDbEntity
  8
RBAR-T12-D
100
AcDbVertex
100
AcDb3dPolylineVertex
 10
646.3
 20
36.0
 30
2893.5
 70
32
  0
VERTEX
  5
1F2
330
17
100
AcDbEntity
  8
RBAR-T12-D
100
AcDbVertex
100
AcDb3dPolylineVertex
 10
651.0
 20
36.0
 30
2894.0
 70
32
  0
VERTEX
  5
1F3
330
17
100
AcDbEntity
  8
RBAR-T12-D
100
AcDbVertex
100
AcDb3dPolylineVertex
 10
717.0
 20
36.0
 30
2894.0
 70
32
  0
VERTEX
  5
1F4
330
17
100
AcDbEntity
  8
RBAR-T12-D
100
AcDbVertex
100
AcDb3dPolylineVertex
 10
721.8
 20
36.0
 30
2893.5
 70
32
  0
VERTEX
  5
1F5
330
17
100
AcDbEntity
  8
RBAR-T12-D
100
AcDbVertex
100
AcDb3dPolylineVertex
 10
726.4
 20
36.0
 30
2892.1
 70
32
  0
VERTEX
  5
1F6
330
17
100
AcDbEntity
  8
RBAR-T12-D
100
AcDbVertex
100
AcDb3dPolylineVertex
 10
730.6
 20
36.0
 30
2889.9
 70
32
  0
VERTEX
  5
1F7
330
17
100
AcDbEntity
  8
RBAR-T12-D
100
AcDbVertex
100
AcDb3dPolylineVertex
 10
734.3
 20
36.0
 30
2886.9
 70
32
  0
VERTEX
  5
1F8
330
17
100
AcDbEntity
  8
RBAR-T12-D
100
AcDbVertex
100
AcDb3dPolylineVertex
 10
737.3
 20
36.0
 30
2883.2
 70
32
  0
VERTEX
  5
1F9
330
17
100
AcDbEntity
  8
RBAR-T12-D
100
AcDbVertex
100
AcDb3dPolylineVertex
 10
739.6
 20
36.0
 30
2879.0
 70
32
  0
VERTEX
  5
1FA
330
17
100
AcDbEntity
  8
RBAR-T12-D
100
AcDbVertex
100
AcDb3dPolylineVertex
 10
740.9
 20
36.0
 30
2874.4
 70
32
  0
VERTEX
  5
1FB
330
17
100
AcDbEntity
  8
RBAR-T12-D
100
AcDbVertex
100
AcDb3dPolylineVertex
 10
741.4
 20
36.0
 30
2869.6
 70
32
  0
VERTEX
  5
1FC
330
17
100
AcDbEntity
  8
RBAR-T12-D
100
AcDbVertex
100
AcDb3dPolylineVertex
 10
741.4
 20
36.0
 30
2290.8
 70
32
  0
SEQEND
  5
1E8
330
1E7
100
AcDbEntity
  8
RBAR-T12-D
  0
POLYLINE
  5
1FD
330
17
100
AcDbEntity
  8
RBAR-T12-D
100
AcDb3dPolyline
 66
1
 10
0.0
 20
0.0
 30
0.0
 70
8
  0
VERTEX
  5
1FF
330
17
100
AcDbEntity
  8
RBAR-T12-D
100
AcDbVertex
100
AcDb3dPolylineVertex
 10
1880.0
 20
36.0
 30
2290.8
 70
32
  0
VERTEX
  5
200
330
17
100
AcDbEntity
  8
RBAR-T12-D
100
AcDbVertex
100
AcDb3dPolylineVertex
 10
1880.0
 20
36.0
 30
2869.6
 70
32
  0
VERTEX
  5
201
330
17
100
AcDbEntity
  8
RBAR-T12-D
100
AcDbVertex
100
AcDb3dPolylineVertex
 10
1880.5
 20
36.0
 30
2874.4
 70
32
  0
VERTEX
  5
202
330
17
100
AcDbEntity
  8
RBAR-T12-D
100
AcDbVertex
100
AcDb3dPolylineVertex
 10
1881.9
 20
36.0
 30
2879.0
 70
32
  0
VERTEX
  5
203
330
17
100
AcDbEntity
  8
RBAR-T12-D
100
AcDbVertex
100
AcDb3dPolylineVertex
 10
1884.1
 20
36.0
 30
2883.2
 70
32
  0
VERTEX
  5
204
330
17
100
AcDbEntity
  8
RBAR-T12-D
100
AcDbVertex
100
AcDb3dPolylineVertex
 10
1887.1
 20
36.0
 30
2886.9
 70
32
  0
VERTEX
  5
205
330
17
100
AcDbEntity
  8
RBAR-T12-D
100
AcDbVertex
100
AcDb3dPolylineVertex
 10
1890.8
 20
36.0
 30
2889.9
 70
32
  0
VERTEX
  5
206
330
17
100
AcDbEntity
  8
RBAR-T12-D
100
AcDbVertex
100
AcDb3dPolylineVertex
 10
1895.0
 20
36.0
 30
2892.1
 70
32
  0
VERTEX
  5
207
330
17
100
AcDbEntity
  8
RBAR-T12-D
100
AcDbVertex
100
AcDb3dPolylineVertex
 10
1899.6
 20
36.0
 30
2893.5
 70
32
  0
VERTEX
  5
208
330
17
100
AcDbEntity
  8
RBAR-T12-D
100
AcDbVertex
100
AcDb3dPolylineVertex
 10
1904.4
 20
36.0
 30
2894.0
 70
32
  0
VERTEX
  5
209
330
17
100
AcDbEntity
  8
RBAR-T12-D
100
AcDbVertex
100
AcDb3dPolylineVertex
 10
1970.4
 20
36.0
 30
2894.0
 70
32
  0
VERTEX
  5
20A
330
17
100
AcDbEntity
  8
RBAR-T12-D
100
AcDbVertex
100
AcDb3dPolylineVertex
 10
1975.1
 20
36.0
 30
2893.5
 70
32
  0
VERTEX
  5
20B
330
17
100
AcDbEntity
  8
RBAR-T12-D
100
AcDbVertex
100
AcDb3dPolylineVertex
 10
1979.7
 20
36.0
 30
2892.1
 70
32
  0
VERTEX
  5
20C
330
17
100
AcDbEntity
  8
RBAR-T12-D
100
AcDbVertex
100
AcDb3dPolylineVertex
 10
1983.9
 20
36.0
 30
2889.9
 70
32
  0
VERTEX
  5
20D
330
17
100
AcDbEntity
  8
RBAR-T12-D
100
AcDbVertex
100
AcDb3dPolylineVertex
 10
1987.6
 20
36.0
 30
2886.9
 70
32
  0
VERTEX
  5
20E
330
17
100
AcDbEntity
  8
RBAR-T12-D
100
AcDbVertex
100
AcDb3dPolylineVertex
 10
1990.6
 20
36.0
 30
2883.2
 70
32
  0
VERTEX
  5
20F
330
17
100
AcDbEntity
  8
RBAR-T12-D
100
AcDbVertex
100
AcDb3dPolylineVertex
 10
1992.9
 20
36.0
 30
2879.0
 70
32
  0
VERTEX
  5
210
330
17
100
AcDbEntity
  8
RBAR-T12-D
100
AcDbVertex
100
AcDb3dPolylineVertex
 10
1994.3
 20
36.0
 30
2874.4
 70
32
  0
VERTEX
  5
211
330
17
100
AcDbEntity
  8
RBAR-T12-D
100
AcDbVertex
100
AcDb3dPolylineVertex
 10
1994.7
 20
36.0
 30
2869.6
 70
32
  0
VERTEX
  5
212
330
17
100
AcDbEntity
  8
RBAR-T12-D
100
AcDbVertex
100
AcDb3dPolylineVertex
 10
1994.7
 20
36.0
 30
2290.8
 70
32
  0
SEQEND
  5
1FE
330
1FD
100
AcDbEntity
  8
RBAR-T12-D
  0
POLYLINE
  5
213
330
17
100
AcDbEntity
  8
RBAR-T12-D
100
AcDb3dPolyline
 66
1
 10
0.0
 20
0.0
 30
0.0
 70
8
  0
VERTEX
  5
215
330
17
100
AcDbEntity
  8
RBAR-T12-D
100
AcDbVertex
100
AcDb3dPolylineVertex
 10
3133.3
 20
36.0
 30
2290.8
 70
32
  0
VERTEX
  5
216
330
17
100
AcDbEntity
  8
RBAR-T12-D
100
AcDbVertex
100
AcDb3dPolylineVertex
 10
3133.3
 20
36.0
 30
2869.6
 70
32
  0
VERTEX
  5
217
330
17
100
AcDbEntity
  8
RBAR-T12-D
100
AcDbVertex
100
AcDb3dPolylineVertex
 10
3133.8
 20
36.0
 30
2874.4
 70
32
  0
VERTEX
  5
218
330
17
100
AcDbEntity
  8
RBAR-T12-D
100
AcDbVertex
100
AcDb3dPolylineVertex
 10
3135.2
 20
36.0
 30
2879.0
 70
32
  0
VERTEX
  5
219
330
17
100
AcDbEntity
  8
RBAR-T12-D
100
AcDbVertex
100
AcDb3dPolylineVertex
 10
3137.4
 20
36.0
 30
2883.2
 70
32
  0
VERTEX
  5
21A
330
17
100
AcDbEntity
  8
RBAR-T12-D
100
AcDbVertex
100
AcDb3dPolylineVertex
 10
3140.5
 20
36.0
 30
2886.9
 70
32
  0
VERTEX
  5
21B
330
17
100
AcDbEntity
  8
RBAR-T12-D
100
AcDbVertex
100
AcDb3dPolylineVertex
 10
3144.2
 20
36.0
 30
2889.9
 70
32
  0
VERTEX
  5
21C
330
17
100
AcDbEntity
  8
RBAR-T12-D
100
AcDbVertex
100
AcDb3dPolylineVertex
 10
3148.4
 20
36.0
 30
2892.1
 70
32
  0
VERTEX
  5
21D
330
17
100
AcDbEntity
  8
RBAR-T12-D
100
AcDbVertex
100
AcDb3dPolylineVertex
 10
3152.9
 20
36.0
 30
2893.5
 70
32
  0
VERTEX
  5
21E
330
17
100
AcDbEntity
  8
RBAR-T12-D
100
AcDbVertex
100
AcDb3dPolylineVertex
 10
3157.7
 20
36.0
 30
2894.0
 70
32
  0
VERTEX
  5
21F
330
17
100
AcDbEntity
  8
RBAR-T12-D
100
AcDbVertex
100
AcDb3dPolylineVertex
 10
3223.7
 20
36.0
 30
2894.0
 70
32
  0
VERTEX
  5
220
330
17
100
AcDbEntity
  8
RBAR-T12-D
100
AcDbVertex
100
AcDb3dPolylineVertex
 10
3228.5
 20
36.0
 30
2893.5
 70
32
  0
VERTEX
  5
221
330
17
100
AcDbEntity
  8
RBAR-T12-D
100
AcDbVertex
100
AcDb3dPolylineVertex
 10
3233.0
 20
36.0
 30
2892.1
 70
32
  0
VERTEX
  5
222
330
17
100
AcDbEntity
  8
RBAR-T12-D
100
AcDbVertex
100
AcDb3dPolylineVertex
 10
3237.2
 20
36.0
 30
2889.9
 70
32
  0
VERTEX
  5
223
330
17
100
AcDbEntity
  8
RBAR-T12-D
100
AcDbVertex
100
AcDb3dPolylineVertex
 10
3240.9
 20
36.0
 30
2886.9
 70
32
  0
VERTEX
  5
224
330
17
100
AcDbEntity
  8
RBAR-T12-D
100
AcDbVertex
100
AcDb3dPolylineVertex
 10
3244.0
 20
36.0
 30
2883.2
 70
32
  0
VERTEX
  5
225
330
17
100
AcDbEntity
  8
RBAR-T12-D
100
AcDbVertex
100
AcDb3dPolylineVertex
 10
3246.2
 20
36.0
 30
2879.0
 70
32
  0
VERTEX
  5
226
330
17
100
AcDbEntity
  8
RBAR-T12-D
100
AcDbVertex
100
AcDb3dPolylineVertex
 10
3247.6
 20
36.0
 30
2874.4
 70
32
  0
VERTEX
  5
227
330
17
100
AcDbEntity
  8
RBAR-T12-D
100
AcDbVertex
100
AcDb3dPolylineVertex
 10
3248.1
 20
36.0
 30
2869.6
 70
32
  0
VERTEX
  5
228
330
17
100
AcDbEntity
  8
RBAR-T12-D
100
AcDbVertex
100
AcDb3dPolylineVertex
 10
3248.1
 20
36.0
 30
2290.8
 70
32
  0
SEQEND
  5
214
330
213
100
AcDbEntity
  8
RBAR-T12-D
  0
POLYLINE
  5
22A
330
17
100
AcDbEntity
  8
RBAR-T12-C2
100
AcDb3dPolyline
 66
1
 10
0.0
 20
0.0
 30
0.0
 70
8
  0
VERTEX
  5
22C
330
17
100
AcDbEntity
  8
RBAR-T12-C2
100
AcDbVertex
100
AcDb3dPolylineVertex
 10
53.2
 20
45.2
 30
91.6
 70
32
  0
VERTEX
  5
22D
330
17
100
AcDbEntity
  8
RBAR-T12-C2
100
AcDbVertex
100
AcDb3dPolylineVertex
 10
8853.2
 20
45.2
 30
91.6
 70
32
  0
SEQEND
  5
22B
330
22A
100
AcDbEntity
  8
RBAR-T12-C2
  0
POLYLINE
  5
22E
330
17
100
AcDbEntity
  8
RBAR-T12-C2
100
AcDb3dPolyline
 66
1
 10
0.0
 20
0.0
 30
0.0
 70
8
  0
VERTEX
  5
230
330
17
100
AcDbEntity
  8
RBAR-T12-C2
100
AcDbVertex
100
AcDb3dPolylineVertex
 10
53.2
 20
114.1
 30
274.7
 70
32
  0
VERTEX
  5
231
330
17
100
AcDbEntity
  8
RBAR-T12-C2
100
AcDbVertex
100
AcDb3dPolylineVertex
 10
8853.2
 20
114.1
 30
274.7
 70
32
  0
SEQEND
  5
22F
330
22E
100
AcDbEntity
  8
RBAR-T12-C2
  0
POLYLINE
  5
232
330
17
100
AcDbEntity
  8
RBAR-T12-C2
100
AcDb3dPolyline
 66
1
 10
0.0
 20
0.0
 30
0.0
 70
8
  0
VERTEX
  5
234
330
17
100
AcDbEntity
  8
RBAR-T12-C2
100
AcDbVertex
100
AcDb3dPolylineVertex
 10
89.5
 20
44.0
 30
457.8
 70
32
  0
VERTEX
  5
235
330
17
100
AcDbEntity
  8
RBAR-T12-C2
100
AcDbVertex
100
AcDb3dPolylineVertex
 10
8889.5
 20
44.0
 30
457.8
 70
32
  0
SEQEND
  5
233
330
232
100
AcDbEntity
  8
RBAR-T12-C2
  0
POLYLINE
  5
236
330
17
100
AcDbEntity
  8
RBAR-T12-C2
100
AcDb3dPolyline
 66
1
 10
0.0
 20
0.0
 30
0.0
 70
8
  0
VERTEX
  5
238
330
17
100
AcDbEntity
  8
RBAR-T12-C2
100
AcDbVertex
100
AcDb3dPolylineVertex
 10
89.5
 20
116.0
 30
640.9
 70
32
  0
VERTEX
  5
239
330
17
100
AcDbEntity
  8
RBAR-T12-C2
100
AcDbVertex
100
AcDb3dPolylineVertex
 10
8889.5
 20
116.0
 30
640.9
 70
32
  0
SEQEND
  5
237
330
236
100
AcDbEntity
  8
RBAR-T12-C2
  0
POLYLINE
  5
23A
330
17
100
AcDbEntity
  8
RBAR-T12-C2
100
AcDb3dPolyline
 66
1
 10
0.0
 20
0.0
 30
0.0
 70
8
  0
VERTEX
  5
23C
330
17
100
AcDbEntity
  8
RBAR-T12-C2
100
AcDbVertex
100
AcDb3dPolylineVertex
 10
1804.3
 20
44.0
 30
824.1
 70
32
  0
VERTEX
  5
23D
330
17
100
AcDbEntity
  8
RBAR-T12-C2
100
AcDbVertex
100
AcDb3dPolylineVertex
 10
10604.3
 20
44.0
 30
824.1
 70
32
  0
SEQEND
  5
23B
330
23A
100
AcDbEntity
  8
RBAR-T12-C2
  0
POLYLINE
  5
23E
330
17
100
AcDbEntity
  8
RBAR-T12-C2
100
AcDb3dPolyline
 66
1
 10
0.0
 20
0.0
 30
0.0
 70
8
  0
VERTEX
  5
240
330
17
100
AcDbEntity
  8
RBAR-T12-C2
100
AcDbVertex
100
AcDb3dPolylineVertex
 10
1804.3
 20
116.0
 30
1007.2
 70
32
  0
VERTEX
  5
241
330
17
100
AcDbEntity
  8
RBAR-T12-C2
100
AcDbVertex
100
AcDb3dPolylineVertex
 10
10604.3
 20
116.0
 30
1007.2
 70
32
  0
SEQEND
  5
23F
330
23E
100
AcDbEntity
  8
RBAR-T12-C2
  0
POLYLINE
  5
242
330
17
100
AcDbEntity
  8
RBAR-T12-C2
100
AcDb3dPolyline
 66
1
 10
0.0
 20
0.0
 30
0.0
 70
8
  0
VERTEX
  5
244
330
17
100
AcDbEntity
  8
RBAR-T12-C2
100
AcDbVertex
100
AcDb3dPolylineVertex
 10
1840.5
 20
45.2
 30
1190.3
 70
32
  0
VERTEX
  5
245
330
17
100
AcDbEntity
  8
RBAR-T12-C2
100
AcDbVertex
100
AcDb3dPolylineVertex
 10
10640.5
 20
45.2
 30
1190.3
 70
32
  0
SEQEND
  5
243
330
242
100
AcDbEntity
  8
RBAR-T12-C2
  0
POLYLINE
  5
246
330
17
100
AcDbEntity
  8
RBAR-T12-C2
100
AcDb3dPolyline
 66
1
 10
0.0
 20
0.0
 30
0.0
 70
8
  0
VERTEX
  5
248
330
17
100
AcDbEntity
  8
RBAR-T12-C2
100
AcDbVertex
100
AcDb3dPolylineVertex
 10
1840.5
 20
114.8
 30
1373.4
 70
32
  0
VERTEX
  5
249
330
17
100
AcDbEntity
  8
RBAR-T12-C2
100
AcDbVertex
100
AcDb3dPolylineVertex
 10
10640.5
 20
114.8
 30
1373.4
 70
32
  0
SEQEND
  5
247
330
246
100
AcDbEntity
  8
RBAR-T12-C2
  0
POLYLINE
  5
24A
330
17
100
AcDbEntity
  8
RBAR-T12-C2
100
AcDb3dPolyline
 66
1
 10
0.0
 20
0.0
 30
0.0
 70
8
  0
VERTEX
  5
24C
330
17
100
AcDbEntity
  8
RBAR-T12-C2
100
AcDbVertex
100
AcDb3dPolylineVertex
 10
1960.0
 20
44.1
 30
1556.6
 70
32
  0
VERTEX
  5
24D
330
17
100
AcDbEntity
  8
RBAR-T12-C2
100
AcDbVertex
100
AcDb3dPolylineVertex
 10
10760.0
 20
44.1
 30
1556.6
 70
32
  0
SEQEND
  5
24B
330
24A
100
AcDbEntity
  8
RBAR-T12-C2
  0
POLYLINE
  5
24E
330
17
100
AcDbEntity
  8
RBAR-T12-C2
100
AcDb3dPolyline
 66
1
 10
0.0
 20
0.0
 30
0.0
 70
8
  0
VERTEX
  5
250
330
17
100
AcDbEntity
  8
RBAR-T12-C2
100
AcDbVertex
100
AcDb3dPolylineVertex
 10
3240.0
 20
44.1
 30
1739.7
 70
32
  0
VERTEX
  5
251
330
17
100
AcDbEntity
  8
RBAR-T12-C2
100
AcDbVertex
100
AcDb3dPolylineVertex
 10
12040.0
 20
44.1
 30
1739.7
 70
32
  0
SEQEND
  5
24F
330
24E
100
AcDbEntity
  8
RBAR-T12-C2
  0
POLYLINE
  5
252
330
17
100
AcDbEntity
  8
RBAR-T12-C2
100
AcDb3dPolyline
 66
1
 10
0.0
 20
0.0
 30
0.0
 70
8
  0
VERTEX
  5
254
330
17
100
AcDbEntity
  8
RBAR-T12-C2
100
AcDbVertex
100
AcDb3dPolylineVertex
 10
3356.9
 20
46.9
 30
1922.8
 70
32
  0
VERTEX
  5
255
330
17
100
AcDbEntity
  8
RBAR-T12-C2
100
AcDbVertex
100
AcDb3dPolylineVertex
 10
12156.9
 20
46.9
 30
1922.8
 70
32
  0
SEQEND
  5
253
330
252
100
AcDbEntity
  8
RBAR-T12-C2
  0
POLYLINE
  5
256
330
17
100
AcDbEntity
  8
RBAR-T12-C2
100
AcDb3dPolyline
 66
1
 10
0.0
 20
0.0
 30
0.0
 70
8
  0
VERTEX
  5
258
330
17
100
AcDbEntity
  8
RBAR-T12-C2
100
AcDbVertex
100
AcDb3dPolylineVertex
 10
3356.9
 20
113.1
 30
2105.9
 70
32
  0
VERTEX
  5
259
330
17
100
AcDbEntity
  8
RBAR-T12-C2
100
AcDbVertex
100
AcDb3dPolylineVertex
 10
12156.9
 20
113.1
 30
2105.9
 70
32
  0
SEQEND
  5
257
330
256
100
AcDbEntity
  8
RBAR-T12-C2
  0
POLYLINE
  5
25A
330
17
100
AcDbEntity
  8
RBAR-T12-C2
100
AcDb3dPolyline
 66
1
 10
0.0
 20
0.0
 30
0.0
 70
8
  0
VERTEX
  5
25C
330
17
100
AcDbEntity
  8
RBAR-T12-C2
100
AcDbVertex
100
AcDb3dPolylineVertex
 10
3453.9
 20
43.2
 30
2289.1
 70
32
  0
VERTEX
  5
25D
330
17
100
AcDbEntity
  8
RBAR-T12-C2
100
AcDbVertex
100
AcDb3dPolylineVertex
 10
12253.9
 20
43.2
 30
2289.1
 70
32
  0
SEQEND
  5
25B
330
25A
100
AcDbEntity
  8
RBAR-T12-C2
  0
POLYLINE
  5
25E
330
17
100
AcDbEntity
  8
RBAR-T12-C2
100
AcDb3dPolyline
 66
1
 10
0.0
 20
0.0
 30
0.0
 70
8
  0
VERTEX
  5
260
330
17
100
AcDbEntity
  8
RBAR-T12-C2
100
AcDbVertex
100
AcDb3dPolylineVertex
 10
3453.9
 20
115.6
 30
2472.2
 70
32
  0
VERTEX
  5
261
330
17
100
AcDbEntity
  8
RBAR-T12-C2
100
AcDbVertex
100
AcDb3dPolylineVertex
 10
12253.9
 20
115.6
 30
2472.2
 70
32
  0
SEQEND
  5
25F
330
25E
100
AcDbEntity
  8
RBAR-T12-C2
  0
POLYLINE
  5
262
330
17
100
AcDbEntity
  8
RBAR-T12-C2
100
AcDb3dPolyline
 66
1
 10
0.0
 20
0.0
 30
0.0
 70
8
  0
VERTEX
  5
264
330
17
100
AcDbEntity
  8
RBAR-T12-C2
100
AcDbVertex
100
AcDb3dPolylineVertex
 10
3525.3
 20
44.4
 30
2655.3
 70
32
  0
VERTEX
  5
265
330
17
100
AcDbEntity
  8
RBAR-T12-C2
100
AcDbVertex
100
AcDb3dPolylineVertex
 10
12325.3
 20
44.4
 30
2655.3
 70
32
  0
SEQEND
  5
263
330
262
100
AcDbEntity
  8
RBAR-T12-C2
  0
POLYLINE
  5
266
330
17
100
AcDbEntity
  8
RBAR-T12-C2
100
AcDb3dPolyline
 66
1
 10
0.0
 20
0.0
 30
0.0
 70
8
  0
VERTEX
  5
268
330
17
100
AcDbEntity
  8
RBAR-T12-C2
100
AcDbVertex
100
AcDb3dPolylineVertex
 10
3525.3
 20
116.2
 30
2838.4
 70
32
  0
VERTEX
  5
269
330
17
100
AcDbEntity
  8
RBAR-T12-C2
100
AcDbVertex
100
AcDb3dPolylineVertex
 10
12325.3
 20
116.2
 30
2838.4
 70
32
  0
SEQEND
  5
267
330
266
100
AcDbEntity
  8
RBAR-T12-C2
  0
POLYLINE
  5
26B
330
17
100
AcDbEntity
  8
RBAR-T12-C1
100
AcDb3dPolyline
 66
1
 10
0.0
 20
0.0
 30
0.0
 70
8
  0
VERTEX
  5
26D
330
17
100
AcDbEntity
  8
RBAR-T12-C1
100
AcDbVertex
100
AcDb3dPolylineVertex
 10
3356.9
 20
36.0
 30
2269.8
 70
32
  0
VERTEX
  5
26E
330
17
100
AcDbEntity
  8
RBAR-T12-C1
100
AcDbVertex
100
AcDb3dPolylineVertex
 10
3356.9
 20
36.0
 30
2869.8
 70
32
  0
SEQEND
  5
26C
330
26B
100
AcDbEntity
  8
RBAR-T12-C1
  0
POLYLINE
  5
26F
330
17
100
AcDbEntity
  8
RBAR-T12-C1
100
AcDb3dPolyline
 66
1
 10
0.0
 20
0.0
 30
0.0
 70
8
  0
VERTEX
  5
271
330
17
100
AcDbEntity
  8
RBAR-T12-C1
100
AcDbVertex
100
AcDb3dPolylineVertex
 10
3584.2
 20
36.0
 30
46.0
 70
32
  0
VERTEX
  5
272
330
17
100
AcDbEntity
  8
RBAR-T12-C1
100
AcDbVertex
100
AcDb3dPolylineVertex
 10
3584.2
 20
36.0
 30
646.0
 70
32
  0
SEQEND
  5
270
330
26F
100
AcDbEntity
  8
RBAR-T12-C1
  0
POLYLINE
  5
274
330
17
100
AcDbEntity
  8
RBAR-T12-C
100
AcDb3dPolyline
 66
1
 10
0.0
 20
0.0
 30
0.0
 70
8
  0
VERTEX
  5
276
330
17
100
AcDbEntity
  8
RBAR-T12-C
100
AcDbVertex
100
AcDb3dPolylineVertex
 10
1960.0
 20
36.0
 30
2494.8
 70
32
  0
VERTEX
  5
277
330
17
100
AcDbEntity
  8
RBAR-T12-C
100
AcDbVertex
100
AcDb3dPolylineVertex
 10
1960.0
 20
36.0
 30
2919.8
 70
32
  0
SEQEND
  5
275
330
274
100
AcDbEntity
  8
RBAR-T12-C
  0
POLYLINE
  5
278
330
17
100
AcDbEntity
  8
RBAR-T12-C
100
AcDb3dPolyline
 66
1
 10
0.0
 20
0.0
 30
0.0
 70
8
  0
VERTEX
  5
27A
330
17
100
AcDbEntity
  8
RBAR-T12-C
100
AcDbVertex
100
AcDb3dPolylineVertex
 10
3356.9
 20
36.0
 30
30.0
 70
32
  0
VERTEX
  5
27B
330
17
100
AcDbEntity
  8
RBAR-T12-C
100
AcDbVertex
100
AcDb3dPolylineVertex
 10
3356.9
 20
36.0
 30
455.0
 70
32
  0
SEQEND
  5
279
330
278
100
AcDbEntity
  8
RBAR-T12-C
  0
POLYLINE
  5
27D
330
17
100
AcDbEntity
  8
RBAR-T8-B1
100
AcDb3dPolyline
 66
1
 10
0.0
 20
0.0
 30
0.0
 70
8
  0
VERTEX
  5
27F
330
17
100
AcDbEntity
  8
RBAR-T8-B1
100
AcDbVertex
100
AcDb3dPolylineVertex
 10
1428.9
 20
34.0
 30
1961.7
 70
32
  0
VERTEX
  5
280
330
17
100
AcDbEntity
  8
RBAR-T8-B1
100
AcDbVertex
100
AcDb3dPolylineVertex
 10
1428.9
 20
34.0
 30
2386.1
 70
32
  0
VERTEX
  5
281
330
17
100
AcDbEntity
  8
RBAR-T8-B1
100
AcDbVertex
100
AcDb3dPolylineVertex
 10
1428.9
 20
34.3
 30
2389.2
 70
32
  0
VERTEX
  5
282
330
17
100
AcDbEntity
  8
RBAR-T8-B1
100
AcDbVertex
100
AcDb3dPolylineVertex
 10
1428.9
 20
35.2
 30
2392.3
 70
32
  0
VERTEX
  5
283
330
17
100
AcDbEntity
  8
RBAR-T8-B1
100
AcDbVertex
100
AcDb3dPolylineVertex
 10
1428.9
 20
36.7
 30
2395.0
 70
32
  0
VERTEX
  5
284
330
17
100
AcDbEntity
  8
RBAR-T8-B1
100
AcDbVertex
100
AcDb3dPolylineVertex
 10
1428.9
 20
38.7
 30
2397.5
 70
32
  0
VERTEX
  5
285
330
17
100
AcDbEntity
  8
RBAR-T8-B1
100
AcDbVertex
100
AcDb3dPolylineVertex
 10
1428.9
 20
41.2
 30
2399.5
 70
32
  0
VERTEX
  5
286
330
17
100
AcDbEntity
  8
RBAR-T8-B1
100
AcDbVertex
100
AcDb3dPolylineVertex
 10
1428.9
 20
44.0
 30
2401.0
 70
32
  0
VERTEX
  5
287
330
17
100
AcDbEntity
  8
RBAR-T8-B1
100
AcDbVertex
100
AcDb3dPolylineVertex
 10
1428.9
 20
47.0
 30
2401.9
 70
32
  0
VERTEX
  5
288
330
17
100
AcDbEntity
  8
RBAR-T8-B1
100
AcDbVertex
100
AcDb3dPolylineVertex
 10
1428.9
 20
50.2
 30
2402.2
 70
32
  0
VERTEX
  5
289
330
17
100
AcDbEntity
  8
RBAR-T8-B1
100
AcDbVertex
100
AcDb3dPolylineVertex
 10
1428.9
 20
100.7
 30
2402.2
 70
32
  0
VERTEX
  5
28A
330
17
100
AcDbEntity
  8
RBAR-T8-B1
100
AcDbVertex
100
AcDb3dPolylineVertex
 10
1428.9
 20
103.8
 30
2401.9
 70
32
  0
VERTEX
  5
28B
330
17
100
AcDbEntity
  8
RBAR-T8-B1
100
AcDbVertex
100
AcDb3dPolylineVertex
 10
1428.9
 20
106.9
 30
2401.0
 70
32
  0
VERTEX
  5
28C
330
17
100
AcDbEntity
  8
RBAR-T8-B1
100
AcDbVertex
100
AcDb3dPolylineVertex
 10
1428.9
 20
109.7
 30
2399.5
 70
32
  0
VERTEX
  5
28D
330
17
100
AcDbEntity
  8
RBAR-T8-B1
100
AcDbVertex
100
AcDb3dPolylineVertex
 10
1428.9
 20
112.1
 30
2397.5
 70
32
  0
VERTEX
  5
28E
330
17
100
AcDbEntity
  8
RBAR-T8-B1
100
AcDbVertex
100
AcDb3dPolylineVertex
 10
1428.9
 20
114.1
 30
2395.0
 70
32
  0
VERTEX
  5
28F
330
17
100
AcDbEntity
  8
RBAR-T8-B1
100
AcDbVertex
100
AcDb3dPolylineVertex
 10
1428.9
 20
115.6
 30
2392.3
 70
32
  0
VERTEX
  5
290
330
17
100
AcDbEntity
  8
RBAR-T8-B1
100
AcDbVertex
100
AcDb3dPolylineVertex
 10
1428.9
 20
116.5
 30
2389.2
 70
32
  0
VERTEX
  5
291
330
17
100
AcDbEntity
  8
RBAR-T8-B1
100
AcDbVertex
100
AcDb3dPolylineVertex
 10
1428.9
 20
116.9
 30
2386.1
 70
32
  0
VERTEX
  5
292
330
17
100
AcDbEntity
  8
RBAR-T8-B1
100
AcDbVertex
100
AcDb3dPolylineVertex
 10
1428.9
 20
116.9
 30
1961.7
 70
32
  0
SEQEND
  5
27E
330
27D
100
AcDbEntity
  8
RBAR-T8-B1
  0
POLYLINE
  5
293
330
17
100
AcDbEntity
  8
RBAR-T8-B1
100
AcDb3dPolyline
 66
1
 10
0.0
 20
0.0
 30
0.0
 70
8
  0
VERTEX
  5
295
330
17
100
AcDbEntity
  8
RBAR-T8-B1
100
AcDbVertex
100
AcDb3dPolylineVertex
 10
626.7
 20
34.0
 30
34.0
 70
32
  0
VERTEX
  5
296
330
17
100
AcDbEntity
  8
RBAR-T8-B1
100
AcDbVertex
100
AcDb3dPolylineVertex
 10
626.7
 20
34.0
 30
458.4
 70
32
  0
VERTEX
  5
297
330
17
100
AcDbEntity
  8
RBAR-T8-B1
100
AcDbVertex
100
AcDb3dPolylineVertex
 10
626.7
 20
34.3
 30
461.5
 70
32
  0
VERTEX
  5
298
330
17
100
AcDbEntity
  8
RBAR-T8-B1
100
AcDbVertex
100
AcDb3dPolylineVertex
 10
626.7
 20
35.2
 30
464.6
 70
32
  0
VERTEX
  5
299
330
17
100
AcDbEntity
  8
RBAR-T8-B1
100
AcDbVertex
100
AcDb3dPolylineVertex
 10
626.7
 20
36.7
 30
467.4
 70
32
  0
VERTEX
  5
29A
330
17
100
AcDbEntity
  8
RBAR-T8-B1
100
AcDbVertex
100
AcDb3dPolylineVertex
 10
626.7
 20
38.7
 30
469.8
 70
32
  0
VERTEX
  5
29B
330
17
100
AcDbEntity
  8
RBAR-T8-B1
100
AcDbVertex
100
AcDb3dPolylineVertex
 10
626.7
 20
41.2
 30
471.8
 70
32
  0
VERTEX
  5
29C
330
17
100
AcDbEntity
  8
RBAR-T8-B1
100
AcDbVertex
100
AcDb3dPolylineVertex
 10
626.7
 20
44.0
 30
473.3
 70
32
  0
VERTEX
  5
29D
330
17
100
AcDbEntity
  8
RBAR-T8-B1
100
AcDbVertex
100
AcDb3dPolylineVertex
 10
626.7
 20
47.0
 30
474.2
 70
32
  0
VERTEX
  5
29E
330
17
100
AcDbEntity
  8
RBAR-T8-B1
100
AcDbVertex
100
AcDb3dPolylineVertex
 10
626.7
 20
50.2
 30
474.6
 70
32
  0
VERTEX
  5
29F
330
17
100
AcDbEntity
  8
RBAR-T8-B1
100
AcDbVertex
100
AcDb3dPolylineVertex
 10
626.7
 20
100.7
 30
474.6
 70
32
  0
VERTEX
  5
2A0
330
17
100
AcDbEntity
  8
RBAR-T8-B1
100
AcDbVertex
100
AcDb3dPolylineVertex
 10
626.7
 20
103.8
 30
474.2
 70
32
  0
VERTEX
  5
2A1
330
17
100
AcDbEntity
  8
RBAR-T8-B1
100
AcDbVertex
100
AcDb3dPolylineVertex
 10
626.7
 20
106.9
 30
473.3
 70
32
  0
VERTEX
  5
2A2
330
17
100
AcDbEntity
  8
RBAR-T8-B1
100
AcDbVertex
100
AcDb3dPolylineVertex
 10
626.7
 20
109.7
 30
471.8
 70
32
  0
VERTEX
  5
2A3
330
17
100
AcDbEntity
  8
RBAR-T8-B1
100
AcDbVertex
100
AcDb3dPolylineVertex
 10
626.7
 20
112.1
 30
469.8
 70
32
  0
VERTEX
  5
2A4
330
17
100
AcDbEntity
  8
RBAR-T8-B1
100
AcDbVertex
100
AcDb3dPolylineVertex
 10
626.7
 20
114.1
 30
467.4
 70
32
  0
VERTEX
  5
2A5
330
17
100
AcDbEntity
  8
RBAR-T8-B1
100
AcDbVertex
100
AcDb3dPolylineVertex
 10
626.7
 20
115.6
 30
464.6
 70
32
  0
VERTEX
  5
2A6
330
17
100
AcDbEntity
  8
RBAR-T8-B1
100
AcDbVertex
100
AcDb3dPolylineVertex
 10
626.7
 20
116.5
 30
461.5
 70
32
  0
VERTEX
  5
2A7
330
17
100
AcDbEntity
  8
RBAR-T8-B1
100
AcDbVertex
100
AcDb3dPolylineVertex
 10
626.7
 20
116.9
 30
458.4
 70
32
  0
VERTEX
  5
2A8
330
17
100
AcDbEntity
  8
RBAR-T8-B1
100
AcDbVertex
100
AcDb3dPolylineVertex
 10
626.7
 20
116.9
 30
34.0
 70
32
  0
SEQEND
  5
294
330
293
100
AcDbEntity
  8
RBAR-T8-B1
  0
POLYLINE
  5
2A9
330
17
100
AcDbEntity
  8
RBAR-T8-B1
100
AcDb3dPolyline
 66
1
 10
0.0
 20
0.0
 30
0.0
 70
8
  0
VERTEX
  5
2AB
330
17
100
AcDbEntity
  8
RBAR-T8-B1
100
AcDbVertex
100
AcDb3dPolylineVertex
 10
1044.4
 20
34.0
 30
34.0
 70
32
  0
VERTEX
  5
2AC
330
17
100
AcDbEntity
  8
RBAR-T8-B1
100
AcDbVertex
100
AcDb3dPolylineVertex
 10
1044.4
 20
34.0
 30
458.4
 70
32
  0
VERTEX
  5
2AD
330
17
100
AcDbEntity
  8
RBAR-T8-B1
100
AcDbVertex
100
AcDb3dPolylineVertex
 10
1044.4
 20
34.3
 30
461.5
 70
32
  0
VERTEX
  5
2AE
330
17
100
AcDbEntity
  8
RBAR-T8-B1
100
AcDbVertex
100
AcDb3dPolylineVertex
 10
1044.4
 20
35.2
 30
464.6
 70
32
  0
VERTEX
  5
2AF
330
17
100
AcDbEntity
  8
RBAR-T8-B1
100
AcDbVertex
100
AcDb3dPolylineVertex
 10
1044.4
 20
36.7
 30
467.4
 70
32
  0
VERTEX
  5
2B0
330
17
100
AcDbEntity
  8
RBAR-T8-B1
100
AcDbVertex
100
AcDb3dPolylineVertex
 10
1044.4
 20
38.7
 30
469.8
 70
32
  0
VERTEX
  5
2B1
330
17
100
AcDbEntity
  8
RBAR-T8-B1
100
AcDbVertex
100
AcDb3dPolylineVertex
 10
1044.4
 20
41.2
 30
471.8
 70
32
  0
VERTEX
  5
2B2
330
17
100
AcDbEntity
  8
RBAR-T8-B1
100
AcDbVertex
100
AcDb3dPolylineVertex
 10
1044.4
 20
44.0
 30
473.3
 70
32
  0
VERTEX
  5
2B3
330
17
100
AcDbEntity
  8
RBAR-T8-B1
100
AcDbVertex
100
AcDb3dPolylineVertex
 10
1044.4
 20
47.0
 30
474.2
 70
32
  0
VERTEX
  5
2B4
330
17
100
AcDbEntity
  8
RBAR-T8-B1
100
AcDbVertex
100
AcDb3dPolylineVertex
 10
1044.4
 20
50.2
 30
474.6
 70
32
  0
VERTEX
  5
2B5
330
17
100
AcDbEntity
  8
RBAR-T8-B1
100
AcDbVertex
100
AcDb3dPolylineVertex
 10
1044.4
 20
100.7
 30
474.6
 70
32
  0
VERTEX
  5
2B6
330
17
100
AcDbEntity
  8
RBAR-T8-B1
100
AcDbVertex
100
AcDb3dPolylineVertex
 10
1044.4
 20
103.8
 30
474.2
 70
32
  0
VERTEX
  5
2B7
330
17
100
AcDbEntity
  8
RBAR-T8-B1
100
AcDbVertex
100
AcDb3dPolylineVertex
 10
1044.4
 20
106.9
 30
473.3
 70
32
  0
VERTEX
  5
2B8
330
17
100
AcDbEntity
  8
RBAR-T8-B1
100
AcDbVertex
100
AcDb3dPolylineVertex
 10
1044.4
 20
109.7
 30
471.8
 70
32
  0
VERTEX
  5
2B9
330
17
100
AcDbEntity
  8
RBAR-T8-B1
100
AcDbVertex
100
AcDb3dPolylineVertex
 10
1044.4
 20
112.1
 30
469.8
 70
32
  0
VERTEX
  5
2BA
330
17
100
AcDbEntity
  8
RBAR-T8-B1
100
AcDbVertex
100
AcDb3dPolylineVertex
 10
1044.4
 20
114.1
 30
467.4
 70
32
  0
VERTEX
  5
2BB
330
17
100
AcDbEntity
  8
RBAR-T8-B1
100
AcDbVertex
100
AcDb3dPolylineVertex
 10
1044.4
 20
115.6
 30
464.6
 70
32
  0
VERTEX
  5
2BC
330
17
100
AcDbEntity
  8
RBAR-T8-B1
100
AcDbVertex
100
AcDb3dPolylineVertex
 10
1044.4
 20
116.5
 30
461.5
 70
32
  0
VERTEX
  5
2BD
330
17
100
AcDbEntity
  8
RBAR-T8-B1
100
AcDbVertex
100
AcDb3dPolylineVertex
 10
1044.4
 20
116.9
 30
458.4
 70
32
  0
VERTEX
  5
2BE
330
17
100
AcDbEntity
  8
RBAR-T8-B1
100
AcDbVertex
100
AcDb3dPolylineVertex
 10
1044.4
 20
116.9
 30
34.0
 70
32
  0
SEQEND
  5
2AA
330
2A9
100
AcDbEntity
  8
RBAR-T8-B1
  0
POLYLINE
  5
2BF
330
17
100
AcDbEntity
  8
RBAR-T8-B1
100
AcDb3dPolyline
 66
1
 10
0.0
 20
0.0
 30
0.0
 70
8
  0
VERTEX
  5
2C1
330
17
100
AcDbEntity
  8
RBAR-T8-B1
100
AcDbVertex
100
AcDb3dPolylineVertex
 10
1462.2
 20
34.0
 30
34.0
 70
32
  0
VERTEX
  5
2C2
330
17
100
AcDbEntity
  8
RBAR-T8-B1
100
AcDbVertex
100
AcDb3dPolylineVertex
 10
1462.2
 20
34.0
 30
458.4
 70
32
  0
VERTEX
  5
2C3
330
17
100
AcDbEntity
  8
RBAR-T8-B1
100
AcDbVertex
100
AcDb3dPolylineVertex
 10
1462.2
 20
34.3
 30
461.5
 70
32
  0
VERTEX
  5
2C4
330
17
100
AcDbEntity
  8
RBAR-T8-B1
100
AcDbVertex
100
AcDb3dPolylineVertex
 10
1462.2
 20
35.2
 30
464.6
 70
32
  0
VERTEX
  5
2C5
330
17
100
AcDbEntity
  8
RBAR-T8-B1
100
AcDbVertex
100
AcDb3dPolylineVertex
 10
1462.2
 20
36.7
 30
467.4
 70
32
  0
VERTEX
  5
2C6
330
17
100
AcDbEntity
  8
RBAR-T8-B1
100
AcDbVertex
100
AcDb3dPolylineVertex
 10
1462.2
 20
38.7
 30
469.8
 70
32
  0
VERTEX
  5
2C7
330
17
100
AcDbEntity
  8
RBAR-T8-B1
100
AcDbVertex
100
AcDb3dPolylineVertex
 10
1462.2
 20
41.2
 30
471.8
 70
32
  0
VERTEX
  5
2C8
330
17
100
AcDbEntity
  8
RBAR-T8-B1
100
AcDbVertex
100
AcDb3dPolylineVertex
 10
1462.2
 20
44.0
 30
473.3
 70
32
  0
VERTEX
  5
2C9
330
17
100
AcDbEntity
  8
RBAR-T8-B1
100
AcDbVertex
100
AcDb3dPolylineVertex
 10
1462.2
 20
47.0
 30
474.2
 70
32
  0
VERTEX
  5
2CA
330
17
100
AcDbEntity
  8
RBAR-T8-B1
100
AcDbVertex
100
AcDb3dPolylineVertex
 10
1462.2
 20
50.2
 30
474.6
 70
32
  0
VERTEX
  5
2CB
330
17
100
AcDbEntity
  8
RBAR-T8-B1
100
AcDbVertex
100
AcDb3dPolylineVertex
 10
1462.2
 20
100.7
 30
474.6
 70
32
  0
VERTEX
  5
2CC
330
17
100
AcDbEntity
  8
RBAR-T8-B1
100
AcDbVertex
100
AcDb3dPolylineVertex
 10
1462.2
 20
103.8
 30
474.2
 70
32
  0
VERTEX
  5
2CD
330
17
100
AcDbEntity
  8
RBAR-T8-B1
100
AcDbVertex
100
AcDb3dPolylineVertex
 10
1462.2
 20
106.9
 30
473.3
 70
32
  0
VERTEX
  5
2CE
330
17
100
AcDbEntity
  8
RBAR-T8-B1
100
AcDbVertex
100
AcDb3dPolylineVertex
 10
1462.2
 20
109.7
 30
471.8
 70
32
  0
VERTEX
  5
2CF
330
17
100
AcDbEntity
  8
RBAR-T8-B1
100
AcDbVertex
100
AcDb3dPolylineVertex
 10
1462.2
 20
112.1
 30
469.8
 70
32
  0
VERTEX
  5
2D0
330
17
100
AcDbEntity
  8
RBAR-T8-B1
100
AcDbVertex
100
AcDb3dPolylineVertex
 10
1462.2
 20
114.1
 30
467.4
 70
32
  0
VERTEX
  5
2D1
330
17
100
AcDbEntity
  8
RBAR-T8-B1
100
AcDbVertex
100
AcDb3dPolylineVertex
 10
1462.2
 20
115.6
 30
464.6
 70
32
  0
VERTEX
  5
2D2
330
17
100
AcDbEntity
  8
RBAR-T8-B1
100
AcDbVertex
100
AcDb3dPolylineVertex
 10
1462.2
 20
116.5
 30
461.5
 70
32
  0
VERTEX
  5
2D3
330
17
100
AcDbEntity
  8
RBAR-T8-B1
100
AcDbVertex
100
AcDb3dPolylineVertex
 10
1462.2
 20
116.9
 30
458.4
 70
32
  0
VERTEX
  5
2D4
330
17
100
AcDbEntity
  8
RBAR-T8-B1
100
AcDbVertex
100
AcDb3dPolylineVertex
 10
1462.2
 20
116.9
 30
34.0
 70
32
  0
SEQEND
  5
2C0
330
2BF
100
AcDbEntity
  8
RBAR-T8-B1
  0
POLYLINE
  5
2D5
330
17
100
AcDbEntity
  8
RBAR-T8-B1
100
AcDb3dPolyline
 66
1
 10
0.0
 20
0.0
 30
0.0
 70
8
  0
VERTEX
  5
2D7
330
17
100
AcDbEntity
  8
RBAR-T8-B1
100
AcDbVertex
100
AcDb3dPolylineVertex
 10
1880.0
 20
34.0
 30
34.0
 70
32
  0
VERTEX
  5
2D8
330
17
100
AcDbEntity
  8
RBAR-T8-B1
100
AcDbVertex
100
AcDb3dPolylineVertex
 10
1880.0
 20
34.0
 30
458.4
 70
32
  0
VERTEX
  5
2D9
330
17
100
AcDbEntity
  8
RBAR-T8-B1
100
AcDbVertex
100
AcDb3dPolylineVertex
 10
1880.0
 20
34.3
 30
461.5
 70
32
  0
VERTEX
  5
2DA
330
17
100
AcDbEntity
  8
RBAR-T8-B1
100
AcDbVertex
100
AcDb3dPolylineVertex
 10
1880.0
 20
35.2
 30
464.6
 70
32
  0
VERTEX
  5
2DB
330
17
100
AcDbEntity
  8
RBAR-T8-B1
100
AcDbVertex
100
AcDb3dPolylineVertex
 10
1880.0
 20
36.7
 30
467.4
 70
32
  0
VERTEX
  5
2DC
330
17
100
AcDbEntity
  8
RBAR-T8-B1
100
AcDbVertex
100
AcDb3dPolylineVertex
 10
1880.0
 20
38.7
 30
469.8
 70
32
  0
VERTEX
  5
2DD
330
17
100
AcDbEntity
  8
RBAR-T8-B1
100
AcDbVertex
100
AcDb3dPolylineVertex
 10
1880.0
 20
41.2
 30
471.8
 70
32
  0
VERTEX
  5
2DE
330
17
100
AcDbEntity
  8
RBAR-T8-B1
100
AcDbVertex
100
AcDb3dPolylineVertex
 10
1880.0
 20
44.0
 30
473.3
 70
32
  0
VERTEX
  5
2DF
330
17
100
AcDbEntity
  8
RBAR-T8-B1
100
AcDbVertex
100
AcDb3dPolylineVertex
 10
1880.0
 20
47.0
 30
474.2
 70
32
  0
VERTEX
  5
2E0
330
17
100
AcDbEntity
  8
RBAR-T8-B1
100
AcDbVertex
100
AcDb3dPolylineVertex
 10
1880.0
 20
50.2
 30
474.6
 70
32
  0
VERTEX
  5
2E1
330
17
100
AcDbEntity
  8
RBAR-T8-B1
100
AcDbVertex
100
AcDb3dPolylineVertex
 10
1880.0
 20
100.7
 30
474.6
 70
32
  0
VERTEX
  5
2E2
330
17
100
AcDbEntity
  8
RBAR-T8-B1
100
AcDbVertex
100
AcDb3dPolylineVertex
 10
1880.0
 20
103.8
 30
474.2
 70
32
  0
VERTEX
  5
2E3
330
17
100
AcDbEntity
  8
RBAR-T8-B1
100
AcDbVertex
100
AcDb3dPolylineVertex
 10
1880.0
 20
106.9
 30
473.3
 70
32
  0
VERTEX
  5
2E4
330
17
100
AcDbEntity
  8
RBAR-T8-B1
100
AcDbVertex
100
AcDb3dPolylineVertex
 10
1880.0
 20
109.7
 30
471.8
 70
32
  0
VERTEX
  5
2E5
330
17
100
AcDbEntity
  8
RBAR-T8-B1
100
AcDbVertex
100
AcDb3dPolylineVertex
 10
1880.0
 20
112.1
 30
469.8
 70
32
  0
VERTEX
  5
2E6
330
17
100
AcDbEntity
  8
RBAR-T8-B1
100
AcDbVertex
100
AcDb3dPolylineVertex
 10
1880.0
 20
114.1
 30
467.4
 70
32
  0
VERTEX
  5
2E7
330
17
100
AcDbEntity
  8
RBAR-T8-B1
100
AcDbVertex
100
AcDb3dPolylineVertex
 10
1880.0
 20
115.6
 30
464.6
 70
32
  0
VERTEX
  5
2E8
330
17
100
AcDbEntity
  8
RBAR-T8-B1
100
AcDbVertex
100
AcDb3dPolylineVertex
 10
1880.0
 20
116.5
 30
461.5
 70
32
  0
VERTEX
  5
2E9
330
17
100
AcDbEntity
  8
RBAR-T8-B1
100
AcDbVertex
100
AcDb3dPolylineVertex
 10
1880.0
 20
116.9
 30
458.4
 70
32
  0
VERTEX
  5
2EA
330
17
100
AcDbEntity
  8
RBAR-T8-B1
100
AcDbVertex
100
AcDb3dPolylineVertex
 10
1880.0
 20
116.9
 30
34.0
 70
32
  0
SEQEND
  5
2D6
330
2D5
100
AcDbEntity
  8
RBAR-T8-B1
  0
POLYLINE
  5
2EB
330
17
100
AcDbEntity
  8
RBAR-T8-B1
100
AcDb3dPolyline
 66
1
 10
0.0
 20
0.0
 30
0.0
 70
8
  0
VERTEX
  5
2ED
330
17
100
AcDbEntity
  8
RBAR-T8-B1
100
AcDbVertex
100
AcDb3dPolylineVertex
 10
2297.8
 20
34.0
 30
34.0
 70
32
  0
VERTEX
  5
2EE
330
17
100
AcDbEntity
  8
RBAR-T8-B1
100
AcDbVertex
100
AcDb3dPolylineVertex
 10
2297.8
 20
34.0
 30
458.4
 70
32
  0
VERTEX
  5
2EF
330
17
100
AcDbEntity
  8
RBAR-T8-B1
100
AcDbVertex
100
AcDb3dPolylineVertex
 10
2297.8
 20
34.3
 30
461.5
 70
32
  0
VERTEX
  5
2F0
330
17
100
AcDbEntity
  8
RBAR-T8-B1
100
AcDbVertex
100
AcDb3dPolylineVertex
 10
2297.8
 20
35.2
 30
464.6
 70
32
  0
VERTEX
  5
2F1
330
17
100
AcDbEntity
  8
RBAR-T8-B1
100
AcDbVertex
100
AcDb3dPolylineVertex
 10
2297.8
 20
36.7
 30
467.4
 70
32
  0
VERTEX
  5
2F2
330
17
100
AcDbEntity
  8
RBAR-T8-B1
100
AcDbVertex
100
AcDb3dPolylineVertex
 10
2297.8
 20
38.7
 30
469.8
 70
32
  0
VERTEX
  5
2F3
330
17
100
AcDbEntity
  8
RBAR-T8-B1
100
AcDbVertex
100
AcDb3dPolylineVertex
 10
2297.8
 20
41.2
 30
471.8
 70
32
  0
VERTEX
  5
2F4
330
17
100
AcDbEntity
  8
RBAR-T8-B1
100
AcDbVertex
100
AcDb3dPolylineVertex
 10
2297.8
 20
44.0
 30
473.3
 70
32
  0
VERTEX
  5
2F5
330
17
100
AcDbEntity
  8
RBAR-T8-B1
100
AcDbVertex
100
AcDb3dPolylineVertex
 10
2297.8
 20
47.0
 30
474.2
 70
32
  0
VERTEX
  5
2F6
330
17
100
AcDbEntity
  8
RBAR-T8-B1
100
AcDbVertex
100
AcDb3dPolylineVertex
 10
2297.8
 20
50.2
 30
474.6
 70
32
  0
VERTEX
  5
2F7
330
17
100
AcDbEntity
  8
RBAR-T8-B1
100
AcDbVertex
100
AcDb3dPolylineVertex
 10
2297.8
 20
100.7
 30
474.6
 70
32
  0
VERTEX
  5
2F8
330
17
100
AcDbEntity
  8
RBAR-T8-B1
100
AcDbVertex
100
AcDb3dPolylineVertex
 10
2297.8
 20
103.8
 30
474.2
 70
32
  0
VERTEX
  5
2F9
330
17
100
AcDbEntity
  8
RBAR-T8-B1
100
AcDbVertex
100
AcDb3dPolylineVertex
 10
2297.8
 20
106.9
 30
473.3
 70
32
  0
VERTEX
  5
2FA
330
17
100
AcDbEntity
  8
RBAR-T8-B1
100
AcDbVertex
100
AcDb3dPolylineVertex
 10
2297.8
 20
109.7
 30
471.8
 70
32
  0
VERTEX
  5
2FB
330
17
100
AcDbEntity
  8
RBAR-T8-B1
100
AcDbVertex
100
AcDb3dPolylineVertex
 10
2297.8
 20
112.1
 30
469.8
 70
32
  0
VERTEX
  5
2FC
330
17
100
AcDbEntity
  8
RBAR-T8-B1
100
AcDbVertex
100
AcDb3dPolylineVertex
 10
2297.8
 20
114.1
 30
467.4
 70
32
  0
VERTEX
  5
2FD
330
17
100
AcDbEntity
  8
RBAR-T8-B1
100
AcDbVertex
100
AcDb3dPolylineVertex
 10
2297.8
 20
115.6
 30
464.6
 70
32
  0
VERTEX
  5
2FE
330
17
100
AcDbEntity
  8
RBAR-T8-B1
100
AcDbVertex
100
AcDb3dPolylineVertex
 10
2297.8
 20
116.5
 30
461.5
 70
32
  0
VERTEX
  5
2FF
330
17
100
AcDbEntity
  8
RBAR-T8-B1
100
AcDbVertex
100
AcDb3dPolylineVertex
 10
2297.8
 20
116.9
 30
458.4
 70
32
  0
VERTEX
  5
300
330
17
100
AcDbEntity
  8
RBAR-T8-B1
100
AcDbVertex
100
AcDb3dPolylineVertex
 10
2297.8
 20
116.9
 30
34.0
 70
32
  0
SEQEND
  5
2EC
330
2EB
100
AcDbEntity
  8
RBAR-T8-B1
  0
POLYLINE
  5
301
330
17
100
AcDbEntity
  8
RBAR-T8-B1
100
AcDb3dPolyline
 66
1
 10
0.0
 20
0.0
 30
0.0
 70
8
  0
VERTEX
  5
303
330
17
100
AcDbEntity
  8
RBAR-T8-B1
100
AcDbVertex
100
AcDb3dPolylineVertex
 10
2715.6
 20
34.0
 30
34.0
 70
32
  0
VERTEX
  5
304
330
17
100
AcDbEntity
  8
RBAR-T8-B1
100
AcDbVertex
100
AcDb3dPolylineVertex
 10
2715.6
 20
34.0
 30
458.4
 70
32
  0
VERTEX
  5
305
330
17
100
AcDbEntity
  8
RBAR-T8-B1
100
AcDbVertex
100
AcDb3dPolylineVertex
 10
2715.6
 20
34.3
 30
461.5
 70
32
  0
VERTEX
  5
306
330
17
100
AcDbEntity
  8
RBAR-T8-B1
100
AcDbVertex
100
AcDb3dPolylineVertex
 10
2715.6
 20
35.2
 30
464.6
 70
32
  0
VERTEX
  5
307
330
17
100
AcDbEntity
  8
RBAR-T8-B1
100
AcDbVertex
100
AcDb3dPolylineVertex
 10
2715.6
 20
36.7
 30
467.4
 70
32
  0
VERTEX
  5
308
330
17
100
AcDbEntity
  8
RBAR-T8-B1
100
AcDbVertex
100
AcDb3dPolylineVertex
 10
2715.6
 20
38.7
 30
469.8
 70
32
  0
VERTEX
  5
309
330
17
100
AcDbEntity
  8
RBAR-T8-B1
100
AcDbVertex
100
AcDb3dPolylineVertex
 10
2715.6
 20
41.2
 30
471.8
 70
32
  0
VERTEX
  5
30A
330
17
100
AcDbEntity
  8
RBAR-T8-B1
100
AcDbVertex
100
AcDb3dPolylineVertex
 10
2715.6
 20
44.0
 30
473.3
 70
32
  0
VERTEX
  5
30B
330
17
100
AcDbEntity
  8
RBAR-T8-B1
100
AcDbVertex
100
AcDb3dPolylineVertex
 10
2715.6
 20
47.0
 30
474.2
 70
32
  0
VERTEX
  5
30C
330
17
100
AcDbEntity
  8
RBAR-T8-B1
100
AcDbVertex
100
AcDb3dPolylineVertex
 10
2715.6
 20
50.2
 30
474.6
 70
32
  0
VERTEX
  5
30D
330
17
100
AcDbEntity
  8
RBAR-T8-B1
100
AcDbVertex
100
AcDb3dPolylineVertex
 10
2715.6
 20
100.7
 30
474.6
 70
32
  0
VERTEX
  5
30E
330
17
100
AcDbEntity
  8
RBAR-T8-B1
100
AcDbVertex
100
AcDb3dPolylineVertex
 10
2715.6
 20
103.8
 30
474.2
 70
32
  0
VERTEX
  5
30F
330
17
100
AcDbEntity
  8
RBAR-T8-B1
100
AcDbVertex
100
AcDb3dPolylineVertex
 10
2715.6
 20
106.9
 30
473.3
 70
32
  0
VERTEX
  5
310
330
17
100
AcDbEntity
  8
RBAR-T8-B1
100
AcDbVertex
100
AcDb3dPolylineVertex
 10
2715.6
 20
109.7
 30
471.8
 70
32
  0
VERTEX
  5
311
330
17
100
AcDbEntity
  8
RBAR-T8-B1
100
AcDbVertex
100
AcDb3dPolylineVertex
 10
2715.6
 20
112.1
 30
469.8
 70
32
  0
VERTEX
  5
312
330
17
100
AcDbEntity
  8
RBAR-T8-B1
100
AcDbVertex
100
AcDb3dPolylineVertex
 10
2715.6
 20
114.1
 30
467.4
 70
32
  0
VERTEX
  5
313
330
17
100
AcDbEntity
  8
RBAR-T8-B1
100
AcDbVertex
100
AcDb3dPolylineVertex
 10
2715.6
 20
115.6
 30
464.6
 70
32
  0
VERTEX
  5
314
330
17
100
AcDbEntity
  8
RBAR-T8-B1
100
AcDbVertex
100
AcDb3dPolylineVertex
 10
2715.6
 20
116.5
 30
461.5
 70
32
  0
VERTEX
  5
315
330
17
100
AcDbEntity
  8
RBAR-T8-B1
100
AcDbVertex
100
AcDb3dPolylineVertex
 10
2715.6
 20
116.9
 30
458.4
 70
32
  0
VERTEX
  5
316
330
17
100
AcDbEntity
  8
RBAR-T8-B1
100
AcDbVertex
100
AcDb3dPolylineVertex
 10
2715.6
 20
116.9
 30
34.0
 70
32
  0
SEQEND
  5
302
330
301
100
AcDbEntity
  8
RBAR-T8-B1
  0
POLYLINE
  5
317
330
17
100
AcDbEntity
  8
RBAR-T8-B1
100
AcDb3dPolyline
 66
1
 10
0.0
 20
0.0
 30
0.0
 70
8
  0
VERTEX
  5
319
330
17
100
AcDbEntity
  8
RBAR-T8-B1
100
AcDbVertex
100
AcDb3dPolylineVertex
 10
3133.3
 20
34.0
 30
34.0
 70
32
  0
VERTEX
  5
31A
330
17
100
AcDbEntity
  8
RBAR-T8-B1
100
AcDbVertex
100
AcDb3dPolylineVertex
 10
3133.3
 20
34.0
 30
458.4
 70
32
  0
VERTEX
  5
31B
330
17
100
AcDbEntity
  8
RBAR-T8-B1
100
AcDbVertex
100
AcDb3dPolylineVertex
 10
3133.3
 20
34.3
 30
461.5
 70
32
  0
VERTEX
  5
31C
330
17
100
AcDbEntity
  8
RBAR-T8-B1
100
AcDbVertex
100
AcDb3dPolylineVertex
 10
3133.3
 20
35.2
 30
464.6
 70
32
  0
VERTEX
  5
31D
330
17
100
AcDbEntity
  8
RBAR-T8-B1
100
AcDbVertex
100
AcDb3dPolylineVertex
 10
3133.3
 20
36.7
 30
467.4
 70
32
  0
VERTEX
  5
31E
330
17
100
AcDbEntity
  8
RBAR-T8-B1
100
AcDbVertex
100
AcDb3dPolylineVertex
 10
3133.3
 20
38.7
 30
469.8
 70
32
  0
VERTEX
  5
31F
330
17
100
AcDbEntity
  8
RBAR-T8-B1
100
AcDbVertex
100
AcDb3dPolylineVertex
 10
3133.3
 20
41.2
 30
471.8
 70
32
  0
VERTEX
  5
320
330
17
100
AcDbEntity
  8
RBAR-T8-B1
100
AcDbVertex
100
AcDb3dPolylineVertex
 10
3133.3
 20
44.0
 30
473.3
 70
32
  0
VERTEX
  5
321
330
17
100
AcDbEntity
  8
RBAR-T8-B1
100
AcDbVertex
100
AcDb3dPolylineVertex
 10
3133.3
 20
47.0
 30
474.2
 70
32
  0
VERTEX
  5
322
330
17
100
AcDbEntity
  8
RBAR-T8-B1
100
AcDbVertex
100
AcDb3dPolylineVertex
 10
3133.3
 20
50.2
 30
474.6
 70
32
  0
VERTEX
  5
323
330
17
100
AcDbEntity
  8
RBAR-T8-B1
100
AcDbVertex
100
AcDb3dPolylineVertex
 10
3133.3
 20
100.7
 30
474.6
 70
32
  0
VERTEX
  5
324
330
17
100
AcDbEntity
  8
RBAR-T8-B1
100
AcDbVertex
100
AcDb3dPolylineVertex
 10
3133.3
 20
103.8
 30
474.2
 70
32
  0
VERTEX
  5
325
330
17
100
AcDbEntity
  8
RBAR-T8-B1
100
AcDbVertex
100
AcDb3dPolylineVertex
 10
3133.3
 20
106.9
 30
473.3
 70
32
  0
VERTEX
  5
326
330
17
100
AcDbEntity
  8
RBAR-T8-B1
100
AcDbVertex
100
AcDb3dPolylineVertex
 10
3133.3
 20
109.7
 30
471.8
 70
32
  0
VERTEX
  5
327
330
17
100
AcDbEntity
  8
RBAR-T8-B1
100
AcDbVertex
100
AcDb3dPolylineVertex
 10
3133.3
 20
112.1
 30
469.8
 70
32
  0
VERTEX
  5
328
330
17
100
AcDbEntity
  8
RBAR-T8-B1
100
AcDbVertex
100
AcDb3dPolylineVertex
 10
3133.3
 20
114.1
 30
467.4
 70
32
  0
VERTEX
  5
329
330
17
100
AcDbEntity
  8
RBAR-T8-B1
100
AcDbVertex
100
AcDb3dPolylineVertex
 10
3133.3
 20
115.6
 30
464.6
 70
32
  0
VERTEX
  5
32A
330
17
100
AcDbEntity
  8
RBAR-T8-B1
100
AcDbVertex
100
AcDb3dPolylineVertex
 10
3133.3
 20
116.5
 30
461.5
 70
32
  0
VERTEX
  5
32B
330
17
100
AcDbEntity
  8
RBAR-T8-B1
100
AcDbVertex
100
AcDb3dPolylineVertex
 10
3133.3
 20
116.9
 30
458.4
 70
32
  0
VERTEX
  5
32C
330
17
100
AcDbEntity
  8
RBAR-T8-B1
100
AcDbVertex
100
AcDb3dPolylineVertex
 10
3133.3
 20
116.9
 30
34.0
 70
32
  0
SEQEND
  5
318
330
317
100
AcDbEntity
  8
RBAR-T8-B1
  0
POLYLINE
  5
32D
330
17
100
AcDbEntity
  8
RBAR-T8-B1
100
AcDb3dPolyline
 66
1
 10
0.0
 20
0.0
 30
0.0
 70
8
  0
VERTEX
  5
32F
330
17
100
AcDbEntity
  8
RBAR-T8-B1
100
AcDbVertex
100
AcDb3dPolylineVertex
 10
3551.1
 20
34.0
 30
34.0
 70
32
  0
VERTEX
  5
330
330
17
100
AcDbEntity
  8
RBAR-T8-B1
100
AcDbVertex
100
AcDb3dPolylineVertex
 10
3551.1
 20
34.0
 30
458.4
 70
32
  0
VERTEX
  5
331
330
17
100
AcDbEntity
  8
RBAR-T8-B1
100
AcDbVertex
100
AcDb3dPolylineVertex
 10
3551.1
 20
34.3
 30
461.5
 70
32
  0
VERTEX
  5
332
330
17
100
AcDbEntity
  8
RBAR-T8-B1
100
AcDbVertex
100
AcDb3dPolylineVertex
 10
3551.1
 20
35.2
 30
464.6
 70
32
  0
VERTEX
  5
333
330
17
100
AcDbEntity
  8
RBAR-T8-B1
100
AcDbVertex
100
AcDb3dPolylineVertex
 10
3551.1
 20
36.7
 30
467.4
 70
32
  0
VERTEX
  5
334
330
17
100
AcDbEntity
  8
RBAR-T8-B1
100
AcDbVertex
100
AcDb3dPolylineVertex
 10
3551.1
 20
38.7
 30
469.8
 70
32
  0
VERTEX
  5
335
330
17
100
AcDbEntity
  8
RBAR-T8-B1
100
AcDbVertex
100
AcDb3dPolylineVertex
 10
3551.1
 20
41.2
 30
471.8
 70
32
  0
VERTEX
  5
336
330
17
100
AcDbEntity
  8
RBAR-T8-B1
100
AcDbVertex
100
AcDb3dPolylineVertex
 10
3551.1
 20
44.0
 30
473.3
 70
32
  0
VERTEX
  5
337
330
17
100
AcDbEntity
  8
RBAR-T8-B1
100
AcDbVertex
100
AcDb3dPolylineVertex
 10
3551.1
 20
47.0
 30
474.2
 70
32
  0
VERTEX
  5
338
330
17
100
AcDbEntity
  8
RBAR-T8-B1
100
AcDbVertex
100
AcDb3dPolylineVertex
 10
3551.1
 20
50.2
 30
474.6
 70
32
  0
VERTEX
  5
339
330
17
100
AcDbEntity
  8
RBAR-T8-B1
100
AcDbVertex
100
AcDb3dPolylineVertex
 10
3551.1
 20
100.7
 30
474.6
 70
32
  0
VERTEX
  5
33A
330
17
100
AcDbEntity
  8
RBAR-T8-B1
100
AcDbVertex
100
AcDb3dPolylineVertex
 10
3551.1
 20
103.8
 30
474.2
 70
32
  0
VERTEX
  5
33B
330
17
100
AcDbEntity
  8
RBAR-T8-B1
100
AcDbVertex
100
AcDb3dPolylineVertex
 10
3551.1
 20
106.9
 30
473.3
 70
32
  0
VERTEX
  5
33C
330
17
100
AcDbEntity
  8
RBAR-T8-B1
100
AcDbVertex
100
AcDb3dPolylineVertex
 10
3551.1
 20
109.7
 30
471.8
 70
32
  0
VERTEX
  5
33D
330
17
100
AcDbEntity
  8
RBAR-T8-B1
100
AcDbVertex
100
AcDb3dPolylineVertex
 10
3551.1
 20
112.1
 30
469.8
 70
32
  0
VERTEX
  5
33E
330
17
100
AcDbEntity
  8
RBAR-T8-B1
100
AcDbVertex
100
AcDb3dPolylineVertex
 10
3551.1
 20
114.1
 30
467.4
 70
32
  0
VERTEX
  5
33F
330
17
100
AcDbEntity
  8
RBAR-T8-B1
100
AcDbVertex
100
AcDb3dPolylineVertex
 10
3551.1
 20
115.6
 30
464.6
 70
32
  0
VERTEX
  5
340
330
17
100
AcDbEntity
  8
RBAR-T8-B1
100
AcDbVertex
100
AcDb3dPolylineVertex
 10
3551.1
 20
116.5
 30
461.5
 70
32
  0
VERTEX
  5
341
330
17
100
AcDbEntity
  8
RBAR-T8-B1
100
AcDbVertex
100
AcDb3dPolylineVertex
 10
3551.1
 20
116.9
 30
458.4
 70
32
  0
VERTEX
  5
342
330
17
100
AcDbEntity
  8
RBAR-T8-B1
100
AcDbVertex
100
AcDb3dPolylineVertex
 10
3551.1
 20
116.9
 30
34.0
 70
32
  0
SEQEND
  5
32E
330
32D
100
AcDbEntity
  8
RBAR-T8-B1
  0
POLYLINE
  5
343
330
17
100
AcDbEntity
  8
RBAR-T8-B1
100
AcDb3dPolyline
 66
1
 10
0.0
 20
0.0
 30
0.0
 70
8
  0
VERTEX
  5
345
330
17
100
AcDbEntity
  8
RBAR-T8-B1
100
AcDbVertex
100
AcDb3dPolylineVertex
 10
208.9
 20
34.0
 30
639.4
 70
32
  0
VERTEX
  5
346
330
17
100
AcDbEntity
  8
RBAR-T8-B1
100
AcDbVertex
100
AcDb3dPolylineVertex
 10
208.9
 20
34.0
 30
1063.7
 70
32
  0
VERTEX
  5
347
330
17
100
AcDbEntity
  8
RBAR-T8-B1
100
AcDbVertex
100
AcDb3dPolylineVertex
 10
208.9
 20
34.3
 30
1066.9
 70
32
  0
VERTEX
  5
348
330
17
100
AcDbEntity
  8
RBAR-T8-B1
100
AcDbVertex
100
AcDb3dPolylineVertex
 10
208.9
 20
35.2
 30
1069.9
 70
32
  0
VERTEX
  5
349
330
17
100
AcDbEntity
  8
RBAR-T8-B1
100
AcDbVertex
100
AcDb3dPolylineVertex
 10
208.9
 20
36.7
 30
1072.7
 70
32
  0
VERTEX
  5
34A
330
17
100
AcDbEntity
  8
RBAR-T8-B1
100
AcDbVertex
100
AcDb3dPolylineVertex
 10
208.9
 20
38.7
 30
1075.2
 70
32
  0
VERTEX
  5
34B
330
17
100
AcDbEntity
  8
RBAR-T8-B1
100
AcDbVertex
100
AcDb3dPolylineVertex
 10
208.9
 20
41.2
 30
1077.2
 70
32
  0
VERTEX
  5
34C
330
17
100
AcDbEntity
  8
RBAR-T8-B1
100
AcDbVertex
100
AcDb3dPolylineVertex
 10
208.9
 20
44.0
 30
1078.7
 70
32
  0
VERTEX
  5
34D
330
17
100
AcDbEntity
  8
RBAR-T8-B1
100
AcDbVertex
100
AcDb3dPolylineVertex
 10
208.9
 20
47.0
 30
1079.6
 70
32
  0
VERTEX
  5
34E
330
17
100
AcDbEntity
  8
RBAR-T8-B1
100
AcDbVertex
100
AcDb3dPolylineVertex
 10
208.9
 20
50.2
 30
1079.9
 70
32
  0
VERTEX
  5
34F
330
17
100
AcDbEntity
  8
RBAR-T8-B1
100
AcDbVertex
100
AcDb3dPolylineVertex
 10
208.9
 20
100.7
 30
1079.9
 70
32
  0
VERTEX
  5
350
330
17
100
AcDbEntity
  8
RBAR-T8-B1
100
AcDbVertex
100
AcDb3dPolylineVertex
 10
208.9
 20
103.8
 30
1079.6
 70
32
  0
VERTEX
  5
351
330
17
100
AcDbEntity
  8
RBAR-T8-B1
100
AcDbVertex
100
AcDb3dPolylineVertex
 10
208.9
 20
106.9
 30
1078.7
 70
32
  0
VERTEX
  5
352
330
17
100
AcDbEntity
  8
RBAR-T8-B1
100
AcDbVertex
100
AcDb3dPolylineVertex
 10
208.9
 20
109.7
 30
1077.2
 70
32
  0
VERTEX
  5
353
330
17
100
AcDbEntity
  8
RBAR-T8-B1
100
AcDbVertex
100
AcDb3dPolylineVertex
 10
208.9
 20
112.1
 30
1075.2
 70
32
  0
VERTEX
  5
354
330
17
100
AcDbEntity
  8
RBAR-T8-B1
100
AcDbVertex
100
AcDb3dPolylineVertex
 10
208.9
 20
114.1
 30
1072.7
 70
32
  0
VERTEX
  5
355
330
17
100
AcDbEntity
  8
RBAR-T8-B1
100
AcDbVertex
100
AcDb3dPolylineVertex
 10
208.9
 20
115.6
 30
1069.9
 70
32
  0
VERTEX
  5
356
330
17
100
AcDbEntity
  8
RBAR-T8-B1
100
AcDbVertex
100
AcDb3dPolylineVertex
 10
208.9
 20
116.5
 30
1066.9
 70
32
  0
VERTEX
  5
357
330
17
100
AcDbEntity
  8
RBAR-T8-B1
100
AcDbVertex
100
AcDb3dPolylineVertex
 10
208.9
 20
116.9
 30
1063.7
 70
32
  0
VERTEX
  5
358
330
17
100
AcDbEntity
  8
RBAR-T8-B1
100
AcDbVertex
100
AcDb3dPolylineVertex
 10
208.9
 20
116.9
 30
639.4
 70
32
  0
SEQEND
  5
344
330
343
100
AcDbEntity
  8
RBAR-T8-B1
  0
POLYLINE
  5
359
330
17
100
AcDbEntity
  8
RBAR-T8-B1
100
AcDb3dPolyline
 66
1
 10
0.0
 20
0.0
 30
0.0
 70
8
  0
VERTEX
  5
35B
330
17
100
AcDbEntity
  8
RBAR-T8-B1
100
AcDbVertex
100
AcDb3dPolylineVertex
 10
626.7
 20
34.0
 30
639.4
 70
32
  0
VERTEX
  5
35C
330
17
100
AcDbEntity
  8
RBAR-T8-B1
100
AcDbVertex
100
AcDb3dPolylineVertex
 10
626.7
 20
34.0
 30
1063.7
 70
32
  0
VERTEX
  5
35D
330
17
100
AcDbEntity
  8
RBAR-T8-B1
100
AcDbVertex
100
AcDb3dPolylineVertex
 10
626.7
 20
34.3
 30
1066.9
 70
32
  0
VERTEX
  5
35E
330
17
100
AcDbEntity
  8
RBAR-T8-B1
100
AcDbVertex
100
AcDb3dPolylineVertex
 10
626.7
 20
35.2
 30
1069.9
 70
32
  0
VERTEX
  5
35F
330
17
100
AcDbEntity
  8
RBAR-T8-B1
100
AcDbVertex
100
AcDb3dPolylineVertex
 10
626.7
 20
36.7
 30
1072.7
 70
32
  0
VERTEX
  5
360
330
17
100
AcDbEntity
  8
RBAR-T8-B1
100
AcDbVertex
100
AcDb3dPolylineVertex
 10
626.7
 20
38.7
 30
1075.2
 70
32
  0
VERTEX
  5
361
330
17
100
AcDbEntity
  8
RBAR-T8-B1
100
AcDbVertex
100
AcDb3dPolylineVertex
 10
626.7
 20
41.2
 30
1077.2
 70
32
  0
VERTEX
  5
362
330
17
100
AcDbEntity
  8
RBAR-T8-B1
100
AcDbVertex
100
AcDb3dPolylineVertex
 10
626.7
 20
44.0
 30
1078.7
 70
32
  0
VERTEX
  5
363
330
17
100
AcDbEntity
  8
RBAR-T8-B1
100
AcDbVertex
100
AcDb3dPolylineVertex
 10
626.7
 20
47.0
 30
1079.6
 70
32
  0
VERTEX
  5
364
330
17
100
AcDbEntity
  8
RBAR-T8-B1
100
AcDbVertex
100
AcDb3dPolylineVertex
 10
626.7
 20
50.2
 30
1079.9
 70
32
  0
VERTEX
  5
365
330
17
100
AcDbEntity
  8
RBAR-T8-B1
100
AcDbVertex
100
AcDb3dPolylineVertex
 10
626.7
 20
100.7
 30
1079.9
 70
32
  0
VERTEX
  5
366
330
17
100
AcDbEntity
  8
RBAR-T8-B1
100
AcDbVertex
100
AcDb3dPolylineVertex
 10
626.7
 20
103.8
 30
1079.6
 70
32
  0
VERTEX
  5
367
330
17
100
AcDbEntity
  8
RBAR-T8-B1
100
AcDbVertex
100
AcDb3dPolylineVertex
 10
626.7
 20
106.9
 30
1078.7
 70
32
  0
VERTEX
  5
368
330
17
100
AcDbEntity
  8
RBAR-T8-B1
100
AcDbVertex
100
AcDb3dPolylineVertex
 10
626.7
 20
109.7
 30
1077.2
 70
32
  0
VERTEX
  5
369
330
17
100
AcDbEntity
  8
RBAR-T8-B1
100
AcDbVertex
100
AcDb3dPolylineVertex
 10
626.7
 20
112.1
 30
1075.2
 70
32
  0
VERTEX
  5
36A
330
17
100
AcDbEntity
  8
RBAR-T8-B1
100
AcDbVertex
100
AcDb3dPolylineVertex
 10
626.7
 20
114.1
 30
1072.7
 70
32
  0
VERTEX
  5
36B
330
17
100
AcDbEntity
  8
RBAR-T8-B1
100
AcDbVertex
100
AcDb3dPolylineVertex
 10
626.7
 20
115.6
 30
1069.9
 70
32
  0
VERTEX
  5
36C
330
17
100
AcDbEntity
  8
RBAR-T8-B1
100
AcDbVertex
100
AcDb3dPolylineVertex
 10
626.7
 20
116.5
 30
1066.9
 70
32
  0
VERTEX
  5
36D
330
17
100
AcDbEntity
  8
RBAR-T8-B1
100
AcDbVertex
100
AcDb3dPolylineVertex
 10
626.7
 20
116.9
 30
1063.7
 70
32
  0
VERTEX
  5
36E
330
17
100
AcDbEntity
  8
RBAR-T8-B1
100
AcDbVertex
100
AcDb3dPolylineVertex
 10
626.7
 20
116.9
 30
639.4
 70
32
  0
SEQEND
  5
35A
330
359
100
AcDbEntity
  8
RBAR-T8-B1
  0
POLYLINE
  5
36F
330
17
100
AcDbEntity
  8
RBAR-T8-B1
100
AcDb3dPolyline
 66
1
 10
0.0
 20
0.0
 30
0.0
 70
8
  0
VERTEX
  5
371
330
17
100
AcDbEntity
  8
RBAR-T8-B1
100
AcDbVertex
100
AcDb3dPolylineVertex
 10
1044.4
 20
34.0
 30
639.4
 70
32
  0
VERTEX
  5
372
330
17
100
AcDbEntity
  8
RBAR-T8-B1
100
AcDbVertex
100
AcDb3dPolylineVertex
 10
1044.4
 20
34.0
 30
1063.7
 70
32
  0
VERTEX
  5
373
330
17
100
AcDbEntity
  8
RBAR-T8-B1
100
AcDbVertex
100
AcDb3dPolylineVertex
 10
1044.4
 20
34.3
 30
1066.9
 70
32
  0
VERTEX
  5
374
330
17
100
AcDbEntity
  8
RBAR-T8-B1
100
AcDbVertex
100
AcDb3dPolylineVertex
 10
1044.4
 20
35.2
 30
1069.9
 70
32
  0
VERTEX
  5
375
330
17
100
AcDbEntity
  8
RBAR-T8-B1
100
AcDbVertex
100
AcDb3dPolylineVertex
 10
1044.4
 20
36.7
 30
1072.7
 70
32
  0
VERTEX
  5
376
330
17
100
AcDbEntity
  8
RBAR-T8-B1
100
AcDbVertex
100
AcDb3dPolylineVertex
 10
1044.4
 20
38.7
 30
1075.2
 70
32
  0
VERTEX
  5
377
330
17
100
AcDbEntity
  8
RBAR-T8-B1
100
AcDbVertex
100
AcDb3dPolylineVertex
 10
1044.4
 20
41.2
 30
1077.2
 70
32
  0
VERTEX
  5
378
330
17
100
AcDbEntity
  8
RBAR-T8-B1
100
AcDbVertex
100
AcDb3dPolylineVertex
 10
1044.4
 20
44.0
 30
1078.7
 70
32
  0
VERTEX
  5
379
330
17
100
AcDbEntity
  8
RBAR-T8-B1
100
AcDbVertex
100
AcDb3dPolylineVertex
 10
1044.4
 20
47.0
 30
1079.6
 70
32
  0
VERTEX
  5
37A
330
17
100
AcDbEntity
  8
RBAR-T8-B1
100
AcDbVertex
100
AcDb3dPolylineVertex
 10
1044.4
 20
50.2
 30
1079.9
 70
32
  0
VERTEX
  5
37B
330
17
100
AcDbEntity
  8
RBAR-T8-B1
100
AcDbVertex
100
AcDb3dPolylineVertex
 10
1044.4
 20
100.7
 30
1079.9
 70
32
  0
VERTEX
  5
37C
330
17
100
AcDbEntity
  8
RBAR-T8-B1
100
AcDbVertex
100
AcDb3dPolylineVertex
 10
1044.4
 20
103.8
 30
1079.6
 70
32
  0
VERTEX
  5
37D
330
17
100
AcDbEntity
  8
RBAR-T8-B1
100
AcDbVertex
100
AcDb3dPolylineVertex
 10
1044.4
 20
106.9
 30
1078.7
 70
32
  0
VERTEX
  5
37E
330
17
100
AcDbEntity
  8
RBAR-T8-B1
100
AcDbVertex
100
AcDb3dPolylineVertex
 10
1044.4
 20
109.7
 30
1077.2
 70
32
  0
VERTEX
  5
37F
330
17
100
AcDbEntity
  8
RBAR-T8-B1
100
AcDbVertex
100
AcDb3dPolylineVertex
 10
1044.4
 20
112.1
 30
1075.2
 70
32
  0
VERTEX
  5
380
330
17
100
AcDbEntity
  8
RBAR-T8-B1
100
AcDbVertex
100
AcDb3dPolylineVertex
 10
1044.4
 20
114.1
 30
1072.7
 70
32
  0
VERTEX
  5
381
330
17
100
AcDbEntity
  8
RBAR-T8-B1
100
AcDbVertex
100
AcDb3dPolylineVertex
 10
1044.4
 20
115.6
 30
1069.9
 70
32
  0
VERTEX
  5
382
330
17
100
AcDbEntity
  8
RBAR-T8-B1
100
AcDbVertex
100
AcDb3dPolylineVertex
 10
1044.4
 20
116.5
 30
1066.9
 70
32
  0
VERTEX
  5
383
330
17
100
AcDbEntity
  8
RBAR-T8-B1
100
AcDbVertex
100
AcDb3dPolylineVertex
 10
1044.4
 20
116.9
 30
1063.7
 70
32
  0
VERTEX
  5
384
330
17
100
AcDbEntity
  8
RBAR-T8-B1
100
AcDbVertex
100
AcDb3dPolylineVertex
 10
1044.4
 20
116.9
 30
639.4
 70
32
  0
SEQEND
  5
370
330
36F
100
AcDbEntity
  8
RBAR-T8-B1
  0
POLYLINE
  5
385
330
17
100
AcDbEntity
  8
RBAR-T8-B1
100
AcDb3dPolyline
 66
1
 10
0.0
 20
0.0
 30
0.0
 70
8
  0
VERTEX
  5
387
330
17
100
AcDbEntity
  8
RBAR-T8-B1
100
AcDbVertex
100
AcDb3dPolylineVertex
 10
1462.2
 20
34.0
 30
639.4
 70
32
  0
VERTEX
  5
388
330
17
100
AcDbEntity
  8
RBAR-T8-B1
100
AcDbVertex
100
AcDb3dPolylineVertex
 10
1462.2
 20
34.0
 30
1063.7
 70
32
  0
VERTEX
  5
389
330
17
100
AcDbEntity
  8
RBAR-T8-B1
100
AcDbVertex
100
AcDb3dPolylineVertex
 10
1462.2
 20
34.3
 30
1066.9
 70
32
  0
VERTEX
  5
38A
330
17
100
AcDbEntity
  8
RBAR-T8-B1
100
AcDbVertex
100
AcDb3dPolylineVertex
 10
1462.2
 20
35.2
 30
1069.9
 70
32
  0
VERTEX
  5
38B
330
17
100
AcDbEntity
  8
RBAR-T8-B1
100
AcDbVertex
100
AcDb3dPolylineVertex
 10
1462.2
 20
36.7
 30
1072.7
 70
32
  0
VERTEX
  5
38C
330
17
100
AcDbEntity
  8
RBAR-T8-B1
100
AcDbVertex
100
AcDb3dPolylineVertex
 10
1462.2
 20
38.7
 30
1075.2
 70
32
  0
VERTEX
  5
38D
330
17
100
AcDbEntity
  8
RBAR-T8-B1
100
AcDbVertex
100
AcDb3dPolylineVertex
 10
1462.2
 20
41.2
 30
1077.2
 70
32
  0
VERTEX
  5
38E
330
17
100
AcDbEntity
  8
RBAR-T8-B1
100
AcDbVertex
100
AcDb3dPolylineVertex
 10
1462.2
 20
44.0
 30
1078.7
 70
32
  0
VERTEX
  5
38F
330
17
100
AcDbEntity
  8
RBAR-T8-B1
100
AcDbVertex
100
AcDb3dPolylineVertex
 10
1462.2
 20
47.0
 30
1079.6
 70
32
  0
VERTEX
  5
390
330
17
100
AcDbEntity
  8
RBAR-T8-B1
100
AcDbVertex
100
AcDb3dPolylineVertex
 10
1462.2
 20
50.2
 30
1079.9
 70
32
  0
VERTEX
  5
391
330
17
100
AcDbEntity
  8
RBAR-T8-B1
100
AcDbVertex
100
AcDb3dPolylineVertex
 10
1462.2
 20
100.7
 30
1079.9
 70
32
  0
VERTEX
  5
392
330
17
100
AcDbEntity
  8
RBAR-T8-B1
100
AcDbVertex
100
AcDb3dPolylineVertex
 10
1462.2
 20
103.8
 30
1079.6
 70
32
  0
VERTEX
  5
393
330
17
100
AcDbEntity
  8
RBAR-T8-B1
100
AcDbVertex
100
AcDb3dPolylineVertex
 10
1462.2
 20
106.9
 30
1078.7
 70
32
  0
VERTEX
  5
394
330
17
100
AcDbEntity
  8
RBAR-T8-B1
100
AcDbVertex
100
AcDb3dPolylineVertex
 10
1462.2
 20
109.7
 30
1077.2
 70
32
  0
VERTEX
  5
395
330
17
100
AcDbEntity
  8
RBAR-T8-B1
100
AcDbVertex
100
AcDb3dPolylineVertex
 10
1462.2
 20
112.1
 30
1075.2
 70
32
  0
VERTEX
  5
396
330
17
100
AcDbEntity
  8
RBAR-T8-B1
100
AcDbVertex
100
AcDb3dPolylineVertex
 10
1462.2
 20
114.1
 30
1072.7
 70
32
  0
VERTEX
  5
397
330
17
100
AcDbEntity
  8
RBAR-T8-B1
100
AcDbVertex
100
AcDb3dPolylineVertex
 10
1462.2
 20
115.6
 30
1069.9
 70
32
  0
VERTEX
  5
398
330
17
100
AcDbEntity
  8
RBAR-T8-B1
100
AcDbVertex
100
AcDb3dPolylineVertex
 10
1462.2
 20
116.5
 30
1066.9
 70
32
  0
VERTEX
  5
399
330
17
100
AcDbEntity
  8
RBAR-T8-B1
100
AcDbVertex
100
AcDb3dPolylineVertex
 10
1462.2
 20
116.9
 30
1063.7
 70
32
  0
VERTEX
  5
39A
330
17
100
AcDbEntity
  8
RBAR-T8-B1
100
AcDbVertex
100
AcDb3dPolylineVertex
 10
1462.2
 20
116.9
 30
639.4
 70
32
  0
SEQEND
  5
386
330
385
100
AcDbEntity
  8
RBAR-T8-B1
  0
POLYLINE
  5
39B
330
17
100
AcDbEntity
  8
RBAR-T8-B1
100
AcDb3dPolyline
 66
1
 10
0.0
 20
0.0
 30
0.0
 70
8
  0
VERTEX
  5
39D
330
17
100
AcDbEntity
  8
RBAR-T8-B1
100
AcDbVertex
100
AcDb3dPolylineVertex
 10
1880.0
 20
34.0
 30
639.4
 70
32
  0
VERTEX
  5
39E
330
17
100
AcDbEntity
  8
RBAR-T8-B1
100
AcDbVertex
100
AcDb3dPolylineVertex
 10
1880.0
 20
34.0
 30
1063.7
 70
32
  0
VERTEX
  5
39F
330
17
100
AcDbEntity
  8
RBAR-T8-B1
100
AcDbVertex
100
AcDb3dPolylineVertex
 10
1880.0
 20
34.3
 30
1066.9
 70
32
  0
VERTEX
  5
3A0
330
17
100
AcDbEntity
  8
RBAR-T8-B1
100
AcDbVertex
100
AcDb3dPolylineVertex
 10
1880.0
 20
35.2
 30
1069.9
 70
32
  0
VERTEX
  5
3A1
330
17
100
AcDbEntity
  8
RBAR-T8-B1
100
AcDbVertex
100
AcDb3dPolylineVertex
 10
1880.0
 20
36.7
 30
1072.7
 70
32
  0
VERTEX
  5
3A2
330
17
100
AcDbEntity
  8
RBAR-T8-B1
100
AcDbVertex
100
AcDb3dPolylineVertex
 10
1880.0
 20
38.7
 30
1075.2
 70
32
  0
VERTEX
  5
3A3
330
17
100
AcDbEntity
  8
RBAR-T8-B1
100
AcDbVertex
100
AcDb3dPolylineVertex
 10
1880.0
 20
41.2
 30
1077.2
 70
32
  0
VERTEX
  5
3A4
330
17
100
AcDbEntity
  8
RBAR-T8-B1
100
AcDbVertex
100
AcDb3dPolylineVertex
 10
1880.0
 20
44.0
 30
1078.7
 70
32
  0
VERTEX
  5
3A5
330
17
100
AcDbEntity
  8
RBAR-T8-B1
100
AcDbVertex
100
AcDb3dPolylineVertex
 10
1880.0
 20
47.0
 30
1079.6
 70
32
  0
VERTEX
  5
3A6
330
17
100
AcDbEntity
  8
RBAR-T8-B1
100
AcDbVertex
100
AcDb3dPolylineVertex
 10
1880.0
 20
50.2
 30
1079.9
 70
32
  0
VERTEX
  5
3A7
330
17
100
AcDbEntity
  8
RBAR-T8-B1
100
AcDbVertex
100
AcDb3dPolylineVertex
 10
1880.0
 20
100.7
 30
1079.9
 70
32
  0
VERTEX
  5
3A8
330
17
100
AcDbEntity
  8
RBAR-T8-B1
100
AcDbVertex
100
AcDb3dPolylineVertex
 10
1880.0
 20
103.8
 30
1079.6
 70
32
  0
VERTEX
  5
3A9
330
17
100
AcDbEntity
  8
RBAR-T8-B1
100
AcDbVertex
100
AcDb3dPolylineVertex
 10
1880.0
 20
106.9
 30
1078.7
 70
32
  0
VERTEX
  5
3AA
330
17
100
AcDbEntity
  8
RBAR-T8-B1
100
AcDbVertex
100
AcDb3dPolylineVertex
 10
1880.0
 20
109.7
 30
1077.2
 70
32
  0
VERTEX
  5
3AB
330
17
100
AcDbEntity
  8
RBAR-T8-B1
100
AcDbVertex
100
AcDb3dPolylineVertex
 10
1880.0
 20
112.1
 30
1075.2
 70
32
  0
VERTEX
  5
3AC
330
17
100
AcDbEntity
  8
RBAR-T8-B1
100
AcDbVertex
100
AcDb3dPolylineVertex
 10
1880.0
 20
114.1
 30
1072.7
 70
32
  0
VERTEX
  5
3AD
330
17
100
AcDbEntity
  8
RBAR-T8-B1
100
AcDbVertex
100
AcDb3dPolylineVertex
 10
1880.0
 20
115.6
 30
1069.9
 70
32
  0
VERTEX
  5
3AE
330
17
100
AcDbEntity
  8
RBAR-T8-B1
100
AcDbVertex
100
AcDb3dPolylineVertex
 10
1880.0
 20
116.5
 30
1066.9
 70
32
  0
VERTEX
  5
3AF
330
17
100
AcDbEntity
  8
RBAR-T8-B1
100
AcDbVertex
100
AcDb3dPolylineVertex
 10
1880.0
 20
116.9
 30
1063.7
 70
32
  0
VERTEX
  5
3B0
330
17
100
AcDbEntity
  8
RBAR-T8-B1
100
AcDbVertex
100
AcDb3dPolylineVertex
 10
1880.0
 20
116.9
 30
639.4
 70
32
  0
SEQEND
  5
39C
330
39B
100
AcDbEntity
  8
RBAR-T8-B1
  0
POLYLINE
  5
3B1
330
17
100
AcDbEntity
  8
RBAR-T8-B1
100
AcDb3dPolyline
 66
1
 10
0.0
 20
0.0
 30
0.0
 70
8
  0
VERTEX
  5
3B3
330
17
100
AcDbEntity
  8
RBAR-T8-B1
100
AcDbVertex
100
AcDb3dPolylineVertex
 10
2297.8
 20
34.0
 30
639.4
 70
32
  0
VERTEX
  5
3B4
330
17
100
AcDbEntity
  8
RBAR-T8-B1
100
AcDbVertex
100
AcDb3dPolylineVertex
 10
2297.8
 20
34.0
 30
1063.7
 70
32
  0
VERTEX
  5
3B5
330
17
100
AcDbEntity
  8
RBAR-T8-B1
100
AcDbVertex
100
AcDb3dPolylineVertex
 10
2297.8
 20
34.3
 30
1066.9
 70
32
  0
VERTEX
  5
3B6
330
17
100
AcDbEntity
  8
RBAR-T8-B1
100
AcDbVertex
100
AcDb3dPolylineVertex
 10
2297.8
 20
35.2
 30
1069.9
 70
32
  0
VERTEX
  5
3B7
330
17
100
AcDbEntity
  8
RBAR-T8-B1
100
AcDbVertex
100
AcDb3dPolylineVertex
 10
2297.8
 20
36.7
 30
1072.7
 70
32
  0
VERTEX
  5
3B8
330
17
100
AcDbEntity
  8
RBAR-T8-B1
100
AcDbVertex
100
AcDb3dPolylineVertex
 10
2297.8
 20
38.7
 30
1075.2
 70
32
  0
VERTEX
  5
3B9
330
17
100
AcDbEntity
  8
RBAR-T8-B1
100
AcDbVertex
100
AcDb3dPolylineVertex
 10
2297.8
 20
41.2
 30
1077.2
 70
32
  0
VERTEX
  5
3BA
330
17
100
AcDbEntity
  8
RBAR-T8-B1
100
AcDbVertex
100
AcDb3dPolylineVertex
 10
2297.8
 20
44.0
 30
1078.7
 70
32
  0
VERTEX
  5
3BB
330
17
100
AcDbEntity
  8
RBAR-T8-B1
100
AcDbVertex
100
AcDb3dPolylineVertex
 10
2297.8
 20
47.0
 30
1079.6
 70
32
  0
VERTEX
  5
3BC
330
17
100
AcDbEntity
  8
RBAR-T8-B1
100
AcDbVertex
100
AcDb3dPolylineVertex
 10
2297.8
 20
50.2
 30
1079.9
 70
32
  0
VERTEX
  5
3BD
330
17
100
AcDbEntity
  8
RBAR-T8-B1
100
AcDbVertex
100
AcDb3dPolylineVertex
 10
2297.8
 20
100.7
 30
1079.9
 70
32
  0
VERTEX
  5
3BE
330
17
100
AcDbEntity
  8
RBAR-T8-B1
100
AcDbVertex
100
AcDb3dPolylineVertex
 10
2297.8
 20
103.8
 30
1079.6
 70
32
  0
VERTEX
  5
3BF
330
17
100
AcDbEntity
  8
RBAR-T8-B1
100
AcDbVertex
100
AcDb3dPolylineVertex
 10
2297.8
 20
106.9
 30
1078.7
 70
32
  0
VERTEX
  5
3C0
330
17
100
AcDbEntity
  8
RBAR-T8-B1
100
AcDbVertex
100
AcDb3dPolylineVertex
 10
2297.8
 20
109.7
 30
1077.2
 70
32
  0
VERTEX
  5
3C1
330
17
100
AcDbEntity
  8
RBAR-T8-B1
100
AcDbVertex
100
AcDb3dPolylineVertex
 10
2297.8
 20
112.1
 30
1075.2
 70
32
  0
VERTEX
  5
3C2
330
17
100
AcDbEntity
  8
RBAR-T8-B1
100
AcDbVertex
100
AcDb3dPolylineVertex
 10
2297.8
 20
114.1
 30
1072.7
 70
32
  0
VERTEX
  5
3C3
330
17
100
AcDbEntity
  8
RBAR-T8-B1
100
AcDbVertex
100
AcDb3dPolylineVertex
 10
2297.8
 20
115.6
 30
1069.9
 70
32
  0
VERTEX
  5
3C4
330
17
100
AcDbEntity
  8
RBAR-T8-B1
100
AcDbVertex
100
AcDb3dPolylineVertex
 10
2297.8
 20
116.5
 30
1066.9
 70
32
  0
VERTEX
  5
3C5
330
17
100
AcDbEntity
  8
RBAR-T8-B1
100
AcDbVertex
100
AcDb3dPolylineVertex
 10
2297.8
 20
116.9
 30
1063.7
 70
32
  0
VERTEX
  5
3C6
330
17
100
AcDbEntity
  8
RBAR-T8-B1
100
AcDbVertex
100
AcDb3dPolylineVertex
 10
2297.8
 20
116.9
 30
639.4
 70
32
  0
SEQEND
  5
3B2
330
3B1
100
AcDbEntity
  8
RBAR-T8-B1
  0
POLYLINE
  5
3C7
330
17
100
AcDbEntity
  8
RBAR-T8-B1
100
AcDb3dPolyline
 66
1
 10
0.0
 20
0.0
 30
0.0
 70
8
  0
VERTEX
  5
3C9
330
17
100
AcDbEntity
  8
RBAR-T8-B1
100
AcDbVertex
100
AcDb3dPolylineVertex
 10
2715.6
 20
34.0
 30
639.4
 70
32
  0
VERTEX
  5
3CA
330
17
100
AcDbEntity
  8
RBAR-T8-B1
100
AcDbVertex
100
AcDb3dPolylineVertex
 10
2715.6
 20
34.0
 30
1063.7
 70
32
  0
VERTEX
  5
3CB
330
17
100
AcDbEntity
  8
RBAR-T8-B1
100
AcDbVertex
100
AcDb3dPolylineVertex
 10
2715.6
 20
34.3
 30
1066.9
 70
32
  0
VERTEX
  5
3CC
330
17
100
AcDbEntity
  8
RBAR-T8-B1
100
AcDbVertex
100
AcDb3dPolylineVertex
 10
2715.6
 20
35.2
 30
1069.9
 70
32
  0
VERTEX
  5
3CD
330
17
100
AcDbEntity
  8
RBAR-T8-B1
100
AcDbVertex
100
AcDb3dPolylineVertex
 10
2715.6
 20
36.7
 30
1072.7
 70
32
  0
VERTEX
  5
3CE
330
17
100
AcDbEntity
  8
RBAR-T8-B1
100
AcDbVertex
100
AcDb3dPolylineVertex
 10
2715.6
 20
38.7
 30
1075.2
 70
32
  0
VERTEX
  5
3CF
330
17
100
AcDbEntity
  8
RBAR-T8-B1
100
AcDbVertex
100
AcDb3dPolylineVertex
 10
2715.6
 20
41.2
 30
1077.2
 70
32
  0
VERTEX
  5
3D0
330
17
100
AcDbEntity
  8
RBAR-T8-B1
100
AcDbVertex
100
AcDb3dPolylineVertex
 10
2715.6
 20
44.0
 30
1078.7
 70
32
  0
VERTEX
  5
3D1
330
17
100
AcDbEntity
  8
RBAR-T8-B1
100
AcDbVertex
100
AcDb3dPolylineVertex
 10
2715.6
 20
47.0
 30
1079.6
 70
32
  0
VERTEX
  5
3D2
330
17
100
AcDbEntity
  8
RBAR-T8-B1
100
AcDbVertex
100
AcDb3dPolylineVertex
 10
2715.6
 20
50.2
 30
1079.9
 70
32
  0
VERTEX
  5
3D3
330
17
100
AcDbEntity
  8
RBAR-T8-B1
100
AcDbVertex
100
AcDb3dPolylineVertex
 10
2715.6
 20
100.7
 30
1079.9
 70
32
  0
VERTEX
  5
3D4
330
17
100
AcDbEntity
  8
RBAR-T8-B1
100
AcDbVertex
100
AcDb3dPolylineVertex
 10
2715.6
 20
103.8
 30
1079.6
 70
32
  0
VERTEX
  5
3D5
330
17
100
AcDbEntity
  8
RBAR-T8-B1
100
AcDbVertex
100
AcDb3dPolylineVertex
 10
2715.6
 20
106.9
 30
1078.7
 70
32
  0
VERTEX
  5
3D6
330
17
100
AcDbEntity
  8
RBAR-T8-B1
100
AcDbVertex
100
AcDb3dPolylineVertex
 10
2715.6
 20
109.7
 30
1077.2
 70
32
  0
VERTEX
  5
3D7
330
17
100
AcDbEntity
  8
RBAR-T8-B1
100
AcDbVertex
100
AcDb3dPolylineVertex
 10
2715.6
 20
112.1
 30
1075.2
 70
32
  0
VERTEX
  5
3D8
330
17
100
AcDbEntity
  8
RBAR-T8-B1
100
AcDbVertex
100
AcDb3dPolylineVertex
 10
2715.6
 20
114.1
 30
1072.7
 70
32
  0
VERTEX
  5
3D9
330
17
100
AcDbEntity
  8
RBAR-T8-B1
100
AcDbVertex
100
AcDb3dPolylineVertex
 10
2715.6
 20
115.6
 30
1069.9
 70
32
  0
VERTEX
  5
3DA
330
17
100
AcDbEntity
  8
RBAR-T8-B1
100
AcDbVertex
100
AcDb3dPolylineVertex
 10
2715.6
 20
116.5
 30
1066.9
 70
32
  0
VERTEX
  5
3DB
330
17
100
AcDbEntity
  8
RBAR-T8-B1
100
AcDbVertex
100
AcDb3dPolylineVertex
 10
2715.6
 20
116.9
 30
1063.7
 70
32
  0
VERTEX
  5
3DC
330
17
100
AcDbEntity
  8
RBAR-T8-B1
100
AcDbVertex
100
AcDb3dPolylineVertex
 10
2715.6
 20
116.9
 30
639.4
 70
32
  0
SEQEND
  5
3C8
330
3C7
100
AcDbEntity
  8
RBAR-T8-B1
  0
POLYLINE
  5
3DD
330
17
100
AcDbEntity
  8
RBAR-T8-B1
100
AcDb3dPolyline
 66
1
 10
0.0
 20
0.0
 30
0.0
 70
8
  0
VERTEX
  5
3DF
330
17
100
AcDbEntity
  8
RBAR-T8-B1
100
AcDbVertex
100
AcDb3dPolylineVertex
 10
3133.3
 20
34.0
 30
639.4
 70
32
  0
VERTEX
  5
3E0
330
17
100
AcDbEntity
  8
RBAR-T8-B1
100
AcDbVertex
100
AcDb3dPolylineVertex
 10
3133.3
 20
34.0
 30
1063.7
 70
32
  0
VERTEX
  5
3E1
330
17
100
AcDbEntity
  8
RBAR-T8-B1
100
AcDbVertex
100
AcDb3dPolylineVertex
 10
3133.3
 20
34.3
 30
1066.9
 70
32
  0
VERTEX
  5
3E2
330
17
100
AcDbEntity
  8
RBAR-T8-B1
100
AcDbVertex
100
AcDb3dPolylineVertex
 10
3133.3
 20
35.2
 30
1069.9
 70
32
  0
VERTEX
  5
3E3
330
17
100
AcDbEntity
  8
RBAR-T8-B1
100
AcDbVertex
100
AcDb3dPolylineVertex
 10
3133.3
 20
36.7
 30
1072.7
 70
32
  0
VERTEX
  5
3E4
330
17
100
AcDbEntity
  8
RBAR-T8-B1
100
AcDbVertex
100
AcDb3dPolylineVertex
 10
3133.3
 20
38.7
 30
1075.2
 70
32
  0
VERTEX
  5
3E5
330
17
100
AcDbEntity
  8
RBAR-T8-B1
100
AcDbVertex
100
AcDb3dPolylineVertex
 10
3133.3
 20
41.2
 30
1077.2
 70
32
  0
VERTEX
  5
3E6
330
17
100
AcDbEntity
  8
RBAR-T8-B1
100
AcDbVertex
100
AcDb3dPolylineVertex
 10
3133.3
 20
44.0
 30
1078.7
 70
32
  0
VERTEX
  5
3E7
330
17
100
AcDbEntity
  8
RBAR-T8-B1
100
AcDbVertex
100
AcDb3dPolylineVertex
 10
3133.3
 20
47.0
 30
1079.6
 70
32
  0
VERTEX
  5
3E8
330
17
100
AcDbEntity
  8
RBAR-T8-B1
100
AcDbVertex
100
AcDb3dPolylineVertex
 10
3133.3
 20
50.2
 30
1079.9
 70
32
  0
VERTEX
  5
3E9
330
17
100
AcDbEntity
  8
RBAR-T8-B1
100
AcDbVertex
100
AcDb3dPolylineVertex
 10
3133.3
 20
100.7
 30
1079.9
 70
32
  0
VERTEX
  5
3EA
330
17
100
AcDbEntity
  8
RBAR-T8-B1
100
AcDbVertex
100
AcDb3dPolylineVertex
 10
3133.3
 20
103.8
 30
1079.6
 70
32
  0
VERTEX
  5
3EB
330
17
100
AcDbEntity
  8
RBAR-T8-B1
100
AcDbVertex
100
AcDb3dPolylineVertex
 10
3133.3
 20
106.9
 30
1078.7
 70
32
  0
VERTEX
  5
3EC
330
17
100
AcDbEntity
  8
RBAR-T8-B1
100
AcDbVertex
100
AcDb3dPolylineVertex
 10
3133.3
 20
109.7
 30
1077.2
 70
32
  0
VERTEX
  5
3ED
330
17
100
AcDbEntity
  8
RBAR-T8-B1
100
AcDbVertex
100
AcDb3dPolylineVertex
 10
3133.3
 20
112.1
 30
1075.2
 70
32
  0
VERTEX
  5
3EE
330
17
100
AcDbEntity
  8
RBAR-T8-B1
100
AcDbVertex
100
AcDb3dPolylineVertex
 10
3133.3
 20
114.1
 30
1072.7
 70
32
  0
VERTEX
  5
3EF
330
17
100
AcDbEntity
  8
RBAR-T8-B1
100
AcDbVertex
100
AcDb3dPolylineVertex
 10
3133.3
 20
115.6
 30
1069.9
 70
32
  0
VERTEX
  5
3F0
330
17
100
AcDbEntity
  8
RBAR-T8-B1
100
AcDbVertex
100
AcDb3dPolylineVertex
 10
3133.3
 20
116.5
 30
1066.9
 70
32
  0
VERTEX
  5
3F1
330
17
100
AcDbEntity
  8
RBAR-T8-B1
100
AcDbVertex
100
AcDb3dPolylineVertex
 10
3133.3
 20
116.9
 30
1063.7
 70
32
  0
VERTEX
  5
3F2
330
17
100
AcDbEntity
  8
RBAR-T8-B1
100
AcDbVertex
100
AcDb3dPolylineVertex
 10
3133.3
 20
116.9
 30
639.4
 70
32
  0
SEQEND
  5
3DE
330
3DD
100
AcDbEntity
  8
RBAR-T8-B1
  0
POLYLINE
  5
3F3
330
17
100
AcDbEntity
  8
RBAR-T8-B1
100
AcDb3dPolyline
 66
1
 10
0.0
 20
0.0
 30
0.0
 70
8
  0
VERTEX
  5
3F5
330
17
100
AcDbEntity
  8
RBAR-T8-B1
100
AcDbVertex
100
AcDb3dPolylineVertex
 10
3551.1
 20
34.0
 30
639.4
 70
32
  0
VERTEX
  5
3F6
330
17
100
AcDbEntity
  8
RBAR-T8-B1
100
AcDbVertex
100
AcDb3dPolylineVertex
 10
3551.1
 20
34.0
 30
1063.7
 70
32
  0
VERTEX
  5
3F7
330
17
100
AcDbEntity
  8
RBAR-T8-B1
100
AcDbVertex
100
AcDb3dPolylineVertex
 10
3551.1
 20
34.3
 30
1066.9
 70
32
  0
VERTEX
  5
3F8
330
17
100
AcDbEntity
  8
RBAR-T8-B1
100
AcDbVertex
100
AcDb3dPolylineVertex
 10
3551.1
 20
35.2
 30
1069.9
 70
32
  0
VERTEX
  5
3F9
330
17
100
AcDbEntity
  8
RBAR-T8-B1
100
AcDbVertex
100
AcDb3dPolylineVertex
 10
3551.1
 20
36.7
 30
1072.7
 70
32
  0
VERTEX
  5
3FA
330
17
100
AcDbEntity
  8
RBAR-T8-B1
100
AcDbVertex
100
AcDb3dPolylineVertex
 10
3551.1
 20
38.7
 30
1075.2
 70
32
  0
VERTEX
  5
3FB
330
17
100
AcDbEntity
  8
RBAR-T8-B1
100
AcDbVertex
100
AcDb3dPolylineVertex
 10
3551.1
 20
41.2
 30
1077.2
 70
32
  0
VERTEX
  5
3FC
330
17
100
AcDbEntity
  8
RBAR-T8-B1
100
AcDbVertex
100
AcDb3dPolylineVertex
 10
3551.1
 20
44.0
 30
1078.7
 70
32
  0
VERTEX
  5
3FD
330
17
100
AcDbEntity
  8
RBAR-T8-B1
100
AcDbVertex
100
AcDb3dPolylineVertex
 10
3551.1
 20
47.0
 30
1079.6
 70
32
  0
VERTEX
  5
3FE
330
17
100
AcDbEntity
  8
RBAR-T8-B1
100
AcDbVertex
100
AcDb3dPolylineVertex
 10
3551.1
 20
50.2
 30
1079.9
 70
32
  0
VERTEX
  5
3FF
330
17
100
AcDbEntity
  8
RBAR-T8-B1
100
AcDbVertex
100
AcDb3dPolylineVertex
 10
3551.1
 20
100.7
 30
1079.9
 70
32
  0
VERTEX
  5
400
330
17
100
AcDbEntity
  8
RBAR-T8-B1
100
AcDbVertex
100
AcDb3dPolylineVertex
 10
3551.1
 20
103.8
 30
1079.6
 70
32
  0
VERTEX
  5
401
330
17
100
AcDbEntity
  8
RBAR-T8-B1
100
AcDbVertex
100
AcDb3dPolylineVertex
 10
3551.1
 20
106.9
 30
1078.7
 70
32
  0
VERTEX
  5
402
330
17
100
AcDbEntity
  8
RBAR-T8-B1
100
AcDbVertex
100
AcDb3dPolylineVertex
 10
3551.1
 20
109.7
 30
1077.2
 70
32
  0
VERTEX
  5
403
330
17
100
AcDbEntity
  8
RBAR-T8-B1
100
AcDbVertex
100
AcDb3dPolylineVertex
 10
3551.1
 20
112.1
 30
1075.2
 70
32
  0
VERTEX
  5
404
330
17
100
AcDbEntity
  8
RBAR-T8-B1
100
AcDbVertex
100
AcDb3dPolylineVertex
 10
3551.1
 20
114.1
 30
1072.7
 70
32
  0
VERTEX
  5
405
330
17
100
AcDbEntity
  8
RBAR-T8-B1
100
AcDbVertex
100
AcDb3dPolylineVertex
 10
3551.1
 20
115.6
 30
1069.9
 70
32
  0
VERTEX
  5
406
330
17
100
AcDbEntity
  8
RBAR-T8-B1
100
AcDbVertex
100
AcDb3dPolylineVertex
 10
3551.1
 20
116.5
 30
1066.9
 70
32
  0
VERTEX
  5
407
330
17
100
AcDbEntity
  8
RBAR-T8-B1
100
AcDbVertex
100
AcDb3dPolylineVertex
 10
3551.1
 20
116.9
 30
1063.7
 70
32
  0
VERTEX
  5
408
330
17
100
AcDbEntity
  8
RBAR-T8-B1
100
AcDbVertex
100
AcDb3dPolylineVertex
 10
3551.1
 20
116.9
 30
639.4
 70
32
  0
SEQEND
  5
3F4
330
3F3
100
AcDbEntity
  8
RBAR-T8-B1
  0
POLYLINE
  5
409
330
17
100
AcDbEntity
  8
RBAR-T8-B1
100
AcDb3dPolyline
 66
1
 10
0.0
 20
0.0
 30
0.0
 70
8
  0
VERTEX
  5
40B
330
17
100
AcDbEntity
  8
RBAR-T8-B1
100
AcDbVertex
100
AcDb3dPolylineVertex
 10
208.9
 20
34.0
 30
1244.7
 70
32
  0
VERTEX
  5
40C
330
17
100
AcDbEntity
  8
RBAR-T8-B1
100
AcDbVertex
100
AcDb3dPolylineVertex
 10
208.9
 20
34.0
 30
1669.1
 70
32
  0
VERTEX
  5
40D
330
17
100
AcDbEntity
  8
RBAR-T8-B1
100
AcDbVertex
100
AcDb3dPolylineVertex
 10
208.9
 20
34.3
 30
1672.3
 70
32
  0
VERTEX
  5
40E
330
17
100
AcDbEntity
  8
RBAR-T8-B1
100
AcDbVertex
100
AcDb3dPolylineVertex
 10
208.9
 20
35.2
 30
1675.3
 70
32
  0
VERTEX
  5
40F
330
17
100
AcDbEntity
  8
RBAR-T8-B1
100
AcDbVertex
100
AcDb3dPolylineVertex
 10
208.9
 20
36.7
 30
1678.1
 70
32
  0
VERTEX
  5
410
330
17
100
AcDbEntity
  8
RBAR-T8-B1
100
AcDbVertex
100
AcDb3dPolylineVertex
 10
208.9
 20
38.7
 30
1680.5
 70
32
  0
VERTEX
  5
411
330
17
100
AcDbEntity
  8
RBAR-T8-B1
100
AcDbVertex
100
AcDb3dPolylineVertex
 10
208.9
 20
41.2
 30
1682.6
 70
32
  0
VERTEX
  5
412
330
17
100
AcDbEntity
  8
RBAR-T8-B1
100
AcDbVertex
100
AcDb3dPolylineVertex
 10
208.9
 20
44.0
 30
1684.0
 70
32
  0
VERTEX
  5
413
330
17
100
AcDbEntity
  8
RBAR-T8-B1
100
AcDbVertex
100
AcDb3dPolylineVertex
 10
208.9
 20
47.0
 30
1685.0
 70
32
  0
VERTEX
  5
414
330
17
100
AcDbEntity
  8
RBAR-T8-B1
100
AcDbVertex
100
AcDb3dPolylineVertex
 10
208.9
 20
50.2
 30
1685.3
 70
32
  0
VERTEX
  5
415
330
17
100
AcDbEntity
  8
RBAR-T8-B1
100
AcDbVertex
100
AcDb3dPolylineVertex
 10
208.9
 20
100.7
 30
1685.3
 70
32
  0
VERTEX
  5
416
330
17
100
AcDbEntity
  8
RBAR-T8-B1
100
AcDbVertex
100
AcDb3dPolylineVertex
 10
208.9
 20
103.8
 30
1685.0
 70
32
  0
VERTEX
  5
417
330
17
100
AcDbEntity
  8
RBAR-T8-B1
100
AcDbVertex
100
AcDb3dPolylineVertex
 10
208.9
 20
106.9
 30
1684.0
 70
32
  0
VERTEX
  5
418
330
17
100
AcDbEntity
  8
RBAR-T8-B1
100
AcDbVertex
100
AcDb3dPolylineVertex
 10
208.9
 20
109.7
 30
1682.6
 70
32
  0
VERTEX
  5
419
330
17
100
AcDbEntity
  8
RBAR-T8-B1
100
AcDbVertex
100
AcDb3dPolylineVertex
 10
208.9
 20
112.1
 30
1680.5
 70
32
  0
VERTEX
  5
41A
330
17
100
AcDbEntity
  8
RBAR-T8-B1
100
AcDbVertex
100
AcDb3dPolylineVertex
 10
208.9
 20
114.1
 30
1678.1
 70
32
  0
VERTEX
  5
41B
330
17
100
AcDbEntity
  8
RBAR-T8-B1
100
AcDbVertex
100
AcDb3dPolylineVertex
 10
208.9
 20
115.6
 30
1675.3
 70
32
  0
VERTEX
  5
41C
330
17
100
AcDbEntity
  8
RBAR-T8-B1
100
AcDbVertex
100
AcDb3dPolylineVertex
 10
208.9
 20
116.5
 30
1672.3
 70
32
  0
VERTEX
  5
41D
330
17
100
AcDbEntity
  8
RBAR-T8-B1
100
AcDbVertex
100
AcDb3dPolylineVertex
 10
208.9
 20
116.9
 30
1669.1
 70
32
  0
VERTEX
  5
41E
330
17
100
AcDbEntity
  8
RBAR-T8-B1
100
AcDbVertex
100
AcDb3dPolylineVertex
 10
208.9
 20
116.9
 30
1244.7
 70
32
  0
SEQEND
  5
40A
330
409
100
AcDbEntity
  8
RBAR-T8-B1
  0
POLYLINE
  5
41F
330
17
100
AcDbEntity
  8
RBAR-T8-B1
100
AcDb3dPolyline
 66
1
 10
0.0
 20
0.0
 30
0.0
 70
8
  0
VERTEX
  5
421
330
17
100
AcDbEntity
  8
RBAR-T8-B1
100
AcDbVertex
100
AcDb3dPolylineVertex
 10
626.7
 20
34.0
 30
1244.7
 70
32
  0
VERTEX
  5
422
330
17
100
AcDbEntity
  8
RBAR-T8-B1
100
AcDbVertex
100
AcDb3dPolylineVertex
 10
626.7
 20
34.0
 30
1669.1
 70
32
  0
VERTEX
  5
423
330
17
100
AcDbEntity
  8
RBAR-T8-B1
100
AcDbVertex
100
AcDb3dPolylineVertex
 10
626.7
 20
34.3
 30
1672.3
 70
32
  0
VERTEX
  5
424
330
17
100
AcDbEntity
  8
RBAR-T8-B1
100
AcDbVertex
100
AcDb3dPolylineVertex
 10
626.7
 20
35.2
 30
1675.3
 70
32
  0
VERTEX
  5
425
330
17
100
AcDbEntity
  8
RBAR-T8-B1
100
AcDbVertex
100
AcDb3dPolylineVertex
 10
626.7
 20
36.7
 30
1678.1
 70
32
  0
VERTEX
  5
426
330
17
100
AcDbEntity
  8
RBAR-T8-B1
100
AcDbVertex
100
AcDb3dPolylineVertex
 10
626.7
 20
38.7
 30
1680.5
 70
32
  0
VERTEX
  5
427
330
17
100
AcDbEntity
  8
RBAR-T8-B1
100
AcDbVertex
100
AcDb3dPolylineVertex
 10
626.7
 20
41.2
 30
1682.6
 70
32
  0
VERTEX
  5
428
330
17
100
AcDbEntity
  8
RBAR-T8-B1
100
AcDbVertex
100
AcDb3dPolylineVertex
 10
626.7
 20
44.0
 30
1684.0
 70
32
  0
VERTEX
  5
429
330
17
100
AcDbEntity
  8
RBAR-T8-B1
100
AcDbVertex
100
AcDb3dPolylineVertex
 10
626.7
 20
47.0
 30
1685.0
 70
32
  0
VERTEX
  5
42A
330
17
100
AcDbEntity
  8
RBAR-T8-B1
100
AcDbVertex
100
AcDb3dPolylineVertex
 10
626.7
 20
50.2
 30
1685.3
 70
32
  0
VERTEX
  5
42B
330
17
100
AcDbEntity
  8
RBAR-T8-B1
100
AcDbVertex
100
AcDb3dPolylineVertex
 10
626.7
 20
100.7
 30
1685.3
 70
32
  0
VERTEX
  5
42C
330
17
100
AcDbEntity
  8
RBAR-T8-B1
100
AcDbVertex
100
AcDb3dPolylineVertex
 10
626.7
 20
103.8
 30
1685.0
 70
32
  0
VERTEX
  5
42D
330
17
100
AcDbEntity
  8
RBAR-T8-B1
100
AcDbVertex
100
AcDb3dPolylineVertex
 10
626.7
 20
106.9
 30
1684.0
 70
32
  0
VERTEX
  5
42E
330
17
100
AcDbEntity
  8
RBAR-T8-B1
100
AcDbVertex
100
AcDb3dPolylineVertex
 10
626.7
 20
109.7
 30
1682.6
 70
32
  0
VERTEX
  5
42F
330
17
100
AcDbEntity
  8
RBAR-T8-B1
100
AcDbVertex
100
AcDb3dPolylineVertex
 10
626.7
 20
112.1
 30
1680.5
 70
32
  0
VERTEX
  5
430
330
17
100
AcDbEntity
  8
RBAR-T8-B1
100
AcDbVertex
100
AcDb3dPolylineVertex
 10
626.7
 20
114.1
 30
1678.1
 70
32
  0
VERTEX
  5
431
330
17
100
AcDbEntity
  8
RBAR-T8-B1
100
AcDbVertex
100
AcDb3dPolylineVertex
 10
626.7
 20
115.6
 30
1675.3
 70
32
  0
VERTEX
  5
432
330
17
100
AcDbEntity
  8
RBAR-T8-B1
100
AcDbVertex
100
AcDb3dPolylineVertex
 10
626.7
 20
116.5
 30
1672.3
 70
32
  0
VERTEX
  5
433
330
17
100
AcDbEntity
  8
RBAR-T8-B1
100
AcDbVertex
100
AcDb3dPolylineVertex
 10
626.7
 20
116.9
 30
1669.1
 70
32
  0
VERTEX
  5
434
330
17
100
AcDbEntity
  8
RBAR-T8-B1
100
AcDbVertex
100
AcDb3dPolylineVertex
 10
626.7
 20
116.9
 30
1244.7
 70
32
  0
SEQEND
  5
420
330
41F
100
AcDbEntity
  8
RBAR-T8-B1
  0
POLYLINE
  5
435
330
17
100
AcDbEntity
  8
RBAR-T8-B1
100
AcDb3dPolyline
 66
1
 10
0.0
 20
0.0
 30
0.0
 70
8
  0
VERTEX
  5
437
330
17
100
AcDbEntity
  8
RBAR-T8-B1
100
AcDbVertex
100
AcDb3dPolylineVertex
 10
1044.4
 20
34.0
 30
1244.7
 70
32
  0
VERTEX
  5
438
330
17
100
AcDbEntity
  8
RBAR-T8-B1
100
AcDbVertex
100
AcDb3dPolylineVertex
 10
1044.4
 20
34.0
 30
1669.1
 70
32
  0
VERTEX
  5
439
330
17
100
AcDbEntity
  8
RBAR-T8-B1
100
AcDbVertex
100
AcDb3dPolylineVertex
 10
1044.4
 20
34.3
 30
1672.3
 70
32
  0
VERTEX
  5
43A
330
17
100
AcDbEntity
  8
RBAR-T8-B1
100
AcDbVertex
100
AcDb3dPolylineVertex
 10
1044.4
 20
35.2
 30
1675.3
 70
32
  0
VERTEX
  5
43B
330
17
100
AcDbEntity
  8
RBAR-T8-B1
100
AcDbVertex
100
AcDb3dPolylineVertex
 10
1044.4
 20
36.7
 30
1678.1
 70
32
  0
VERTEX
  5
43C
330
17
100
AcDbEntity
  8
RBAR-T8-B1
100
AcDbVertex
100
AcDb3dPolylineVertex
 10
1044.4
 20
38.7
 30
1680.5
 70
32
  0
VERTEX
  5
43D
330
17
100
AcDbEntity
  8
RBAR-T8-B1
100
AcDbVertex
100
AcDb3dPolylineVertex
 10
1044.4
 20
41.2
 30
1682.6
 70
32
  0
VERTEX
  5
43E
330
17
100
AcDbEntity
  8
RBAR-T8-B1
100
AcDbVertex
100
AcDb3dPolylineVertex
 10
1044.4
 20
44.0
 30
1684.0
 70
32
  0
VERTEX
  5
43F
330
17
100
AcDbEntity
  8
RBAR-T8-B1
100
AcDbVertex
100
AcDb3dPolylineVertex
 10
1044.4
 20
47.0
 30
1685.0
 70
32
  0
VERTEX
  5
440
330
17
100
AcDbEntity
  8
RBAR-T8-B1
100
AcDbVertex
100
AcDb3dPolylineVertex
 10
1044.4
 20
50.2
 30
1685.3
 70
32
  0
VERTEX
  5
441
330
17
100
AcDbEntity
  8
RBAR-T8-B1
100
AcDbVertex
100
AcDb3dPolylineVertex
 10
1044.4
 20
100.7
 30
1685.3
 70
32
  0
VERTEX
  5
442
330
17
100
AcDbEntity
  8
RBAR-T8-B1
100
AcDbVertex
100
AcDb3dPolylineVertex
 10
1044.4
 20
103.8
 30
1685.0
 70
32
  0
VERTEX
  5
443
330
17
100
AcDbEntity
  8
RBAR-T8-B1
100
AcDbVertex
100
AcDb3dPolylineVertex
 10
1044.4
 20
106.9
 30
1684.0
 70
32
  0
VERTEX
  5
444
330
17
100
AcDbEntity
  8
RBAR-T8-B1
100
AcDbVertex
100
AcDb3dPolylineVertex
 10
1044.4
 20
109.7
 30
1682.6
 70
32
  0
VERTEX
  5
445
330
17
100
AcDbEntity
  8
RBAR-T8-B1
100
AcDbVertex
100
AcDb3dPolylineVertex
 10
1044.4
 20
112.1
 30
1680.5
 70
32
  0
VERTEX
  5
446
330
17
100
AcDbEntity
  8
RBAR-T8-B1
100
AcDbVertex
100
AcDb3dPolylineVertex
 10
1044.4
 20
114.1
 30
1678.1
 70
32
  0
VERTEX
  5
447
330
17
100
AcDbEntity
  8
RBAR-T8-B1
100
AcDbVertex
100
AcDb3dPolylineVertex
 10
1044.4
 20
115.6
 30
1675.3
 70
32
  0
VERTEX
  5
448
330
17
100
AcDbEntity
  8
RBAR-T8-B1
100
AcDbVertex
100
AcDb3dPolylineVertex
 10
1044.4
 20
116.5
 30
1672.3
 70
32
  0
VERTEX
  5
449
330
17
100
AcDbEntity
  8
RBAR-T8-B1
100
AcDbVertex
100
AcDb3dPolylineVertex
 10
1044.4
 20
116.9
 30
1669.1
 70
32
  0
VERTEX
  5
44A
330
17
100
AcDbEntity
  8
RBAR-T8-B1
100
AcDbVertex
100
AcDb3dPolylineVertex
 10
1044.4
 20
116.9
 30
1244.7
 70
32
  0
SEQEND
  5
436
330
435
100
AcDbEntity
  8
RBAR-T8-B1
  0
POLYLINE
  5
44B
330
17
100
AcDbEntity
  8
RBAR-T8-B1
100
AcDb3dPolyline
 66
1
 10
0.0
 20
0.0
 30
0.0
 70
8
  0
VERTEX
  5
44D
330
17
100
AcDbEntity
  8
RBAR-T8-B1
100
AcDbVertex
100
AcDb3dPolylineVertex
 10
1462.2
 20
34.0
 30
1244.7
 70
32
  0
VERTEX
  5
44E
330
17
100
AcDbEntity
  8
RBAR-T8-B1
100
AcDbVertex
100
AcDb3dPolylineVertex
 10
1462.2
 20
34.0
 30
1669.1
 70
32
  0
VERTEX
  5
44F
330
17
100
AcDbEntity
  8
RBAR-T8-B1
100
AcDbVertex
100
AcDb3dPolylineVertex
 10
1462.2
 20
34.3
 30
1672.3
 70
32
  0
VERTEX
  5
450
330
17
100
AcDbEntity
  8
RBAR-T8-B1
100
AcDbVertex
100
AcDb3dPolylineVertex
 10
1462.2
 20
35.2
 30
1675.3
 70
32
  0
VERTEX
  5
451
330
17
100
AcDbEntity
  8
RBAR-T8-B1
100
AcDbVertex
100
AcDb3dPolylineVertex
 10
1462.2
 20
36.7
 30
1678.1
 70
32
  0
VERTEX
  5
452
330
17
100
AcDbEntity
  8
RBAR-T8-B1
100
AcDbVertex
100
AcDb3dPolylineVertex
 10
1462.2
 20
38.7
 30
1680.5
 70
32
  0
VERTEX
  5
453
330
17
100
AcDbEntity
  8
RBAR-T8-B1
100
AcDbVertex
100
AcDb3dPolylineVertex
 10
1462.2
 20
41.2
 30
1682.6
 70
32
  0
VERTEX
  5
454
330
17
100
AcDbEntity
  8
RBAR-T8-B1
100
AcDbVertex
100
AcDb3dPolylineVertex
 10
1462.2
 20
44.0
 30
1684.0
 70
32
  0
VERTEX
  5
455
330
17
100
AcDbEntity
  8
RBAR-T8-B1
100
AcDbVertex
100
AcDb3dPolylineVertex
 10
1462.2
 20
47.0
 30
1685.0
 70
32
  0
VERTEX
  5
456
330
17
100
AcDbEntity
  8
RBAR-T8-B1
100
AcDbVertex
100
AcDb3dPolylineVertex
 10
1462.2
 20
50.2
 30
1685.3
 70
32
  0
VERTEX
  5
457
330
17
100
AcDbEntity
  8
RBAR-T8-B1
100
AcDbVertex
100
AcDb3dPolylineVertex
 10
1462.2
 20
100.7
 30
1685.3
 70
32
  0
VERTEX
  5
458
330
17
100
AcDbEntity
  8
RBAR-T8-B1
100
AcDbVertex
100
AcDb3dPolylineVertex
 10
1462.2
 20
103.8
 30
1685.0
 70
32
  0
VERTEX
  5
459
330
17
100
AcDbEntity
  8
RBAR-T8-B1
100
AcDbVertex
100
AcDb3dPolylineVertex
 10
1462.2
 20
106.9
 30
1684.0
 70
32
  0
VERTEX
  5
45A
330
17
100
AcDbEntity
  8
RBAR-T8-B1
100
AcDbVertex
100
AcDb3dPolylineVertex
 10
1462.2
 20
109.7
 30
1682.6
 70
32
  0
VERTEX
  5
45B
330
17
100
AcDbEntity
  8
RBAR-T8-B1
100
AcDbVertex
100
AcDb3dPolylineVertex
 10
1462.2
 20
112.1
 30
1680.5
 70
32
  0
VERTEX
  5
45C
330
17
100
AcDbEntity
  8
RBAR-T8-B1
100
AcDbVertex
100
AcDb3dPolylineVertex
 10
1462.2
 20
114.1
 30
1678.1
 70
32
  0
VERTEX
  5
45D
330
17
100
AcDbEntity
  8
RBAR-T8-B1
100
AcDbVertex
100
AcDb3dPolylineVertex
 10
1462.2
 20
115.6
 30
1675.3
 70
32
  0
VERTEX
  5
45E
330
17
100
AcDbEntity
  8
RBAR-T8-B1
100
AcDbVertex
100
AcDb3dPolylineVertex
 10
1462.2
 20
116.5
 30
1672.3
 70
32
  0
VERTEX
  5
45F
330
17
100
AcDbEntity
  8
RBAR-T8-B1
100
AcDbVertex
100
AcDb3dPolylineVertex
 10
1462.2
 20
116.9
 30
1669.1
 70
32
  0
VERTEX
  5
460
330
17
100
AcDbEntity
  8
RBAR-T8-B1
100
AcDbVertex
100
AcDb3dPolylineVertex
 10
1462.2
 20
116.9
 30
1244.7
 70
32
  0
SEQEND
  5
44C
330
44B
100
AcDbEntity
  8
RBAR-T8-B1
  0
POLYLINE
  5
461
330
17
100
AcDbEntity
  8
RBAR-T8-B1
100
AcDb3dPolyline
 66
1
 10
0.0
 20
0.0
 30
0.0
 70
8
  0
VERTEX
  5
463
330
17
100
AcDbEntity
  8
RBAR-T8-B1
100
AcDbVertex
100
AcDb3dPolylineVertex
 10
1880.0
 20
34.0
 30
1244.7
 70
32
  0
VERTEX
  5
464
330
17
100
AcDbEntity
  8
RBAR-T8-B1
100
AcDbVertex
100
AcDb3dPolylineVertex
 10
1880.0
 20
34.0
 30
1669.1
 70
32
  0
VERTEX
  5
465
330
17
100
AcDbEntity
  8
RBAR-T8-B1
100
AcDbVertex
100
AcDb3dPolylineVertex
 10
1880.0
 20
34.3
 30
1672.3
 70
32
  0
VERTEX
  5
466
330
17
100
AcDbEntity
  8
RBAR-T8-B1
100
AcDbVertex
100
AcDb3dPolylineVertex
 10
1880.0
 20
35.2
 30
1675.3
 70
32
  0
VERTEX
  5
467
330
17
100
AcDbEntity
  8
RBAR-T8-B1
100
AcDbVertex
100
AcDb3dPolylineVertex
 10
1880.0
 20
36.7
 30
1678.1
 70
32
  0
VERTEX
  5
468
330
17
100
AcDbEntity
  8
RBAR-T8-B1
100
AcDbVertex
100
AcDb3dPolylineVertex
 10
1880.0
 20
38.7
 30
1680.5
 70
32
  0
VERTEX
  5
469
330
17
100
AcDbEntity
  8
RBAR-T8-B1
100
AcDbVertex
100
AcDb3dPolylineVertex
 10
1880.0
 20
41.2
 30
1682.6
 70
32
  0
VERTEX
  5
46A
330
17
100
AcDbEntity
  8
RBAR-T8-B1
100
AcDbVertex
100
AcDb3dPolylineVertex
 10
1880.0
 20
44.0
 30
1684.0
 70
32
  0
VERTEX
  5
46B
330
17
100
AcDbEntity
  8
RBAR-T8-B1
100
AcDbVertex
100
AcDb3dPolylineVertex
 10
1880.0
 20
47.0
 30
1685.0
 70
32
  0
VERTEX
  5
46C
330
17
100
AcDbEntity
  8
RBAR-T8-B1
100
AcDbVertex
100
AcDb3dPolylineVertex
 10
1880.0
 20
50.2
 30
1685.3
 70
32
  0
VERTEX
  5
46D
330
17
100
AcDbEntity
  8
RBAR-T8-B1
100
AcDbVertex
100
AcDb3dPolylineVertex
 10
1880.0
 20
100.7
 30
1685.3
 70
32
  0
VERTEX
  5
46E
330
17
100
AcDbEntity
  8
RBAR-T8-B1
100
AcDbVertex
100
AcDb3dPolylineVertex
 10
1880.0
 20
103.8
 30
1685.0
 70
32
  0
VERTEX
  5
46F
330
17
100
AcDbEntity
  8
RBAR-T8-B1
100
AcDbVertex
100
AcDb3dPolylineVertex
 10
1880.0
 20
106.9
 30
1684.0
 70
32
  0
VERTEX
  5
470
330
17
100
AcDbEntity
  8
RBAR-T8-B1
100
AcDbVertex
100
AcDb3dPolylineVertex
 10
1880.0
 20
109.7
 30
1682.6
 70
32
  0
VERTEX
  5
471
330
17
100
AcDbEntity
  8
RBAR-T8-B1
100
AcDbVertex
100
AcDb3dPolylineVertex
 10
1880.0
 20
112.1
 30
1680.5
 70
32
  0
VERTEX
  5
472
330
17
100
AcDbEntity
  8
RBAR-T8-B1
100
AcDbVertex
100
AcDb3dPolylineVertex
 10
1880.0
 20
114.1
 30
1678.1
 70
32
  0
VERTEX
  5
473
330
17
100
AcDbEntity
  8
RBAR-T8-B1
100
AcDbVertex
100
AcDb3dPolylineVertex
 10
1880.0
 20
115.6
 30
1675.3
 70
32
  0
VERTEX
  5
474
330
17
100
AcDbEntity
  8
RBAR-T8-B1
100
AcDbVertex
100
AcDb3dPolylineVertex
 10
1880.0
 20
116.5
 30
1672.3
 70
32
  0
VERTEX
  5
475
330
17
100
AcDbEntity
  8
RBAR-T8-B1
100
AcDbVertex
100
AcDb3dPolylineVertex
 10
1880.0
 20
116.9
 30
1669.1
 70
32
  0
VERTEX
  5
476
330
17
100
AcDbEntity
  8
RBAR-T8-B1
100
AcDbVertex
100
AcDb3dPolylineVertex
 10
1880.0
 20
116.9
 30
1244.7
 70
32
  0
SEQEND
  5
462
330
461
100
AcDbEntity
  8
RBAR-T8-B1
  0
POLYLINE
  5
477
330
17
100
AcDbEntity
  8
RBAR-T8-B1
100
AcDb3dPolyline
 66
1
 10
0.0
 20
0.0
 30
0.0
 70
8
  0
VERTEX
  5
479
330
17
100
AcDbEntity
  8
RBAR-T8-B1
100
AcDbVertex
100
AcDb3dPolylineVertex
 10
2297.8
 20
34.0
 30
1244.7
 70
32
  0
VERTEX
  5
47A
330
17
100
AcDbEntity
  8
RBAR-T8-B1
100
AcDbVertex
100
AcDb3dPolylineVertex
 10
2297.8
 20
34.0
 30
1669.1
 70
32
  0
VERTEX
  5
47B
330
17
100
AcDbEntity
  8
RBAR-T8-B1
100
AcDbVertex
100
AcDb3dPolylineVertex
 10
2297.8
 20
34.3
 30
1672.3
 70
32
  0
VERTEX
  5
47C
330
17
100
AcDbEntity
  8
RBAR-T8-B1
100
AcDbVertex
100
AcDb3dPolylineVertex
 10
2297.8
 20
35.2
 30
1675.3
 70
32
  0
VERTEX
  5
47D
330
17
100
AcDbEntity
  8
RBAR-T8-B1
100
AcDbVertex
100
AcDb3dPolylineVertex
 10
2297.8
 20
36.7
 30
1678.1
 70
32
  0
VERTEX
  5
47E
330
17
100
AcDbEntity
  8
RBAR-T8-B1
100
AcDbVertex
100
AcDb3dPolylineVertex
 10
2297.8
 20
38.7
 30
1680.5
 70
32
  0
VERTEX
  5
47F
330
17
100
AcDbEntity
  8
RBAR-T8-B1
100
AcDbVertex
100
AcDb3dPolylineVertex
 10
2297.8
 20
41.2
 30
1682.6
 70
32
  0
VERTEX
  5
480
330
17
100
AcDbEntity
  8
RBAR-T8-B1
100
AcDbVertex
100
AcDb3dPolylineVertex
 10
2297.8
 20
44.0
 30
1684.0
 70
32
  0
VERTEX
  5
481
330
17
100
AcDbEntity
  8
RBAR-T8-B1
100
AcDbVertex
100
AcDb3dPolylineVertex
 10
2297.8
 20
47.0
 30
1685.0
 70
32
  0
VERTEX
  5
482
330
17
100
AcDbEntity
  8
RBAR-T8-B1
100
AcDbVertex
100
AcDb3dPolylineVertex
 10
2297.8
 20
50.2
 30
1685.3
 70
32
  0
VERTEX
  5
483
330
17
100
AcDbEntity
  8
RBAR-T8-B1
100
AcDbVertex
100
AcDb3dPolylineVertex
 10
2297.8
 20
100.7
 30
1685.3
 70
32
  0
VERTEX
  5
484
330
17
100
AcDbEntity
  8
RBAR-T8-B1
100
AcDbVertex
100
AcDb3dPolylineVertex
 10
2297.8
 20
103.8
 30
1685.0
 70
32
  0
VERTEX
  5
485
330
17
100
AcDbEntity
  8
RBAR-T8-B1
100
AcDbVertex
100
AcDb3dPolylineVertex
 10
2297.8
 20
106.9
 30
1684.0
 70
32
  0
VERTEX
  5
486
330
17
100
AcDbEntity
  8
RBAR-T8-B1
100
AcDbVertex
100
AcDb3dPolylineVertex
 10
2297.8
 20
109.7
 30
1682.6
 70
32
  0
VERTEX
  5
487
330
17
100
AcDbEntity
  8
RBAR-T8-B1
100
AcDbVertex
100
AcDb3dPolylineVertex
 10
2297.8
 20
112.1
 30
1680.5
 70
32
  0
VERTEX
  5
488
330
17
100
AcDbEntity
  8
RBAR-T8-B1
100
AcDbVertex
100
AcDb3dPolylineVertex
 10
2297.8
 20
114.1
 30
1678.1
 70
32
  0
VERTEX
  5
489
330
17
100
AcDbEntity
  8
RBAR-T8-B1
100
AcDbVertex
100
AcDb3dPolylineVertex
 10
2297.8
 20
115.6
 30
1675.3
 70
32
  0
VERTEX
  5
48A
330
17
100
AcDbEntity
  8
RBAR-T8-B1
100
AcDbVertex
100
AcDb3dPolylineVertex
 10
2297.8
 20
116.5
 30
1672.3
 70
32
  0
VERTEX
  5
48B
330
17
100
AcDbEntity
  8
RBAR-T8-B1
100
AcDbVertex
100
AcDb3dPolylineVertex
 10
2297.8
 20
116.9
 30
1669.1
 70
32
  0
VERTEX
  5
48C
330
17
100
AcDbEntity
  8
RBAR-T8-B1
100
AcDbVertex
100
AcDb3dPolylineVertex
 10
2297.8
 20
116.9
 30
1244.7
 70
32
  0
SEQEND
  5
478
330
477
100
AcDbEntity
  8
RBAR-T8-B1
  0
POLYLINE
  5
48D
330
17
100
AcDbEntity
  8
RBAR-T8-B1
100
AcDb3dPolyline
 66
1
 10
0.0
 20
0.0
 30
0.0
 70
8
  0
VERTEX
  5
48F
330
17
100
AcDbEntity
  8
RBAR-T8-B1
100
AcDbVertex
100
AcDb3dPolylineVertex
 10
2715.6
 20
34.0
 30
1244.7
 70
32
  0
VERTEX
  5
490
330
17
100
AcDbEntity
  8
RBAR-T8-B1
100
AcDbVertex
100
AcDb3dPolylineVertex
 10
2715.6
 20
34.0
 30
1669.1
 70
32
  0
VERTEX
  5
491
330
17
100
AcDbEntity
  8
RBAR-T8-B1
100
AcDbVertex
100
AcDb3dPolylineVertex
 10
2715.6
 20
34.3
 30
1672.3
 70
32
  0
VERTEX
  5
492
330
17
100
AcDbEntity
  8
RBAR-T8-B1
100
AcDbVertex
100
AcDb3dPolylineVertex
 10
2715.6
 20
35.2
 30
1675.3
 70
32
  0
VERTEX
  5
493
330
17
100
AcDbEntity
  8
RBAR-T8-B1
100
AcDbVertex
100
AcDb3dPolylineVertex
 10
2715.6
 20
36.7
 30
1678.1
 70
32
  0
VERTEX
  5
494
330
17
100
AcDbEntity
  8
RBAR-T8-B1
100
AcDbVertex
100
AcDb3dPolylineVertex
 10
2715.6
 20
38.7
 30
1680.5
 70
32
  0
VERTEX
  5
495
330
17
100
AcDbEntity
  8
RBAR-T8-B1
100
AcDbVertex
100
AcDb3dPolylineVertex
 10
2715.6
 20
41.2
 30
1682.6
 70
32
  0
VERTEX
  5
496
330
17
100
AcDbEntity
  8
RBAR-T8-B1
100
AcDbVertex
100
AcDb3dPolylineVertex
 10
2715.6
 20
44.0
 30
1684.0
 70
32
  0
VERTEX
  5
497
330
17
100
AcDbEntity
  8
RBAR-T8-B1
100
AcDbVertex
100
AcDb3dPolylineVertex
 10
2715.6
 20
47.0
 30
1685.0
 70
32
  0
VERTEX
  5
498
330
17
100
AcDbEntity
  8
RBAR-T8-B1
100
AcDbVertex
100
AcDb3dPolylineVertex
 10
2715.6
 20
50.2
 30
1685.3
 70
32
  0
VERTEX
  5
499
330
17
100
AcDbEntity
  8
RBAR-T8-B1
100
AcDbVertex
100
AcDb3dPolylineVertex
 10
2715.6
 20
100.7
 30
1685.3
 70
32
  0
VERTEX
  5
49A
330
17
100
AcDbEntity
  8
RBAR-T8-B1
100
AcDbVertex
100
AcDb3dPolylineVertex
 10
2715.6
 20
103.8
 30
1685.0
 70
32
  0
VERTEX
  5
49B
330
17
100
AcDbEntity
  8
RBAR-T8-B1
100
AcDbVertex
100
AcDb3dPolylineVertex
 10
2715.6
 20
106.9
 30
1684.0
 70
32
  0
VERTEX
  5
49C
330
17
100
AcDbEntity
  8
RBAR-T8-B1
100
AcDbVertex
100
AcDb3dPolylineVertex
 10
2715.6
 20
109.7
 30
1682.6
 70
32
  0
VERTEX
  5
49D
330
17
100
AcDbEntity
  8
RBAR-T8-B1
100
AcDbVertex
100
AcDb3dPolylineVertex
 10
2715.6
 20
112.1
 30
1680.5
 70
32
  0
VERTEX
  5
49E
330
17
100
AcDbEntity
  8
RBAR-T8-B1
100
AcDbVertex
100
AcDb3dPolylineVertex
 10
2715.6
 20
114.1
 30
1678.1
 70
32
  0
VERTEX
  5
49F
330
17
100
AcDbEntity
  8
RBAR-T8-B1
100
AcDbVertex
100
AcDb3dPolylineVertex
 10
2715.6
 20
115.6
 30
1675.3
 70
32
  0
VERTEX
  5
4A0
330
17
100
AcDbEntity
  8
RBAR-T8-B1
100
AcDbVertex
100
AcDb3dPolylineVertex
 10
2715.6
 20
116.5
 30
1672.3
 70
32
  0
VERTEX
  5
4A1
330
17
100
AcDbEntity
  8
RBAR-T8-B1
100
AcDbVertex
100
AcDb3dPolylineVertex
 10
2715.6
 20
116.9
 30
1669.1
 70
32
  0
VERTEX
  5
4A2
330
17
100
AcDbEntity
  8
RBAR-T8-B1
100
AcDbVertex
100
AcDb3dPolylineVertex
 10
2715.6
 20
116.9
 30
1244.7
 70
32
  0
SEQEND
  5
48E
330
48D
100
AcDbEntity
  8
RBAR-T8-B1
  0
POLYLINE
  5
4A3
330
17
100
AcDbEntity
  8
RBAR-T8-B1
100
AcDb3dPolyline
 66
1
 10
0.0
 20
0.0
 30
0.0
 70
8
  0
VERTEX
  5
4A5
330
17
100
AcDbEntity
  8
RBAR-T8-B1
100
AcDbVertex
100
AcDb3dPolylineVertex
 10
3133.3
 20
34.0
 30
1244.7
 70
32
  0
VERTEX
  5
4A6
330
17
100
AcDbEntity
  8
RBAR-T8-B1
100
AcDbVertex
100
AcDb3dPolylineVertex
 10
3133.3
 20
34.0
 30
1669.1
 70
32
  0
VERTEX
  5
4A7
330
17
100
AcDbEntity
  8
RBAR-T8-B1
100
AcDbVertex
100
AcDb3dPolylineVertex
 10
3133.3
 20
34.3
 30
1672.3
 70
32
  0
VERTEX
  5
4A8
330
17
100
AcDbEntity
  8
RBAR-T8-B1
100
AcDbVertex
100
AcDb3dPolylineVertex
 10
3133.3
 20
35.2
 30
1675.3
 70
32
  0
VERTEX
  5
4A9
330
17
100
AcDbEntity
  8
RBAR-T8-B1
100
AcDbVertex
100
AcDb3dPolylineVertex
 10
3133.3
 20
36.7
 30
1678.1
 70
32
  0
VERTEX
  5
4AA
330
17
100
AcDbEntity
  8
RBAR-T8-B1
100
AcDbVertex
100
AcDb3dPolylineVertex
 10
3133.3
 20
38.7
 30
1680.5
 70
32
  0
VERTEX
  5
4AB
330
17
100
AcDbEntity
  8
RBAR-T8-B1
100
AcDbVertex
100
AcDb3dPolylineVertex
 10
3133.3
 20
41.2
 30
1682.6
 70
32
  0
VERTEX
  5
4AC
330
17
100
AcDbEntity
  8
RBAR-T8-B1
100
AcDbVertex
100
AcDb3dPolylineVertex
 10
3133.3
 20
44.0
 30
1684.0
 70
32
  0
VERTEX
  5
4AD
330
17
100
AcDbEntity
  8
RBAR-T8-B1
100
AcDbVertex
100
AcDb3dPolylineVertex
 10
3133.3
 20
47.0
 30
1685.0
 70
32
  0
VERTEX
  5
4AE
330
17
100
AcDbEntity
  8
RBAR-T8-B1
100
AcDbVertex
100
AcDb3dPolylineVertex
 10
3133.3
 20
50.2
 30
1685.3
 70
32
  0
VERTEX
  5
4AF
330
17
100
AcDbEntity
  8
RBAR-T8-B1
100
AcDbVertex
100
AcDb3dPolylineVertex
 10
3133.3
 20
100.7
 30
1685.3
 70
32
  0
VERTEX
  5
4B0
330
17
100
AcDbEntity
  8
RBAR-T8-B1
100
AcDbVertex
100
AcDb3dPolylineVertex
 10
3133.3
 20
103.8
 30
1685.0
 70
32
  0
VERTEX
  5
4B1
330
17
100
AcDbEntity
  8
RBAR-T8-B1
100
AcDbVertex
100
AcDb3dPolylineVertex
 10
3133.3
 20
106.9
 30
1684.0
 70
32
  0
VERTEX
  5
4B2
330
17
100
AcDbEntity
  8
RBAR-T8-B1
100
AcDbVertex
100
AcDb3dPolylineVertex
 10
3133.3
 20
109.7
 30
1682.6
 70
32
  0
VERTEX
  5
4B3
330
17
100
AcDbEntity
  8
RBAR-T8-B1
100
AcDbVertex
100
AcDb3dPolylineVertex
 10
3133.3
 20
112.1
 30
1680.5
 70
32
  0
VERTEX
  5
4B4
330
17
100
AcDbEntity
  8
RBAR-T8-B1
100
AcDbVertex
100
AcDb3dPolylineVertex
 10
3133.3
 20
114.1
 30
1678.1
 70
32
  0
VERTEX
  5
4B5
330
17
100
AcDbEntity
  8
RBAR-T8-B1
100
AcDbVertex
100
AcDb3dPolylineVertex
 10
3133.3
 20
115.6
 30
1675.3
 70
32
  0
VERTEX
  5
4B6
330
17
100
AcDbEntity
  8
RBAR-T8-B1
100
AcDbVertex
100
AcDb3dPolylineVertex
 10
3133.3
 20
116.5
 30
1672.3
 70
32
  0
VERTEX
  5
4B7
330
17
100
AcDbEntity
  8
RBAR-T8-B1
100
AcDbVertex
100
AcDb3dPolylineVertex
 10
3133.3
 20
116.9
 30
1669.1
 70
32
  0
VERTEX
  5
4B8
330
17
100
AcDbEntity
  8
RBAR-T8-B1
100
AcDbVertex
100
AcDb3dPolylineVertex
 10
3133.3
 20
116.9
 30
1244.7
 70
32
  0
SEQEND
  5
4A4
330
4A3
100
AcDbEntity
  8
RBAR-T8-B1
  0
POLYLINE
  5
4B9
330
17
100
AcDbEntity
  8
RBAR-T8-B1
100
AcDb3dPolyline
 66
1
 10
0.0
 20
0.0
 30
0.0
 70
8
  0
VERTEX
  5
4BB
330
17
100
AcDbEntity
  8
RBAR-T8-B1
100
AcDbVertex
100
AcDb3dPolylineVertex
 10
3551.1
 20
34.0
 30
1244.7
 70
32
  0
VERTEX
  5
4BC
330
17
100
AcDbEntity
  8
RBAR-T8-B1
100
AcDbVertex
100
AcDb3dPolylineVertex
 10
3551.1
 20
34.0
 30
1669.1
 70
32
  0
VERTEX
  5
4BD
330
17
100
AcDbEntity
  8
RBAR-T8-B1
100
AcDbVertex
100
AcDb3dPolylineVertex
 10
3551.1
 20
34.3
 30
1672.3
 70
32
  0
VERTEX
  5
4BE
330
17
100
AcDbEntity
  8
RBAR-T8-B1
100
AcDbVertex
100
AcDb3dPolylineVertex
 10
3551.1
 20
35.2
 30
1675.3
 70
32
  0
VERTEX
  5
4BF
330
17
100
AcDbEntity
  8
RBAR-T8-B1
100
AcDbVertex
100
AcDb3dPolylineVertex
 10
3551.1
 20
36.7
 30
1678.1
 70
32
  0
VERTEX
  5
4C0
330
17
100
AcDbEntity
  8
RBAR-T8-B1
100
AcDbVertex
100
AcDb3dPolylineVertex
 10
3551.1
 20
38.7
 30
1680.5
 70
32
  0
VERTEX
  5
4C1
330
17
100
AcDbEntity
  8
RBAR-T8-B1
100
AcDbVertex
100
AcDb3dPolylineVertex
 10
3551.1
 20
41.2
 30
1682.6
 70
32
  0
VERTEX
  5
4C2
330
17
100
AcDbEntity
  8
RBAR-T8-B1
100
AcDbVertex
100
AcDb3dPolylineVertex
 10
3551.1
 20
44.0
 30
1684.0
 70
32
  0
VERTEX
  5
4C3
330
17
100
AcDbEntity
  8
RBAR-T8-B1
100
AcDbVertex
100
AcDb3dPolylineVertex
 10
3551.1
 20
47.0
 30
1685.0
 70
32
  0
VERTEX
  5
4C4
330
17
100
AcDbEntity
  8
RBAR-T8-B1
100
AcDbVertex
100
AcDb3dPolylineVertex
 10
3551.1
 20
50.2
 30
1685.3
 70
32
  0
VERTEX
  5
4C5
330
17
100
AcDbEntity
  8
RBAR-T8-B1
100
AcDbVertex
100
AcDb3dPolylineVertex
 10
3551.1
 20
100.7
 30
1685.3
 70
32
  0
VERTEX
  5
4C6
330
17
100
AcDbEntity
  8
RBAR-T8-B1
100
AcDbVertex
100
AcDb3dPolylineVertex
 10
3551.1
 20
103.8
 30
1685.0
 70
32
  0
VERTEX
  5
4C7
330
17
100
AcDbEntity
  8
RBAR-T8-B1
100
AcDbVertex
100
AcDb3dPolylineVertex
 10
3551.1
 20
106.9
 30
1684.0
 70
32
  0
VERTEX
  5
4C8
330
17
100
AcDbEntity
  8
RBAR-T8-B1
100
AcDbVertex
100
AcDb3dPolylineVertex
 10
3551.1
 20
109.7
 30
1682.6
 70
32
  0
VERTEX
  5
4C9
330
17
100
AcDbEntity
  8
RBAR-T8-B1
100
AcDbVertex
100
AcDb3dPolylineVertex
 10
3551.1
 20
112.1
 30
1680.5
 70
32
  0
VERTEX
  5
4CA
330
17
100
AcDbEntity
  8
RBAR-T8-B1
100
AcDbVertex
100
AcDb3dPolylineVertex
 10
3551.1
 20
114.1
 30
1678.1
 70
32
  0
VERTEX
  5
4CB
330
17
100
AcDbEntity
  8
RBAR-T8-B1
100
AcDbVertex
100
AcDb3dPolylineVertex
 10
3551.1
 20
115.6
 30
1675.3
 70
32
  0
VERTEX
  5
4CC
330
17
100
AcDbEntity
  8
RBAR-T8-B1
100
AcDbVertex
100
AcDb3dPolylineVertex
 10
3551.1
 20
116.5
 30
1672.3
 70
32
  0
VERTEX
  5
4CD
330
17
100
AcDbEntity
  8
RBAR-T8-B1
100
AcDbVertex
100
AcDb3dPolylineVertex
 10
3551.1
 20
116.9
 30
1669.1
 70
32
  0
VERTEX
  5
4CE
330
17
100
AcDbEntity
  8
RBAR-T8-B1
100
AcDbVertex
100
AcDb3dPolylineVertex
 10
3551.1
 20
116.9
 30
1244.7
 70
32
  0
SEQEND
  5
4BA
330
4B9
100
AcDbEntity
  8
RBAR-T8-B1
  0
POLYLINE
  5
4CF
330
17
100
AcDbEntity
  8
RBAR-T8-B1
100
AcDb3dPolyline
 66
1
 10
0.0
 20
0.0
 30
0.0
 70
8
  0
VERTEX
  5
4D1
330
17
100
AcDbEntity
  8
RBAR-T8-B1
100
AcDbVertex
100
AcDb3dPolylineVertex
 10
208.9
 20
34.0
 30
1850.1
 70
32
  0
VERTEX
  5
4D2
330
17
100
AcDbEntity
  8
RBAR-T8-B1
100
AcDbVertex
100
AcDb3dPolylineVertex
 10
208.9
 20
34.0
 30
2274.5
 70
32
  0
VERTEX
  5
4D3
330
17
100
AcDbEntity
  8
RBAR-T8-B1
100
AcDbVertex
100
AcDb3dPolylineVertex
 10
208.9
 20
34.3
 30
2277.6
 70
32
  0
VERTEX
  5
4D4
330
17
100
AcDbEntity
  8
RBAR-T8-B1
100
AcDbVertex
100
AcDb3dPolylineVertex
 10
208.9
 20
35.2
 30
2280.7
 70
32
  0
VERTEX
  5
4D5
330
17
100
AcDbEntity
  8
RBAR-T8-B1
100
AcDbVertex
100
AcDb3dPolylineVertex
 10
208.9
 20
36.7
 30
2283.5
 70
32
  0
VERTEX
  5
4D6
330
17
100
AcDbEntity
  8
RBAR-T8-B1
100
AcDbVertex
100
AcDb3dPolylineVertex
 10
208.9
 20
38.7
 30
2285.9
 70
32
  0
VERTEX
  5
4D7
330
17
100
AcDbEntity
  8
RBAR-T8-B1
100
AcDbVertex
100
AcDb3dPolylineVertex
 10
208.9
 20
41.2
 30
2287.9
 70
32
  0
VERTEX
  5
4D8
330
17
100
AcDbEntity
  8
RBAR-T8-B1
100
AcDbVertex
100
AcDb3dPolylineVertex
 10
208.9
 20
44.0
 30
2289.4
 70
32
  0
VERTEX
  5
4D9
330
17
100
AcDbEntity
  8
RBAR-T8-B1
100
AcDbVertex
100
AcDb3dPolylineVertex
 10
208.9
 20
47.0
 30
2290.3
 70
32
  0
VERTEX
  5
4DA
330
17
100
AcDbEntity
  8
RBAR-T8-B1
100
AcDbVertex
100
AcDb3dPolylineVertex
 10
208.9
 20
50.2
 30
2290.6
 70
32
  0
VERTEX
  5
4DB
330
17
100
AcDbEntity
  8
RBAR-T8-B1
100
AcDbVertex
100
AcDb3dPolylineVertex
 10
208.9
 20
100.7
 30
2290.6
 70
32
  0
VERTEX
  5
4DC
330
17
100
AcDbEntity
  8
RBAR-T8-B1
100
AcDbVertex
100
AcDb3dPolylineVertex
 10
208.9
 20
103.8
 30
2290.3
 70
32
  0
VERTEX
  5
4DD
330
17
100
AcDbEntity
  8
RBAR-T8-B1
100
AcDbVertex
100
AcDb3dPolylineVertex
 10
208.9
 20
106.9
 30
2289.4
 70
32
  0
VERTEX
  5
4DE
330
17
100
AcDbEntity
  8
RBAR-T8-B1
100
AcDbVertex
100
AcDb3dPolylineVertex
 10
208.9
 20
109.7
 30
2287.9
 70
32
  0
VERTEX
  5
4DF
330
17
100
AcDbEntity
  8
RBAR-T8-B1
100
AcDbVertex
100
AcDb3dPolylineVertex
 10
208.9
 20
112.1
 30
2285.9
 70
32
  0
VERTEX
  5
4E0
330
17
100
AcDbEntity
  8
RBAR-T8-B1
100
AcDbVertex
100
AcDb3dPolylineVertex
 10
208.9
 20
114.1
 30
2283.5
 70
32
  0
VERTEX
  5
4E1
330
17
100
AcDbEntity
  8
RBAR-T8-B1
100
AcDbVertex
100
AcDb3dPolylineVertex
 10
208.9
 20
115.6
 30
2280.7
 70
32
  0
VERTEX
  5
4E2
330
17
100
AcDbEntity
  8
RBAR-T8-B1
100
AcDbVertex
100
AcDb3dPolylineVertex
 10
208.9
 20
116.5
 30
2277.6
 70
32
  0
VERTEX
  5
4E3
330
17
100
AcDbEntity
  8
RBAR-T8-B1
100
AcDbVertex
100
AcDb3dPolylineVertex
 10
208.9
 20
116.9
 30
2274.5
 70
32
  0
VERTEX
  5
4E4
330
17
100
AcDbEntity
  8
RBAR-T8-B1
100
AcDbVertex
100
AcDb3dPolylineVertex
 10
208.9
 20
116.9
 30
1850.1
 70
32
  0
SEQEND
  5
4D0
330
4CF
100
AcDbEntity
  8
RBAR-T8-B1
  0
POLYLINE
  5
4E5
330
17
100
AcDbEntity
  8
RBAR-T8-B1
100
AcDb3dPolyline
 66
1
 10
0.0
 20
0.0
 30
0.0
 70
8
  0
VERTEX
  5
4E7
330
17
100
AcDbEntity
  8
RBAR-T8-B1
100
AcDbVertex
100
AcDb3dPolylineVertex
 10
626.7
 20
34.0
 30
1850.1
 70
32
  0
VERTEX
  5
4E8
330
17
100
AcDbEntity
  8
RBAR-T8-B1
100
AcDbVertex
100
AcDb3dPolylineVertex
 10
626.7
 20
34.0
 30
2274.5
 70
32
  0
VERTEX
  5
4E9
330
17
100
AcDbEntity
  8
RBAR-T8-B1
100
AcDbVertex
100
AcDb3dPolylineVertex
 10
626.7
 20
34.3
 30
2277.6
 70
32
  0
VERTEX
  5
4EA
330
17
100
AcDbEntity
  8
RBAR-T8-B1
100
AcDbVertex
100
AcDb3dPolylineVertex
 10
626.7
 20
35.2
 30
2280.7
 70
32
  0
VERTEX
  5
4EB
330
17
100
AcDbEntity
  8
RBAR-T8-B1
100
AcDbVertex
100
AcDb3dPolylineVertex
 10
626.7
 20
36.7
 30
2283.5
 70
32
  0
VERTEX
  5
4EC
330
17
100
AcDbEntity
  8
RBAR-T8-B1
100
AcDbVertex
100
AcDb3dPolylineVertex
 10
626.7
 20
38.7
 30
2285.9
 70
32
  0
VERTEX
  5
4ED
330
17
100
AcDbEntity
  8
RBAR-T8-B1
100
AcDbVertex
100
AcDb3dPolylineVertex
 10
626.7
 20
41.2
 30
2287.9
 70
32
  0
VERTEX
  5
4EE
330
17
100
AcDbEntity
  8
RBAR-T8-B1
100
AcDbVertex
100
AcDb3dPolylineVertex
 10
626.7
 20
44.0
 30
2289.4
 70
32
  0
VERTEX
  5
4EF
330
17
100
AcDbEntity
  8
RBAR-T8-B1
100
AcDbVertex
100
AcDb3dPolylineVertex
 10
626.7
 20
47.0
 30
2290.3
 70
32
  0
VERTEX
  5
4F0
330
17
100
AcDbEntity
  8
RBAR-T8-B1
100
AcDbVertex
100
AcDb3dPolylineVertex
 10
626.7
 20
50.2
 30
2290.6
 70
32
  0
VERTEX
  5
4F1
330
17
100
AcDbEntity
  8
RBAR-T8-B1
100
AcDbVertex
100
AcDb3dPolylineVertex
 10
626.7
 20
100.7
 30
2290.6
 70
32
  0
VERTEX
  5
4F2
330
17
100
AcDbEntity
  8
RBAR-T8-B1
100
AcDbVertex
100
AcDb3dPolylineVertex
 10
626.7
 20
103.8
 30
2290.3
 70
32
  0
VERTEX
  5
4F3
330
17
100
AcDbEntity
  8
RBAR-T8-B1
100
AcDbVertex
100
AcDb3dPolylineVertex
 10
626.7
 20
106.9
 30
2289.4
 70
32
  0
VERTEX
  5
4F4
330
17
100
AcDbEntity
  8
RBAR-T8-B1
100
AcDbVertex
100
AcDb3dPolylineVertex
 10
626.7
 20
109.7
 30
2287.9
 70
32
  0
VERTEX
  5
4F5
330
17
100
AcDbEntity
  8
RBAR-T8-B1
100
AcDbVertex
100
AcDb3dPolylineVertex
 10
626.7
 20
112.1
 30
2285.9
 70
32
  0
VERTEX
  5
4F6
330
17
100
AcDbEntity
  8
RBAR-T8-B1
100
AcDbVertex
100
AcDb3dPolylineVertex
 10
626.7
 20
114.1
 30
2283.5
 70
32
  0
VERTEX
  5
4F7
330
17
100
AcDbEntity
  8
RBAR-T8-B1
100
AcDbVertex
100
AcDb3dPolylineVertex
 10
626.7
 20
115.6
 30
2280.7
 70
32
  0
VERTEX
  5
4F8
330
17
100
AcDbEntity
  8
RBAR-T8-B1
100
AcDbVertex
100
AcDb3dPolylineVertex
 10
626.7
 20
116.5
 30
2277.6
 70
32
  0
VERTEX
  5
4F9
330
17
100
AcDbEntity
  8
RBAR-T8-B1
100
AcDbVertex
100
AcDb3dPolylineVertex
 10
626.7
 20
116.9
 30
2274.5
 70
32
  0
VERTEX
  5
4FA
330
17
100
AcDbEntity
  8
RBAR-T8-B1
100
AcDbVertex
100
AcDb3dPolylineVertex
 10
626.7
 20
116.9
 30
1850.1
 70
32
  0
SEQEND
  5
4E6
330
4E5
100
AcDbEntity
  8
RBAR-T8-B1
  0
POLYLINE
  5
4FB
330
17
100
AcDbEntity
  8
RBAR-T8-B1
100
AcDb3dPolyline
 66
1
 10
0.0
 20
0.0
 30
0.0
 70
8
  0
VERTEX
  5
4FD
330
17
100
AcDbEntity
  8
RBAR-T8-B1
100
AcDbVertex
100
AcDb3dPolylineVertex
 10
1044.4
 20
34.0
 30
1850.1
 70
32
  0
VERTEX
  5
4FE
330
17
100
AcDbEntity
  8
RBAR-T8-B1
100
AcDbVertex
100
AcDb3dPolylineVertex
 10
1044.4
 20
34.0
 30
2274.5
 70
32
  0
VERTEX
  5
4FF
330
17
100
AcDbEntity
  8
RBAR-T8-B1
100
AcDbVertex
100
AcDb3dPolylineVertex
 10
1044.4
 20
34.3
 30
2277.6
 70
32
  0
VERTEX
  5
500
330
17
100
AcDbEntity
  8
RBAR-T8-B1
100
AcDbVertex
100
AcDb3dPolylineVertex
 10
1044.4
 20
35.2
 30
2280.7
 70
32
  0
VERTEX
  5
501
330
17
100
AcDbEntity
  8
RBAR-T8-B1
100
AcDbVertex
100
AcDb3dPolylineVertex
 10
1044.4
 20
36.7
 30
2283.5
 70
32
  0
VERTEX
  5
502
330
17
100
AcDbEntity
  8
RBAR-T8-B1
100
AcDbVertex
100
AcDb3dPolylineVertex
 10
1044.4
 20
38.7
 30
2285.9
 70
32
  0
VERTEX
  5
503
330
17
100
AcDbEntity
  8
RBAR-T8-B1
100
AcDbVertex
100
AcDb3dPolylineVertex
 10
1044.4
 20
41.2
 30
2287.9
 70
32
  0
VERTEX
  5
504
330
17
100
AcDbEntity
  8
RBAR-T8-B1
100
AcDbVertex
100
AcDb3dPolylineVertex
 10
1044.4
 20
44.0
 30
2289.4
 70
32
  0
VERTEX
  5
505
330
17
100
AcDbEntity
  8
RBAR-T8-B1
100
AcDbVertex
100
AcDb3dPolylineVertex
 10
1044.4
 20
47.0
 30
2290.3
 70
32
  0
VERTEX
  5
506
330
17
100
AcDbEntity
  8
RBAR-T8-B1
100
AcDbVertex
100
AcDb3dPolylineVertex
 10
1044.4
 20
50.2
 30
2290.6
 70
32
  0
VERTEX
  5
507
330
17
100
AcDbEntity
  8
RBAR-T8-B1
100
AcDbVertex
100
AcDb3dPolylineVertex
 10
1044.4
 20
100.7
 30
2290.6
 70
32
  0
VERTEX
  5
508
330
17
100
AcDbEntity
  8
RBAR-T8-B1
100
AcDbVertex
100
AcDb3dPolylineVertex
 10
1044.4
 20
103.8
 30
2290.3
 70
32
  0
VERTEX
  5
509
330
17
100
AcDbEntity
  8
RBAR-T8-B1
100
AcDbVertex
100
AcDb3dPolylineVertex
 10
1044.4
 20
106.9
 30
2289.4
 70
32
  0
VERTEX
  5
50A
330
17
100
AcDbEntity
  8
RBAR-T8-B1
100
AcDbVertex
100
AcDb3dPolylineVertex
 10
1044.4
 20
109.7
 30
2287.9
 70
32
  0
VERTEX
  5
50B
330
17
100
AcDbEntity
  8
RBAR-T8-B1
100
AcDbVertex
100
AcDb3dPolylineVertex
 10
1044.4
 20
112.1
 30
2285.9
 70
32
  0
VERTEX
  5
50C
330
17
100
AcDbEntity
  8
RBAR-T8-B1
100
AcDbVertex
100
AcDb3dPolylineVertex
 10
1044.4
 20
114.1
 30
2283.5
 70
32
  0
VERTEX
  5
50D
330
17
100
AcDbEntity
  8
RBAR-T8-B1
100
AcDbVertex
100
AcDb3dPolylineVertex
 10
1044.4
 20
115.6
 30
2280.7
 70
32
  0
VERTEX
  5
50E
330
17
100
AcDbEntity
  8
RBAR-T8-B1
100
AcDbVertex
100
AcDb3dPolylineVertex
 10
1044.4
 20
116.5
 30
2277.6
 70
32
  0
VERTEX
  5
50F
330
17
100
AcDbEntity
  8
RBAR-T8-B1
100
AcDbVertex
100
AcDb3dPolylineVertex
 10
1044.4
 20
116.9
 30
2274.5
 70
32
  0
VERTEX
  5
510
330
17
100
AcDbEntity
  8
RBAR-T8-B1
100
AcDbVertex
100
AcDb3dPolylineVertex
 10
1044.4
 20
116.9
 30
1850.1
 70
32
  0
SEQEND
  5
4FC
330
4FB
100
AcDbEntity
  8
RBAR-T8-B1
  0
POLYLINE
  5
511
330
17
100
AcDbEntity
  8
RBAR-T8-B1
100
AcDb3dPolyline
 66
1
 10
0.0
 20
0.0
 30
0.0
 70
8
  0
VERTEX
  5
513
330
17
100
AcDbEntity
  8
RBAR-T8-B1
100
AcDbVertex
100
AcDb3dPolylineVertex
 10
1462.2
 20
34.0
 30
1850.1
 70
32
  0
VERTEX
  5
514
330
17
100
AcDbEntity
  8
RBAR-T8-B1
100
AcDbVertex
100
AcDb3dPolylineVertex
 10
1462.2
 20
34.0
 30
2274.5
 70
32
  0
VERTEX
  5
515
330
17
100
AcDbEntity
  8
RBAR-T8-B1
100
AcDbVertex
100
AcDb3dPolylineVertex
 10
1462.2
 20
34.3
 30
2277.6
 70
32
  0
VERTEX
  5
516
330
17
100
AcDbEntity
  8
RBAR-T8-B1
100
AcDbVertex
100
AcDb3dPolylineVertex
 10
1462.2
 20
35.2
 30
2280.7
 70
32
  0
VERTEX
  5
517
330
17
100
AcDbEntity
  8
RBAR-T8-B1
100
AcDbVertex
100
AcDb3dPolylineVertex
 10
1462.2
 20
36.7
 30
2283.5
 70
32
  0
VERTEX
  5
518
330
17
100
AcDbEntity
  8
RBAR-T8-B1
100
AcDbVertex
100
AcDb3dPolylineVertex
 10
1462.2
 20
38.7
 30
2285.9
 70
32
  0
VERTEX
  5
519
330
17
100
AcDbEntity
  8
RBAR-T8-B1
100
AcDbVertex
100
AcDb3dPolylineVertex
 10
1462.2
 20
41.2
 30
2287.9
 70
32
  0
VERTEX
  5
51A
330
17
100
AcDbEntity
  8
RBAR-T8-B1
100
AcDbVertex
100
AcDb3dPolylineVertex
 10
1462.2
 20
44.0
 30
2289.4
 70
32
  0
VERTEX
  5
51B
330
17
100
AcDbEntity
  8
RBAR-T8-B1
100
AcDbVertex
100
AcDb3dPolylineVertex
 10
1462.2
 20
47.0
 30
2290.3
 70
32
  0
VERTEX
  5
51C
330
17
100
AcDbEntity
  8
RBAR-T8-B1
100
AcDbVertex
100
AcDb3dPolylineVertex
 10
1462.2
 20
50.2
 30
2290.6
 70
32
  0
VERTEX
  5
51D
330
17
100
AcDbEntity
  8
RBAR-T8-B1
100
AcDbVertex
100
AcDb3dPolylineVertex
 10
1462.2
 20
100.7
 30
2290.6
 70
32
  0
VERTEX
  5
51E
330
17
100
AcDbEntity
  8
RBAR-T8-B1
100
AcDbVertex
100
AcDb3dPolylineVertex
 10
1462.2
 20
103.8
 30
2290.3
 70
32
  0
VERTEX
  5
51F
330
17
100
AcDbEntity
  8
RBAR-T8-B1
100
AcDbVertex
100
AcDb3dPolylineVertex
 10
1462.2
 20
106.9
 30
2289.4
 70
32
  0
VERTEX
  5
520
330
17
100
AcDbEntity
  8
RBAR-T8-B1
100
AcDbVertex
100
AcDb3dPolylineVertex
 10
1462.2
 20
109.7
 30
2287.9
 70
32
  0
VERTEX
  5
521
330
17
100
AcDbEntity
  8
RBAR-T8-B1
100
AcDbVertex
100
AcDb3dPolylineVertex
 10
1462.2
 20
112.1
 30
2285.9
 70
32
  0
VERTEX
  5
522
330
17
100
AcDbEntity
  8
RBAR-T8-B1
100
AcDbVertex
100
AcDb3dPolylineVertex
 10
1462.2
 20
114.1
 30
2283.5
 70
32
  0
VERTEX
  5
523
330
17
100
AcDbEntity
  8
RBAR-T8-B1
100
AcDbVertex
100
AcDb3dPolylineVertex
 10
1462.2
 20
115.6
 30
2280.7
 70
32
  0
VERTEX
  5
524
330
17
100
AcDbEntity
  8
RBAR-T8-B1
100
AcDbVertex
100
AcDb3dPolylineVertex
 10
1462.2
 20
116.5
 30
2277.6
 70
32
  0
VERTEX
  5
525
330
17
100
AcDbEntity
  8
RBAR-T8-B1
100
AcDbVertex
100
AcDb3dPolylineVertex
 10
1462.2
 20
116.9
 30
2274.5
 70
32
  0
VERTEX
  5
526
330
17
100
AcDbEntity
  8
RBAR-T8-B1
100
AcDbVertex
100
AcDb3dPolylineVertex
 10
1462.2
 20
116.9
 30
1850.1
 70
32
  0
SEQEND
  5
512
330
511
100
AcDbEntity
  8
RBAR-T8-B1
  0
POLYLINE
  5
527
330
17
100
AcDbEntity
  8
RBAR-T8-B1
100
AcDb3dPolyline
 66
1
 10
0.0
 20
0.0
 30
0.0
 70
8
  0
VERTEX
  5
529
330
17
100
AcDbEntity
  8
RBAR-T8-B1
100
AcDbVertex
100
AcDb3dPolylineVertex
 10
1880.0
 20
34.0
 30
1850.1
 70
32
  0
VERTEX
  5
52A
330
17
100
AcDbEntity
  8
RBAR-T8-B1
100
AcDbVertex
100
AcDb3dPolylineVertex
 10
1880.0
 20
34.0
 30
2274.5
 70
32
  0
VERTEX
  5
52B
330
17
100
AcDbEntity
  8
RBAR-T8-B1
100
AcDbVertex
100
AcDb3dPolylineVertex
 10
1880.0
 20
34.3
 30
2277.6
 70
32
  0
VERTEX
  5
52C
330
17
100
AcDbEntity
  8
RBAR-T8-B1
100
AcDbVertex
100
AcDb3dPolylineVertex
 10
1880.0
 20
35.2
 30
2280.7
 70
32
  0
VERTEX
  5
52D
330
17
100
AcDbEntity
  8
RBAR-T8-B1
100
AcDbVertex
100
AcDb3dPolylineVertex
 10
1880.0
 20
36.7
 30
2283.5
 70
32
  0
VERTEX
  5
52E
330
17
100
AcDbEntity
  8
RBAR-T8-B1
100
AcDbVertex
100
AcDb3dPolylineVertex
 10
1880.0
 20
38.7
 30
2285.9
 70
32
  0
VERTEX
  5
52F
330
17
100
AcDbEntity
  8
RBAR-T8-B1
100
AcDbVertex
100
AcDb3dPolylineVertex
 10
1880.0
 20
41.2
 30
2287.9
 70
32
  0
VERTEX
  5
530
330
17
100
AcDbEntity
  8
RBAR-T8-B1
100
AcDbVertex
100
AcDb3dPolylineVertex
 10
1880.0
 20
44.0
 30
2289.4
 70
32
  0
VERTEX
  5
531
330
17
100
AcDbEntity
  8
RBAR-T8-B1
100
AcDbVertex
100
AcDb3dPolylineVertex
 10
1880.0
 20
47.0
 30
2290.3
 70
32
  0
VERTEX
  5
532
330
17
100
AcDbEntity
  8
RBAR-T8-B1
100
AcDbVertex
100
AcDb3dPolylineVertex
 10
1880.0
 20
50.2
 30
2290.6
 70
32
  0
VERTEX
  5
533
330
17
100
AcDbEntity
  8
RBAR-T8-B1
100
AcDbVertex
100
AcDb3dPolylineVertex
 10
1880.0
 20
100.7
 30
2290.6
 70
32
  0
VERTEX
  5
534
330
17
100
AcDbEntity
  8
RBAR-T8-B1
100
AcDbVertex
100
AcDb3dPolylineVertex
 10
1880.0
 20
103.8
 30
2290.3
 70
32
  0
VERTEX
  5
535
330
17
100
AcDbEntity
  8
RBAR-T8-B1
100
AcDbVertex
100
AcDb3dPolylineVertex
 10
1880.0
 20
106.9
 30
2289.4
 70
32
  0
VERTEX
  5
536
330
17
100
AcDbEntity
  8
RBAR-T8-B1
100
AcDbVertex
100
AcDb3dPolylineVertex
 10
1880.0
 20
109.7
 30
2287.9
 70
32
  0
VERTEX
  5
537
330
17
100
AcDbEntity
  8
RBAR-T8-B1
100
AcDbVertex
100
AcDb3dPolylineVertex
 10
1880.0
 20
112.1
 30
2285.9
 70
32
  0
VERTEX
  5
538
330
17
100
AcDbEntity
  8
RBAR-T8-B1
100
AcDbVertex
100
AcDb3dPolylineVertex
 10
1880.0
 20
114.1
 30
2283.5
 70
32
  0
VERTEX
  5
539
330
17
100
AcDbEntity
  8
RBAR-T8-B1
100
AcDbVertex
100
AcDb3dPolylineVertex
 10
1880.0
 20
115.6
 30
2280.7
 70
32
  0
VERTEX
  5
53A
330
17
100
AcDbEntity
  8
RBAR-T8-B1
100
AcDbVertex
100
AcDb3dPolylineVertex
 10
1880.0
 20
116.5
 30
2277.6
 70
32
  0
VERTEX
  5
53B
330
17
100
AcDbEntity
  8
RBAR-T8-B1
100
AcDbVertex
100
AcDb3dPolylineVertex
 10
1880.0
 20
116.9
 30
2274.5
 70
32
  0
VERTEX
  5
53C
330
17
100
AcDbEntity
  8
RBAR-T8-B1
100
AcDbVertex
100
AcDb3dPolylineVertex
 10
1880.0
 20
116.9
 30
1850.1
 70
32
  0
SEQEND
  5
528
330
527
100
AcDbEntity
  8
RBAR-T8-B1
  0
POLYLINE
  5
53D
330
17
100
AcDbEntity
  8
RBAR-T8-B1
100
AcDb3dPolyline
 66
1
 10
0.0
 20
0.0
 30
0.0
 70
8
  0
VERTEX
  5
53F
330
17
100
AcDbEntity
  8
RBAR-T8-B1
100
AcDbVertex
100
AcDb3dPolylineVertex
 10
2297.8
 20
34.0
 30
1850.1
 70
32
  0
VERTEX
  5
540
330
17
100
AcDbEntity
  8
RBAR-T8-B1
100
AcDbVertex
100
AcDb3dPolylineVertex
 10
2297.8
 20
34.0
 30
2274.5
 70
32
  0
VERTEX
  5
541
330
17
100
AcDbEntity
  8
RBAR-T8-B1
100
AcDbVertex
100
AcDb3dPolylineVertex
 10
2297.8
 20
34.3
 30
2277.6
 70
32
  0
VERTEX
  5
542
330
17
100
AcDbEntity
  8
RBAR-T8-B1
100
AcDbVertex
100
AcDb3dPolylineVertex
 10
2297.8
 20
35.2
 30
2280.7
 70
32
  0
VERTEX
  5
543
330
17
100
AcDbEntity
  8
RBAR-T8-B1
100
AcDbVertex
100
AcDb3dPolylineVertex
 10
2297.8
 20
36.7
 30
2283.5
 70
32
  0
VERTEX
  5
544
330
17
100
AcDbEntity
  8
RBAR-T8-B1
100
AcDbVertex
100
AcDb3dPolylineVertex
 10
2297.8
 20
38.7
 30
2285.9
 70
32
  0
VERTEX
  5
545
330
17
100
AcDbEntity
  8
RBAR-T8-B1
100
AcDbVertex
100
AcDb3dPolylineVertex
 10
2297.8
 20
41.2
 30
2287.9
 70
32
  0
VERTEX
  5
546
330
17
100
AcDbEntity
  8
RBAR-T8-B1
100
AcDbVertex
100
AcDb3dPolylineVertex
 10
2297.8
 20
44.0
 30
2289.4
 70
32
  0
VERTEX
  5
547
330
17
100
AcDbEntity
  8
RBAR-T8-B1
100
AcDbVertex
100
AcDb3dPolylineVertex
 10
2297.8
 20
47.0
 30
2290.3
 70
32
  0
VERTEX
  5
548
330
17
100
AcDbEntity
  8
RBAR-T8-B1
100
AcDbVertex
100
AcDb3dPolylineVertex
 10
2297.8
 20
50.2
 30
2290.6
 70
32
  0
VERTEX
  5
549
330
17
100
AcDbEntity
  8
RBAR-T8-B1
100
AcDbVertex
100
AcDb3dPolylineVertex
 10
2297.8
 20
100.7
 30
2290.6
 70
32
  0
VERTEX
  5
54A
330
17
100
AcDbEntity
  8
RBAR-T8-B1
100
AcDbVertex
100
AcDb3dPolylineVertex
 10
2297.8
 20
103.8
 30
2290.3
 70
32
  0
VERTEX
  5
54B
330
17
100
AcDbEntity
  8
RBAR-T8-B1
100
AcDbVertex
100
AcDb3dPolylineVertex
 10
2297.8
 20
106.9
 30
2289.4
 70
32
  0
VERTEX
  5
54C
330
17
100
AcDbEntity
  8
RBAR-T8-B1
100
AcDbVertex
100
AcDb3dPolylineVertex
 10
2297.8
 20
109.7
 30
2287.9
 70
32
  0
VERTEX
  5
54D
330
17
100
AcDbEntity
  8
RBAR-T8-B1
100
AcDbVertex
100
AcDb3dPolylineVertex
 10
2297.8
 20
112.1
 30
2285.9
 70
32
  0
VERTEX
  5
54E
330
17
100
AcDbEntity
  8
RBAR-T8-B1
100
AcDbVertex
100
AcDb3dPolylineVertex
 10
2297.8
 20
114.1
 30
2283.5
 70
32
  0
VERTEX
  5
54F
330
17
100
AcDbEntity
  8
RBAR-T8-B1
100
AcDbVertex
100
AcDb3dPolylineVertex
 10
2297.8
 20
115.6
 30
2280.7
 70
32
  0
VERTEX
  5
550
330
17
100
AcDbEntity
  8
RBAR-T8-B1
100
AcDbVertex
100
AcDb3dPolylineVertex
 10
2297.8
 20
116.5
 30
2277.6
 70
32
  0
VERTEX
  5
551
330
17
100
AcDbEntity
  8
RBAR-T8-B1
100
AcDbVertex
100
AcDb3dPolylineVertex
 10
2297.8
 20
116.9
 30
2274.5
 70
32
  0
VERTEX
  5
552
330
17
100
AcDbEntity
  8
RBAR-T8-B1
100
AcDbVertex
100
AcDb3dPolylineVertex
 10
2297.8
 20
116.9
 30
1850.1
 70
32
  0
SEQEND
  5
53E
330
53D
100
AcDbEntity
  8
RBAR-T8-B1
  0
POLYLINE
  5
553
330
17
100
AcDbEntity
  8
RBAR-T8-B1
100
AcDb3dPolyline
 66
1
 10
0.0
 20
0.0
 30
0.0
 70
8
  0
VERTEX
  5
555
330
17
100
AcDbEntity
  8
RBAR-T8-B1
100
AcDbVertex
100
AcDb3dPolylineVertex
 10
2715.6
 20
34.0
 30
1850.1
 70
32
  0
VERTEX
  5
556
330
17
100
AcDbEntity
  8
RBAR-T8-B1
100
AcDbVertex
100
AcDb3dPolylineVertex
 10
2715.6
 20
34.0
 30
2274.5
 70
32
  0
VERTEX
  5
557
330
17
100
AcDbEntity
  8
RBAR-T8-B1
100
AcDbVertex
100
AcDb3dPolylineVertex
 10
2715.6
 20
34.3
 30
2277.6
 70
32
  0
VERTEX
  5
558
330
17
100
AcDbEntity
  8
RBAR-T8-B1
100
AcDbVertex
100
AcDb3dPolylineVertex
 10
2715.6
 20
35.2
 30
2280.7
 70
32
  0
VERTEX
  5
559
330
17
100
AcDbEntity
  8
RBAR-T8-B1
100
AcDbVertex
100
AcDb3dPolylineVertex
 10
2715.6
 20
36.7
 30
2283.5
 70
32
  0
VERTEX
  5
55A
330
17
100
AcDbEntity
  8
RBAR-T8-B1
100
AcDbVertex
100
AcDb3dPolylineVertex
 10
2715.6
 20
38.7
 30
2285.9
 70
32
  0
VERTEX
  5
55B
330
17
100
AcDbEntity
  8
RBAR-T8-B1
100
AcDbVertex
100
AcDb3dPolylineVertex
 10
2715.6
 20
41.2
 30
2287.9
 70
32
  0
VERTEX
  5
55C
330
17
100
AcDbEntity
  8
RBAR-T8-B1
100
AcDbVertex
100
AcDb3dPolylineVertex
 10
2715.6
 20
44.0
 30
2289.4
 70
32
  0
VERTEX
  5
55D
330
17
100
AcDbEntity
  8
RBAR-T8-B1
100
AcDbVertex
100
AcDb3dPolylineVertex
 10
2715.6
 20
47.0
 30
2290.3
 70
32
  0
VERTEX
  5
55E
330
17
100
AcDbEntity
  8
RBAR-T8-B1
100
AcDbVertex
100
AcDb3dPolylineVertex
 10
2715.6
 20
50.2
 30
2290.6
 70
32
  0
VERTEX
  5
55F
330
17
100
AcDbEntity
  8
RBAR-T8-B1
100
AcDbVertex
100
AcDb3dPolylineVertex
 10
2715.6
 20
100.7
 30
2290.6
 70
32
  0
VERTEX
  5
560
330
17
100
AcDbEntity
  8
RBAR-T8-B1
100
AcDbVertex
100
AcDb3dPolylineVertex
 10
2715.6
 20
103.8
 30
2290.3
 70
32
  0
VERTEX
  5
561
330
17
100
AcDbEntity
  8
RBAR-T8-B1
100
AcDbVertex
100
AcDb3dPolylineVertex
 10
2715.6
 20
106.9
 30
2289.4
 70
32
  0
VERTEX
  5
562
330
17
100
AcDbEntity
  8
RBAR-T8-B1
100
AcDbVertex
100
AcDb3dPolylineVertex
 10
2715.6
 20
109.7
 30
2287.9
 70
32
  0
VERTEX
  5
563
330
17
100
AcDbEntity
  8
RBAR-T8-B1
100
AcDbVertex
100
AcDb3dPolylineVertex
 10
2715.6
 20
112.1
 30
2285.9
 70
32
  0
VERTEX
  5
564
330
17
100
AcDbEntity
  8
RBAR-T8-B1
100
AcDbVertex
100
AcDb3dPolylineVertex
 10
2715.6
 20
114.1
 30
2283.5
 70
32
  0
VERTEX
  5
565
330
17
100
AcDbEntity
  8
RBAR-T8-B1
100
AcDbVertex
100
AcDb3dPolylineVertex
 10
2715.6
 20
115.6
 30
2280.7
 70
32
  0
VERTEX
  5
566
330
17
100
AcDbEntity
  8
RBAR-T8-B1
100
AcDbVertex
100
AcDb3dPolylineVertex
 10
2715.6
 20
116.5
 30
2277.6
 70
32
  0
VERTEX
  5
567
330
17
100
AcDbEntity
  8
RBAR-T8-B1
100
AcDbVertex
100
AcDb3dPolylineVertex
 10
2715.6
 20
116.9
 30
2274.5
 70
32
  0
VERTEX
  5
568
330
17
100
AcDbEntity
  8
RBAR-T8-B1
100
AcDbVertex
100
AcDb3dPolylineVertex
 10
2715.6
 20
116.9
 30
1850.1
 70
32
  0
SEQEND
  5
554
330
553
100
AcDbEntity
  8
RBAR-T8-B1
  0
POLYLINE
  5
569
330
17
100
AcDbEntity
  8
RBAR-T8-B1
100
AcDb3dPolyline
 66
1
 10
0.0
 20
0.0
 30
0.0
 70
8
  0
VERTEX
  5
56B
330
17
100
AcDbEntity
  8
RBAR-T8-B1
100
AcDbVertex
100
AcDb3dPolylineVertex
 10
3133.3
 20
34.0
 30
1850.1
 70
32
  0
VERTEX
  5
56C
330
17
100
AcDbEntity
  8
RBAR-T8-B1
100
AcDbVertex
100
AcDb3dPolylineVertex
 10
3133.3
 20
34.0
 30
2274.5
 70
32
  0
VERTEX
  5
56D
330
17
100
AcDbEntity
  8
RBAR-T8-B1
100
AcDbVertex
100
AcDb3dPolylineVertex
 10
3133.3
 20
34.3
 30
2277.6
 70
32
  0
VERTEX
  5
56E
330
17
100
AcDbEntity
  8
RBAR-T8-B1
100
AcDbVertex
100
AcDb3dPolylineVertex
 10
3133.3
 20
35.2
 30
2280.7
 70
32
  0
VERTEX
  5
56F
330
17
100
AcDbEntity
  8
RBAR-T8-B1
100
AcDbVertex
100
AcDb3dPolylineVertex
 10
3133.3
 20
36.7
 30
2283.5
 70
32
  0
VERTEX
  5
570
330
17
100
AcDbEntity
  8
RBAR-T8-B1
100
AcDbVertex
100
AcDb3dPolylineVertex
 10
3133.3
 20
38.7
 30
2285.9
 70
32
  0
VERTEX
  5
571
330
17
100
AcDbEntity
  8
RBAR-T8-B1
100
AcDbVertex
100
AcDb3dPolylineVertex
 10
3133.3
 20
41.2
 30
2287.9
 70
32
  0
VERTEX
  5
572
330
17
100
AcDbEntity
  8
RBAR-T8-B1
100
AcDbVertex
100
AcDb3dPolylineVertex
 10
3133.3
 20
44.0
 30
2289.4
 70
32
  0
VERTEX
  5
573
330
17
100
AcDbEntity
  8
RBAR-T8-B1
100
AcDbVertex
100
AcDb3dPolylineVertex
 10
3133.3
 20
47.0
 30
2290.3
 70
32
  0
VERTEX
  5
574
330
17
100
AcDbEntity
  8
RBAR-T8-B1
100
AcDbVertex
100
AcDb3dPolylineVertex
 10
3133.3
 20
50.2
 30
2290.6
 70
32
  0
VERTEX
  5
575
330
17
100
AcDbEntity
  8
RBAR-T8-B1
100
AcDbVertex
100
AcDb3dPolylineVertex
 10
3133.3
 20
100.7
 30
2290.6
 70
32
  0
VERTEX
  5
576
330
17
100
AcDbEntity
  8
RBAR-T8-B1
100
AcDbVertex
100
AcDb3dPolylineVertex
 10
3133.3
 20
103.8
 30
2290.3
 70
32
  0
VERTEX
  5
577
330
17
100
AcDbEntity
  8
RBAR-T8-B1
100
AcDbVertex
100
AcDb3dPolylineVertex
 10
3133.3
 20
106.9
 30
2289.4
 70
32
  0
VERTEX
  5
578
330
17
100
AcDbEntity
  8
RBAR-T8-B1
100
AcDbVertex
100
AcDb3dPolylineVertex
 10
3133.3
 20
109.7
 30
2287.9
 70
32
  0
VERTEX
  5
579
330
17
100
AcDbEntity
  8
RBAR-T8-B1
100
AcDbVertex
100
AcDb3dPolylineVertex
 10
3133.3
 20
112.1
 30
2285.9
 70
32
  0
VERTEX
  5
57A
330
17
100
AcDbEntity
  8
RBAR-T8-B1
100
AcDbVertex
100
AcDb3dPolylineVertex
 10
3133.3
 20
114.1
 30
2283.5
 70
32
  0
VERTEX
  5
57B
330
17
100
AcDbEntity
  8
RBAR-T8-B1
100
AcDbVertex
100
AcDb3dPolylineVertex
 10
3133.3
 20
115.6
 30
2280.7
 70
32
  0
VERTEX
  5
57C
330
17
100
AcDbEntity
  8
RBAR-T8-B1
100
AcDbVertex
100
AcDb3dPolylineVertex
 10
3133.3
 20
116.5
 30
2277.6
 70
32
  0
VERTEX
  5
57D
330
17
100
AcDbEntity
  8
RBAR-T8-B1
100
AcDbVertex
100
AcDb3dPolylineVertex
 10
3133.3
 20
116.9
 30
2274.5
 70
32
  0
VERTEX
  5
57E
330
17
100
AcDbEntity
  8
RBAR-T8-B1
100
AcDbVertex
100
AcDb3dPolylineVertex
 10
3133.3
 20
116.9
 30
1850.1
 70
32
  0
SEQEND
  5
56A
330
569
100
AcDbEntity
  8
RBAR-T8-B1
  0
POLYLINE
  5
57F
330
17
100
AcDbEntity
  8
RBAR-T8-B1
100
AcDb3dPolyline
 66
1
 10
0.0
 20
0.0
 30
0.0
 70
8
  0
VERTEX
  5
581
330
17
100
AcDbEntity
  8
RBAR-T8-B1
100
AcDbVertex
100
AcDb3dPolylineVertex
 10
3551.1
 20
34.0
 30
1850.1
 70
32
  0
VERTEX
  5
582
330
17
100
AcDbEntity
  8
RBAR-T8-B1
100
AcDbVertex
100
AcDb3dPolylineVertex
 10
3551.1
 20
34.0
 30
2274.5
 70
32
  0
VERTEX
  5
583
330
17
100
AcDbEntity
  8
RBAR-T8-B1
100
AcDbVertex
100
AcDb3dPolylineVertex
 10
3551.1
 20
34.3
 30
2277.6
 70
32
  0
VERTEX
  5
584
330
17
100
AcDbEntity
  8
RBAR-T8-B1
100
AcDbVertex
100
AcDb3dPolylineVertex
 10
3551.1
 20
35.2
 30
2280.7
 70
32
  0
VERTEX
  5
585
330
17
100
AcDbEntity
  8
RBAR-T8-B1
100
AcDbVertex
100
AcDb3dPolylineVertex
 10
3551.1
 20
36.7
 30
2283.5
 70
32
  0
VERTEX
  5
586
330
17
100
AcDbEntity
  8
RBAR-T8-B1
100
AcDbVertex
100
AcDb3dPolylineVertex
 10
3551.1
 20
38.7
 30
2285.9
 70
32
  0
VERTEX
  5
587
330
17
100
AcDbEntity
  8
RBAR-T8-B1
100
AcDbVertex
100
AcDb3dPolylineVertex
 10
3551.1
 20
41.2
 30
2287.9
 70
32
  0
VERTEX
  5
588
330
17
100
AcDbEntity
  8
RBAR-T8-B1
100
AcDbVertex
100
AcDb3dPolylineVertex
 10
3551.1
 20
44.0
 30
2289.4
 70
32
  0
VERTEX
  5
589
330
17
100
AcDbEntity
  8
RBAR-T8-B1
100
AcDbVertex
100
AcDb3dPolylineVertex
 10
3551.1
 20
47.0
 30
2290.3
 70
32
  0
VERTEX
  5
58A
330
17
100
AcDbEntity
  8
RBAR-T8-B1
100
AcDbVertex
100
AcDb3dPolylineVertex
 10
3551.1
 20
50.2
 30
2290.6
 70
32
  0
VERTEX
  5
58B
330
17
100
AcDbEntity
  8
RBAR-T8-B1
100
AcDbVertex
100
AcDb3dPolylineVertex
 10
3551.1
 20
100.7
 30
2290.6
 70
32
  0
VERTEX
  5
58C
330
17
100
AcDbEntity
  8
RBAR-T8-B1
100
AcDbVertex
100
AcDb3dPolylineVertex
 10
3551.1
 20
103.8
 30
2290.3
 70
32
  0
VERTEX
  5
58D
330
17
100
AcDbEntity
  8
RBAR-T8-B1
100
AcDbVertex
100
AcDb3dPolylineVertex
 10
3551.1
 20
106.9
 30
2289.4
 70
32
  0
VERTEX
  5
58E
330
17
100
AcDbEntity
  8
RBAR-T8-B1
100
AcDbVertex
100
AcDb3dPolylineVertex
 10
3551.1
 20
109.7
 30
2287.9
 70
32
  0
VERTEX
  5
58F
330
17
100
AcDbEntity
  8
RBAR-T8-B1
100
AcDbVertex
100
AcDb3dPolylineVertex
 10
3551.1
 20
112.1
 30
2285.9
 70
32
  0
VERTEX
  5
590
330
17
100
AcDbEntity
  8
RBAR-T8-B1
100
AcDbVertex
100
AcDb3dPolylineVertex
 10
3551.1
 20
114.1
 30
2283.5
 70
32
  0
VERTEX
  5
591
330
17
100
AcDbEntity
  8
RBAR-T8-B1
100
AcDbVertex
100
AcDb3dPolylineVertex
 10
3551.1
 20
115.6
 30
2280.7
 70
32
  0
VERTEX
  5
592
330
17
100
AcDbEntity
  8
RBAR-T8-B1
100
AcDbVertex
100
AcDb3dPolylineVertex
 10
3551.1
 20
116.5
 30
2277.6
 70
32
  0
VERTEX
  5
593
330
17
100
AcDbEntity
  8
RBAR-T8-B1
100
AcDbVertex
100
AcDb3dPolylineVertex
 10
3551.1
 20
116.9
 30
2274.5
 70
32
  0
VERTEX
  5
594
330
17
100
AcDbEntity
  8
RBAR-T8-B1
100
AcDbVertex
100
AcDb3dPolylineVertex
 10
3551.1
 20
116.9
 30
1850.1
 70
32
  0
SEQEND
  5
580
330
57F
100
AcDbEntity
  8
RBAR-T8-B1
  0
POLYLINE
  5
595
330
17
100
AcDbEntity
  8
RBAR-T8-B1
100
AcDb3dPolyline
 66
1
 10
0.0
 20
0.0
 30
0.0
 70
8
  0
VERTEX
  5
597
330
17
100
AcDbEntity
  8
RBAR-T8-B1
100
AcDbVertex
100
AcDb3dPolylineVertex
 10
208.9
 20
34.0
 30
2455.4
 70
32
  0
VERTEX
  5
598
330
17
100
AcDbEntity
  8
RBAR-T8-B1
100
AcDbVertex
100
AcDb3dPolylineVertex
 10
208.9
 20
34.0
 30
2879.8
 70
32
  0
VERTEX
  5
599
330
17
100
AcDbEntity
  8
RBAR-T8-B1
100
AcDbVertex
100
AcDb3dPolylineVertex
 10
208.9
 20
34.3
 30
2883.0
 70
32
  0
VERTEX
  5
59A
330
17
100
AcDbEntity
  8
RBAR-T8-B1
100
AcDbVertex
100
AcDb3dPolylineVertex
 10
208.9
 20
35.2
 30
2886.0
 70
32
  0
VERTEX
  5
59B
330
17
100
AcDbEntity
  8
RBAR-T8-B1
100
AcDbVertex
100
AcDb3dPolylineVertex
 10
208.9
 20
36.7
 30
2888.8
 70
32
  0
VERTEX
  5
59C
330
17
100
AcDbEntity
  8
RBAR-T8-B1
100
AcDbVertex
100
AcDb3dPolylineVertex
 10
208.9
 20
38.7
 30
2891.3
 70
32
  0
VERTEX
  5
59D
330
17
100
AcDbEntity
  8
RBAR-T8-B1
100
AcDbVertex
100
AcDb3dPolylineVertex
 10
208.9
 20
41.2
 30
2893.3
 70
32
  0
VERTEX
  5
59E
330
17
100
AcDbEntity
  8
RBAR-T8-B1
100
AcDbVertex
100
AcDb3dPolylineVertex
 10
208.9
 20
44.0
 30
2894.8
 70
32
  0
VERTEX
  5
59F
330
17
100
AcDbEntity
  8
RBAR-T8-B1
100
AcDbVertex
100
AcDb3dPolylineVertex
 10
208.9
 20
47.0
 30
2895.7
 70
32
  0
VERTEX
  5
5A0
330
17
100
AcDbEntity
  8
RBAR-T8-B1
100
AcDbVertex
100
AcDb3dPolylineVertex
 10
208.9
 20
50.2
 30
2896.0
 70
32
  0
VERTEX
  5
5A1
330
17
100
AcDbEntity
  8
RBAR-T8-B1
100
AcDbVertex
100
AcDb3dPolylineVertex
 10
208.9
 20
100.7
 30
2896.0
 70
32
  0
VERTEX
  5
5A2
330
17
100
AcDbEntity
  8
RBAR-T8-B1
100
AcDbVertex
100
AcDb3dPolylineVertex
 10
208.9
 20
103.8
 30
2895.7
 70
32
  0
VERTEX
  5
5A3
330
17
100
AcDbEntity
  8
RBAR-T8-B1
100
AcDbVertex
100
AcDb3dPolylineVertex
 10
208.9
 20
106.9
 30
2894.8
 70
32
  0
VERTEX
  5
5A4
330
17
100
AcDbEntity
  8
RBAR-T8-B1
100
AcDbVertex
100
AcDb3dPolylineVertex
 10
208.9
 20
109.7
 30
2893.3
 70
32
  0
VERTEX
  5
5A5
330
17
100
AcDbEntity
  8
RBAR-T8-B1
100
AcDbVertex
100
AcDb3dPolylineVertex
 10
208.9
 20
112.1
 30
2891.3
 70
32
  0
VERTEX
  5
5A6
330
17
100
AcDbEntity
  8
RBAR-T8-B1
100
AcDbVertex
100
AcDb3dPolylineVertex
 10
208.9
 20
114.1
 30
2888.8
 70
32
  0
VERTEX
  5
5A7
330
17
100
AcDbEntity
  8
RBAR-T8-B1
100
AcDbVertex
100
AcDb3dPolylineVertex
 10
208.9
 20
115.6
 30
2886.0
 70
32
  0
VERTEX
  5
5A8
330
17
100
AcDbEntity
  8
RBAR-T8-B1
100
AcDbVertex
100
AcDb3dPolylineVertex
 10
208.9
 20
116.5
 30
2883.0
 70
32
  0
VERTEX
  5
5A9
330
17
100
AcDbEntity
  8
RBAR-T8-B1
100
AcDbVertex
100
AcDb3dPolylineVertex
 10
208.9
 20
116.9
 30
2879.8
 70
32
  0
VERTEX
  5
5AA
330
17
100
AcDbEntity
  8
RBAR-T8-B1
100
AcDbVertex
100
AcDb3dPolylineVertex
 10
208.9
 20
116.9
 30
2455.4
 70
32
  0
SEQEND
  5
596
330
595
100
AcDbEntity
  8
RBAR-T8-B1
  0
POLYLINE
  5
5AB
330
17
100
AcDbEntity
  8
RBAR-T8-B1
100
AcDb3dPolyline
 66
1
 10
0.0
 20
0.0
 30
0.0
 70
8
  0
VERTEX
  5
5AD
330
17
100
AcDbEntity
  8
RBAR-T8-B1
100
AcDbVertex
100
AcDb3dPolylineVertex
 10
626.7
 20
34.0
 30
2455.4
 70
32
  0
VERTEX
  5
5AE
330
17
100
AcDbEntity
  8
RBAR-T8-B1
100
AcDbVertex
100
AcDb3dPolylineVertex
 10
626.7
 20
34.0
 30
2879.8
 70
32
  0
VERTEX
  5
5AF
330
17
100
AcDbEntity
  8
RBAR-T8-B1
100
AcDbVertex
100
AcDb3dPolylineVertex
 10
626.7
 20
34.3
 30
2883.0
 70
32
  0
VERTEX
  5
5B0
330
17
100
AcDbEntity
  8
RBAR-T8-B1
100
AcDbVertex
100
AcDb3dPolylineVertex
 10
626.7
 20
35.2
 30
2886.0
 70
32
  0
VERTEX
  5
5B1
330
17
100
AcDbEntity
  8
RBAR-T8-B1
100
AcDbVertex
100
AcDb3dPolylineVertex
 10
626.7
 20
36.7
 30
2888.8
 70
32
  0
VERTEX
  5
5B2
330
17
100
AcDbEntity
  8
RBAR-T8-B1
100
AcDbVertex
100
AcDb3dPolylineVertex
 10
626.7
 20
38.7
 30
2891.3
 70
32
  0
VERTEX
  5
5B3
330
17
100
AcDbEntity
  8
RBAR-T8-B1
100
AcDbVertex
100
AcDb3dPolylineVertex
 10
626.7
 20
41.2
 30
2893.3
 70
32
  0
VERTEX
  5
5B4
330
17
100
AcDbEntity
  8
RBAR-T8-B1
100
AcDbVertex
100
AcDb3dPolylineVertex
 10
626.7
 20
44.0
 30
2894.8
 70
32
  0
VERTEX
  5
5B5
330
17
100
AcDbEntity
  8
RBAR-T8-B1
100
AcDbVertex
100
AcDb3dPolylineVertex
 10
626.7
 20
47.0
 30
2895.7
 70
32
  0
VERTEX
  5
5B6
330
17
100
AcDbEntity
  8
RBAR-T8-B1
100
AcDbVertex
100
AcDb3dPolylineVertex
 10
626.7
 20
50.2
 30
2896.0
 70
32
  0
VERTEX
  5
5B7
330
17
100
AcDbEntity
  8
RBAR-T8-B1
100
AcDbVertex
100
AcDb3dPolylineVertex
 10
626.7
 20
100.7
 30
2896.0
 70
32
  0
VERTEX
  5
5B8
330
17
100
AcDbEntity
  8
RBAR-T8-B1
100
AcDbVertex
100
AcDb3dPolylineVertex
 10
626.7
 20
103.8
 30
2895.7
 70
32
  0
VERTEX
  5
5B9
330
17
100
AcDbEntity
  8
RBAR-T8-B1
100
AcDbVertex
100
AcDb3dPolylineVertex
 10
626.7
 20
106.9
 30
2894.8
 70
32
  0
VERTEX
  5
5BA
330
17
100
AcDbEntity
  8
RBAR-T8-B1
100
AcDbVertex
100
AcDb3dPolylineVertex
 10
626.7
 20
109.7
 30
2893.3
 70
32
  0
VERTEX
  5
5BB
330
17
100
AcDbEntity
  8
RBAR-T8-B1
100
AcDbVertex
100
AcDb3dPolylineVertex
 10
626.7
 20
112.1
 30
2891.3
 70
32
  0
VERTEX
  5
5BC
330
17
100
AcDbEntity
  8
RBAR-T8-B1
100
AcDbVertex
100
AcDb3dPolylineVertex
 10
626.7
 20
114.1
 30
2888.8
 70
32
  0
VERTEX
  5
5BD
330
17
100
AcDbEntity
  8
RBAR-T8-B1
100
AcDbVertex
100
AcDb3dPolylineVertex
 10
626.7
 20
115.6
 30
2886.0
 70
32
  0
VERTEX
  5
5BE
330
17
100
AcDbEntity
  8
RBAR-T8-B1
100
AcDbVertex
100
AcDb3dPolylineVertex
 10
626.7
 20
116.5
 30
2883.0
 70
32
  0
VERTEX
  5
5BF
330
17
100
AcDbEntity
  8
RBAR-T8-B1
100
AcDbVertex
100
AcDb3dPolylineVertex
 10
626.7
 20
116.9
 30
2879.8
 70
32
  0
VERTEX
  5
5C0
330
17
100
AcDbEntity
  8
RBAR-T8-B1
100
AcDbVertex
100
AcDb3dPolylineVertex
 10
626.7
 20
116.9
 30
2455.4
 70
32
  0
SEQEND
  5
5AC
330
5AB
100
AcDbEntity
  8
RBAR-T8-B1
  0
POLYLINE
  5
5C1
330
17
100
AcDbEntity
  8
RBAR-T8-B1
100
AcDb3dPolyline
 66
1
 10
0.0
 20
0.0
 30
0.0
 70
8
  0
VERTEX
  5
5C3
330
17
100
AcDbEntity
  8
RBAR-T8-B1
100
AcDbVertex
100
AcDb3dPolylineVertex
 10
1044.4
 20
34.0
 30
2455.4
 70
32
  0
VERTEX
  5
5C4
330
17
100
AcDbEntity
  8
RBAR-T8-B1
100
AcDbVertex
100
AcDb3dPolylineVertex
 10
1044.4
 20
34.0
 30
2879.8
 70
32
  0
VERTEX
  5
5C5
330
17
100
AcDbEntity
  8
RBAR-T8-B1
100
AcDbVertex
100
AcDb3dPolylineVertex
 10
1044.4
 20
34.3
 30
2883.0
 70
32
  0
VERTEX
  5
5C6
330
17
100
AcDbEntity
  8
RBAR-T8-B1
100
AcDbVertex
100
AcDb3dPolylineVertex
 10
1044.4
 20
35.2
 30
2886.0
 70
32
  0
VERTEX
  5
5C7
330
17
100
AcDbEntity
  8
RBAR-T8-B1
100
AcDbVertex
100
AcDb3dPolylineVertex
 10
1044.4
 20
36.7
 30
2888.8
 70
32
  0
VERTEX
  5
5C8
330
17
100
AcDbEntity
  8
RBAR-T8-B1
100
AcDbVertex
100
AcDb3dPolylineVertex
 10
1044.4
 20
38.7
 30
2891.3
 70
32
  0
VERTEX
  5
5C9
330
17
100
AcDbEntity
  8
RBAR-T8-B1
100
AcDbVertex
100
AcDb3dPolylineVertex
 10
1044.4
 20
41.2
 30
2893.3
 70
32
  0
VERTEX
  5
5CA
330
17
100
AcDbEntity
  8
RBAR-T8-B1
100
AcDbVertex
100
AcDb3dPolylineVertex
 10
1044.4
 20
44.0
 30
2894.8
 70
32
  0
VERTEX
  5
5CB
330
17
100
AcDbEntity
  8
RBAR-T8-B1
100
AcDbVertex
100
AcDb3dPolylineVertex
 10
1044.4
 20
47.0
 30
2895.7
 70
32
  0
VERTEX
  5
5CC
330
17
100
AcDbEntity
  8
RBAR-T8-B1
100
AcDbVertex
100
AcDb3dPolylineVertex
 10
1044.4
 20
50.2
 30
2896.0
 70
32
  0
VERTEX
  5
5CD
330
17
100
AcDbEntity
  8
RBAR-T8-B1
100
AcDbVertex
100
AcDb3dPolylineVertex
 10
1044.4
 20
100.7
 30
2896.0
 70
32
  0
VERTEX
  5
5CE
330
17
100
AcDbEntity
  8
RBAR-T8-B1
100
AcDbVertex
100
AcDb3dPolylineVertex
 10
1044.4
 20
103.8
 30
2895.7
 70
32
  0
VERTEX
  5
5CF
330
17
100
AcDbEntity
  8
RBAR-T8-B1
100
AcDbVertex
100
AcDb3dPolylineVertex
 10
1044.4
 20
106.9
 30
2894.8
 70
32
  0
VERTEX
  5
5D0
330
17
100
AcDbEntity
  8
RBAR-T8-B1
100
AcDbVertex
100
AcDb3dPolylineVertex
 10
1044.4
 20
109.7
 30
2893.3
 70
32
  0
VERTEX
  5
5D1
330
17
100
AcDbEntity
  8
RBAR-T8-B1
100
AcDbVertex
100
AcDb3dPolylineVertex
 10
1044.4
 20
112.1
 30
2891.3
 70
32
  0
VERTEX
  5
5D2
330
17
100
AcDbEntity
  8
RBAR-T8-B1
100
AcDbVertex
100
AcDb3dPolylineVertex
 10
1044.4
 20
114.1
 30
2888.8
 70
32
  0
VERTEX
  5
5D3
330
17
100
AcDbEntity
  8
RBAR-T8-B1
100
AcDbVertex
100
AcDb3dPolylineVertex
 10
1044.4
 20
115.6
 30
2886.0
 70
32
  0
VERTEX
  5
5D4
330
17
100
AcDbEntity
  8
RBAR-T8-B1
100
AcDbVertex
100
AcDb3dPolylineVertex
 10
1044.4
 20
116.5
 30
2883.0
 70
32
  0
VERTEX
  5
5D5
330
17
100
AcDbEntity
  8
RBAR-T8-B1
100
AcDbVertex
100
AcDb3dPolylineVertex
 10
1044.4
 20
116.9
 30
2879.8
 70
32
  0
VERTEX
  5
5D6
330
17
100
AcDbEntity
  8
RBAR-T8-B1
100
AcDbVertex
100
AcDb3dPolylineVertex
 10
1044.4
 20
116.9
 30
2455.4
 70
32
  0
SEQEND
  5
5C2
330
5C1
100
AcDbEntity
  8
RBAR-T8-B1
  0
POLYLINE
  5
5D7
330
17
100
AcDbEntity
  8
RBAR-T8-B1
100
AcDb3dPolyline
 66
1
 10
0.0
 20
0.0
 30
0.0
 70
8
  0
VERTEX
  5
5D9
330
17
100
AcDbEntity
  8
RBAR-T8-B1
100
AcDbVertex
100
AcDb3dPolylineVertex
 10
1462.2
 20
34.0
 30
2455.4
 70
32
  0
VERTEX
  5
5DA
330
17
100
AcDbEntity
  8
RBAR-T8-B1
100
AcDbVertex
100
AcDb3dPolylineVertex
 10
1462.2
 20
34.0
 30
2879.8
 70
32
  0
VERTEX
  5
5DB
330
17
100
AcDbEntity
  8
RBAR-T8-B1
100
AcDbVertex
100
AcDb3dPolylineVertex
 10
1462.2
 20
34.3
 30
2883.0
 70
32
  0
VERTEX
  5
5DC
330
17
100
AcDbEntity
  8
RBAR-T8-B1
100
AcDbVertex
100
AcDb3dPolylineVertex
 10
1462.2
 20
35.2
 30
2886.0
 70
32
  0
VERTEX
  5
5DD
330
17
100
AcDbEntity
  8
RBAR-T8-B1
100
AcDbVertex
100
AcDb3dPolylineVertex
 10
1462.2
 20
36.7
 30
2888.8
 70
32
  0
VERTEX
  5
5DE
330
17
100
AcDbEntity
  8
RBAR-T8-B1
100
AcDbVertex
100
AcDb3dPolylineVertex
 10
1462.2
 20
38.7
 30
2891.3
 70
32
  0
VERTEX
  5
5DF
330
17
100
AcDbEntity
  8
RBAR-T8-B1
100
AcDbVertex
100
AcDb3dPolylineVertex
 10
1462.2
 20
41.2
 30
2893.3
 70
32
  0
VERTEX
  5
5E0
330
17
100
AcDbEntity
  8
RBAR-T8-B1
100
AcDbVertex
100
AcDb3dPolylineVertex
 10
1462.2
 20
44.0
 30
2894.8
 70
32
  0
VERTEX
  5
5E1
330
17
100
AcDbEntity
  8
RBAR-T8-B1
100
AcDbVertex
100
AcDb3dPolylineVertex
 10
1462.2
 20
47.0
 30
2895.7
 70
32
  0
VERTEX
  5
5E2
330
17
100
AcDbEntity
  8
RBAR-T8-B1
100
AcDbVertex
100
AcDb3dPolylineVertex
 10
1462.2
 20
50.2
 30
2896.0
 70
32
  0
VERTEX
  5
5E3
330
17
100
AcDbEntity
  8
RBAR-T8-B1
100
AcDbVertex
100
AcDb3dPolylineVertex
 10
1462.2
 20
100.7
 30
2896.0
 70
32
  0
VERTEX
  5
5E4
330
17
100
AcDbEntity
  8
RBAR-T8-B1
100
AcDbVertex
100
AcDb3dPolylineVertex
 10
1462.2
 20
103.8
 30
2895.7
 70
32
  0
VERTEX
  5
5E5
330
17
100
AcDbEntity
  8
RBAR-T8-B1
100
AcDbVertex
100
AcDb3dPolylineVertex
 10
1462.2
 20
106.9
 30
2894.8
 70
32
  0
VERTEX
  5
5E6
330
17
100
AcDbEntity
  8
RBAR-T8-B1
100
AcDbVertex
100
AcDb3dPolylineVertex
 10
1462.2
 20
109.7
 30
2893.3
 70
32
  0
VERTEX
  5
5E7
330
17
100
AcDbEntity
  8
RBAR-T8-B1
100
AcDbVertex
100
AcDb3dPolylineVertex
 10
1462.2
 20
112.1
 30
2891.3
 70
32
  0
VERTEX
  5
5E8
330
17
100
AcDbEntity
  8
RBAR-T8-B1
100
AcDbVertex
100
AcDb3dPolylineVertex
 10
1462.2
 20
114.1
 30
2888.8
 70
32
  0
VERTEX
  5
5E9
330
17
100
AcDbEntity
  8
RBAR-T8-B1
100
AcDbVertex
100
AcDb3dPolylineVertex
 10
1462.2
 20
115.6
 30
2886.0
 70
32
  0
VERTEX
  5
5EA
330
17
100
AcDbEntity
  8
RBAR-T8-B1
100
AcDbVertex
100
AcDb3dPolylineVertex
 10
1462.2
 20
116.5
 30
2883.0
 70
32
  0
VERTEX
  5
5EB
330
17
100
AcDbEntity
  8
RBAR-T8-B1
100
AcDbVertex
100
AcDb3dPolylineVertex
 10
1462.2
 20
116.9
 30
2879.8
 70
32
  0
VERTEX
  5
5EC
330
17
100
AcDbEntity
  8
RBAR-T8-B1
100
AcDbVertex
100
AcDb3dPolylineVertex
 10
1462.2
 20
116.9
 30
2455.4
 70
32
  0
SEQEND
  5
5D8
330
5D7
100
AcDbEntity
  8
RBAR-T8-B1
  0
POLYLINE
  5
5ED
330
17
100
AcDbEntity
  8
RBAR-T8-B1
100
AcDb3dPolyline
 66
1
 10
0.0
 20
0.0
 30
0.0
 70
8
  0
VERTEX
  5
5EF
330
17
100
AcDbEntity
  8
RBAR-T8-B1
100
AcDbVertex
100
AcDb3dPolylineVertex
 10
1880.0
 20
34.0
 30
2455.4
 70
32
  0
VERTEX
  5
5F0
330
17
100
AcDbEntity
  8
RBAR-T8-B1
100
AcDbVertex
100
AcDb3dPolylineVertex
 10
1880.0
 20
34.0
 30
2879.8
 70
32
  0
VERTEX
  5
5F1
330
17
100
AcDbEntity
  8
RBAR-T8-B1
100
AcDbVertex
100
AcDb3dPolylineVertex
 10
1880.0
 20
34.3
 30
2883.0
 70
32
  0
VERTEX
  5
5F2
330
17
100
AcDbEntity
  8
RBAR-T8-B1
100
AcDbVertex
100
AcDb3dPolylineVertex
 10
1880.0
 20
35.2
 30
2886.0
 70
32
  0
VERTEX
  5
5F3
330
17
100
AcDbEntity
  8
RBAR-T8-B1
100
AcDbVertex
100
AcDb3dPolylineVertex
 10
1880.0
 20
36.7
 30
2888.8
 70
32
  0
VERTEX
  5
5F4
330
17
100
AcDbEntity
  8
RBAR-T8-B1
100
AcDbVertex
100
AcDb3dPolylineVertex
 10
1880.0
 20
38.7
 30
2891.3
 70
32
  0
VERTEX
  5
5F5
330
17
100
AcDbEntity
  8
RBAR-T8-B1
100
AcDbVertex
100
AcDb3dPolylineVertex
 10
1880.0
 20
41.2
 30
2893.3
 70
32
  0
VERTEX
  5
5F6
330
17
100
AcDbEntity
  8
RBAR-T8-B1
100
AcDbVertex
100
AcDb3dPolylineVertex
 10
1880.0
 20
44.0
 30
2894.8
 70
32
  0
VERTEX
  5
5F7
330
17
100
AcDbEntity
  8
RBAR-T8-B1
100
AcDbVertex
100
AcDb3dPolylineVertex
 10
1880.0
 20
47.0
 30
2895.7
 70
32
  0
VERTEX
  5
5F8
330
17
100
AcDbEntity
  8
RBAR-T8-B1
100
AcDbVertex
100
AcDb3dPolylineVertex
 10
1880.0
 20
50.2
 30
2896.0
 70
32
  0
VERTEX
  5
5F9
330
17
100
AcDbEntity
  8
RBAR-T8-B1
100
AcDbVertex
100
AcDb3dPolylineVertex
 10
1880.0
 20
100.7
 30
2896.0
 70
32
  0
VERTEX
  5
5FA
330
17
100
AcDbEntity
  8
RBAR-T8-B1
100
AcDbVertex
100
AcDb3dPolylineVertex
 10
1880.0
 20
103.8
 30
2895.7
 70
32
  0
VERTEX
  5
5FB
330
17
100
AcDbEntity
  8
RBAR-T8-B1
100
AcDbVertex
100
AcDb3dPolylineVertex
 10
1880.0
 20
106.9
 30
2894.8
 70
32
  0
VERTEX
  5
5FC
330
17
100
AcDbEntity
  8
RBAR-T8-B1
100
AcDbVertex
100
AcDb3dPolylineVertex
 10
1880.0
 20
109.7
 30
2893.3
 70
32
  0
VERTEX
  5
5FD
330
17
100
AcDbEntity
  8
RBAR-T8-B1
100
AcDbVertex
100
AcDb3dPolylineVertex
 10
1880.0
 20
112.1
 30
2891.3
 70
32
  0
VERTEX
  5
5FE
330
17
100
AcDbEntity
  8
RBAR-T8-B1
100
AcDbVertex
100
AcDb3dPolylineVertex
 10
1880.0
 20
114.1
 30
2888.8
 70
32
  0
VERTEX
  5
5FF
330
17
100
AcDbEntity
  8
RBAR-T8-B1
100
AcDbVertex
100
AcDb3dPolylineVertex
 10
1880.0
 20
115.6
 30
2886.0
 70
32
  0
VERTEX
  5
600
330
17
100
AcDbEntity
  8
RBAR-T8-B1
100
AcDbVertex
100
AcDb3dPolylineVertex
 10
1880.0
 20
116.5
 30
2883.0
 70
32
  0
VERTEX
  5
601
330
17
100
AcDbEntity
  8
RBAR-T8-B1
100
AcDbVertex
100
AcDb3dPolylineVertex
 10
1880.0
 20
116.9
 30
2879.8
 70
32
  0
VERTEX
  5
602
330
17
100
AcDbEntity
  8
RBAR-T8-B1
100
AcDbVertex
100
AcDb3dPolylineVertex
 10
1880.0
 20
116.9
 30
2455.4
 70
32
  0
SEQEND
  5
5EE
330
5ED
100
AcDbEntity
  8
RBAR-T8-B1
  0
POLYLINE
  5
603
330
17
100
AcDbEntity
  8
RBAR-T8-B1
100
AcDb3dPolyline
 66
1
 10
0.0
 20
0.0
 30
0.0
 70
8
  0
VERTEX
  5
605
330
17
100
AcDbEntity
  8
RBAR-T8-B1
100
AcDbVertex
100
AcDb3dPolylineVertex
 10
2297.8
 20
34.0
 30
2455.4
 70
32
  0
VERTEX
  5
606
330
17
100
AcDbEntity
  8
RBAR-T8-B1
100
AcDbVertex
100
AcDb3dPolylineVertex
 10
2297.8
 20
34.0
 30
2879.8
 70
32
  0
VERTEX
  5
607
330
17
100
AcDbEntity
  8
RBAR-T8-B1
100
AcDbVertex
100
AcDb3dPolylineVertex
 10
2297.8
 20
34.3
 30
2883.0
 70
32
  0
VERTEX
  5
608
330
17
100
AcDbEntity
  8
RBAR-T8-B1
100
AcDbVertex
100
AcDb3dPolylineVertex
 10
2297.8
 20
35.2
 30
2886.0
 70
32
  0
VERTEX
  5
609
330
17
100
AcDbEntity
  8
RBAR-T8-B1
100
AcDbVertex
100
AcDb3dPolylineVertex
 10
2297.8
 20
36.7
 30
2888.8
 70
32
  0
VERTEX
  5
60A
330
17
100
AcDbEntity
  8
RBAR-T8-B1
100
AcDbVertex
100
AcDb3dPolylineVertex
 10
2297.8
 20
38.7
 30
2891.3
 70
32
  0
VERTEX
  5
60B
330
17
100
AcDbEntity
  8
RBAR-T8-B1
100
AcDbVertex
100
AcDb3dPolylineVertex
 10
2297.8
 20
41.2
 30
2893.3
 70
32
  0
VERTEX
  5
60C
330
17
100
AcDbEntity
  8
RBAR-T8-B1
100
AcDbVertex
100
AcDb3dPolylineVertex
 10
2297.8
 20
44.0
 30
2894.8
 70
32
  0
VERTEX
  5
60D
330
17
100
AcDbEntity
  8
RBAR-T8-B1
100
AcDbVertex
100
AcDb3dPolylineVertex
 10
2297.8
 20
47.0
 30
2895.7
 70
32
  0
VERTEX
  5
60E
330
17
100
AcDbEntity
  8
RBAR-T8-B1
100
AcDbVertex
100
AcDb3dPolylineVertex
 10
2297.8
 20
50.2
 30
2896.0
 70
32
  0
VERTEX
  5
60F
330
17
100
AcDbEntity
  8
RBAR-T8-B1
100
AcDbVertex
100
AcDb3dPolylineVertex
 10
2297.8
 20
100.7
 30
2896.0
 70
32
  0
VERTEX
  5
610
330
17
100
AcDbEntity
  8
RBAR-T8-B1
100
AcDbVertex
100
AcDb3dPolylineVertex
 10
2297.8
 20
103.8
 30
2895.7
 70
32
  0
VERTEX
  5
611
330
17
100
AcDbEntity
  8
RBAR-T8-B1
100
AcDbVertex
100
AcDb3dPolylineVertex
 10
2297.8
 20
106.9
 30
2894.8
 70
32
  0
VERTEX
  5
612
330
17
100
AcDbEntity
  8
RBAR-T8-B1
100
AcDbVertex
100
AcDb3dPolylineVertex
 10
2297.8
 20
109.7
 30
2893.3
 70
32
  0
VERTEX
  5
613
330
17
100
AcDbEntity
  8
RBAR-T8-B1
100
AcDbVertex
100
AcDb3dPolylineVertex
 10
2297.8
 20
112.1
 30
2891.3
 70
32
  0
VERTEX
  5
614
330
17
100
AcDbEntity
  8
RBAR-T8-B1
100
AcDbVertex
100
AcDb3dPolylineVertex
 10
2297.8
 20
114.1
 30
2888.8
 70
32
  0
VERTEX
  5
615
330
17
100
AcDbEntity
  8
RBAR-T8-B1
100
AcDbVertex
100
AcDb3dPolylineVertex
 10
2297.8
 20
115.6
 30
2886.0
 70
32
  0
VERTEX
  5
616
330
17
100
AcDbEntity
  8
RBAR-T8-B1
100
AcDbVertex
100
AcDb3dPolylineVertex
 10
2297.8
 20
116.5
 30
2883.0
 70
32
  0
VERTEX
  5
617
330
17
100
AcDbEntity
  8
RBAR-T8-B1
100
AcDbVertex
100
AcDb3dPolylineVertex
 10
2297.8
 20
116.9
 30
2879.8
 70
32
  0
VERTEX
  5
618
330
17
100
AcDbEntity
  8
RBAR-T8-B1
100
AcDbVertex
100
AcDb3dPolylineVertex
 10
2297.8
 20
116.9
 30
2455.4
 70
32
  0
SEQEND
  5
604
330
603
100
AcDbEntity
  8
RBAR-T8-B1
  0
POLYLINE
  5
619
330
17
100
AcDbEntity
  8
RBAR-T8-B1
100
AcDb3dPolyline
 66
1
 10
0.0
 20
0.0
 30
0.0
 70
8
  0
VERTEX
  5
61B
330
17
100
AcDbEntity
  8
RBAR-T8-B1
100
AcDbVertex
100
AcDb3dPolylineVertex
 10
2715.6
 20
34.0
 30
2455.4
 70
32
  0
VERTEX
  5
61C
330
17
100
AcDbEntity
  8
RBAR-T8-B1
100
AcDbVertex
100
AcDb3dPolylineVertex
 10
2715.6
 20
34.0
 30
2879.8
 70
32
  0
VERTEX
  5
61D
330
17
100
AcDbEntity
  8
RBAR-T8-B1
100
AcDbVertex
100
AcDb3dPolylineVertex
 10
2715.6
 20
34.3
 30
2883.0
 70
32
  0
VERTEX
  5
61E
330
17
100
AcDbEntity
  8
RBAR-T8-B1
100
AcDbVertex
100
AcDb3dPolylineVertex
 10
2715.6
 20
35.2
 30
2886.0
 70
32
  0
VERTEX
  5
61F
330
17
100
AcDbEntity
  8
RBAR-T8-B1
100
AcDbVertex
100
AcDb3dPolylineVertex
 10
2715.6
 20
36.7
 30
2888.8
 70
32
  0
VERTEX
  5
620
330
17
100
AcDbEntity
  8
RBAR-T8-B1
100
AcDbVertex
100
AcDb3dPolylineVertex
 10
2715.6
 20
38.7
 30
2891.3
 70
32
  0
VERTEX
  5
621
330
17
100
AcDbEntity
  8
RBAR-T8-B1
100
AcDbVertex
100
AcDb3dPolylineVertex
 10
2715.6
 20
41.2
 30
2893.3
 70
32
  0
VERTEX
  5
622
330
17
100
AcDbEntity
  8
RBAR-T8-B1
100
AcDbVertex
100
AcDb3dPolylineVertex
 10
2715.6
 20
44.0
 30
2894.8
 70
32
  0
VERTEX
  5
623
330
17
100
AcDbEntity
  8
RBAR-T8-B1
100
AcDbVertex
100
AcDb3dPolylineVertex
 10
2715.6
 20
47.0
 30
2895.7
 70
32
  0
VERTEX
  5
624
330
17
100
AcDbEntity
  8
RBAR-T8-B1
100
AcDbVertex
100
AcDb3dPolylineVertex
 10
2715.6
 20
50.2
 30
2896.0
 70
32
  0
VERTEX
  5
625
330
17
100
AcDbEntity
  8
RBAR-T8-B1
100
AcDbVertex
100
AcDb3dPolylineVertex
 10
2715.6
 20
100.7
 30
2896.0
 70
32
  0
VERTEX
  5
626
330
17
100
AcDbEntity
  8
RBAR-T8-B1
100
AcDbVertex
100
AcDb3dPolylineVertex
 10
2715.6
 20
103.8
 30
2895.7
 70
32
  0
VERTEX
  5
627
330
17
100
AcDbEntity
  8
RBAR-T8-B1
100
AcDbVertex
100
AcDb3dPolylineVertex
 10
2715.6
 20
106.9
 30
2894.8
 70
32
  0
VERTEX
  5
628
330
17
100
AcDbEntity
  8
RBAR-T8-B1
100
AcDbVertex
100
AcDb3dPolylineVertex
 10
2715.6
 20
109.7
 30
2893.3
 70
32
  0
VERTEX
  5
629
330
17
100
AcDbEntity
  8
RBAR-T8-B1
100
AcDbVertex
100
AcDb3dPolylineVertex
 10
2715.6
 20
112.1
 30
2891.3
 70
32
  0
VERTEX
  5
62A
330
17
100
AcDbEntity
  8
RBAR-T8-B1
100
AcDbVertex
100
AcDb3dPolylineVertex
 10
2715.6
 20
114.1
 30
2888.8
 70
32
  0
VERTEX
  5
62B
330
17
100
AcDbEntity
  8
RBAR-T8-B1
100
AcDbVertex
100
AcDb3dPolylineVertex
 10
2715.6
 20
115.6
 30
2886.0
 70
32
  0
VERTEX
  5
62C
330
17
100
AcDbEntity
  8
RBAR-T8-B1
100
AcDbVertex
100
AcDb3dPolylineVertex
 10
2715.6
 20
116.5
 30
2883.0
 70
32
  0
VERTEX
  5
62D
330
17
100
AcDbEntity
  8
RBAR-T8-B1
100
AcDbVertex
100
AcDb3dPolylineVertex
 10
2715.6
 20
116.9
 30
2879.8
 70
32
  0
VERTEX
  5
62E
330
17
100
AcDbEntity
  8
RBAR-T8-B1
100
AcDbVertex
100
AcDb3dPolylineVertex
 10
2715.6
 20
116.9
 30
2455.4
 70
32
  0
SEQEND
  5
61A
330
619
100
AcDbEntity
  8
RBAR-T8-B1
  0
POLYLINE
  5
62F
330
17
100
AcDbEntity
  8
RBAR-T8-B1
100
AcDb3dPolyline
 66
1
 10
0.0
 20
0.0
 30
0.0
 70
8
  0
VERTEX
  5
631
330
17
100
AcDbEntity
  8
RBAR-T8-B1
100
AcDbVertex
100
AcDb3dPolylineVertex
 10
3133.3
 20
34.0
 30
2455.4
 70
32
  0
VERTEX
  5
632
330
17
100
AcDbEntity
  8
RBAR-T8-B1
100
AcDbVertex
100
AcDb3dPolylineVertex
 10
3133.3
 20
34.0
 30
2879.8
 70
32
  0
VERTEX
  5
633
330
17
100
AcDbEntity
  8
RBAR-T8-B1
100
AcDbVertex
100
AcDb3dPolylineVertex
 10
3133.3
 20
34.3
 30
2883.0
 70
32
  0
VERTEX
  5
634
330
17
100
AcDbEntity
  8
RBAR-T8-B1
100
AcDbVertex
100
AcDb3dPolylineVertex
 10
3133.3
 20
35.2
 30
2886.0
 70
32
  0
VERTEX
  5
635
330
17
100
AcDbEntity
  8
RBAR-T8-B1
100
AcDbVertex
100
AcDb3dPolylineVertex
 10
3133.3
 20
36.7
 30
2888.8
 70
32
  0
VERTEX
  5
636
330
17
100
AcDbEntity
  8
RBAR-T8-B1
100
AcDbVertex
100
AcDb3dPolylineVertex
 10
3133.3
 20
38.7
 30
2891.3
 70
32
  0
VERTEX
  5
637
330
17
100
AcDbEntity
  8
RBAR-T8-B1
100
AcDbVertex
100
AcDb3dPolylineVertex
 10
3133.3
 20
41.2
 30
2893.3
 70
32
  0
VERTEX
  5
638
330
17
100
AcDbEntity
  8
RBAR-T8-B1
100
AcDbVertex
100
AcDb3dPolylineVertex
 10
3133.3
 20
44.0
 30
2894.8
 70
32
  0
VERTEX
  5
639
330
17
100
AcDbEntity
  8
RBAR-T8-B1
100
AcDbVertex
100
AcDb3dPolylineVertex
 10
3133.3
 20
47.0
 30
2895.7
 70
32
  0
VERTEX
  5
63A
330
17
100
AcDbEntity
  8
RBAR-T8-B1
100
AcDbVertex
100
AcDb3dPolylineVertex
 10
3133.3
 20
50.2
 30
2896.0
 70
32
  0
VERTEX
  5
63B
330
17
100
AcDbEntity
  8
RBAR-T8-B1
100
AcDbVertex
100
AcDb3dPolylineVertex
 10
3133.3
 20
100.7
 30
2896.0
 70
32
  0
VERTEX
  5
63C
330
17
100
AcDbEntity
  8
RBAR-T8-B1
100
AcDbVertex
100
AcDb3dPolylineVertex
 10
3133.3
 20
103.8
 30
2895.7
 70
32
  0
VERTEX
  5
63D
330
17
100
AcDbEntity
  8
RBAR-T8-B1
100
AcDbVertex
100
AcDb3dPolylineVertex
 10
3133.3
 20
106.9
 30
2894.8
 70
32
  0
VERTEX
  5
63E
330
17
100
AcDbEntity
  8
RBAR-T8-B1
100
AcDbVertex
100
AcDb3dPolylineVertex
 10
3133.3
 20
109.7
 30
2893.3
 70
32
  0
VERTEX
  5
63F
330
17
100
AcDbEntity
  8
RBAR-T8-B1
100
AcDbVertex
100
AcDb3dPolylineVertex
 10
3133.3
 20
112.1
 30
2891.3
 70
32
  0
VERTEX
  5
640
330
17
100
AcDbEntity
  8
RBAR-T8-B1
100
AcDbVertex
100
AcDb3dPolylineVertex
 10
3133.3
 20
114.1
 30
2888.8
 70
32
  0
VERTEX
  5
641
330
17
100
AcDbEntity
  8
RBAR-T8-B1
100
AcDbVertex
100
AcDb3dPolylineVertex
 10
3133.3
 20
115.6
 30
2886.0
 70
32
  0
VERTEX
  5
642
330
17
100
AcDbEntity
  8
RBAR-T8-B1
100
AcDbVertex
100
AcDb3dPolylineVertex
 10
3133.3
 20
116.5
 30
2883.0
 70
32
  0
VERTEX
  5
643
330
17
100
AcDbEntity
  8
RBAR-T8-B1
100
AcDbVertex
100
AcDb3dPolylineVertex
 10
3133.3
 20
116.9
 30
2879.8
 70
32
  0
VERTEX
  5
644
330
17
100
AcDbEntity
  8
RBAR-T8-B1
100
AcDbVertex
100
AcDb3dPolylineVertex
 10
3133.3
 20
116.9
 30
2455.4
 70
32
  0
SEQEND
  5
630
330
62F
100
AcDbEntity
  8
RBAR-T8-B1
  0
POLYLINE
  5
645
330
17
100
AcDbEntity
  8
RBAR-T8-B1
100
AcDb3dPolyline
 66
1
 10
0.0
 20
0.0
 30
0.0
 70
8
  0
VERTEX
  5
647
330
17
100
AcDbEntity
  8
RBAR-T8-B1
100
AcDbVertex
100
AcDb3dPolylineVertex
 10
3551.1
 20
34.0
 30
2455.4
 70
32
  0
VERTEX
  5
648
330
17
100
AcDbEntity
  8
RBAR-T8-B1
100
AcDbVertex
100
AcDb3dPolylineVertex
 10
3551.1
 20
34.0
 30
2879.8
 70
32
  0
VERTEX
  5
649
330
17
100
AcDbEntity
  8
RBAR-T8-B1
100
AcDbVertex
100
AcDb3dPolylineVertex
 10
3551.1
 20
34.3
 30
2883.0
 70
32
  0
VERTEX
  5
64A
330
17
100
AcDbEntity
  8
RBAR-T8-B1
100
AcDbVertex
100
AcDb3dPolylineVertex
 10
3551.1
 20
35.2
 30
2886.0
 70
32
  0
VERTEX
  5
64B
330
17
100
AcDbEntity
  8
RBAR-T8-B1
100
AcDbVertex
100
AcDb3dPolylineVertex
 10
3551.1
 20
36.7
 30
2888.8
 70
32
  0
VERTEX
  5
64C
330
17
100
AcDbEntity
  8
RBAR-T8-B1
100
AcDbVertex
100
AcDb3dPolylineVertex
 10
3551.1
 20
38.7
 30
2891.3
 70
32
  0
VERTEX
  5
64D
330
17
100
AcDbEntity
  8
RBAR-T8-B1
100
AcDbVertex
100
AcDb3dPolylineVertex
 10
3551.1
 20
41.2
 30
2893.3
 70
32
  0
VERTEX
  5
64E
330
17
100
AcDbEntity
  8
RBAR-T8-B1
100
AcDbVertex
100
AcDb3dPolylineVertex
 10
3551.1
 20
44.0
 30
2894.8
 70
32
  0
VERTEX
  5
64F
330
17
100
AcDbEntity
  8
RBAR-T8-B1
100
AcDbVertex
100
AcDb3dPolylineVertex
 10
3551.1
 20
47.0
 30
2895.7
 70
32
  0
VERTEX
  5
650
330
17
100
AcDbEntity
  8
RBAR-T8-B1
100
AcDbVertex
100
AcDb3dPolylineVertex
 10
3551.1
 20
50.2
 30
2896.0
 70
32
  0
VERTEX
  5
651
330
17
100
AcDbEntity
  8
RBAR-T8-B1
100
AcDbVertex
100
AcDb3dPolylineVertex
 10
3551.1
 20
100.7
 30
2896.0
 70
32
  0
VERTEX
  5
652
330
17
100
AcDbEntity
  8
RBAR-T8-B1
100
AcDbVertex
100
AcDb3dPolylineVertex
 10
3551.1
 20
103.8
 30
2895.7
 70
32
  0
VERTEX
  5
653
330
17
100
AcDbEntity
  8
RBAR-T8-B1
100
AcDbVertex
100
AcDb3dPolylineVertex
 10
3551.1
 20
106.9
 30
2894.8
 70
32
  0
VERTEX
  5
654
330
17
100
AcDbEntity
  8
RBAR-T8-B1
100
AcDbVertex
100
AcDb3dPolylineVertex
 10
3551.1
 20
109.7
 30
2893.3
 70
32
  0
VERTEX
  5
655
330
17
100
AcDbEntity
  8
RBAR-T8-B1
100
AcDbVertex
100
AcDb3dPolylineVertex
 10
3551.1
 20
112.1
 30
2891.3
 70
32
  0
VERTEX
  5
656
330
17
100
AcDbEntity
  8
RBAR-T8-B1
100
AcDbVertex
100
AcDb3dPolylineVertex
 10
3551.1
 20
114.1
 30
2888.8
 70
32
  0
VERTEX
  5
657
330
17
100
AcDbEntity
  8
RBAR-T8-B1
100
AcDbVertex
100
AcDb3dPolylineVertex
 10
3551.1
 20
115.6
 30
2886.0
 70
32
  0
VERTEX
  5
658
330
17
100
AcDbEntity
  8
RBAR-T8-B1
100
AcDbVertex
100
AcDb3dPolylineVertex
 10
3551.1
 20
116.5
 30
2883.0
 70
32
  0
VERTEX
  5
659
330
17
100
AcDbEntity
  8
RBAR-T8-B1
100
AcDbVertex
100
AcDb3dPolylineVertex
 10
3551.1
 20
116.9
 30
2879.8
 70
32
  0
VERTEX
  5
65A
330
17
100
AcDbEntity
  8
RBAR-T8-B1
100
AcDbVertex
100
AcDb3dPolylineVertex
 10
3551.1
 20
116.9
 30
2455.4
 70
32
  0
SEQEND
  5
646
330
645
100
AcDbEntity
  8
RBAR-T8-B1
  0
POLYLINE
  5
65C
330
17
100
AcDbEntity
  8
RBAR-T8-B
100
AcDb3dPolyline
 66
1
 10
0.0
 20
0.0
 30
0.0
 70
8
  0
VERTEX
  5
65E
330
17
100
AcDbEntity
  8
RBAR-T8-B
100
AcDbVertex
100
AcDb3dPolylineVertex
 10
2236.1
 20
34.0
 30
2538.4
 70
32
  0
VERTEX
  5
65F
330
17
100
AcDbEntity
  8
RBAR-T8-B
100
AcDbVertex
100
AcDb3dPolylineVertex
 10
2236.1
 20
34.0
 30
2914.2
 70
32
  0
VERTEX
  5
660
330
17
100
AcDbEntity
  8
RBAR-T8-B
100
AcDbVertex
100
AcDb3dPolylineVertex
 10
2236.4
 20
34.0
 30
2917.3
 70
32
  0
VERTEX
  5
661
330
17
100
AcDbEntity
  8
RBAR-T8-B
100
AcDbVertex
100
AcDb3dPolylineVertex
 10
2237.3
 20
34.0
 30
2920.2
 70
32
  0
VERTEX
  5
662
330
17
100
AcDbEntity
  8
RBAR-T8-B
100
AcDbVertex
100
AcDb3dPolylineVertex
 10
2238.7
 20
34.0
 30
2923.0
 70
32
  0
VERTEX
  5
663
330
17
100
AcDbEntity
  8
RBAR-T8-B
100
AcDbVertex
100
AcDb3dPolylineVertex
 10
2240.7
 20
34.0
 30
2925.4
 70
32
  0
VERTEX
  5
664
330
17
100
AcDbEntity
  8
RBAR-T8-B
100
AcDbVertex
100
AcDb3dPolylineVertex
 10
2243.1
 20
34.0
 30
2927.3
 70
32
  0
VERTEX
  5
665
330
17
100
AcDbEntity
  8
RBAR-T8-B
100
AcDbVertex
100
AcDb3dPolylineVertex
 10
2245.8
 20
34.0
 30
2928.8
 70
32
  0
VERTEX
  5
666
330
17
100
AcDbEntity
  8
RBAR-T8-B
100
AcDbVertex
100
AcDb3dPolylineVertex
 10
2248.8
 20
34.0
 30
2929.7
 70
32
  0
VERTEX
  5
667
330
17
100
AcDbEntity
  8
RBAR-T8-B
100
AcDbVertex
100
AcDb3dPolylineVertex
 10
2251.9
 20
34.0
 30
2930.0
 70
32
  0
VERTEX
  5
668
330
17
100
AcDbEntity
  8
RBAR-T8-B
100
AcDbVertex
100
AcDb3dPolylineVertex
 10
2350.8
 20
34.0
 30
2930.0
 70
32
  0
VERTEX
  5
669
330
17
100
AcDbEntity
  8
RBAR-T8-B
100
AcDbVertex
100
AcDb3dPolylineVertex
 10
2353.8
 20
34.0
 30
2929.7
 70
32
  0
VERTEX
  5
66A
330
17
100
AcDbEntity
  8
RBAR-T8-B
100
AcDbVertex
100
AcDb3dPolylineVertex
 10
2356.8
 20
34.0
 30
2928.8
 70
32
  0
VERTEX
  5
66B
330
17
100
AcDbEntity
  8
RBAR-T8-B
100
AcDbVertex
100
AcDb3dPolylineVertex
 10
2359.5
 20
34.0
 30
2927.3
 70
32
  0
VERTEX
  5
66C
330
17
100
AcDbEntity
  8
RBAR-T8-B
100
AcDbVertex
100
AcDb3dPolylineVertex
 10
2361.9
 20
34.0
 30
2925.4
 70
32
  0
VERTEX
  5
66D
330
17
100
AcDbEntity
  8
RBAR-T8-B
100
AcDbVertex
100
AcDb3dPolylineVertex
 10
2363.9
 20
34.0
 30
2923.0
 70
32
  0
VERTEX
  5
66E
330
17
100
AcDbEntity
  8
RBAR-T8-B
100
AcDbVertex
100
AcDb3dPolylineVertex
 10
2365.4
 20
34.0
 30
2920.2
 70
32
  0
VERTEX
  5
66F
330
17
100
AcDbEntity
  8
RBAR-T8-B
100
AcDbVertex
100
AcDb3dPolylineVertex
 10
2366.3
 20
34.0
 30
2917.3
 70
32
  0
VERTEX
  5
670
330
17
100
AcDbEntity
  8
RBAR-T8-B
100
AcDbVertex
100
AcDb3dPolylineVertex
 10
2366.6
 20
34.0
 30
2914.2
 70
32
  0
VERTEX
  5
671
330
17
100
AcDbEntity
  8
RBAR-T8-B
100
AcDbVertex
100
AcDb3dPolylineVertex
 10
2366.6
 20
34.0
 30
2538.4
 70
32
  0
SEQEND
  5
65D
330
65C
100
AcDbEntity
  8
RBAR-T8-B
  0
POLYLINE
  5
672
330
17
100
AcDbEntity
  8
RBAR-T8-B
100
AcDb3dPolyline
 66
1
 10
0.0
 20
0.0
 30
0.0
 70
8
  0
VERTEX
  5
674
330
17
100
AcDbEntity
  8
RBAR-T8-B
100
AcDbVertex
100
AcDb3dPolylineVertex
 10
2868.9
 20
34.0
 30
2538.4
 70
32
  0
VERTEX
  5
675
330
17
100
AcDbEntity
  8
RBAR-T8-B
100
AcDbVertex
100
AcDb3dPolylineVertex
 10
2868.9
 20
34.0
 30
2914.2
 70
32
  0
VERTEX
  5
676
330
17
100
AcDbEntity
  8
RBAR-T8-B
100
AcDbVertex
100
AcDb3dPolylineVertex
 10
2869.2
 20
34.0
 30
2917.3
 70
32
  0
VERTEX
  5
677
330
17
100
AcDbEntity
  8
RBAR-T8-B
100
AcDbVertex
100
AcDb3dPolylineVertex
 10
2870.1
 20
34.0
 30
2920.2
 70
32
  0
VERTEX
  5
678
330
17
100
AcDbEntity
  8
RBAR-T8-B
100
AcDbVertex
100
AcDb3dPolylineVertex
 10
2871.6
 20
34.0
 30
2923.0
 70
32
  0
VERTEX
  5
679
330
17
100
AcDbEntity
  8
RBAR-T8-B
100
AcDbVertex
100
AcDb3dPolylineVertex
 10
2873.5
 20
34.0
 30
2925.4
 70
32
  0
VERTEX
  5
67A
330
17
100
AcDbEntity
  8
RBAR-T8-B
100
AcDbVertex
100
AcDb3dPolylineVertex
 10
2875.9
 20
34.0
 30
2927.3
 70
32
  0
VERTEX
  5
67B
330
17
100
AcDbEntity
  8
RBAR-T8-B
100
AcDbVertex
100
AcDb3dPolylineVertex
 10
2878.7
 20
34.0
 30
2928.8
 70
32
  0
VERTEX
  5
67C
330
17
100
AcDbEntity
  8
RBAR-T8-B
100
AcDbVertex
100
AcDb3dPolylineVertex
 10
2881.6
 20
34.0
 30
2929.7
 70
32
  0
VERTEX
  5
67D
330
17
100
AcDbEntity
  8
RBAR-T8-B
100
AcDbVertex
100
AcDb3dPolylineVertex
 10
2884.7
 20
34.0
 30
2930.0
 70
32
  0
VERTEX
  5
67E
330
17
100
AcDbEntity
  8
RBAR-T8-B
100
AcDbVertex
100
AcDb3dPolylineVertex
 10
2983.6
 20
34.0
 30
2930.0
 70
32
  0
VERTEX
  5
67F
330
17
100
AcDbEntity
  8
RBAR-T8-B
100
AcDbVertex
100
AcDb3dPolylineVertex
 10
2986.7
 20
34.0
 30
2929.7
 70
32
  0
VERTEX
  5
680
330
17
100
AcDbEntity
  8
RBAR-T8-B
100
AcDbVertex
100
AcDb3dPolylineVertex
 10
2989.6
 20
34.0
 30
2928.8
 70
32
  0
VERTEX
  5
681
330
17
100
AcDbEntity
  8
RBAR-T8-B
100
AcDbVertex
100
AcDb3dPolylineVertex
 10
2992.4
 20
34.0
 30
2927.3
 70
32
  0
VERTEX
  5
682
330
17
100
AcDbEntity
  8
RBAR-T8-B
100
AcDbVertex
100
AcDb3dPolylineVertex
 10
2994.8
 20
34.0
 30
2925.4
 70
32
  0
VERTEX
  5
683
330
17
100
AcDbEntity
  8
RBAR-T8-B
100
AcDbVertex
100
AcDb3dPolylineVertex
 10
2996.7
 20
34.0
 30
2923.0
 70
32
  0
VERTEX
  5
684
330
17
100
AcDbEntity
  8
RBAR-T8-B
100
AcDbVertex
100
AcDb3dPolylineVertex
 10
2998.2
 20
34.0
 30
2920.2
 70
32
  0
VERTEX
  5
685
330
17
100
AcDbEntity
  8
RBAR-T8-B
100
AcDbVertex
100
AcDb3dPolylineVertex
 10
2999.1
 20
34.0
 30
2917.3
 70
32
  0
VERTEX
  5
686
330
17
100
AcDbEntity
  8
RBAR-T8-B
100
AcDbVertex
100
AcDb3dPolylineVertex
 10
2999.4
 20
34.0
 30
2914.2
 70
32
  0
VERTEX
  5
687
330
17
100
AcDbEntity
  8
RBAR-T8-B
100
AcDbVertex
100
AcDb3dPolylineVertex
 10
2999.4
 20
34.0
 30
2538.4
 70
32
  0
SEQEND
  5
673
330
672
100
AcDbEntity
  8
RBAR-T8-B
  0
POLYLINE
  5
688
330
17
100
AcDbEntity
  8
RBAR-T8-B
100
AcDb3dPolyline
 66
1
 10
0.0
 20
0.0
 30
0.0
 70
8
  0
VERTEX
  5
68A
330
17
100
AcDbEntity
  8
RBAR-T8-B
100
AcDbVertex
100
AcDb3dPolylineVertex
 10
470.0
 20
34.0
 30
34.0
 70
32
  0
VERTEX
  5
68B
330
17
100
AcDbEntity
  8
RBAR-T8-B
100
AcDbVertex
100
AcDb3dPolylineVertex
 10
470.0
 20
34.0
 30
409.7
 70
32
  0
VERTEX
  5
68C
330
17
100
AcDbEntity
  8
RBAR-T8-B
100
AcDbVertex
100
AcDb3dPolylineVertex
 10
470.3
 20
34.0
 30
412.8
 70
32
  0
VERTEX
  5
68D
330
17
100
AcDbEntity
  8
RBAR-T8-B
100
AcDbVertex
100
AcDb3dPolylineVertex
 10
471.2
 20
34.0
 30
415.8
 70
32
  0
VERTEX
  5
68E
330
17
100
AcDbEntity
  8
RBAR-T8-B
100
AcDbVertex
100
AcDb3dPolylineVertex
 10
472.7
 20
34.0
 30
418.5
 70
32
  0
VERTEX
  5
68F
330
17
100
AcDbEntity
  8
RBAR-T8-B
100
AcDbVertex
100
AcDb3dPolylineVertex
 10
474.6
 20
34.0
 30
420.9
 70
32
  0
VERTEX
  5
690
330
17
100
AcDbEntity
  8
RBAR-T8-B
100
AcDbVertex
100
AcDb3dPolylineVertex
 10
477.0
 20
34.0
 30
422.9
 70
32
  0
VERTEX
  5
691
330
17
100
AcDbEntity
  8
RBAR-T8-B
100
AcDbVertex
100
AcDb3dPolylineVertex
 10
479.8
 20
34.0
 30
424.4
 70
32
  0
VERTEX
  5
692
330
17
100
AcDbEntity
  8
RBAR-T8-B
100
AcDbVertex
100
AcDb3dPolylineVertex
 10
482.7
 20
34.0
 30
425.3
 70
32
  0
VERTEX
  5
693
330
17
100
AcDbEntity
  8
RBAR-T8-B
100
AcDbVertex
100
AcDb3dPolylineVertex
 10
485.8
 20
34.0
 30
425.6
 70
32
  0
VERTEX
  5
694
330
17
100
AcDbEntity
  8
RBAR-T8-B
100
AcDbVertex
100
AcDb3dPolylineVertex
 10
584.7
 20
34.0
 30
425.6
 70
32
  0
VERTEX
  5
695
330
17
100
AcDbEntity
  8
RBAR-T8-B
100
AcDbVertex
100
AcDb3dPolylineVertex
 10
587.8
 20
34.0
 30
425.3
 70
32
  0
VERTEX
  5
696
330
17
100
AcDbEntity
  8
RBAR-T8-B
100
AcDbVertex
100
AcDb3dPolylineVertex
 10
590.8
 20
34.0
 30
424.4
 70
32
  0
VERTEX
  5
697
330
17
100
AcDbEntity
  8
RBAR-T8-B
100
AcDbVertex
100
AcDb3dPolylineVertex
 10
593.5
 20
34.0
 30
422.9
 70
32
  0
VERTEX
  5
698
330
17
100
AcDbEntity
  8
RBAR-T8-B
100
AcDbVertex
100
AcDb3dPolylineVertex
 10
595.9
 20
34.0
 30
420.9
 70
32
  0
VERTEX
  5
699
330
17
100
AcDbEntity
  8
RBAR-T8-B
100
AcDbVertex
100
AcDb3dPolylineVertex
 10
597.9
 20
34.0
 30
418.5
 70
32
  0
VERTEX
  5
69A
330
17
100
AcDbEntity
  8
RBAR-T8-B
100
AcDbVertex
100
AcDb3dPolylineVertex
 10
599.3
 20
34.0
 30
415.8
 70
32
  0
VERTEX
  5
69B
330
17
100
AcDbEntity
  8
RBAR-T8-B
100
AcDbVertex
100
AcDb3dPolylineVertex
 10
600.2
 20
34.0
 30
412.8
 70
32
  0
VERTEX
  5
69C
330
17
100
AcDbEntity
  8
RBAR-T8-B
100
AcDbVertex
100
AcDb3dPolylineVertex
 10
600.5
 20
34.0
 30
409.7
 70
32
  0
VERTEX
  5
69D
330
17
100
AcDbEntity
  8
RBAR-T8-B
100
AcDbVertex
100
AcDb3dPolylineVertex
 10
600.5
 20
34.0
 30
34.0
 70
32
  0
SEQEND
  5
689
330
688
100
AcDbEntity
  8
RBAR-T8-B
  0
POLYLINE
  5
69E
330
17
100
AcDbEntity
  8
RBAR-T8-B
100
AcDb3dPolyline
 66
1
 10
0.0
 20
0.0
 30
0.0
 70
8
  0
VERTEX
  5
6A0
330
17
100
AcDbEntity
  8
RBAR-T8-B
100
AcDbVertex
100
AcDb3dPolylineVertex
 10
658.0
 20
34.0
 30
34.0
 70
32
  0
VERTEX
  5
6A1
330
17
100
AcDbEntity
  8
RBAR-T8-B
100
AcDbVertex
100
AcDb3dPolylineVertex
 10
658.0
 20
34.0
 30
409.7
 70
32
  0
VERTEX
  5
6A2
330
17
100
AcDbEntity
  8
RBAR-T8-B
100
AcDbVertex
100
AcDb3dPolylineVertex
 10
658.3
 20
34.0
 30
412.8
 70
32
  0
VERTEX
  5
6A3
330
17
100
AcDbEntity
  8
RBAR-T8-B
100
AcDbVertex
100
AcDb3dPolylineVertex
 10
659.2
 20
34.0
 30
415.8
 70
32
  0
VERTEX
  5
6A4
330
17
100
AcDbEntity
  8
RBAR-T8-B
100
AcDbVertex
100
AcDb3dPolylineVertex
 10
660.7
 20
34.0
 30
418.5
 70
32
  0
VERTEX
  5
6A5
330
17
100
AcDbEntity
  8
RBAR-T8-B
100
AcDbVertex
100
AcDb3dPolylineVertex
 10
662.6
 20
34.0
 30
420.9
 70
32
  0
VERTEX
  5
6A6
330
17
100
AcDbEntity
  8
RBAR-T8-B
100
AcDbVertex
100
AcDb3dPolylineVertex
 10
665.0
 20
34.0
 30
422.9
 70
32
  0
VERTEX
  5
6A7
330
17
100
AcDbEntity
  8
RBAR-T8-B
100
AcDbVertex
100
AcDb3dPolylineVertex
 10
667.8
 20
34.0
 30
424.4
 70
32
  0
VERTEX
  5
6A8
330
17
100
AcDbEntity
  8
RBAR-T8-B
100
AcDbVertex
100
AcDb3dPolylineVertex
 10
670.7
 20
34.0
 30
425.3
 70
32
  0
VERTEX
  5
6A9
330
17
100
AcDbEntity
  8
RBAR-T8-B
100
AcDbVertex
100
AcDb3dPolylineVertex
 10
673.8
 20
34.0
 30
425.6
 70
32
  0
VERTEX
  5
6AA
330
17
100
AcDbEntity
  8
RBAR-T8-B
100
AcDbVertex
100
AcDb3dPolylineVertex
 10
772.7
 20
34.0
 30
425.6
 70
32
  0
VERTEX
  5
6AB
330
17
100
AcDbEntity
  8
RBAR-T8-B
100
AcDbVertex
100
AcDb3dPolylineVertex
 10
775.8
 20
34.0
 30
425.3
 70
32
  0
VERTEX
  5
6AC
330
17
100
AcDbEntity
  8
RBAR-T8-B
100
AcDbVertex
100
AcDb3dPolylineVertex
 10
778.8
 20
34.0
 30
424.4
 70
32
  0
VERTEX
  5
6AD
330
17
100
AcDbEntity
  8
RBAR-T8-B
100
AcDbVertex
100
AcDb3dPolylineVertex
 10
781.5
 20
34.0
 30
422.9
 70
32
  0
VERTEX
  5
6AE
330
17
100
AcDbEntity
  8
RBAR-T8-B
100
AcDbVertex
100
AcDb3dPolylineVertex
 10
783.9
 20
34.0
 30
420.9
 70
32
  0
VERTEX
  5
6AF
330
17
100
AcDbEntity
  8
RBAR-T8-B
100
AcDbVertex
100
AcDb3dPolylineVertex
 10
785.9
 20
34.0
 30
418.5
 70
32
  0
VERTEX
  5
6B0
330
17
100
AcDbEntity
  8
RBAR-T8-B
100
AcDbVertex
100
AcDb3dPolylineVertex
 10
787.3
 20
34.0
 30
415.8
 70
32
  0
VERTEX
  5
6B1
330
17
100
AcDbEntity
  8
RBAR-T8-B
100
AcDbVertex
100
AcDb3dPolylineVertex
 10
788.2
 20
34.0
 30
412.8
 70
32
  0
VERTEX
  5
6B2
330
17
100
AcDbEntity
  8
RBAR-T8-B
100
AcDbVertex
100
AcDb3dPolylineVertex
 10
788.5
 20
34.0
 30
409.7
 70
32
  0
VERTEX
  5
6B3
330
17
100
AcDbEntity
  8
RBAR-T8-B
100
AcDbVertex
100
AcDb3dPolylineVertex
 10
788.5
 20
34.0
 30
34.0
 70
32
  0
SEQEND
  5
69F
330
69E
100
AcDbEntity
  8
RBAR-T8-B
  0
POLYLINE
  5
6B4
330
17
100
AcDbEntity
  8
RBAR-T8-B
100
AcDb3dPolyline
 66
1
 10
0.0
 20
0.0
 30
0.0
 70
8
  0
VERTEX
  5
6B6
330
17
100
AcDbEntity
  8
RBAR-T8-B
100
AcDbVertex
100
AcDb3dPolylineVertex
 10
846.0
 20
34.0
 30
34.0
 70
32
  0
VERTEX
  5
6B7
330
17
100
AcDbEntity
  8
RBAR-T8-B
100
AcDbVertex
100
AcDb3dPolylineVertex
 10
846.0
 20
34.0
 30
409.7
 70
32
  0
VERTEX
  5
6B8
330
17
100
AcDbEntity
  8
RBAR-T8-B
100
AcDbVertex
100
AcDb3dPolylineVertex
 10
846.3
 20
34.0
 30
412.8
 70
32
  0
VERTEX
  5
6B9
330
17
100
AcDbEntity
  8
RBAR-T8-B
100
AcDbVertex
100
AcDb3dPolylineVertex
 10
847.2
 20
34.0
 30
415.8
 70
32
  0
VERTEX
  5
6BA
330
17
100
AcDbEntity
  8
RBAR-T8-B
100
AcDbVertex
100
AcDb3dPolylineVertex
 10
848.7
 20
34.0
 30
418.5
 70
32
  0
VERTEX
  5
6BB
330
17
100
AcDbEntity
  8
RBAR-T8-B
100
AcDbVertex
100
AcDb3dPolylineVertex
 10
850.6
 20
34.0
 30
420.9
 70
32
  0
VERTEX
  5
6BC
330
17
100
AcDbEntity
  8
RBAR-T8-B
100
AcDbVertex
100
AcDb3dPolylineVertex
 10
853.0
 20
34.0
 30
422.9
 70
32
  0
VERTEX
  5
6BD
330
17
100
AcDbEntity
  8
RBAR-T8-B
100
AcDbVertex
100
AcDb3dPolylineVertex
 10
855.8
 20
34.0
 30
424.4
 70
32
  0
VERTEX
  5
6BE
330
17
100
AcDbEntity
  8
RBAR-T8-B
100
AcDbVertex
100
AcDb3dPolylineVertex
 10
858.7
 20
34.0
 30
425.3
 70
32
  0
VERTEX
  5
6BF
330
17
100
AcDbEntity
  8
RBAR-T8-B
100
AcDbVertex
100
AcDb3dPolylineVertex
 10
861.8
 20
34.0
 30
425.6
 70
32
  0
VERTEX
  5
6C0
330
17
100
AcDbEntity
  8
RBAR-T8-B
100
AcDbVertex
100
AcDb3dPolylineVertex
 10
960.7
 20
34.0
 30
425.6
 70
32
  0
VERTEX
  5
6C1
330
17
100
AcDbEntity
  8
RBAR-T8-B
100
AcDbVertex
100
AcDb3dPolylineVertex
 10
963.8
 20
34.0
 30
425.3
 70
32
  0
VERTEX
  5
6C2
330
17
100
AcDbEntity
  8
RBAR-T8-B
100
AcDbVertex
100
AcDb3dPolylineVertex
 10
966.8
 20
34.0
 30
424.4
 70
32
  0
VERTEX
  5
6C3
330
17
100
AcDbEntity
  8
RBAR-T8-B
100
AcDbVertex
100
AcDb3dPolylineVertex
 10
969.5
 20
34.0
 30
422.9
 70
32
  0
VERTEX
  5
6C4
330
17
100
AcDbEntity
  8
RBAR-T8-B
100
AcDbVertex
100
AcDb3dPolylineVertex
 10
971.9
 20
34.0
 30
420.9
 70
32
  0
VERTEX
  5
6C5
330
17
100
AcDbEntity
  8
RBAR-T8-B
100
AcDbVertex
100
AcDb3dPolylineVertex
 10
973.9
 20
34.0
 30
418.5
 70
32
  0
VERTEX
  5
6C6
330
17
100
AcDbEntity
  8
RBAR-T8-B
100
AcDbVertex
100
AcDb3dPolylineVertex
 10
975.3
 20
34.0
 30
415.8
 70
32
  0
VERTEX
  5
6C7
330
17
100
AcDbEntity
  8
RBAR-T8-B
100
AcDbVertex
100
AcDb3dPolylineVertex
 10
976.2
 20
34.0
 30
412.8
 70
32
  0
VERTEX
  5
6C8
330
17
100
AcDbEntity
  8
RBAR-T8-B
100
AcDbVertex
100
AcDb3dPolylineVertex
 10
976.5
 20
34.0
 30
409.7
 70
32
  0
VERTEX
  5
6C9
330
17
100
AcDbEntity
  8
RBAR-T8-B
100
AcDbVertex
100
AcDb3dPolylineVertex
 10
976.5
 20
34.0
 30
34.0
 70
32
  0
SEQEND
  5
6B5
330
6B4
100
AcDbEntity
  8
RBAR-T8-B
  0
POLYLINE
  5
6CA
330
17
100
AcDbEntity
  8
RBAR-T8-B
100
AcDb3dPolyline
 66
1
 10
0.0
 20
0.0
 30
0.0
 70
8
  0
VERTEX
  5
6CC
330
17
100
AcDbEntity
  8
RBAR-T8-B
100
AcDbVertex
100
AcDb3dPolylineVertex
 10
1034.0
 20
34.0
 30
34.0
 70
32
  0
VERTEX
  5
6CD
330
17
100
AcDbEntity
  8
RBAR-T8-B
100
AcDbVertex
100
AcDb3dPolylineVertex
 10
1034.0
 20
34.0
 30
409.7
 70
32
  0
VERTEX
  5
6CE
330
17
100
AcDbEntity
  8
RBAR-T8-B
100
AcDbVertex
100
AcDb3dPolylineVertex
 10
1034.3
 20
34.0
 30
412.8
 70
32
  0
VERTEX
  5
6CF
330
17
100
AcDbEntity
  8
RBAR-T8-B
100
AcDbVertex
100
AcDb3dPolylineVertex
 10
1035.2
 20
34.0
 30
415.8
 70
32
  0
VERTEX
  5
6D0
330
17
100
AcDbEntity
  8
RBAR-T8-B
100
AcDbVertex
100
AcDb3dPolylineVertex
 10
1036.7
 20
34.0
 30
418.5
 70
32
  0
VERTEX
  5
6D1
330
17
100
AcDbEntity
  8
RBAR-T8-B
100
AcDbVertex
100
AcDb3dPolylineVertex
 10
1038.6
 20
34.0
 30
420.9
 70
32
  0
VERTEX
  5
6D2
330
17
100
AcDbEntity
  8
RBAR-T8-B
100
AcDbVertex
100
AcDb3dPolylineVertex
 10
1041.0
 20
34.0
 30
422.9
 70
32
  0
VERTEX
  5
6D3
330
17
100
AcDbEntity
  8
RBAR-T8-B
100
AcDbVertex
100
AcDb3dPolylineVertex
 10
1043.8
 20
34.0
 30
424.4
 70
32
  0
VERTEX
  5
6D4
330
17
100
AcDbEntity
  8
RBAR-T8-B
100
AcDbVertex
100
AcDb3dPolylineVertex
 10
1046.7
 20
34.0
 30
425.3
 70
32
  0
VERTEX
  5
6D5
330
17
100
AcDbEntity
  8
RBAR-T8-B
100
AcDbVertex
100
AcDb3dPolylineVertex
 10
1049.8
 20
34.0
 30
425.6
 70
32
  0
VERTEX
  5
6D6
330
17
100
AcDbEntity
  8
RBAR-T8-B
100
AcDbVertex
100
AcDb3dPolylineVertex
 10
1148.7
 20
34.0
 30
425.6
 70
32
  0
VERTEX
  5
6D7
330
17
100
AcDbEntity
  8
RBAR-T8-B
100
AcDbVertex
100
AcDb3dPolylineVertex
 10
1151.8
 20
34.0
 30
425.3
 70
32
  0
VERTEX
  5
6D8
330
17
100
AcDbEntity
  8
RBAR-T8-B
100
AcDbVertex
100
AcDb3dPolylineVertex
 10
1154.8
 20
34.0
 30
424.4
 70
32
  0
VERTEX
  5
6D9
330
17
100
AcDbEntity
  8
RBAR-T8-B
100
AcDbVertex
100
AcDb3dPolylineVertex
 10
1157.5
 20
34.0
 30
422.9
 70
32
  0
VERTEX
  5
6DA
330
17
100
AcDbEntity
  8
RBAR-T8-B
100
AcDbVertex
100
AcDb3dPolylineVertex
 10
1159.9
 20
34.0
 30
420.9
 70
32
  0
VERTEX
  5
6DB
330
17
100
AcDbEntity
  8
RBAR-T8-B
100
AcDbVertex
100
AcDb3dPolylineVertex
 10
1161.9
 20
34.0
 30
418.5
 70
32
  0
VERTEX
  5
6DC
330
17
100
AcDbEntity
  8
RBAR-T8-B
100
AcDbVertex
100
AcDb3dPolylineVertex
 10
1163.3
 20
34.0
 30
415.8
 70
32
  0
VERTEX
  5
6DD
330
17
100
AcDbEntity
  8
RBAR-T8-B
100
AcDbVertex
100
AcDb3dPolylineVertex
 10
1164.2
 20
34.0
 30
412.8
 70
32
  0
VERTEX
  5
6DE
330
17
100
AcDbEntity
  8
RBAR-T8-B
100
AcDbVertex
100
AcDb3dPolylineVertex
 10
1164.5
 20
34.0
 30
409.7
 70
32
  0
VERTEX
  5
6DF
330
17
100
AcDbEntity
  8
RBAR-T8-B
100
AcDbVertex
100
AcDb3dPolylineVertex
 10
1164.5
 20
34.0
 30
34.0
 70
32
  0
SEQEND
  5
6CB
330
6CA
100
AcDbEntity
  8
RBAR-T8-B
  0
POLYLINE
  5
6E0
330
17
100
AcDbEntity
  8
RBAR-T8-B
100
AcDb3dPolyline
 66
1
 10
0.0
 20
0.0
 30
0.0
 70
8
  0
VERTEX
  5
6E2
330
17
100
AcDbEntity
  8
RBAR-T8-B
100
AcDbVertex
100
AcDb3dPolylineVertex
 10
1222.0
 20
34.0
 30
34.0
 70
32
  0
VERTEX
  5
6E3
330
17
100
AcDbEntity
  8
RBAR-T8-B
100
AcDbVertex
100
AcDb3dPolylineVertex
 10
1222.0
 20
34.0
 30
409.7
 70
32
  0
VERTEX
  5
6E4
330
17
100
AcDbEntity
  8
RBAR-T8-B
100
AcDbVertex
100
AcDb3dPolylineVertex
 10
1222.3
 20
34.0
 30
412.8
 70
32
  0
VERTEX
  5
6E5
330
17
100
AcDbEntity
  8
RBAR-T8-B
100
AcDbVertex
100
AcDb3dPolylineVertex
 10
1223.2
 20
34.0
 30
415.8
 70
32
  0
VERTEX
  5
6E6
330
17
100
AcDbEntity
  8
RBAR-T8-B
100
AcDbVertex
100
AcDb3dPolylineVertex
 10
1224.7
 20
34.0
 30
418.5
 70
32
  0
VERTEX
  5
6E7
330
17
100
AcDbEntity
  8
RBAR-T8-B
100
AcDbVertex
100
AcDb3dPolylineVertex
 10
1226.6
 20
34.0
 30
420.9
 70
32
  0
VERTEX
  5
6E8
330
17
100
AcDbEntity
  8
RBAR-T8-B
100
AcDbVertex
100
AcDb3dPolylineVertex
 10
1229.0
 20
34.0
 30
422.9
 70
32
  0
VERTEX
  5
6E9
330
17
100
AcDbEntity
  8
RBAR-T8-B
100
AcDbVertex
100
AcDb3dPolylineVertex
 10
1231.8
 20
34.0
 30
424.4
 70
32
  0
VERTEX
  5
6EA
330
17
100
AcDbEntity
  8
RBAR-T8-B
100
AcDbVertex
100
AcDb3dPolylineVertex
 10
1234.7
 20
34.0
 30
425.3
 70
32
  0
VERTEX
  5
6EB
330
17
100
AcDbEntity
  8
RBAR-T8-B
100
AcDbVertex
100
AcDb3dPolylineVertex
 10
1237.8
 20
34.0
 30
425.6
 70
32
  0
VERTEX
  5
6EC
330
17
100
AcDbEntity
  8
RBAR-T8-B
100
AcDbVertex
100
AcDb3dPolylineVertex
 10
1336.7
 20
34.0
 30
425.6
 70
32
  0
VERTEX
  5
6ED
330
17
100
AcDbEntity
  8
RBAR-T8-B
100
AcDbVertex
100
AcDb3dPolylineVertex
 10
1339.8
 20
34.0
 30
425.3
 70
32
  0
VERTEX
  5
6EE
330
17
100
AcDbEntity
  8
RBAR-T8-B
100
AcDbVertex
100
AcDb3dPolylineVertex
 10
1342.8
 20
34.0
 30
424.4
 70
32
  0
VERTEX
  5
6EF
330
17
100
AcDbEntity
  8
RBAR-T8-B
100
AcDbVertex
100
AcDb3dPolylineVertex
 10
1345.5
 20
34.0
 30
422.9
 70
32
  0
VERTEX
  5
6F0
330
17
100
AcDbEntity
  8
RBAR-T8-B
100
AcDbVertex
100
AcDb3dPolylineVertex
 10
1347.9
 20
34.0
 30
420.9
 70
32
  0
VERTEX
  5
6F1
330
17
100
AcDbEntity
  8
RBAR-T8-B
100
AcDbVertex
100
AcDb3dPolylineVertex
 10
1349.9
 20
34.0
 30
418.5
 70
32
  0
VERTEX
  5
6F2
330
17
100
AcDbEntity
  8
RBAR-T8-B
100
AcDbVertex
100
AcDb3dPolylineVertex
 10
1351.3
 20
34.0
 30
415.8
 70
32
  0
VERTEX
  5
6F3
330
17
100
AcDbEntity
  8
RBAR-T8-B
100
AcDbVertex
100
AcDb3dPolylineVertex
 10
1352.2
 20
34.0
 30
412.8
 70
32
  0
VERTEX
  5
6F4
330
17
100
AcDbEntity
  8
RBAR-T8-B
100
AcDbVertex
100
AcDb3dPolylineVertex
 10
1352.5
 20
34.0
 30
409.7
 70
32
  0
VERTEX
  5
6F5
330
17
100
AcDbEntity
  8
RBAR-T8-B
100
AcDbVertex
100
AcDb3dPolylineVertex
 10
1352.5
 20
34.0
 30
34.0
 70
32
  0
SEQEND
  5
6E1
330
6E0
100
AcDbEntity
  8
RBAR-T8-B
  0
POLYLINE
  5
6F6
330
17
100
AcDbEntity
  8
RBAR-T8-B
100
AcDb3dPolyline
 66
1
 10
0.0
 20
0.0
 30
0.0
 70
8
  0
VERTEX
  5
6F8
330
17
100
AcDbEntity
  8
RBAR-T8-B
100
AcDbVertex
100
AcDb3dPolylineVertex
 10
1410.0
 20
34.0
 30
34.0
 70
32
  0
VERTEX
  5
6F9
330
17
100
AcDbEntity
  8
RBAR-T8-B
100
AcDbVertex
100
AcDb3dPolylineVertex
 10
1410.0
 20
34.0
 30
409.7
 70
32
  0
VERTEX
  5
6FA
330
17
100
AcDbEntity
  8
RBAR-T8-B
100
AcDbVertex
100
AcDb3dPolylineVertex
 10
1410.3
 20
34.0
 30
412.8
 70
32
  0
VERTEX
  5
6FB
330
17
100
AcDbEntity
  8
RBAR-T8-B
100
AcDbVertex
100
AcDb3dPolylineVertex
 10
1411.2
 20
34.0
 30
415.8
 70
32
  0
VERTEX
  5
6FC
330
17
100
AcDbEntity
  8
RBAR-T8-B
100
AcDbVertex
100
AcDb3dPolylineVertex
 10
1412.7
 20
34.0
 30
418.5
 70
32
  0
VERTEX
  5
6FD
330
17
100
AcDbEntity
  8
RBAR-T8-B
100
AcDbVertex
100
AcDb3dPolylineVertex
 10
1414.6
 20
34.0
 30
420.9
 70
32
  0
VERTEX
  5
6FE
330
17
100
AcDbEntity
  8
RBAR-T8-B
100
AcDbVertex
100
AcDb3dPolylineVertex
 10
1417.0
 20
34.0
 30
422.9
 70
32
  0
VERTEX
  5
6FF
330
17
100
AcDbEntity
  8
RBAR-T8-B
100
AcDbVertex
100
AcDb3dPolylineVertex
 10
1419.8
 20
34.0
 30
424.4
 70
32
  0
VERTEX
  5
700
330
17
100
AcDbEntity
  8
RBAR-T8-B
100
AcDbVertex
100
AcDb3dPolylineVertex
 10
1422.7
 20
34.0
 30
425.3
 70
32
  0
VERTEX
  5
701
330
17
100
AcDbEntity
  8
RBAR-T8-B
100
AcDbVertex
100
AcDb3dPolylineVertex
 10
1425.8
 20
34.0
 30
425.6
 70
32
  0
VERTEX
  5
702
330
17
100
AcDbEntity
  8
RBAR-T8-B
100
AcDbVertex
100
AcDb3dPolylineVertex
 10
1524.7
 20
34.0
 30
425.6
 70
32
  0
VERTEX
  5
703
330
17
100
AcDbEntity
  8
RBAR-T8-B
100
AcDbVertex
100
AcDb3dPolylineVertex
 10
1527.8
 20
34.0
 30
425.3
 70
32
  0
VERTEX
  5
704
330
17
100
AcDbEntity
  8
RBAR-T8-B
100
AcDbVertex
100
AcDb3dPolylineVertex
 10
1530.8
 20
34.0
 30
424.4
 70
32
  0
VERTEX
  5
705
330
17
100
AcDbEntity
  8
RBAR-T8-B
100
AcDbVertex
100
AcDb3dPolylineVertex
 10
1533.5
 20
34.0
 30
422.9
 70
32
  0
VERTEX
  5
706
330
17
100
AcDbEntity
  8
RBAR-T8-B
100
AcDbVertex
100
AcDb3dPolylineVertex
 10
1535.9
 20
34.0
 30
420.9
 70
32
  0
VERTEX
  5
707
330
17
100
AcDbEntity
  8
RBAR-T8-B
100
AcDbVertex
100
AcDb3dPolylineVertex
 10
1537.9
 20
34.0
 30
418.5
 70
32
  0
VERTEX
  5
708
330
17
100
AcDbEntity
  8
RBAR-T8-B
100
AcDbVertex
100
AcDb3dPolylineVertex
 10
1539.3
 20
34.0
 30
415.8
 70
32
  0
VERTEX
  5
709
330
17
100
AcDbEntity
  8
RBAR-T8-B
100
AcDbVertex
100
AcDb3dPolylineVertex
 10
1540.2
 20
34.0
 30
412.8
 70
32
  0
VERTEX
  5
70A
330
17
100
AcDbEntity
  8
RBAR-T8-B
100
AcDbVertex
100
AcDb3dPolylineVertex
 10
1540.5
 20
34.0
 30
409.7
 70
32
  0
VERTEX
  5
70B
330
17
100
AcDbEntity
  8
RBAR-T8-B
100
AcDbVertex
100
AcDb3dPolylineVertex
 10
1540.5
 20
34.0
 30
34.0
 70
32
  0
SEQEND
  5
6F7
330
6F6
100
AcDbEntity
  8
RBAR-T8-B
  0
POLYLINE
  5
70C
330
17
100
AcDbEntity
  8
RBAR-T8-B
100
AcDb3dPolyline
 66
1
 10
0.0
 20
0.0
 30
0.0
 70
8
  0
VERTEX
  5
70E
330
17
100
AcDbEntity
  8
RBAR-T8-B
100
AcDbVertex
100
AcDb3dPolylineVertex
 10
1598.0
 20
34.0
 30
34.0
 70
32
  0
VERTEX
  5
70F
330
17
100
AcDbEntity
  8
RBAR-T8-B
100
AcDbVertex
100
AcDb3dPolylineVertex
 10
1598.0
 20
34.0
 30
409.7
 70
32
  0
VERTEX
  5
710
330
17
100
AcDbEntity
  8
RBAR-T8-B
100
AcDbVertex
100
AcDb3dPolylineVertex
 10
1598.3
 20
34.0
 30
412.8
 70
32
  0
VERTEX
  5
711
330
17
100
AcDbEntity
  8
RBAR-T8-B
100
AcDbVertex
100
AcDb3dPolylineVertex
 10
1599.2
 20
34.0
 30
415.8
 70
32
  0
VERTEX
  5
712
330
17
100
AcDbEntity
  8
RBAR-T8-B
100
AcDbVertex
100
AcDb3dPolylineVertex
 10
1600.7
 20
34.0
 30
418.5
 70
32
  0
VERTEX
  5
713
330
17
100
AcDbEntity
  8
RBAR-T8-B
100
AcDbVertex
100
AcDb3dPolylineVertex
 10
1602.6
 20
34.0
 30
420.9
 70
32
  0
VERTEX
  5
714
330
17
100
AcDbEntity
  8
RBAR-T8-B
100
AcDbVertex
100
AcDb3dPolylineVertex
 10
1605.0
 20
34.0
 30
422.9
 70
32
  0
VERTEX
  5
715
330
17
100
AcDbEntity
  8
RBAR-T8-B
100
AcDbVertex
100
AcDb3dPolylineVertex
 10
1607.8
 20
34.0
 30
424.4
 70
32
  0
VERTEX
  5
716
330
17
100
AcDbEntity
  8
RBAR-T8-B
100
AcDbVertex
100
AcDb3dPolylineVertex
 10
1610.7
 20
34.0
 30
425.3
 70
32
  0
VERTEX
  5
717
330
17
100
AcDbEntity
  8
RBAR-T8-B
100
AcDbVertex
100
AcDb3dPolylineVertex
 10
1613.8
 20
34.0
 30
425.6
 70
32
  0
VERTEX
  5
718
330
17
100
AcDbEntity
  8
RBAR-T8-B
100
AcDbVertex
100
AcDb3dPolylineVertex
 10
1712.7
 20
34.0
 30
425.6
 70
32
  0
VERTEX
  5
719
330
17
100
AcDbEntity
  8
RBAR-T8-B
100
AcDbVertex
100
AcDb3dPolylineVertex
 10
1715.8
 20
34.0
 30
425.3
 70
32
  0
VERTEX
  5
71A
330
17
100
AcDbEntity
  8
RBAR-T8-B
100
AcDbVertex
100
AcDb3dPolylineVertex
 10
1718.8
 20
34.0
 30
424.4
 70
32
  0
VERTEX
  5
71B
330
17
100
AcDbEntity
  8
RBAR-T8-B
100
AcDbVertex
100
AcDb3dPolylineVertex
 10
1721.5
 20
34.0
 30
422.9
 70
32
  0
VERTEX
  5
71C
330
17
100
AcDbEntity
  8
RBAR-T8-B
100
AcDbVertex
100
AcDb3dPolylineVertex
 10
1723.9
 20
34.0
 30
420.9
 70
32
  0
VERTEX
  5
71D
330
17
100
AcDbEntity
  8
RBAR-T8-B
100
AcDbVertex
100
AcDb3dPolylineVertex
 10
1725.9
 20
34.0
 30
418.5
 70
32
  0
VERTEX
  5
71E
330
17
100
AcDbEntity
  8
RBAR-T8-B
100
AcDbVertex
100
AcDb3dPolylineVertex
 10
1727.3
 20
34.0
 30
415.8
 70
32
  0
VERTEX
  5
71F
330
17
100
AcDbEntity
  8
RBAR-T8-B
100
AcDbVertex
100
AcDb3dPolylineVertex
 10
1728.2
 20
34.0
 30
412.8
 70
32
  0
VERTEX
  5
720
330
17
100
AcDbEntity
  8
RBAR-T8-B
100
AcDbVertex
100
AcDb3dPolylineVertex
 10
1728.5
 20
34.0
 30
409.7
 70
32
  0
VERTEX
  5
721
330
17
100
AcDbEntity
  8
RBAR-T8-B
100
AcDbVertex
100
AcDb3dPolylineVertex
 10
1728.5
 20
34.0
 30
34.0
 70
32
  0
SEQEND
  5
70D
330
70C
100
AcDbEntity
  8
RBAR-T8-B
  0
POLYLINE
  5
722
330
17
100
AcDbEntity
  8
RBAR-T8-B
100
AcDb3dPolyline
 66
1
 10
0.0
 20
0.0
 30
0.0
 70
8
  0
VERTEX
  5
724
330
17
100
AcDbEntity
  8
RBAR-T8-B
100
AcDbVertex
100
AcDb3dPolylineVertex
 10
1786.0
 20
34.0
 30
34.0
 70
32
  0
VERTEX
  5
725
330
17
100
AcDbEntity
  8
RBAR-T8-B
100
AcDbVertex
100
AcDb3dPolylineVertex
 10
1786.0
 20
34.0
 30
409.7
 70
32
  0
VERTEX
  5
726
330
17
100
AcDbEntity
  8
RBAR-T8-B
100
AcDbVertex
100
AcDb3dPolylineVertex
 10
1786.3
 20
34.0
 30
412.8
 70
32
  0
VERTEX
  5
727
330
17
100
AcDbEntity
  8
RBAR-T8-B
100
AcDbVertex
100
AcDb3dPolylineVertex
 10
1787.2
 20
34.0
 30
415.8
 70
32
  0
VERTEX
  5
728
330
17
100
AcDbEntity
  8
RBAR-T8-B
100
AcDbVertex
100
AcDb3dPolylineVertex
 10
1788.7
 20
34.0
 30
418.5
 70
32
  0
VERTEX
  5
729
330
17
100
AcDbEntity
  8
RBAR-T8-B
100
AcDbVertex
100
AcDb3dPolylineVertex
 10
1790.6
 20
34.0
 30
420.9
 70
32
  0
VERTEX
  5
72A
330
17
100
AcDbEntity
  8
RBAR-T8-B
100
AcDbVertex
100
AcDb3dPolylineVertex
 10
1793.0
 20
34.0
 30
422.9
 70
32
  0
VERTEX
  5
72B
330
17
100
AcDbEntity
  8
RBAR-T8-B
100
AcDbVertex
100
AcDb3dPolylineVertex
 10
1795.8
 20
34.0
 30
424.4
 70
32
  0
VERTEX
  5
72C
330
17
100
AcDbEntity
  8
RBAR-T8-B
100
AcDbVertex
100
AcDb3dPolylineVertex
 10
1798.7
 20
34.0
 30
425.3
 70
32
  0
VERTEX
  5
72D
330
17
100
AcDbEntity
  8
RBAR-T8-B
100
AcDbVertex
100
AcDb3dPolylineVertex
 10
1801.8
 20
34.0
 30
425.6
 70
32
  0
VERTEX
  5
72E
330
17
100
AcDbEntity
  8
RBAR-T8-B
100
AcDbVertex
100
AcDb3dPolylineVertex
 10
1900.7
 20
34.0
 30
425.6
 70
32
  0
VERTEX
  5
72F
330
17
100
AcDbEntity
  8
RBAR-T8-B
100
AcDbVertex
100
AcDb3dPolylineVertex
 10
1903.8
 20
34.0
 30
425.3
 70
32
  0
VERTEX
  5
730
330
17
100
AcDbEntity
  8
RBAR-T8-B
100
AcDbVertex
100
AcDb3dPolylineVertex
 10
1906.8
 20
34.0
 30
424.4
 70
32
  0
VERTEX
  5
731
330
17
100
AcDbEntity
  8
RBAR-T8-B
100
AcDbVertex
100
AcDb3dPolylineVertex
 10
1909.5
 20
34.0
 30
422.9
 70
32
  0
VERTEX
  5
732
330
17
100
AcDbEntity
  8
RBAR-T8-B
100
AcDbVertex
100
AcDb3dPolylineVertex
 10
1911.9
 20
34.0
 30
420.9
 70
32
  0
VERTEX
  5
733
330
17
100
AcDbEntity
  8
RBAR-T8-B
100
AcDbVertex
100
AcDb3dPolylineVertex
 10
1913.9
 20
34.0
 30
418.5
 70
32
  0
VERTEX
  5
734
330
17
100
AcDbEntity
  8
RBAR-T8-B
100
AcDbVertex
100
AcDb3dPolylineVertex
 10
1915.3
 20
34.0
 30
415.8
 70
32
  0
VERTEX
  5
735
330
17
100
AcDbEntity
  8
RBAR-T8-B
100
AcDbVertex
100
AcDb3dPolylineVertex
 10
1916.2
 20
34.0
 30
412.8
 70
32
  0
VERTEX
  5
736
330
17
100
AcDbEntity
  8
RBAR-T8-B
100
AcDbVertex
100
AcDb3dPolylineVertex
 10
1916.5
 20
34.0
 30
409.7
 70
32
  0
VERTEX
  5
737
330
17
100
AcDbEntity
  8
RBAR-T8-B
100
AcDbVertex
100
AcDb3dPolylineVertex
 10
1916.5
 20
34.0
 30
34.0
 70
32
  0
SEQEND
  5
723
330
722
100
AcDbEntity
  8
RBAR-T8-B
  0
POLYLINE
  5
738
330
17
100
AcDbEntity
  8
RBAR-T8-B
100
AcDb3dPolyline
 66
1
 10
0.0
 20
0.0
 30
0.0
 70
8
  0
VERTEX
  5
73A
330
17
100
AcDbEntity
  8
RBAR-T8-B
100
AcDbVertex
100
AcDb3dPolylineVertex
 10
1974.0
 20
34.0
 30
34.0
 70
32
  0
VERTEX
  5
73B
330
17
100
AcDbEntity
  8
RBAR-T8-B
100
AcDbVertex
100
AcDb3dPolylineVertex
 10
1974.0
 20
34.0
 30
409.7
 70
32
  0
VERTEX
  5
73C
330
17
100
AcDbEntity
  8
RBAR-T8-B
100
AcDbVertex
100
AcDb3dPolylineVertex
 10
1974.3
 20
34.0
 30
412.8
 70
32
  0
VERTEX
  5
73D
330
17
100
AcDbEntity
  8
RBAR-T8-B
100
AcDbVertex
100
AcDb3dPolylineVertex
 10
1975.2
 20
34.0
 30
415.8
 70
32
  0
VERTEX
  5
73E
330
17
100
AcDbEntity
  8
RBAR-T8-B
100
AcDbVertex
100
AcDb3dPolylineVertex
 10
1976.7
 20
34.0
 30
418.5
 70
32
  0
VERTEX
  5
73F
330
17
100
AcDbEntity
  8
RBAR-T8-B
100
AcDbVertex
100
AcDb3dPolylineVertex
 10
1978.6
 20
34.0
 30
420.9
 70
32
  0
VERTEX
  5
740
330
17
100
AcDbEntity
  8
RBAR-T8-B
100
AcDbVertex
100
AcDb3dPolylineVertex
 10
1981.0
 20
34.0
 30
422.9
 70
32
  0
VERTEX
  5
741
330
17
100
AcDbEntity
  8
RBAR-T8-B
100
AcDbVertex
100
AcDb3dPolylineVertex
 10
1983.8
 20
34.0
 30
424.4
 70
32
  0
VERTEX
  5
742
330
17
100
AcDbEntity
  8
RBAR-T8-B
100
AcDbVertex
100
AcDb3dPolylineVertex
 10
1986.7
 20
34.0
 30
425.3
 70
32
  0
VERTEX
  5
743
330
17
100
AcDbEntity
  8
RBAR-T8-B
100
AcDbVertex
100
AcDb3dPolylineVertex
 10
1989.8
 20
34.0
 30
425.6
 70
32
  0
VERTEX
  5
744
330
17
100
AcDbEntity
  8
RBAR-T8-B
100
AcDbVertex
100
AcDb3dPolylineVertex
 10
2088.7
 20
34.0
 30
425.6
 70
32
  0
VERTEX
  5
745
330
17
100
AcDbEntity
  8
RBAR-T8-B
100
AcDbVertex
100
AcDb3dPolylineVertex
 10
2091.8
 20
34.0
 30
425.3
 70
32
  0
VERTEX
  5
746
330
17
100
AcDbEntity
  8
RBAR-T8-B
100
AcDbVertex
100
AcDb3dPolylineVertex
 10
2094.8
 20
34.0
 30
424.4
 70
32
  0
VERTEX
  5
747
330
17
100
AcDbEntity
  8
RBAR-T8-B
100
AcDbVertex
100
AcDb3dPolylineVertex
 10
2097.5
 20
34.0
 30
422.9
 70
32
  0
VERTEX
  5
748
330
17
100
AcDbEntity
  8
RBAR-T8-B
100
AcDbVertex
100
AcDb3dPolylineVertex
 10
2099.9
 20
34.0
 30
420.9
 70
32
  0
VERTEX
  5
749
330
17
100
AcDbEntity
  8
RBAR-T8-B
100
AcDbVertex
100
AcDb3dPolylineVertex
 10
2101.9
 20
34.0
 30
418.5
 70
32
  0
VERTEX
  5
74A
330
17
100
AcDbEntity
  8
RBAR-T8-B
100
AcDbVertex
100
AcDb3dPolylineVertex
 10
2103.3
 20
34.0
 30
415.8
 70
32
  0
VERTEX
  5
74B
330
17
100
AcDbEntity
  8
RBAR-T8-B
100
AcDbVertex
100
AcDb3dPolylineVertex
 10
2104.2
 20
34.0
 30
412.8
 70
32
  0
VERTEX
  5
74C
330
17
100
AcDbEntity
  8
RBAR-T8-B
100
AcDbVertex
100
AcDb3dPolylineVertex
 10
2104.5
 20
34.0
 30
409.7
 70
32
  0
VERTEX
  5
74D
330
17
100
AcDbEntity
  8
RBAR-T8-B
100
AcDbVertex
100
AcDb3dPolylineVertex
 10
2104.5
 20
34.0
 30
34.0
 70
32
  0
SEQEND
  5
739
330
738
100
AcDbEntity
  8
RBAR-T8-B
  0
POLYLINE
  5
74E
330
17
100
AcDbEntity
  8
RBAR-T8-B
100
AcDb3dPolyline
 66
1
 10
0.0
 20
0.0
 30
0.0
 70
8
  0
VERTEX
  5
750
330
17
100
AcDbEntity
  8
RBAR-T8-B
100
AcDbVertex
100
AcDb3dPolylineVertex
 10
2162.0
 20
34.0
 30
34.0
 70
32
  0
VERTEX
  5
751
330
17
100
AcDbEntity
  8
RBAR-T8-B
100
AcDbVertex
100
AcDb3dPolylineVertex
 10
2162.0
 20
34.0
 30
409.7
 70
32
  0
VERTEX
  5
752
330
17
100
AcDbEntity
  8
RBAR-T8-B
100
AcDbVertex
100
AcDb3dPolylineVertex
 10
2162.3
 20
34.0
 30
412.8
 70
32
  0
VERTEX
  5
753
330
17
100
AcDbEntity
  8
RBAR-T8-B
100
AcDbVertex
100
AcDb3dPolylineVertex
 10
2163.2
 20
34.0
 30
415.8
 70
32
  0
VERTEX
  5
754
330
17
100
AcDbEntity
  8
RBAR-T8-B
100
AcDbVertex
100
AcDb3dPolylineVertex
 10
2164.7
 20
34.0
 30
418.5
 70
32
  0
VERTEX
  5
755
330
17
100
AcDbEntity
  8
RBAR-T8-B
100
AcDbVertex
100
AcDb3dPolylineVertex
 10
2166.6
 20
34.0
 30
420.9
 70
32
  0
VERTEX
  5
756
330
17
100
AcDbEntity
  8
RBAR-T8-B
100
AcDbVertex
100
AcDb3dPolylineVertex
 10
2169.0
 20
34.0
 30
422.9
 70
32
  0
VERTEX
  5
757
330
17
100
AcDbEntity
  8
RBAR-T8-B
100
AcDbVertex
100
AcDb3dPolylineVertex
 10
2171.8
 20
34.0
 30
424.4
 70
32
  0
VERTEX
  5
758
330
17
100
AcDbEntity
  8
RBAR-T8-B
100
AcDbVertex
100
AcDb3dPolylineVertex
 10
2174.7
 20
34.0
 30
425.3
 70
32
  0
VERTEX
  5
759
330
17
100
AcDbEntity
  8
RBAR-T8-B
100
AcDbVertex
100
AcDb3dPolylineVertex
 10
2177.8
 20
34.0
 30
425.6
 70
32
  0
VERTEX
  5
75A
330
17
100
AcDbEntity
  8
RBAR-T8-B
100
AcDbVertex
100
AcDb3dPolylineVertex
 10
2276.7
 20
34.0
 30
425.6
 70
32
  0
VERTEX
  5
75B
330
17
100
AcDbEntity
  8
RBAR-T8-B
100
AcDbVertex
100
AcDb3dPolylineVertex
 10
2279.8
 20
34.0
 30
425.3
 70
32
  0
VERTEX
  5
75C
330
17
100
AcDbEntity
  8
RBAR-T8-B
100
AcDbVertex
100
AcDb3dPolylineVertex
 10
2282.8
 20
34.0
 30
424.4
 70
32
  0
VERTEX
  5
75D
330
17
100
AcDbEntity
  8
RBAR-T8-B
100
AcDbVertex
100
AcDb3dPolylineVertex
 10
2285.5
 20
34.0
 30
422.9
 70
32
  0
VERTEX
  5
75E
330
17
100
AcDbEntity
  8
RBAR-T8-B
100
AcDbVertex
100
AcDb3dPolylineVertex
 10
2287.9
 20
34.0
 30
420.9
 70
32
  0
VERTEX
  5
75F
330
17
100
AcDbEntity
  8
RBAR-T8-B
100
AcDbVertex
100
AcDb3dPolylineVertex
 10
2289.9
 20
34.0
 30
418.5
 70
32
  0
VERTEX
  5
760
330
17
100
AcDbEntity
  8
RBAR-T8-B
100
AcDbVertex
100
AcDb3dPolylineVertex
 10
2291.3
 20
34.0
 30
415.8
 70
32
  0
VERTEX
  5
761
330
17
100
AcDbEntity
  8
RBAR-T8-B
100
AcDbVertex
100
AcDb3dPolylineVertex
 10
2292.2
 20
34.0
 30
412.8
 70
32
  0
VERTEX
  5
762
330
17
100
AcDbEntity
  8
RBAR-T8-B
100
AcDbVertex
100
AcDb3dPolylineVertex
 10
2292.5
 20
34.0
 30
409.7
 70
32
  0
VERTEX
  5
763
330
17
100
AcDbEntity
  8
RBAR-T8-B
100
AcDbVertex
100
AcDb3dPolylineVertex
 10
2292.5
 20
34.0
 30
34.0
 70
32
  0
SEQEND
  5
74F
330
74E
100
AcDbEntity
  8
RBAR-T8-B
  0
POLYLINE
  5
764
330
17
100
AcDbEntity
  8
RBAR-T8-B
100
AcDb3dPolyline
 66
1
 10
0.0
 20
0.0
 30
0.0
 70
8
  0
VERTEX
  5
766
330
17
100
AcDbEntity
  8
RBAR-T8-B
100
AcDbVertex
100
AcDb3dPolylineVertex
 10
2350.0
 20
34.0
 30
34.0
 70
32
  0
VERTEX
  5
767
330
17
100
AcDbEntity
  8
RBAR-T8-B
100
AcDbVertex
100
AcDb3dPolylineVertex
 10
2350.0
 20
34.0
 30
409.7
 70
32
  0
VERTEX
  5
768
330
17
100
AcDbEntity
  8
RBAR-T8-B
100
AcDbVertex
100
AcDb3dPolylineVertex
 10
2350.3
 20
34.0
 30
412.8
 70
32
  0
VERTEX
  5
769
330
17
100
AcDbEntity
  8
RBAR-T8-B
100
AcDbVertex
100
AcDb3dPolylineVertex
 10
2351.2
 20
34.0
 30
415.8
 70
32
  0
VERTEX
  5
76A
330
17
100
AcDbEntity
  8
RBAR-T8-B
100
AcDbVertex
100
AcDb3dPolylineVertex
 10
2352.7
 20
34.0
 30
418.5
 70
32
  0
VERTEX
  5
76B
330
17
100
AcDbEntity
  8
RBAR-T8-B
100
AcDbVertex
100
AcDb3dPolylineVertex
 10
2354.6
 20
34.0
 30
420.9
 70
32
  0
VERTEX
  5
76C
330
17
100
AcDbEntity
  8
RBAR-T8-B
100
AcDbVertex
100
AcDb3dPolylineVertex
 10
2357.0
 20
34.0
 30
422.9
 70
32
  0
VERTEX
  5
76D
330
17
100
AcDbEntity
  8
RBAR-T8-B
100
AcDbVertex
100
AcDb3dPolylineVertex
 10
2359.8
 20
34.0
 30
424.4
 70
32
  0
VERTEX
  5
76E
330
17
100
AcDbEntity
  8
RBAR-T8-B
100
AcDbVertex
100
AcDb3dPolylineVertex
 10
2362.7
 20
34.0
 30
425.3
 70
32
  0
VERTEX
  5
76F
330
17
100
AcDbEntity
  8
RBAR-T8-B
100
AcDbVertex
100
AcDb3dPolylineVertex
 10
2365.8
 20
34.0
 30
425.6
 70
32
  0
VERTEX
  5
770
330
17
100
AcDbEntity
  8
RBAR-T8-B
100
AcDbVertex
100
AcDb3dPolylineVertex
 10
2464.7
 20
34.0
 30
425.6
 70
32
  0
VERTEX
  5
771
330
17
100
AcDbEntity
  8
RBAR-T8-B
100
AcDbVertex
100
AcDb3dPolylineVertex
 10
2467.8
 20
34.0
 30
425.3
 70
32
  0
VERTEX
  5
772
330
17
100
AcDbEntity
  8
RBAR-T8-B
100
AcDbVertex
100
AcDb3dPolylineVertex
 10
2470.8
 20
34.0
 30
424.4
 70
32
  0
VERTEX
  5
773
330
17
100
AcDbEntity
  8
RBAR-T8-B
100
AcDbVertex
100
AcDb3dPolylineVertex
 10
2473.5
 20
34.0
 30
422.9
 70
32
  0
VERTEX
  5
774
330
17
100
AcDbEntity
  8
RBAR-T8-B
100
AcDbVertex
100
AcDb3dPolylineVertex
 10
2475.9
 20
34.0
 30
420.9
 70
32
  0
VERTEX
  5
775
330
17
100
AcDbEntity
  8
RBAR-T8-B
100
AcDbVertex
100
AcDb3dPolylineVertex
 10
2477.9
 20
34.0
 30
418.5
 70
32
  0
VERTEX
  5
776
330
17
100
AcDbEntity
  8
RBAR-T8-B
100
AcDbVertex
100
AcDb3dPolylineVertex
 10
2479.3
 20
34.0
 30
415.8
 70
32
  0
VERTEX
  5
777
330
17
100
AcDbEntity
  8
RBAR-T8-B
100
AcDbVertex
100
AcDb3dPolylineVertex
 10
2480.2
 20
34.0
 30
412.8
 70
32
  0
VERTEX
  5
778
330
17
100
AcDbEntity
  8
RBAR-T8-B
100
AcDbVertex
100
AcDb3dPolylineVertex
 10
2480.5
 20
34.0
 30
409.7
 70
32
  0
VERTEX
  5
779
330
17
100
AcDbEntity
  8
RBAR-T8-B
100
AcDbVertex
100
AcDb3dPolylineVertex
 10
2480.5
 20
34.0
 30
34.0
 70
32
  0
SEQEND
  5
765
330
764
100
AcDbEntity
  8
RBAR-T8-B
  0
POLYLINE
  5
77A
330
17
100
AcDbEntity
  8
RBAR-T8-B
100
AcDb3dPolyline
 66
1
 10
0.0
 20
0.0
 30
0.0
 70
8
  0
VERTEX
  5
77C
330
17
100
AcDbEntity
  8
RBAR-T8-B
100
AcDbVertex
100
AcDb3dPolylineVertex
 10
2538.0
 20
34.0
 30
34.0
 70
32
  0
VERTEX
  5
77D
330
17
100
AcDbEntity
  8
RBAR-T8-B
100
AcDbVertex
100
AcDb3dPolylineVertex
 10
2538.0
 20
34.0
 30
409.7
 70
32
  0
VERTEX
  5
77E
330
17
100
AcDbEntity
  8
RBAR-T8-B
100
AcDbVertex
100
AcDb3dPolylineVertex
 10
2538.3
 20
34.0
 30
412.8
 70
32
  0
VERTEX
  5
77F
330
17
100
AcDbEntity
  8
RBAR-T8-B
100
AcDbVertex
100
AcDb3dPolylineVertex
 10
2539.2
 20
34.0
 30
415.8
 70
32
  0
VERTEX
  5
780
330
17
100
AcDbEntity
  8
RBAR-T8-B
100
AcDbVertex
100
AcDb3dPolylineVertex
 10
2540.7
 20
34.0
 30
418.5
 70
32
  0
VERTEX
  5
781
330
17
100
AcDbEntity
  8
RBAR-T8-B
100
AcDbVertex
100
AcDb3dPolylineVertex
 10
2542.6
 20
34.0
 30
420.9
 70
32
  0
VERTEX
  5
782
330
17
100
AcDbEntity
  8
RBAR-T8-B
100
AcDbVertex
100
AcDb3dPolylineVertex
 10
2545.0
 20
34.0
 30
422.9
 70
32
  0
VERTEX
  5
783
330
17
100
AcDbEntity
  8
RBAR-T8-B
100
AcDbVertex
100
AcDb3dPolylineVertex
 10
2547.8
 20
34.0
 30
424.4
 70
32
  0
VERTEX
  5
784
330
17
100
AcDbEntity
  8
RBAR-T8-B
100
AcDbVertex
100
AcDb3dPolylineVertex
 10
2550.7
 20
34.0
 30
425.3
 70
32
  0
VERTEX
  5
785
330
17
100
AcDbEntity
  8
RBAR-T8-B
100
AcDbVertex
100
AcDb3dPolylineVertex
 10
2553.8
 20
34.0
 30
425.6
 70
32
  0
VERTEX
  5
786
330
17
100
AcDbEntity
  8
RBAR-T8-B
100
AcDbVertex
100
AcDb3dPolylineVertex
 10
2652.7
 20
34.0
 30
425.6
 70
32
  0
VERTEX
  5
787
330
17
100
AcDbEntity
  8
RBAR-T8-B
100
AcDbVertex
100
AcDb3dPolylineVertex
 10
2655.8
 20
34.0
 30
425.3
 70
32
  0
VERTEX
  5
788
330
17
100
AcDbEntity
  8
RBAR-T8-B
100
AcDbVertex
100
AcDb3dPolylineVertex
 10
2658.8
 20
34.0
 30
424.4
 70
32
  0
VERTEX
  5
789
330
17
100
AcDbEntity
  8
RBAR-T8-B
100
AcDbVertex
100
AcDb3dPolylineVertex
 10
2661.5
 20
34.0
 30
422.9
 70
32
  0
VERTEX
  5
78A
330
17
100
AcDbEntity
  8
RBAR-T8-B
100
AcDbVertex
100
AcDb3dPolylineVertex
 10
2663.9
 20
34.0
 30
420.9
 70
32
  0
VERTEX
  5
78B
330
17
100
AcDbEntity
  8
RBAR-T8-B
100
AcDbVertex
100
AcDb3dPolylineVertex
 10
2665.9
 20
34.0
 30
418.5
 70
32
  0
VERTEX
  5
78C
330
17
100
AcDbEntity
  8
RBAR-T8-B
100
AcDbVertex
100
AcDb3dPolylineVertex
 10
2667.3
 20
34.0
 30
415.8
 70
32
  0
VERTEX
  5
78D
330
17
100
AcDbEntity
  8
RBAR-T8-B
100
AcDbVertex
100
AcDb3dPolylineVertex
 10
2668.2
 20
34.0
 30
412.8
 70
32
  0
VERTEX
  5
78E
330
17
100
AcDbEntity
  8
RBAR-T8-B
100
AcDbVertex
100
AcDb3dPolylineVertex
 10
2668.5
 20
34.0
 30
409.7
 70
32
  0
VERTEX
  5
78F
330
17
100
AcDbEntity
  8
RBAR-T8-B
100
AcDbVertex
100
AcDb3dPolylineVertex
 10
2668.5
 20
34.0
 30
34.0
 70
32
  0
SEQEND
  5
77B
330
77A
100
AcDbEntity
  8
RBAR-T8-B
  0
POLYLINE
  5
790
330
17
100
AcDbEntity
  8
RBAR-T8-B
100
AcDb3dPolyline
 66
1
 10
0.0
 20
0.0
 30
0.0
 70
8
  0
VERTEX
  5
792
330
17
100
AcDbEntity
  8
RBAR-T8-B
100
AcDbVertex
100
AcDb3dPolylineVertex
 10
2726.0
 20
34.0
 30
34.0
 70
32
  0
VERTEX
  5
793
330
17
100
AcDbEntity
  8
RBAR-T8-B
100
AcDbVertex
100
AcDb3dPolylineVertex
 10
2726.0
 20
34.0
 30
409.7
 70
32
  0
VERTEX
  5
794
330
17
100
AcDbEntity
  8
RBAR-T8-B
100
AcDbVertex
100
AcDb3dPolylineVertex
 10
2726.3
 20
34.0
 30
412.8
 70
32
  0
VERTEX
  5
795
330
17
100
AcDbEntity
  8
RBAR-T8-B
100
AcDbVertex
100
AcDb3dPolylineVertex
 10
2727.2
 20
34.0
 30
415.8
 70
32
  0
VERTEX
  5
796
330
17
100
AcDbEntity
  8
RBAR-T8-B
100
AcDbVertex
100
AcDb3dPolylineVertex
 10
2728.7
 20
34.0
 30
418.5
 70
32
  0
VERTEX
  5
797
330
17
100
AcDbEntity
  8
RBAR-T8-B
100
AcDbVertex
100
AcDb3dPolylineVertex
 10
2730.6
 20
34.0
 30
420.9
 70
32
  0
VERTEX
  5
798
330
17
100
AcDbEntity
  8
RBAR-T8-B
100
AcDbVertex
100
AcDb3dPolylineVertex
 10
2733.0
 20
34.0
 30
422.9
 70
32
  0
VERTEX
  5
799
330
17
100
AcDbEntity
  8
RBAR-T8-B
100
AcDbVertex
100
AcDb3dPolylineVertex
 10
2735.8
 20
34.0
 30
424.4
 70
32
  0
VERTEX
  5
79A
330
17
100
AcDbEntity
  8
RBAR-T8-B
100
AcDbVertex
100
AcDb3dPolylineVertex
 10
2738.7
 20
34.0
 30
425.3
 70
32
  0
VERTEX
  5
79B
330
17
100
AcDbEntity
  8
RBAR-T8-B
100
AcDbVertex
100
AcDb3dPolylineVertex
 10
2741.8
 20
34.0
 30
425.6
 70
32
  0
VERTEX
  5
79C
330
17
100
AcDbEntity
  8
RBAR-T8-B
100
AcDbVertex
100
AcDb3dPolylineVertex
 10
2840.7
 20
34.0
 30
425.6
 70
32
  0
VERTEX
  5
79D
330
17
100
AcDbEntity
  8
RBAR-T8-B
100
AcDbVertex
100
AcDb3dPolylineVertex
 10
2843.8
 20
34.0
 30
425.3
 70
32
  0
VERTEX
  5
79E
330
17
100
AcDbEntity
  8
RBAR-T8-B
100
AcDbVertex
100
AcDb3dPolylineVertex
 10
2846.8
 20
34.0
 30
424.4
 70
32
  0
VERTEX
  5
79F
330
17
100
AcDbEntity
  8
RBAR-T8-B
100
AcDbVertex
100
AcDb3dPolylineVertex
 10
2849.5
 20
34.0
 30
422.9
 70
32
  0
VERTEX
  5
7A0
330
17
100
AcDbEntity
  8
RBAR-T8-B
100
AcDbVertex
100
AcDb3dPolylineVertex
 10
2851.9
 20
34.0
 30
420.9
 70
32
  0
VERTEX
  5
7A1
330
17
100
AcDbEntity
  8
RBAR-T8-B
100
AcDbVertex
100
AcDb3dPolylineVertex
 10
2853.9
 20
34.0
 30
418.5
 70
32
  0
VERTEX
  5
7A2
330
17
100
AcDbEntity
  8
RBAR-T8-B
100
AcDbVertex
100
AcDb3dPolylineVertex
 10
2855.3
 20
34.0
 30
415.8
 70
32
  0
VERTEX
  5
7A3
330
17
100
AcDbEntity
  8
RBAR-T8-B
100
AcDbVertex
100
AcDb3dPolylineVertex
 10
2856.2
 20
34.0
 30
412.8
 70
32
  0
VERTEX
  5
7A4
330
17
100
AcDbEntity
  8
RBAR-T8-B
100
AcDbVertex
100
AcDb3dPolylineVertex
 10
2856.5
 20
34.0
 30
409.7
 70
32
  0
VERTEX
  5
7A5
330
17
100
AcDbEntity
  8
RBAR-T8-B
100
AcDbVertex
100
AcDb3dPolylineVertex
 10
2856.5
 20
34.0
 30
34.0
 70
32
  0
SEQEND
  5
791
330
790
100
AcDbEntity
  8
RBAR-T8-B
  0
POLYLINE
  5
7A6
330
17
100
AcDbEntity
  8
RBAR-T8-B
100
AcDb3dPolyline
 66
1
 10
0.0
 20
0.0
 30
0.0
 70
8
  0
VERTEX
  5
7A8
330
17
100
AcDbEntity
  8
RBAR-T8-B
100
AcDbVertex
100
AcDb3dPolylineVertex
 10
2914.0
 20
34.0
 30
34.0
 70
32
  0
VERTEX
  5
7A9
330
17
100
AcDbEntity
  8
RBAR-T8-B
100
AcDbVertex
100
AcDb3dPolylineVertex
 10
2914.0
 20
34.0
 30
409.7
 70
32
  0
VERTEX
  5
7AA
330
17
100
AcDbEntity
  8
RBAR-T8-B
100
AcDbVertex
100
AcDb3dPolylineVertex
 10
2914.3
 20
34.0
 30
412.8
 70
32
  0
VERTEX
  5
7AB
330
17
100
AcDbEntity
  8
RBAR-T8-B
100
AcDbVertex
100
AcDb3dPolylineVertex
 10
2915.2
 20
34.0
 30
415.8
 70
32
  0
VERTEX
  5
7AC
330
17
100
AcDbEntity
  8
RBAR-T8-B
100
AcDbVertex
100
AcDb3dPolylineVertex
 10
2916.7
 20
34.0
 30
418.5
 70
32
  0
VERTEX
  5
7AD
330
17
100
AcDbEntity
  8
RBAR-T8-B
100
AcDbVertex
100
AcDb3dPolylineVertex
 10
2918.6
 20
34.0
 30
420.9
 70
32
  0
VERTEX
  5
7AE
330
17
100
AcDbEntity
  8
RBAR-T8-B
100
AcDbVertex
100
AcDb3dPolylineVertex
 10
2921.0
 20
34.0
 30
422.9
 70
32
  0
VERTEX
  5
7AF
330
17
100
AcDbEntity
  8
RBAR-T8-B
100
AcDbVertex
100
AcDb3dPolylineVertex
 10
2923.8
 20
34.0
 30
424.4
 70
32
  0
VERTEX
  5
7B0
330
17
100
AcDbEntity
  8
RBAR-T8-B
100
AcDbVertex
100
AcDb3dPolylineVertex
 10
2926.7
 20
34.0
 30
425.3
 70
32
  0
VERTEX
  5
7B1
330
17
100
AcDbEntity
  8
RBAR-T8-B
100
AcDbVertex
100
AcDb3dPolylineVertex
 10
2929.8
 20
34.0
 30
425.6
 70
32
  0
VERTEX
  5
7B2
330
17
100
AcDbEntity
  8
RBAR-T8-B
100
AcDbVertex
100
AcDb3dPolylineVertex
 10
3028.7
 20
34.0
 30
425.6
 70
32
  0
VERTEX
  5
7B3
330
17
100
AcDbEntity
  8
RBAR-T8-B
100
AcDbVertex
100
AcDb3dPolylineVertex
 10
3031.8
 20
34.0
 30
425.3
 70
32
  0
VERTEX
  5
7B4
330
17
100
AcDbEntity
  8
RBAR-T8-B
100
AcDbVertex
100
AcDb3dPolylineVertex
 10
3034.8
 20
34.0
 30
424.4
 70
32
  0
VERTEX
  5
7B5
330
17
100
AcDbEntity
  8
RBAR-T8-B
100
AcDbVertex
100
AcDb3dPolylineVertex
 10
3037.5
 20
34.0
 30
422.9
 70
32
  0
VERTEX
  5
7B6
330
17
100
AcDbEntity
  8
RBAR-T8-B
100
AcDbVertex
100
AcDb3dPolylineVertex
 10
3039.9
 20
34.0
 30
420.9
 70
32
  0
VERTEX
  5
7B7
330
17
100
AcDbEntity
  8
RBAR-T8-B
100
AcDbVertex
100
AcDb3dPolylineVertex
 10
3041.9
 20
34.0
 30
418.5
 70
32
  0
VERTEX
  5
7B8
330
17
100
AcDbEntity
  8
RBAR-T8-B
100
AcDbVertex
100
AcDb3dPolylineVertex
 10
3043.3
 20
34.0
 30
415.8
 70
32
  0
VERTEX
  5
7B9
330
17
100
AcDbEntity
  8
RBAR-T8-B
100
AcDbVertex
100
AcDb3dPolylineVertex
 10
3044.2
 20
34.0
 30
412.8
 70
32
  0
VERTEX
  5
7BA
330
17
100
AcDbEntity
  8
RBAR-T8-B
100
AcDbVertex
100
AcDb3dPolylineVertex
 10
3044.5
 20
34.0
 30
409.7
 70
32
  0
VERTEX
  5
7BB
330
17
100
AcDbEntity
  8
RBAR-T8-B
100
AcDbVertex
100
AcDb3dPolylineVertex
 10
3044.5
 20
34.0
 30
34.0
 70
32
  0
SEQEND
  5
7A7
330
7A6
100
AcDbEntity
  8
RBAR-T8-B
  0
POLYLINE
  5
7BC
330
17
100
AcDbEntity
  8
RBAR-T8-B
100
AcDb3dPolyline
 66
1
 10
0.0
 20
0.0
 30
0.0
 70
8
  0
VERTEX
  5
7BE
330
17
100
AcDbEntity
  8
RBAR-T8-B
100
AcDbVertex
100
AcDb3dPolylineVertex
 10
3102.0
 20
34.0
 30
34.0
 70
32
  0
VERTEX
  5
7BF
330
17
100
AcDbEntity
  8
RBAR-T8-B
100
AcDbVertex
100
AcDb3dPolylineVertex
 10
3102.0
 20
34.0
 30
409.7
 70
32
  0
VERTEX
  5
7C0
330
17
100
AcDbEntity
  8
RBAR-T8-B
100
AcDbVertex
100
AcDb3dPolylineVertex
 10
3102.3
 20
34.0
 30
412.8
 70
32
  0
VERTEX
  5
7C1
330
17
100
AcDbEntity
  8
RBAR-T8-B
100
AcDbVertex
100
AcDb3dPolylineVertex
 10
3103.2
 20
34.0
 30
415.8
 70
32
  0
VERTEX
  5
7C2
330
17
100
AcDbEntity
  8
RBAR-T8-B
100
AcDbVertex
100
AcDb3dPolylineVertex
 10
3104.7
 20
34.0
 30
418.5
 70
32
  0
VERTEX
  5
7C3
330
17
100
AcDbEntity
  8
RBAR-T8-B
100
AcDbVertex
100
AcDb3dPolylineVertex
 10
3106.6
 20
34.0
 30
420.9
 70
32
  0
VERTEX
  5
7C4
330
17
100
AcDbEntity
  8
RBAR-T8-B
100
AcDbVertex
100
AcDb3dPolylineVertex
 10
3109.0
 20
34.0
 30
422.9
 70
32
  0
VERTEX
  5
7C5
330
17
100
AcDbEntity
  8
RBAR-T8-B
100
AcDbVertex
100
AcDb3dPolylineVertex
 10
3111.8
 20
34.0
 30
424.4
 70
32
  0
VERTEX
  5
7C6
330
17
100
AcDbEntity
  8
RBAR-T8-B
100
AcDbVertex
100
AcDb3dPolylineVertex
 10
3114.7
 20
34.0
 30
425.3
 70
32
  0
VERTEX
  5
7C7
330
17
100
AcDbEntity
  8
RBAR-T8-B
100
AcDbVertex
100
AcDb3dPolylineVertex
 10
3117.8
 20
34.0
 30
425.6
 70
32
  0
VERTEX
  5
7C8
330
17
100
AcDbEntity
  8
RBAR-T8-B
100
AcDbVertex
100
AcDb3dPolylineVertex
 10
3216.7
 20
34.0
 30
425.6
 70
32
  0
VERTEX
  5
7C9
330
17
100
AcDbEntity
  8
RBAR-T8-B
100
AcDbVertex
100
AcDb3dPolylineVertex
 10
3219.8
 20
34.0
 30
425.3
 70
32
  0
VERTEX
  5
7CA
330
17
100
AcDbEntity
  8
RBAR-T8-B
100
AcDbVertex
100
AcDb3dPolylineVertex
 10
3222.8
 20
34.0
 30
424.4
 70
32
  0
VERTEX
  5
7CB
330
17
100
AcDbEntity
  8
RBAR-T8-B
100
AcDbVertex
100
AcDb3dPolylineVertex
 10
3225.5
 20
34.0
 30
422.9
 70
32
  0
VERTEX
  5
7CC
330
17
100
AcDbEntity
  8
RBAR-T8-B
100
AcDbVertex
100
AcDb3dPolylineVertex
 10
3227.9
 20
34.0
 30
420.9
 70
32
  0
VERTEX
  5
7CD
330
17
100
AcDbEntity
  8
RBAR-T8-B
100
AcDbVertex
100
AcDb3dPolylineVertex
 10
3229.9
 20
34.0
 30
418.5
 70
32
  0
VERTEX
  5
7CE
330
17
100
AcDbEntity
  8
RBAR-T8-B
100
AcDbVertex
100
AcDb3dPolylineVertex
 10
3231.3
 20
34.0
 30
415.8
 70
32
  0
VERTEX
  5
7CF
330
17
100
AcDbEntity
  8
RBAR-T8-B
100
AcDbVertex
100
AcDb3dPolylineVertex
 10
3232.2
 20
34.0
 30
412.8
 70
32
  0
VERTEX
  5
7D0
330
17
100
AcDbEntity
  8
RBAR-T8-B
100
AcDbVertex
100
AcDb3dPolylineVertex
 10
3232.5
 20
34.0
 30
409.7
 70
32
  0
VERTEX
  5
7D1
330
17
100
AcDbEntity
  8
RBAR-T8-B
100
AcDbVertex
100
AcDb3dPolylineVertex
 10
3232.5
 20
34.0
 30
34.0
 70
32
  0
SEQEND
  5
7BD
330
7BC
100
AcDbEntity
  8
RBAR-T8-B
  0
POLYLINE
  5
7D2
330
17
100
AcDbEntity
  8
RBAR-T8-B
100
AcDb3dPolyline
 66
1
 10
0.0
 20
0.0
 30
0.0
 70
8
  0
VERTEX
  5
7D4
330
17
100
AcDbEntity
  8
RBAR-T8-B
100
AcDbVertex
100
AcDb3dPolylineVertex
 10
3290.0
 20
34.0
 30
34.0
 70
32
  0
VERTEX
  5
7D5
330
17
100
AcDbEntity
  8
RBAR-T8-B
100
AcDbVertex
100
AcDb3dPolylineVertex
 10
3290.0
 20
34.0
 30
409.7
 70
32
  0
VERTEX
  5
7D6
330
17
100
AcDbEntity
  8
RBAR-T8-B
100
AcDbVertex
100
AcDb3dPolylineVertex
 10
3290.3
 20
34.0
 30
412.8
 70
32
  0
VERTEX
  5
7D7
330
17
100
AcDbEntity
  8
RBAR-T8-B
100
AcDbVertex
100
AcDb3dPolylineVertex
 10
3291.2
 20
34.0
 30
415.8
 70
32
  0
VERTEX
  5
7D8
330
17
100
AcDbEntity
  8
RBAR-T8-B
100
AcDbVertex
100
AcDb3dPolylineVertex
 10
3292.7
 20
34.0
 30
418.5
 70
32
  0
VERTEX
  5
7D9
330
17
100
AcDbEntity
  8
RBAR-T8-B
100
AcDbVertex
100
AcDb3dPolylineVertex
 10
3294.6
 20
34.0
 30
420.9
 70
32
  0
VERTEX
  5
7DA
330
17
100
AcDbEntity
  8
RBAR-T8-B
100
AcDbVertex
100
AcDb3dPolylineVertex
 10
3297.0
 20
34.0
 30
422.9
 70
32
  0
VERTEX
  5
7DB
330
17
100
AcDbEntity
  8
RBAR-T8-B
100
AcDbVertex
100
AcDb3dPolylineVertex
 10
3299.8
 20
34.0
 30
424.4
 70
32
  0
VERTEX
  5
7DC
330
17
100
AcDbEntity
  8
RBAR-T8-B
100
AcDbVertex
100
AcDb3dPolylineVertex
 10
3302.7
 20
34.0
 30
425.3
 70
32
  0
VERTEX
  5
7DD
330
17
100
AcDbEntity
  8
RBAR-T8-B
100
AcDbVertex
100
AcDb3dPolylineVertex
 10
3305.8
 20
34.0
 30
425.6
 70
32
  0
VERTEX
  5
7DE
330
17
100
AcDbEntity
  8
RBAR-T8-B
100
AcDbVertex
100
AcDb3dPolylineVertex
 10
3404.7
 20
34.0
 30
425.6
 70
32
  0
VERTEX
  5
7DF
330
17
100
AcDbEntity
  8
RBAR-T8-B
100
AcDbVertex
100
AcDb3dPolylineVertex
 10
3407.8
 20
34.0
 30
425.3
 70
32
  0
VERTEX
  5
7E0
330
17
100
AcDbEntity
  8
RBAR-T8-B
100
AcDbVertex
100
AcDb3dPolylineVertex
 10
3410.8
 20
34.0
 30
424.4
 70
32
  0
VERTEX
  5
7E1
330
17
100
AcDbEntity
  8
RBAR-T8-B
100
AcDbVertex
100
AcDb3dPolylineVertex
 10
3413.5
 20
34.0
 30
422.9
 70
32
  0
VERTEX
  5
7E2
330
17
100
AcDbEntity
  8
RBAR-T8-B
100
AcDbVertex
100
AcDb3dPolylineVertex
 10
3415.9
 20
34.0
 30
420.9
 70
32
  0
VERTEX
  5
7E3
330
17
100
AcDbEntity
  8
RBAR-T8-B
100
AcDbVertex
100
AcDb3dPolylineVertex
 10
3417.9
 20
34.0
 30
418.5
 70
32
  0
VERTEX
  5
7E4
330
17
100
AcDbEntity
  8
RBAR-T8-B
100
AcDbVertex
100
AcDb3dPolylineVertex
 10
3419.3
 20
34.0
 30
415.8
 70
32
  0
VERTEX
  5
7E5
330
17
100
AcDbEntity
  8
RBAR-T8-B
100
AcDbVertex
100
AcDb3dPolylineVertex
 10
3420.2
 20
34.0
 30
412.8
 70
32
  0
VERTEX
  5
7E6
330
17
100
AcDbEntity
  8
RBAR-T8-B
100
AcDbVertex
100
AcDb3dPolylineVertex
 10
3420.5
 20
34.0
 30
409.7
 70
32
  0
VERTEX
  5
7E7
330
17
100
AcDbEntity
  8
RBAR-T8-B
100
AcDbVertex
100
AcDb3dPolylineVertex
 10
3420.5
 20
34.0
 30
34.0
 70
32
  0
SEQEND
  5
7D3
330
7D2
100
AcDbEntity
  8
RBAR-T8-B
  0
POLYLINE
  5
7E8
330
17
100
AcDbEntity
  8
RBAR-T8-B
100
AcDb3dPolyline
 66
1
 10
0.0
 20
0.0
 30
0.0
 70
8
  0
VERTEX
  5
7EA
330
17
100
AcDbEntity
  8
RBAR-T8-B
100
AcDbVertex
100
AcDb3dPolylineVertex
 10
3478.0
 20
34.0
 30
34.0
 70
32
  0
VERTEX
  5
7EB
330
17
100
AcDbEntity
  8
RBAR-T8-B
100
AcDbVertex
100
AcDb3dPolylineVertex
 10
3478.0
 20
34.0
 30
409.7
 70
32
  0
VERTEX
  5
7EC
330
17
100
AcDbEntity
  8
RBAR-T8-B
100
AcDbVertex
100
AcDb3dPolylineVertex
 10
3478.3
 20
34.0
 30
412.8
 70
32
  0
VERTEX
  5
7ED
330
17
100
AcDbEntity
  8
RBAR-T8-B
100
AcDbVertex
100
AcDb3dPolylineVertex
 10
3479.2
 20
34.0
 30
415.8
 70
32
  0
VERTEX
  5
7EE
330
17
100
AcDbEntity
  8
RBAR-T8-B
100
AcDbVertex
100
AcDb3dPolylineVertex
 10
3480.7
 20
34.0
 30
418.5
 70
32
  0
VERTEX
  5
7EF
330
17
100
AcDbEntity
  8
RBAR-T8-B
100
AcDbVertex
100
AcDb3dPolylineVertex
 10
3482.6
 20
34.0
 30
420.9
 70
32
  0
VERTEX
  5
7F0
330
17
100
AcDbEntity
  8
RBAR-T8-B
100
AcDbVertex
100
AcDb3dPolylineVertex
 10
3485.0
 20
34.0
 30
422.9
 70
32
  0
VERTEX
  5
7F1
330
17
100
AcDbEntity
  8
RBAR-T8-B
100
AcDbVertex
100
AcDb3dPolylineVertex
 10
3487.8
 20
34.0
 30
424.4
 70
32
  0
VERTEX
  5
7F2
330
17
100
AcDbEntity
  8
RBAR-T8-B
100
AcDbVertex
100
AcDb3dPolylineVertex
 10
3490.7
 20
34.0
 30
425.3
 70
32
  0
VERTEX
  5
7F3
330
17
100
AcDbEntity
  8
RBAR-T8-B
100
AcDbVertex
100
AcDb3dPolylineVertex
 10
3493.8
 20
34.0
 30
425.6
 70
32
  0
VERTEX
  5
7F4
330
17
100
AcDbEntity
  8
RBAR-T8-B
100
AcDbVertex
100
AcDb3dPolylineVertex
 10
3592.7
 20
34.0
 30
425.6
 70
32
  0
VERTEX
  5
7F5
330
17
100
AcDbEntity
  8
RBAR-T8-B
100
AcDbVertex
100
AcDb3dPolylineVertex
 10
3595.8
 20
34.0
 30
425.3
 70
32
  0
VERTEX
  5
7F6
330
17
100
AcDbEntity
  8
RBAR-T8-B
100
AcDbVertex
100
AcDb3dPolylineVertex
 10
3598.8
 20
34.0
 30
424.4
 70
32
  0
VERTEX
  5
7F7
330
17
100
AcDbEntity
  8
RBAR-T8-B
100
AcDbVertex
100
AcDb3dPolylineVertex
 10
3601.5
 20
34.0
 30
422.9
 70
32
  0
VERTEX
  5
7F8
330
17
100
AcDbEntity
  8
RBAR-T8-B
100
AcDbVertex
100
AcDb3dPolylineVertex
 10
3603.9
 20
34.0
 30
420.9
 70
32
  0
VERTEX
  5
7F9
330
17
100
AcDbEntity
  8
RBAR-T8-B
100
AcDbVertex
100
AcDb3dPolylineVertex
 10
3605.9
 20
34.0
 30
418.5
 70
32
  0
VERTEX
  5
7FA
330
17
100
AcDbEntity
  8
RBAR-T8-B
100
AcDbVertex
100
AcDb3dPolylineVertex
 10
3607.3
 20
34.0
 30
415.8
 70
32
  0
VERTEX
  5
7FB
330
17
100
AcDbEntity
  8
RBAR-T8-B
100
AcDbVertex
100
AcDb3dPolylineVertex
 10
3608.2
 20
34.0
 30
412.8
 70
32
  0
VERTEX
  5
7FC
330
17
100
AcDbEntity
  8
RBAR-T8-B
100
AcDbVertex
100
AcDb3dPolylineVertex
 10
3608.5
 20
34.0
 30
409.7
 70
32
  0
VERTEX
  5
7FD
330
17
100
AcDbEntity
  8
RBAR-T8-B
100
AcDbVertex
100
AcDb3dPolylineVertex
 10
3608.5
 20
34.0
 30
34.0
 70
32
  0
SEQEND
  5
7E9
330
7E8
100
AcDbEntity
  8
RBAR-T8-B
  0
POLYLINE
  5
7FE
330
17
100
AcDbEntity
  8
RBAR-T8-B
100
AcDb3dPolyline
 66
1
 10
0.0
 20
0.0
 30
0.0
 70
8
  0
VERTEX
  5
800
330
17
100
AcDbEntity
  8
RBAR-T8-B
100
AcDbVertex
100
AcDb3dPolylineVertex
 10
3629.5
 20
34.0
 30
34.0
 70
32
  0
VERTEX
  5
801
330
17
100
AcDbEntity
  8
RBAR-T8-B
100
AcDbVertex
100
AcDb3dPolylineVertex
 10
3629.5
 20
34.0
 30
409.7
 70
32
  0
VERTEX
  5
802
330
17
100
AcDbEntity
  8
RBAR-T8-B
100
AcDbVertex
100
AcDb3dPolylineVertex
 10
3629.8
 20
34.0
 30
412.8
 70
32
  0
VERTEX
  5
803
330
17
100
AcDbEntity
  8
RBAR-T8-B
100
AcDbVertex
100
AcDb3dPolylineVertex
 10
3630.7
 20
34.0
 30
415.8
 70
32
  0
VERTEX
  5
804
330
17
100
AcDbEntity
  8
RBAR-T8-B
100
AcDbVertex
100
AcDb3dPolylineVertex
 10
3632.1
 20
34.0
 30
418.5
 70
32
  0
VERTEX
  5
805
330
17
100
AcDbEntity
  8
RBAR-T8-B
100
AcDbVertex
100
AcDb3dPolylineVertex
 10
3634.1
 20
34.0
 30
420.9
 70
32
  0
VERTEX
  5
806
330
17
100
AcDbEntity
  8
RBAR-T8-B
100
AcDbVertex
100
AcDb3dPolylineVertex
 10
3636.5
 20
34.0
 30
422.9
 70
32
  0
VERTEX
  5
807
330
17
100
AcDbEntity
  8
RBAR-T8-B
100
AcDbVertex
100
AcDb3dPolylineVertex
 10
3639.2
 20
34.0
 30
424.4
 70
32
  0
VERTEX
  5
808
330
17
100
AcDbEntity
  8
RBAR-T8-B
100
AcDbVertex
100
AcDb3dPolylineVertex
 10
3642.2
 20
34.0
 30
425.3
 70
32
  0
VERTEX
  5
809
330
17
100
AcDbEntity
  8
RBAR-T8-B
100
AcDbVertex
100
AcDb3dPolylineVertex
 10
3645.3
 20
34.0
 30
425.6
 70
32
  0
VERTEX
  5
80A
330
17
100
AcDbEntity
  8
RBAR-T8-B
100
AcDbVertex
100
AcDb3dPolylineVertex
 10
3744.2
 20
34.0
 30
425.6
 70
32
  0
VERTEX
  5
80B
330
17
100
AcDbEntity
  8
RBAR-T8-B
100
AcDbVertex
100
AcDb3dPolylineVertex
 10
3747.3
 20
34.0
 30
425.3
 70
32
  0
VERTEX
  5
80C
330
17
100
AcDbEntity
  8
RBAR-T8-B
100
AcDbVertex
100
AcDb3dPolylineVertex
 10
3750.2
 20
34.0
 30
424.4
 70
32
  0
VERTEX
  5
80D
330
17
100
AcDbEntity
  8
RBAR-T8-B
100
AcDbVertex
100
AcDb3dPolylineVertex
 10
3753.0
 20
34.0
 30
422.9
 70
32
  0
VERTEX
  5
80E
330
17
100
AcDbEntity
  8
RBAR-T8-B
100
AcDbVertex
100
AcDb3dPolylineVertex
 10
3755.4
 20
34.0
 30
420.9
 70
32
  0
VERTEX
  5
80F
330
17
100
AcDbEntity
  8
RBAR-T8-B
100
AcDbVertex
100
AcDb3dPolylineVertex
 10
3757.3
 20
34.0
 30
418.5
 70
32
  0
VERTEX
  5
810
330
17
100
AcDbEntity
  8
RBAR-T8-B
100
AcDbVertex
100
AcDb3dPolylineVertex
 10
3758.8
 20
34.0
 30
415.8
 70
32
  0
VERTEX
  5
811
330
17
100
AcDbEntity
  8
RBAR-T8-B
100
AcDbVertex
100
AcDb3dPolylineVertex
 10
3759.7
 20
34.0
 30
412.8
 70
32
  0
VERTEX
  5
812
330
17
100
AcDbEntity
  8
RBAR-T8-B
100
AcDbVertex
100
AcDb3dPolylineVertex
 10
3760.0
 20
34.0
 30
409.7
 70
32
  0
VERTEX
  5
813
330
17
100
AcDbEntity
  8
RBAR-T8-B
100
AcDbVertex
100
AcDb3dPolylineVertex
 10
3760.0
 20
34.0
 30
34.0
 70
32
  0
SEQEND
  5
7FF
330
7FE
100
AcDbEntity
  8
RBAR-T8-B
  0
POLYLINE
  5
814
330
17
100
AcDbEntity
  8
RBAR-T8-B
100
AcDb3dPolyline
 66
1
 10
0.0
 20
0.0
 30
0.0
 70
8
  0
VERTEX
  5
816
330
17
100
AcDbEntity
  8
RBAR-T8-B
100
AcDbVertex
100
AcDb3dPolylineVertex
 10
94.0
 20
34.0
 30
528.1
 70
32
  0
VERTEX
  5
817
330
17
100
AcDbEntity
  8
RBAR-T8-B
100
AcDbVertex
100
AcDb3dPolylineVertex
 10
94.0
 20
34.0
 30
903.8
 70
32
  0
VERTEX
  5
818
330
17
100
AcDbEntity
  8
RBAR-T8-B
100
AcDbVertex
100
AcDb3dPolylineVertex
 10
94.3
 20
34.0
 30
906.9
 70
32
  0
VERTEX
  5
819
330
17
100
AcDbEntity
  8
RBAR-T8-B
100
AcDbVertex
100
AcDb3dPolylineVertex
 10
95.2
 20
34.0
 30
909.9
 70
32
  0
VERTEX
  5
81A
330
17
100
AcDbEntity
  8
RBAR-T8-B
100
AcDbVertex
100
AcDb3dPolylineVertex
 10
96.7
 20
34.0
 30
912.6
 70
32
  0
VERTEX
  5
81B
330
17
100
AcDbEntity
  8
RBAR-T8-B
100
AcDbVertex
100
AcDb3dPolylineVertex
 10
98.6
 20
34.0
 30
915.0
 70
32
  0
VERTEX
  5
81C
330
17
100
AcDbEntity
  8
RBAR-T8-B
100
AcDbVertex
100
AcDb3dPolylineVertex
 10
101.0
 20
34.0
 30
917.0
 70
32
  0
VERTEX
  5
81D
330
17
100
AcDbEntity
  8
RBAR-T8-B
100
AcDbVertex
100
AcDb3dPolylineVertex
 10
103.8
 20
34.0
 30
918.5
 70
32
  0
VERTEX
  5
81E
330
17
100
AcDbEntity
  8
RBAR-T8-B
100
AcDbVertex
100
AcDb3dPolylineVertex
 10
106.7
 20
34.0
 30
919.4
 70
32
  0
VERTEX
  5
81F
330
17
100
AcDbEntity
  8
RBAR-T8-B
100
AcDbVertex
100
AcDb3dPolylineVertex
 10
109.8
 20
34.0
 30
919.7
 70
32
  0
VERTEX
  5
820
330
17
100
AcDbEntity
  8
RBAR-T8-B
100
AcDbVertex
100
AcDb3dPolylineVertex
 10
208.7
 20
34.0
 30
919.7
 70
32
  0
VERTEX
  5
821
330
17
100
AcDbEntity
  8
RBAR-T8-B
100
AcDbVertex
100
AcDb3dPolylineVertex
 10
211.8
 20
34.0
 30
919.4
 70
32
  0
VERTEX
  5
822
330
17
100
AcDbEntity
  8
RBAR-T8-B
100
AcDbVertex
100
AcDb3dPolylineVertex
 10
214.8
 20
34.0
 30
918.5
 70
32
  0
VERTEX
  5
823
330
17
100
AcDbEntity
  8
RBAR-T8-B
100
AcDbVertex
100
AcDb3dPolylineVertex
 10
217.5
 20
34.0
 30
917.0
 70
32
  0
VERTEX
  5
824
330
17
100
AcDbEntity
  8
RBAR-T8-B
100
AcDbVertex
100
AcDb3dPolylineVertex
 10
219.9
 20
34.0
 30
915.0
 70
32
  0
VERTEX
  5
825
330
17
100
AcDbEntity
  8
RBAR-T8-B
100
AcDbVertex
100
AcDb3dPolylineVertex
 10
221.9
 20
34.0
 30
912.6
 70
32
  0
VERTEX
  5
826
330
17
100
AcDbEntity
  8
RBAR-T8-B
100
AcDbVertex
100
AcDb3dPolylineVertex
 10
223.3
 20
34.0
 30
909.9
 70
32
  0
VERTEX
  5
827
330
17
100
AcDbEntity
  8
RBAR-T8-B
100
AcDbVertex
100
AcDb3dPolylineVertex
 10
224.2
 20
34.0
 30
906.9
 70
32
  0
VERTEX
  5
828
330
17
100
AcDbEntity
  8
RBAR-T8-B
100
AcDbVertex
100
AcDb3dPolylineVertex
 10
224.5
 20
34.0
 30
903.8
 70
32
  0
VERTEX
  5
829
330
17
100
AcDbEntity
  8
RBAR-T8-B
100
AcDbVertex
100
AcDb3dPolylineVertex
 10
224.5
 20
34.0
 30
528.1
 70
32
  0
SEQEND
  5
815
330
814
100
AcDbEntity
  8
RBAR-T8-B
  0
POLYLINE
  5
82A
330
17
100
AcDbEntity
  8
RBAR-T8-B
100
AcDb3dPolyline
 66
1
 10
0.0
 20
0.0
 30
0.0
 70
8
  0
VERTEX
  5
82C
330
17
100
AcDbEntity
  8
RBAR-T8-B
100
AcDbVertex
100
AcDb3dPolylineVertex
 10
282.0
 20
34.0
 30
528.1
 70
32
  0
VERTEX
  5
82D
330
17
100
AcDbEntity
  8
RBAR-T8-B
100
AcDbVertex
100
AcDb3dPolylineVertex
 10
282.0
 20
34.0
 30
903.8
 70
32
  0
VERTEX
  5
82E
330
17
100
AcDbEntity
  8
RBAR-T8-B
100
AcDbVertex
100
AcDb3dPolylineVertex
 10
282.3
 20
34.0
 30
906.9
 70
32
  0
VERTEX
  5
82F
330
17
100
AcDbEntity
  8
RBAR-T8-B
100
AcDbVertex
100
AcDb3dPolylineVertex
 10
283.2
 20
34.0
 30
909.9
 70
32
  0
VERTEX
  5
830
330
17
100
AcDbEntity
  8
RBAR-T8-B
100
AcDbVertex
100
AcDb3dPolylineVertex
 10
284.7
 20
34.0
 30
912.6
 70
32
  0
VERTEX
  5
831
330
17
100
AcDbEntity
  8
RBAR-T8-B
100
AcDbVertex
100
AcDb3dPolylineVertex
 10
286.6
 20
34.0
 30
915.0
 70
32
  0
VERTEX
  5
832
330
17
100
AcDbEntity
  8
RBAR-T8-B
100
AcDbVertex
100
AcDb3dPolylineVertex
 10
289.0
 20
34.0
 30
917.0
 70
32
  0
VERTEX
  5
833
330
17
100
AcDbEntity
  8
RBAR-T8-B
100
AcDbVertex
100
AcDb3dPolylineVertex
 10
291.8
 20
34.0
 30
918.5
 70
32
  0
VERTEX
  5
834
330
17
100
AcDbEntity
  8
RBAR-T8-B
100
AcDbVertex
100
AcDb3dPolylineVertex
 10
294.7
 20
34.0
 30
919.4
 70
32
  0
VERTEX
  5
835
330
17
100
AcDbEntity
  8
RBAR-T8-B
100
AcDbVertex
100
AcDb3dPolylineVertex
 10
297.8
 20
34.0
 30
919.7
 70
32
  0
VERTEX
  5
836
330
17
100
AcDbEntity
  8
RBAR-T8-B
100
AcDbVertex
100
AcDb3dPolylineVertex
 10
396.7
 20
34.0
 30
919.7
 70
32
  0
VERTEX
  5
837
330
17
100
AcDbEntity
  8
RBAR-T8-B
100
AcDbVertex
100
AcDb3dPolylineVertex
 10
399.8
 20
34.0
 30
919.4
 70
32
  0
VERTEX
  5
838
330
17
100
AcDbEntity
  8
RBAR-T8-B
100
AcDbVertex
100
AcDb3dPolylineVertex
 10
402.8
 20
34.0
 30
918.5
 70
32
  0
VERTEX
  5
839
330
17
100
AcDbEntity
  8
RBAR-T8-B
100
AcDbVertex
100
AcDb3dPolylineVertex
 10
405.5
 20
34.0
 30
917.0
 70
32
  0
VERTEX
  5
83A
330
17
100
AcDbEntity
  8
RBAR-T8-B
100
AcDbVertex
100
AcDb3dPolylineVertex
 10
407.9
 20
34.0
 30
915.0
 70
32
  0
VERTEX
  5
83B
330
17
100
AcDbEntity
  8
RBAR-T8-B
100
AcDbVertex
100
AcDb3dPolylineVertex
 10
409.9
 20
34.0
 30
912.6
 70
32
  0
VERTEX
  5
83C
330
17
100
AcDbEntity
  8
RBAR-T8-B
100
AcDbVertex
100
AcDb3dPolylineVertex
 10
411.3
 20
34.0
 30
909.9
 70
32
  0
VERTEX
  5
83D
330
17
100
AcDbEntity
  8
RBAR-T8-B
100
AcDbVertex
100
AcDb3dPolylineVertex
 10
412.2
 20
34.0
 30
906.9
 70
32
  0
VERTEX
  5
83E
330
17
100
AcDbEntity
  8
RBAR-T8-B
100
AcDbVertex
100
AcDb3dPolylineVertex
 10
412.5
 20
34.0
 30
903.8
 70
32
  0
VERTEX
  5
83F
330
17
100
AcDbEntity
  8
RBAR-T8-B
100
AcDbVertex
100
AcDb3dPolylineVertex
 10
412.5
 20
34.0
 30
528.1
 70
32
  0
SEQEND
  5
82B
330
82A
100
AcDbEntity
  8
RBAR-T8-B
  0
POLYLINE
  5
840
330
17
100
AcDbEntity
  8
RBAR-T8-B
100
AcDb3dPolyline
 66
1
 10
0.0
 20
0.0
 30
0.0
 70
8
  0
VERTEX
  5
842
330
17
100
AcDbEntity
  8
RBAR-T8-B
100
AcDbVertex
100
AcDb3dPolylineVertex
 10
470.0
 20
34.0
 30
528.1
 70
32
  0
VERTEX
  5
843
330
17
100
AcDbEntity
  8
RBAR-T8-B
100
AcDbVertex
100
AcDb3dPolylineVertex
 10
470.0
 20
34.0
 30
903.8
 70
32
  0
VERTEX
  5
844
330
17
100
AcDbEntity
  8
RBAR-T8-B
100
AcDbVertex
100
AcDb3dPolylineVertex
 10
470.3
 20
34.0
 30
906.9
 70
32
  0
VERTEX
  5
845
330
17
100
AcDbEntity
  8
RBAR-T8-B
100
AcDbVertex
100
AcDb3dPolylineVertex
 10
471.2
 20
34.0
 30
909.9
 70
32
  0
VERTEX
  5
846
330
17
100
AcDbEntity
  8
RBAR-T8-B
100
AcDbVertex
100
AcDb3dPolylineVertex
 10
472.7
 20
34.0
 30
912.6
 70
32
  0
VERTEX
  5
847
330
17
100
AcDbEntity
  8
RBAR-T8-B
100
AcDbVertex
100
AcDb3dPolylineVertex
 10
474.6
 20
34.0
 30
915.0
 70
32
  0
VERTEX
  5
848
330
17
100
AcDbEntity
  8
RBAR-T8-B
100
AcDbVertex
100
AcDb3dPolylineVertex
 10
477.0
 20
34.0
 30
917.0
 70
32
  0
VERTEX
  5
849
330
17
100
AcDbEntity
  8
RBAR-T8-B
100
AcDbVertex
100
AcDb3dPolylineVertex
 10
479.8
 20
34.0
 30
918.5
 70
32
  0
VERTEX
  5
84A
330
17
100
AcDbEntity
  8
RBAR-T8-B
100
AcDbVertex
100
AcDb3dPolylineVertex
 10
482.7
 20
34.0
 30
919.4
 70
32
  0
VERTEX
  5
84B
330
17
100
AcDbEntity
  8
RBAR-T8-B
100
AcDbVertex
100
AcDb3dPolylineVertex
 10
485.8
 20
34.0
 30
919.7
 70
32
  0
VERTEX
  5
84C
330
17
100
AcDbEntity
  8
RBAR-T8-B
100
AcDbVertex
100
AcDb3dPolylineVertex
 10
584.7
 20
34.0
 30
919.7
 70
32
  0
VERTEX
  5
84D
330
17
100
AcDbEntity
  8
RBAR-T8-B
100
AcDbVertex
100
AcDb3dPolylineVertex
 10
587.8
 20
34.0
 30
919.4
 70
32
  0
VERTEX
  5
84E
330
17
100
AcDbEntity
  8
RBAR-T8-B
100
AcDbVertex
100
AcDb3dPolylineVertex
 10
590.8
 20
34.0
 30
918.5
 70
32
  0
VERTEX
  5
84F
330
17
100
AcDbEntity
  8
RBAR-T8-B
100
AcDbVertex
100
AcDb3dPolylineVertex
 10
593.5
 20
34.0
 30
917.0
 70
32
  0
VERTEX
  5
850
330
17
100
AcDbEntity
  8
RBAR-T8-B
100
AcDbVertex
100
AcDb3dPolylineVertex
 10
595.9
 20
34.0
 30
915.0
 70
32
  0
VERTEX
  5
851
330
17
100
AcDbEntity
  8
RBAR-T8-B
100
AcDbVertex
100
AcDb3dPolylineVertex
 10
597.9
 20
34.0
 30
912.6
 70
32
  0
VERTEX
  5
852
330
17
100
AcDbEntity
  8
RBAR-T8-B
100
AcDbVertex
100
AcDb3dPolylineVertex
 10
599.3
 20
34.0
 30
909.9
 70
32
  0
VERTEX
  5
853
330
17
100
AcDbEntity
  8
RBAR-T8-B
100
AcDbVertex
100
AcDb3dPolylineVertex
 10
600.2
 20
34.0
 30
906.9
 70
32
  0
VERTEX
  5
854
330
17
100
AcDbEntity
  8
RBAR-T8-B
100
AcDbVertex
100
AcDb3dPolylineVertex
 10
600.5
 20
34.0
 30
903.8
 70
32
  0
VERTEX
  5
855
330
17
100
AcDbEntity
  8
RBAR-T8-B
100
AcDbVertex
100
AcDb3dPolylineVertex
 10
600.5
 20
34.0
 30
528.1
 70
32
  0
SEQEND
  5
841
330
840
100
AcDbEntity
  8
RBAR-T8-B
  0
POLYLINE
  5
856
330
17
100
AcDbEntity
  8
RBAR-T8-B
100
AcDb3dPolyline
 66
1
 10
0.0
 20
0.0
 30
0.0
 70
8
  0
VERTEX
  5
858
330
17
100
AcDbEntity
  8
RBAR-T8-B
100
AcDbVertex
100
AcDb3dPolylineVertex
 10
658.0
 20
34.0
 30
528.1
 70
32
  0
VERTEX
  5
859
330
17
100
AcDbEntity
  8
RBAR-T8-B
100
AcDbVertex
100
AcDb3dPolylineVertex
 10
658.0
 20
34.0
 30
903.8
 70
32
  0
VERTEX
  5
85A
330
17
100
AcDbEntity
  8
RBAR-T8-B
100
AcDbVertex
100
AcDb3dPolylineVertex
 10
658.3
 20
34.0
 30
906.9
 70
32
  0
VERTEX
  5
85B
330
17
100
AcDbEntity
  8
RBAR-T8-B
100
AcDbVertex
100
AcDb3dPolylineVertex
 10
659.2
 20
34.0
 30
909.9
 70
32
  0
VERTEX
  5
85C
330
17
100
AcDbEntity
  8
RBAR-T8-B
100
AcDbVertex
100
AcDb3dPolylineVertex
 10
660.7
 20
34.0
 30
912.6
 70
32
  0
VERTEX
  5
85D
330
17
100
AcDbEntity
  8
RBAR-T8-B
100
AcDbVertex
100
AcDb3dPolylineVertex
 10
662.6
 20
34.0
 30
915.0
 70
32
  0
VERTEX
  5
85E
330
17
100
AcDbEntity
  8
RBAR-T8-B
100
AcDbVertex
100
AcDb3dPolylineVertex
 10
665.0
 20
34.0
 30
917.0
 70
32
  0
VERTEX
  5
85F
330
17
100
AcDbEntity
  8
RBAR-T8-B
100
AcDbVertex
100
AcDb3dPolylineVertex
 10
667.8
 20
34.0
 30
918.5
 70
32
  0
VERTEX
  5
860
330
17
100
AcDbEntity
  8
RBAR-T8-B
100
AcDbVertex
100
AcDb3dPolylineVertex
 10
670.7
 20
34.0
 30
919.4
 70
32
  0
VERTEX
  5
861
330
17
100
AcDbEntity
  8
RBAR-T8-B
100
AcDbVertex
100
AcDb3dPolylineVertex
 10
673.8
 20
34.0
 30
919.7
 70
32
  0
VERTEX
  5
862
330
17
100
AcDbEntity
  8
RBAR-T8-B
100
AcDbVertex
100
AcDb3dPolylineVertex
 10
772.7
 20
34.0
 30
919.7
 70
32
  0
VERTEX
  5
863
330
17
100
AcDbEntity
  8
RBAR-T8-B
100
AcDbVertex
100
AcDb3dPolylineVertex
 10
775.8
 20
34.0
 30
919.4
 70
32
  0
VERTEX
  5
864
330
17
100
AcDbEntity
  8
RBAR-T8-B
100
AcDbVertex
100
AcDb3dPolylineVertex
 10
778.8
 20
34.0
 30
918.5
 70
32
  0
VERTEX
  5
865
330
17
100
AcDbEntity
  8
RBAR-T8-B
100
AcDbVertex
100
AcDb3dPolylineVertex
 10
781.5
 20
34.0
 30
917.0
 70
32
  0
VERTEX
  5
866
330
17
100
AcDbEntity
  8
RBAR-T8-B
100
AcDbVertex
100
AcDb3dPolylineVertex
 10
783.9
 20
34.0
 30
915.0
 70
32
  0
VERTEX
  5
867
330
17
100
AcDbEntity
  8
RBAR-T8-B
100
AcDbVertex
100
AcDb3dPolylineVertex
 10
785.9
 20
34.0
 30
912.6
 70
32
  0
VERTEX
  5
868
330
17
100
AcDbEntity
  8
RBAR-T8-B
100
AcDbVertex
100
AcDb3dPolylineVertex
 10
787.3
 20
34.0
 30
909.9
 70
32
  0
VERTEX
  5
869
330
17
100
AcDbEntity
  8
RBAR-T8-B
100
AcDbVertex
100
AcDb3dPolylineVertex
 10
788.2
 20
34.0
 30
906.9
 70
32
  0
VERTEX
  5
86A
330
17
100
AcDbEntity
  8
RBAR-T8-B
100
AcDbVertex
100
AcDb3dPolylineVertex
 10
788.5
 20
34.0
 30
903.8
 70
32
  0
VERTEX
  5
86B
330
17
100
AcDbEntity
  8
RBAR-T8-B
100
AcDbVertex
100
AcDb3dPolylineVertex
 10
788.5
 20
34.0
 30
528.1
 70
32
  0
SEQEND
  5
857
330
856
100
AcDbEntity
  8
RBAR-T8-B
  0
POLYLINE
  5
86C
330
17
100
AcDbEntity
  8
RBAR-T8-B
100
AcDb3dPolyline
 66
1
 10
0.0
 20
0.0
 30
0.0
 70
8
  0
VERTEX
  5
86E
330
17
100
AcDbEntity
  8
RBAR-T8-B
100
AcDbVertex
100
AcDb3dPolylineVertex
 10
846.0
 20
34.0
 30
528.1
 70
32
  0
VERTEX
  5
86F
330
17
100
AcDbEntity
  8
RBAR-T8-B
100
AcDbVertex
100
AcDb3dPolylineVertex
 10
846.0
 20
34.0
 30
903.8
 70
32
  0
VERTEX
  5
870
330
17
100
AcDbEntity
  8
RBAR-T8-B
100
AcDbVertex
100
AcDb3dPolylineVertex
 10
846.3
 20
34.0
 30
906.9
 70
32
  0
VERTEX
  5
871
330
17
100
AcDbEntity
  8
RBAR-T8-B
100
AcDbVertex
100
AcDb3dPolylineVertex
 10
847.2
 20
34.0
 30
909.9
 70
32
  0
VERTEX
  5
872
330
17
100
AcDbEntity
  8
RBAR-T8-B
100
AcDbVertex
100
AcDb3dPolylineVertex
 10
848.7
 20
34.0
 30
912.6
 70
32
  0
VERTEX
  5
873
330
17
100
AcDbEntity
  8
RBAR-T8-B
100
AcDbVertex
100
AcDb3dPolylineVertex
 10
850.6
 20
34.0
 30
915.0
 70
32
  0
VERTEX
  5
874
330
17
100
AcDbEntity
  8
RBAR-T8-B
100
AcDbVertex
100
AcDb3dPolylineVertex
 10
853.0
 20
34.0
 30
917.0
 70
32
  0
VERTEX
  5
875
330
17
100
AcDbEntity
  8
RBAR-T8-B
100
AcDbVertex
100
AcDb3dPolylineVertex
 10
855.8
 20
34.0
 30
918.5
 70
32
  0
VERTEX
  5
876
330
17
100
AcDbEntity
  8
RBAR-T8-B
100
AcDbVertex
100
AcDb3dPolylineVertex
 10
858.7
 20
34.0
 30
919.4
 70
32
  0
VERTEX
  5
877
330
17
100
AcDbEntity
  8
RBAR-T8-B
100
AcDbVertex
100
AcDb3dPolylineVertex
 10
861.8
 20
34.0
 30
919.7
 70
32
  0
VERTEX
  5
878
330
17
100
AcDbEntity
  8
RBAR-T8-B
100
AcDbVertex
100
AcDb3dPolylineVertex
 10
960.7
 20
34.0
 30
919.7
 70
32
  0
VERTEX
  5
879
330
17
100
AcDbEntity
  8
RBAR-T8-B
100
AcDbVertex
100
AcDb3dPolylineVertex
 10
963.8
 20
34.0
 30
919.4
 70
32
  0
VERTEX
  5
87A
330
17
100
AcDbEntity
  8
RBAR-T8-B
100
AcDbVertex
100
AcDb3dPolylineVertex
 10
966.8
 20
34.0
 30
918.5
 70
32
  0
VERTEX
  5
87B
330
17
100
AcDbEntity
  8
RBAR-T8-B
100
AcDbVertex
100
AcDb3dPolylineVertex
 10
969.5
 20
34.0
 30
917.0
 70
32
  0
VERTEX
  5
87C
330
17
100
AcDbEntity
  8
RBAR-T8-B
100
AcDbVertex
100
AcDb3dPolylineVertex
 10
971.9
 20
34.0
 30
915.0
 70
32
  0
VERTEX
  5
87D
330
17
100
AcDbEntity
  8
RBAR-T8-B
100
AcDbVertex
100
AcDb3dPolylineVertex
 10
973.9
 20
34.0
 30
912.6
 70
32
  0
VERTEX
  5
87E
330
17
100
AcDbEntity
  8
RBAR-T8-B
100
AcDbVertex
100
AcDb3dPolylineVertex
 10
975.3
 20
34.0
 30
909.9
 70
32
  0
VERTEX
  5
87F
330
17
100
AcDbEntity
  8
RBAR-T8-B
100
AcDbVertex
100
AcDb3dPolylineVertex
 10
976.2
 20
34.0
 30
906.9
 70
32
  0
VERTEX
  5
880
330
17
100
AcDbEntity
  8
RBAR-T8-B
100
AcDbVertex
100
AcDb3dPolylineVertex
 10
976.5
 20
34.0
 30
903.8
 70
32
  0
VERTEX
  5
881
330
17
100
AcDbEntity
  8
RBAR-T8-B
100
AcDbVertex
100
AcDb3dPolylineVertex
 10
976.5
 20
34.0
 30
528.1
 70
32
  0
SEQEND
  5
86D
330
86C
100
AcDbEntity
  8
RBAR-T8-B
  0
POLYLINE
  5
882
330
17
100
AcDbEntity
  8
RBAR-T8-B
100
AcDb3dPolyline
 66
1
 10
0.0
 20
0.0
 30
0.0
 70
8
  0
VERTEX
  5
884
330
17
100
AcDbEntity
  8
RBAR-T8-B
100
AcDbVertex
100
AcDb3dPolylineVertex
 10
1034.0
 20
34.0
 30
528.1
 70
32
  0
VERTEX
  5
885
330
17
100
AcDbEntity
  8
RBAR-T8-B
100
AcDbVertex
100
AcDb3dPolylineVertex
 10
1034.0
 20
34.0
 30
903.8
 70
32
  0
VERTEX
  5
886
330
17
100
AcDbEntity
  8
RBAR-T8-B
100
AcDbVertex
100
AcDb3dPolylineVertex
 10
1034.3
 20
34.0
 30
906.9
 70
32
  0
VERTEX
  5
887
330
17
100
AcDbEntity
  8
RBAR-T8-B
100
AcDbVertex
100
AcDb3dPolylineVertex
 10
1035.2
 20
34.0
 30
909.9
 70
32
  0
VERTEX
  5
888
330
17
100
AcDbEntity
  8
RBAR-T8-B
100
AcDbVertex
100
AcDb3dPolylineVertex
 10
1036.7
 20
34.0
 30
912.6
 70
32
  0
VERTEX
  5
889
330
17
100
AcDbEntity
  8
RBAR-T8-B
100
AcDbVertex
100
AcDb3dPolylineVertex
 10
1038.6
 20
34.0
 30
915.0
 70
32
  0
VERTEX
  5
88A
330
17
100
AcDbEntity
  8
RBAR-T8-B
100
AcDbVertex
100
AcDb3dPolylineVertex
 10
1041.0
 20
34.0
 30
917.0
 70
32
  0
VERTEX
  5
88B
330
17
100
AcDbEntity
  8
RBAR-T8-B
100
AcDbVertex
100
AcDb3dPolylineVertex
 10
1043.8
 20
34.0
 30
918.5
 70
32
  0
VERTEX
  5
88C
330
17
100
AcDbEntity
  8
RBAR-T8-B
100
AcDbVertex
100
AcDb3dPolylineVertex
 10
1046.7
 20
34.0
 30
919.4
 70
32
  0
VERTEX
  5
88D
330
17
100
AcDbEntity
  8
RBAR-T8-B
100
AcDbVertex
100
AcDb3dPolylineVertex
 10
1049.8
 20
34.0
 30
919.7
 70
32
  0
VERTEX
  5
88E
330
17
100
AcDbEntity
  8
RBAR-T8-B
100
AcDbVertex
100
AcDb3dPolylineVertex
 10
1148.7
 20
34.0
 30
919.7
 70
32
  0
VERTEX
  5
88F
330
17
100
AcDbEntity
  8
RBAR-T8-B
100
AcDbVertex
100
AcDb3dPolylineVertex
 10
1151.8
 20
34.0
 30
919.4
 70
32
  0
VERTEX
  5
890
330
17
100
AcDbEntity
  8
RBAR-T8-B
100
AcDbVertex
100
AcDb3dPolylineVertex
 10
1154.8
 20
34.0
 30
918.5
 70
32
  0
VERTEX
  5
891
330
17
100
AcDbEntity
  8
RBAR-T8-B
100
AcDbVertex
100
AcDb3dPolylineVertex
 10
1157.5
 20
34.0
 30
917.0
 70
32
  0
VERTEX
  5
892
330
17
100
AcDbEntity
  8
RBAR-T8-B
100
AcDbVertex
100
AcDb3dPolylineVertex
 10
1159.9
 20
34.0
 30
915.0
 70
32
  0
VERTEX
  5
893
330
17
100
AcDbEntity
  8
RBAR-T8-B
100
AcDbVertex
100
AcDb3dPolylineVertex
 10
1161.9
 20
34.0
 30
912.6
 70
32
  0
VERTEX
  5
894
330
17
100
AcDbEntity
  8
RBAR-T8-B
100
AcDbVertex
100
AcDb3dPolylineVertex
 10
1163.3
 20
34.0
 30
909.9
 70
32
  0
VERTEX
  5
895
330
17
100
AcDbEntity
  8
RBAR-T8-B
100
AcDbVertex
100
AcDb3dPolylineVertex
 10
1164.2
 20
34.0
 30
906.9
 70
32
  0
VERTEX
  5
896
330
17
100
AcDbEntity
  8
RBAR-T8-B
100
AcDbVertex
100
AcDb3dPolylineVertex
 10
1164.5
 20
34.0
 30
903.8
 70
32
  0
VERTEX
  5
897
330
17
100
AcDbEntity
  8
RBAR-T8-B
100
AcDbVertex
100
AcDb3dPolylineVertex
 10
1164.5
 20
34.0
 30
528.1
 70
32
  0
SEQEND
  5
883
330
882
100
AcDbEntity
  8
RBAR-T8-B
  0
POLYLINE
  5
898
330
17
100
AcDbEntity
  8
RBAR-T8-B
100
AcDb3dPolyline
 66
1
 10
0.0
 20
0.0
 30
0.0
 70
8
  0
VERTEX
  5
89A
330
17
100
AcDbEntity
  8
RBAR-T8-B
100
AcDbVertex
100
AcDb3dPolylineVertex
 10
1222.0
 20
34.0
 30
528.1
 70
32
  0
VERTEX
  5
89B
330
17
100
AcDbEntity
  8
RBAR-T8-B
100
AcDbVertex
100
AcDb3dPolylineVertex
 10
1222.0
 20
34.0
 30
903.8
 70
32
  0
VERTEX
  5
89C
330
17
100
AcDbEntity
  8
RBAR-T8-B
100
AcDbVertex
100
AcDb3dPolylineVertex
 10
1222.3
 20
34.0
 30
906.9
 70
32
  0
VERTEX
  5
89D
330
17
100
AcDbEntity
  8
RBAR-T8-B
100
AcDbVertex
100
AcDb3dPolylineVertex
 10
1223.2
 20
34.0
 30
909.9
 70
32
  0
VERTEX
  5
89E
330
17
100
AcDbEntity
  8
RBAR-T8-B
100
AcDbVertex
100
AcDb3dPolylineVertex
 10
1224.7
 20
34.0
 30
912.6
 70
32
  0
VERTEX
  5
89F
330
17
100
AcDbEntity
  8
RBAR-T8-B
100
AcDbVertex
100
AcDb3dPolylineVertex
 10
1226.6
 20
34.0
 30
915.0
 70
32
  0
VERTEX
  5
8A0
330
17
100
AcDbEntity
  8
RBAR-T8-B
100
AcDbVertex
100
AcDb3dPolylineVertex
 10
1229.0
 20
34.0
 30
917.0
 70
32
  0
VERTEX
  5
8A1
330
17
100
AcDbEntity
  8
RBAR-T8-B
100
AcDbVertex
100
AcDb3dPolylineVertex
 10
1231.8
 20
34.0
 30
918.5
 70
32
  0
VERTEX
  5
8A2
330
17
100
AcDbEntity
  8
RBAR-T8-B
100
AcDbVertex
100
AcDb3dPolylineVertex
 10
1234.7
 20
34.0
 30
919.4
 70
32
  0
VERTEX
  5
8A3
330
17
100
AcDbEntity
  8
RBAR-T8-B
100
AcDbVertex
100
AcDb3dPolylineVertex
 10
1237.8
 20
34.0
 30
919.7
 70
32
  0
VERTEX
  5
8A4
330
17
100
AcDbEntity
  8
RBAR-T8-B
100
AcDbVertex
100
AcDb3dPolylineVertex
 10
1336.7
 20
34.0
 30
919.7
 70
32
  0
VERTEX
  5
8A5
330
17
100
AcDbEntity
  8
RBAR-T8-B
100
AcDbVertex
100
AcDb3dPolylineVertex
 10
1339.8
 20
34.0
 30
919.4
 70
32
  0
VERTEX
  5
8A6
330
17
100
AcDbEntity
  8
RBAR-T8-B
100
AcDbVertex
100
AcDb3dPolylineVertex
 10
1342.8
 20
34.0
 30
918.5
 70
32
  0
VERTEX
  5
8A7
330
17
100
AcDbEntity
  8
RBAR-T8-B
100
AcDbVertex
100
AcDb3dPolylineVertex
 10
1345.5
 20
34.0
 30
917.0
 70
32
  0
VERTEX
  5
8A8
330
17
100
AcDbEntity
  8
RBAR-T8-B
100
AcDbVertex
100
AcDb3dPolylineVertex
 10
1347.9
 20
34.0
 30
915.0
 70
32
  0
VERTEX
  5
8A9
330
17
100
AcDbEntity
  8
RBAR-T8-B
100
AcDbVertex
100
AcDb3dPolylineVertex
 10
1349.9
 20
34.0
 30
912.6
 70
32
  0
VERTEX
  5
8AA
330
17
100
AcDbEntity
  8
RBAR-T8-B
100
AcDbVertex
100
AcDb3dPolylineVertex
 10
1351.3
 20
34.0
 30
909.9
 70
32
  0
VERTEX
  5
8AB
330
17
100
AcDbEntity
  8
RBAR-T8-B
100
AcDbVertex
100
AcDb3dPolylineVertex
 10
1352.2
 20
34.0
 30
906.9
 70
32
  0
VERTEX
  5
8AC
330
17
100
AcDbEntity
  8
RBAR-T8-B
100
AcDbVertex
100
AcDb3dPolylineVertex
 10
1352.5
 20
34.0
 30
903.8
 70
32
  0
VERTEX
  5
8AD
330
17
100
AcDbEntity
  8
RBAR-T8-B
100
AcDbVertex
100
AcDb3dPolylineVertex
 10
1352.5
 20
34.0
 30
528.1
 70
32
  0
SEQEND
  5
899
330
898
100
AcDbEntity
  8
RBAR-T8-B
  0
POLYLINE
  5
8AE
330
17
100
AcDbEntity
  8
RBAR-T8-B
100
AcDb3dPolyline
 66
1
 10
0.0
 20
0.0
 30
0.0
 70
8
  0
VERTEX
  5
8B0
330
17
100
AcDbEntity
  8
RBAR-T8-B
100
AcDbVertex
100
AcDb3dPolylineVertex
 10
1410.0
 20
34.0
 30
528.1
 70
32
  0
VERTEX
  5
8B1
330
17
100
AcDbEntity
  8
RBAR-T8-B
100
AcDbVertex
100
AcDb3dPolylineVertex
 10
1410.0
 20
34.0
 30
903.8
 70
32
  0
VERTEX
  5
8B2
330
17
100
AcDbEntity
  8
RBAR-T8-B
100
AcDbVertex
100
AcDb3dPolylineVertex
 10
1410.3
 20
34.0
 30
906.9
 70
32
  0
VERTEX
  5
8B3
330
17
100
AcDbEntity
  8
RBAR-T8-B
100
AcDbVertex
100
AcDb3dPolylineVertex
 10
1411.2
 20
34.0
 30
909.9
 70
32
  0
VERTEX
  5
8B4
330
17
100
AcDbEntity
  8
RBAR-T8-B
100
AcDbVertex
100
AcDb3dPolylineVertex
 10
1412.7
 20
34.0
 30
912.6
 70
32
  0
VERTEX
  5
8B5
330
17
100
AcDbEntity
  8
RBAR-T8-B
100
AcDbVertex
100
AcDb3dPolylineVertex
 10
1414.6
 20
34.0
 30
915.0
 70
32
  0
VERTEX
  5
8B6
330
17
100
AcDbEntity
  8
RBAR-T8-B
100
AcDbVertex
100
AcDb3dPolylineVertex
 10
1417.0
 20
34.0
 30
917.0
 70
32
  0
VERTEX
  5
8B7
330
17
100
AcDbEntity
  8
RBAR-T8-B
100
AcDbVertex
100
AcDb3dPolylineVertex
 10
1419.8
 20
34.0
 30
918.5
 70
32
  0
VERTEX
  5
8B8
330
17
100
AcDbEntity
  8
RBAR-T8-B
100
AcDbVertex
100
AcDb3dPolylineVertex
 10
1422.7
 20
34.0
 30
919.4
 70
32
  0
VERTEX
  5
8B9
330
17
100
AcDbEntity
  8
RBAR-T8-B
100
AcDbVertex
100
AcDb3dPolylineVertex
 10
1425.8
 20
34.0
 30
919.7
 70
32
  0
VERTEX
  5
8BA
330
17
100
AcDbEntity
  8
RBAR-T8-B
100
AcDbVertex
100
AcDb3dPolylineVertex
 10
1524.7
 20
34.0
 30
919.7
 70
32
  0
VERTEX
  5
8BB
330
17
100
AcDbEntity
  8
RBAR-T8-B
100
AcDbVertex
100
AcDb3dPolylineVertex
 10
1527.8
 20
34.0
 30
919.4
 70
32
  0
VERTEX
  5
8BC
330
17
100
AcDbEntity
  8
RBAR-T8-B
100
AcDbVertex
100
AcDb3dPolylineVertex
 10
1530.8
 20
34.0
 30
918.5
 70
32
  0
VERTEX
  5
8BD
330
17
100
AcDbEntity
  8
RBAR-T8-B
100
AcDbVertex
100
AcDb3dPolylineVertex
 10
1533.5
 20
34.0
 30
917.0
 70
32
  0
VERTEX
  5
8BE
330
17
100
AcDbEntity
  8
RBAR-T8-B
100
AcDbVertex
100
AcDb3dPolylineVertex
 10
1535.9
 20
34.0
 30
915.0
 70
32
  0
VERTEX
  5
8BF
330
17
100
AcDbEntity
  8
RBAR-T8-B
100
AcDbVertex
100
AcDb3dPolylineVertex
 10
1537.9
 20
34.0
 30
912.6
 70
32
  0
VERTEX
  5
8C0
330
17
100
AcDbEntity
  8
RBAR-T8-B
100
AcDbVertex
100
AcDb3dPolylineVertex
 10
1539.3
 20
34.0
 30
909.9
 70
32
  0
VERTEX
  5
8C1
330
17
100
AcDbEntity
  8
RBAR-T8-B
100
AcDbVertex
100
AcDb3dPolylineVertex
 10
1540.2
 20
34.0
 30
906.9
 70
32
  0
VERTEX
  5
8C2
330
17
100
AcDbEntity
  8
RBAR-T8-B
100
AcDbVertex
100
AcDb3dPolylineVertex
 10
1540.5
 20
34.0
 30
903.8
 70
32
  0
VERTEX
  5
8C3
330
17
100
AcDbEntity
  8
RBAR-T8-B
100
AcDbVertex
100
AcDb3dPolylineVertex
 10
1540.5
 20
34.0
 30
528.1
 70
32
  0
SEQEND
  5
8AF
330
8AE
100
AcDbEntity
  8
RBAR-T8-B
  0
POLYLINE
  5
8C4
330
17
100
AcDbEntity
  8
RBAR-T8-B
100
AcDb3dPolyline
 66
1
 10
0.0
 20
0.0
 30
0.0
 70
8
  0
VERTEX
  5
8C6
330
17
100
AcDbEntity
  8
RBAR-T8-B
100
AcDbVertex
100
AcDb3dPolylineVertex
 10
1598.0
 20
34.0
 30
528.1
 70
32
  0
VERTEX
  5
8C7
330
17
100
AcDbEntity
  8
RBAR-T8-B
100
AcDbVertex
100
AcDb3dPolylineVertex
 10
1598.0
 20
34.0
 30
903.8
 70
32
  0
VERTEX
  5
8C8
330
17
100
AcDbEntity
  8
RBAR-T8-B
100
AcDbVertex
100
AcDb3dPolylineVertex
 10
1598.3
 20
34.0
 30
906.9
 70
32
  0
VERTEX
  5
8C9
330
17
100
AcDbEntity
  8
RBAR-T8-B
100
AcDbVertex
100
AcDb3dPolylineVertex
 10
1599.2
 20
34.0
 30
909.9
 70
32
  0
VERTEX
  5
8CA
330
17
100
AcDbEntity
  8
RBAR-T8-B
100
AcDbVertex
100
AcDb3dPolylineVertex
 10
1600.7
 20
34.0
 30
912.6
 70
32
  0
VERTEX
  5
8CB
330
17
100
AcDbEntity
  8
RBAR-T8-B
100
AcDbVertex
100
AcDb3dPolylineVertex
 10
1602.6
 20
34.0
 30
915.0
 70
32
  0
VERTEX
  5
8CC
330
17
100
AcDbEntity
  8
RBAR-T8-B
100
AcDbVertex
100
AcDb3dPolylineVertex
 10
1605.0
 20
34.0
 30
917.0
 70
32
  0
VERTEX
  5
8CD
330
17
100
AcDbEntity
  8
RBAR-T8-B
100
AcDbVertex
100
AcDb3dPolylineVertex
 10
1607.8
 20
34.0
 30
918.5
 70
32
  0
VERTEX
  5
8CE
330
17
100
AcDbEntity
  8
RBAR-T8-B
100
AcDbVertex
100
AcDb3dPolylineVertex
 10
1610.7
 20
34.0
 30
919.4
 70
32
  0
VERTEX
  5
8CF
330
17
100
AcDbEntity
  8
RBAR-T8-B
100
AcDbVertex
100
AcDb3dPolylineVertex
 10
1613.8
 20
34.0
 30
919.7
 70
32
  0
VERTEX
  5
8D0
330
17
100
AcDbEntity
  8
RBAR-T8-B
100
AcDbVertex
100
AcDb3dPolylineVertex
 10
1712.7
 20
34.0
 30
919.7
 70
32
  0
VERTEX
  5
8D1
330
17
100
AcDbEntity
  8
RBAR-T8-B
100
AcDbVertex
100
AcDb3dPolylineVertex
 10
1715.8
 20
34.0
 30
919.4
 70
32
  0
VERTEX
  5
8D2
330
17
100
AcDbEntity
  8
RBAR-T8-B
100
AcDbVertex
100
AcDb3dPolylineVertex
 10
1718.8
 20
34.0
 30
918.5
 70
32
  0
VERTEX
  5
8D3
330
17
100
AcDbEntity
  8
RBAR-T8-B
100
AcDbVertex
100
AcDb3dPolylineVertex
 10
1721.5
 20
34.0
 30
917.0
 70
32
  0
VERTEX
  5
8D4
330
17
100
AcDbEntity
  8
RBAR-T8-B
100
AcDbVertex
100
AcDb3dPolylineVertex
 10
1723.9
 20
34.0
 30
915.0
 70
32
  0
VERTEX
  5
8D5
330
17
100
AcDbEntity
  8
RBAR-T8-B
100
AcDbVertex
100
AcDb3dPolylineVertex
 10
1725.9
 20
34.0
 30
912.6
 70
32
  0
VERTEX
  5
8D6
330
17
100
AcDbEntity
  8
RBAR-T8-B
100
AcDbVertex
100
AcDb3dPolylineVertex
 10
1727.3
 20
34.0
 30
909.9
 70
32
  0
VERTEX
  5
8D7
330
17
100
AcDbEntity
  8
RBAR-T8-B
100
AcDbVertex
100
AcDb3dPolylineVertex
 10
1728.2
 20
34.0
 30
906.9
 70
32
  0
VERTEX
  5
8D8
330
17
100
AcDbEntity
  8
RBAR-T8-B
100
AcDbVertex
100
AcDb3dPolylineVertex
 10
1728.5
 20
34.0
 30
903.8
 70
32
  0
VERTEX
  5
8D9
330
17
100
AcDbEntity
  8
RBAR-T8-B
100
AcDbVertex
100
AcDb3dPolylineVertex
 10
1728.5
 20
34.0
 30
528.1
 70
32
  0
SEQEND
  5
8C5
330
8C4
100
AcDbEntity
  8
RBAR-T8-B
  0
POLYLINE
  5
8DA
330
17
100
AcDbEntity
  8
RBAR-T8-B
100
AcDb3dPolyline
 66
1
 10
0.0
 20
0.0
 30
0.0
 70
8
  0
VERTEX
  5
8DC
330
17
100
AcDbEntity
  8
RBAR-T8-B
100
AcDbVertex
100
AcDb3dPolylineVertex
 10
1786.0
 20
34.0
 30
528.1
 70
32
  0
VERTEX
  5
8DD
330
17
100
AcDbEntity
  8
RBAR-T8-B
100
AcDbVertex
100
AcDb3dPolylineVertex
 10
1786.0
 20
34.0
 30
903.8
 70
32
  0
VERTEX
  5
8DE
330
17
100
AcDbEntity
  8
RBAR-T8-B
100
AcDbVertex
100
AcDb3dPolylineVertex
 10
1786.3
 20
34.0
 30
906.9
 70
32
  0
VERTEX
  5
8DF
330
17
100
AcDbEntity
  8
RBAR-T8-B
100
AcDbVertex
100
AcDb3dPolylineVertex
 10
1787.2
 20
34.0
 30
909.9
 70
32
  0
VERTEX
  5
8E0
330
17
100
AcDbEntity
  8
RBAR-T8-B
100
AcDbVertex
100
AcDb3dPolylineVertex
 10
1788.7
 20
34.0
 30
912.6
 70
32
  0
VERTEX
  5
8E1
330
17
100
AcDbEntity
  8
RBAR-T8-B
100
AcDbVertex
100
AcDb3dPolylineVertex
 10
1790.6
 20
34.0
 30
915.0
 70
32
  0
VERTEX
  5
8E2
330
17
100
AcDbEntity
  8
RBAR-T8-B
100
AcDbVertex
100
AcDb3dPolylineVertex
 10
1793.0
 20
34.0
 30
917.0
 70
32
  0
VERTEX
  5
8E3
330
17
100
AcDbEntity
  8
RBAR-T8-B
100
AcDbVertex
100
AcDb3dPolylineVertex
 10
1795.8
 20
34.0
 30
918.5
 70
32
  0
VERTEX
  5
8E4
330
17
100
AcDbEntity
  8
RBAR-T8-B
100
AcDbVertex
100
AcDb3dPolylineVertex
 10
1798.7
 20
34.0
 30
919.4
 70
32
  0
VERTEX
  5
8E5
330
17
100
AcDbEntity
  8
RBAR-T8-B
100
AcDbVertex
100
AcDb3dPolylineVertex
 10
1801.8
 20
34.0
 30
919.7
 70
32
  0
VERTEX
  5
8E6
330
17
100
AcDbEntity
  8
RBAR-T8-B
100
AcDbVertex
100
AcDb3dPolylineVertex
 10
1900.7
 20
34.0
 30
919.7
 70
32
  0
VERTEX
  5
8E7
330
17
100
AcDbEntity
  8
RBAR-T8-B
100
AcDbVertex
100
AcDb3dPolylineVertex
 10
1903.8
 20
34.0
 30
919.4
 70
32
  0
VERTEX
  5
8E8
330
17
100
AcDbEntity
  8
RBAR-T8-B
100
AcDbVertex
100
AcDb3dPolylineVertex
 10
1906.8
 20
34.0
 30
918.5
 70
32
  0
VERTEX
  5
8E9
330
17
100
AcDbEntity
  8
RBAR-T8-B
100
AcDbVertex
100
AcDb3dPolylineVertex
 10
1909.5
 20
34.0
 30
917.0
 70
32
  0
VERTEX
  5
8EA
330
17
100
AcDbEntity
  8
RBAR-T8-B
100
AcDbVertex
100
AcDb3dPolylineVertex
 10
1911.9
 20
34.0
 30
915.0
 70
32
  0
VERTEX
  5
8EB
330
17
100
AcDbEntity
  8
RBAR-T8-B
100
AcDbVertex
100
AcDb3dPolylineVertex
 10
1913.9
 20
34.0
 30
912.6
 70
32
  0
VERTEX
  5
8EC
330
17
100
AcDbEntity
  8
RBAR-T8-B
100
AcDbVertex
100
AcDb3dPolylineVertex
 10
1915.3
 20
34.0
 30
909.9
 70
32
  0
VERTEX
  5
8ED
330
17
100
AcDbEntity
  8
RBAR-T8-B
100
AcDbVertex
100
AcDb3dPolylineVertex
 10
1916.2
 20
34.0
 30
906.9
 70
32
  0
VERTEX
  5
8EE
330
17
100
AcDbEntity
  8
RBAR-T8-B
100
AcDbVertex
100
AcDb3dPolylineVertex
 10
1916.5
 20
34.0
 30
903.8
 70
32
  0
VERTEX
  5
8EF
330
17
100
AcDbEntity
  8
RBAR-T8-B
100
AcDbVertex
100
AcDb3dPolylineVertex
 10
1916.5
 20
34.0
 30
528.1
 70
32
  0
SEQEND
  5
8DB
330
8DA
100
AcDbEntity
  8
RBAR-T8-B
  0
POLYLINE
  5
8F0
330
17
100
AcDbEntity
  8
RBAR-T8-B
100
AcDb3dPolyline
 66
1
 10
0.0
 20
0.0
 30
0.0
 70
8
  0
VERTEX
  5
8F2
330
17
100
AcDbEntity
  8
RBAR-T8-B
100
AcDbVertex
100
AcDb3dPolylineVertex
 10
1974.0
 20
34.0
 30
528.1
 70
32
  0
VERTEX
  5
8F3
330
17
100
AcDbEntity
  8
RBAR-T8-B
100
AcDbVertex
100
AcDb3dPolylineVertex
 10
1974.0
 20
34.0
 30
903.8
 70
32
  0
VERTEX
  5
8F4
330
17
100
AcDbEntity
  8
RBAR-T8-B
100
AcDbVertex
100
AcDb3dPolylineVertex
 10
1974.3
 20
34.0
 30
906.9
 70
32
  0
VERTEX
  5
8F5
330
17
100
AcDbEntity
  8
RBAR-T8-B
100
AcDbVertex
100
AcDb3dPolylineVertex
 10
1975.2
 20
34.0
 30
909.9
 70
32
  0
VERTEX
  5
8F6
330
17
100
AcDbEntity
  8
RBAR-T8-B
100
AcDbVertex
100
AcDb3dPolylineVertex
 10
1976.7
 20
34.0
 30
912.6
 70
32
  0
VERTEX
  5
8F7
330
17
100
AcDbEntity
  8
RBAR-T8-B
100
AcDbVertex
100
AcDb3dPolylineVertex
 10
1978.6
 20
34.0
 30
915.0
 70
32
  0
VERTEX
  5
8F8
330
17
100
AcDbEntity
  8
RBAR-T8-B
100
AcDbVertex
100
AcDb3dPolylineVertex
 10
1981.0
 20
34.0
 30
917.0
 70
32
  0
VERTEX
  5
8F9
330
17
100
AcDbEntity
  8
RBAR-T8-B
100
AcDbVertex
100
AcDb3dPolylineVertex
 10
1983.8
 20
34.0
 30
918.5
 70
32
  0
VERTEX
  5
8FA
330
17
100
AcDbEntity
  8
RBAR-T8-B
100
AcDbVertex
100
AcDb3dPolylineVertex
 10
1986.7
 20
34.0
 30
919.4
 70
32
  0
VERTEX
  5
8FB
330
17
100
AcDbEntity
  8
RBAR-T8-B
100
AcDbVertex
100
AcDb3dPolylineVertex
 10
1989.8
 20
34.0
 30
919.7
 70
32
  0
VERTEX
  5
8FC
330
17
100
AcDbEntity
  8
RBAR-T8-B
100
AcDbVertex
100
AcDb3dPolylineVertex
 10
2088.7
 20
34.0
 30
919.7
 70
32
  0
VERTEX
  5
8FD
330
17
100
AcDbEntity
  8
RBAR-T8-B
100
AcDbVertex
100
AcDb3dPolylineVertex
 10
2091.8
 20
34.0
 30
919.4
 70
32
  0
VERTEX
  5
8FE
330
17
100
AcDbEntity
  8
RBAR-T8-B
100
AcDbVertex
100
AcDb3dPolylineVertex
 10
2094.8
 20
34.0
 30
918.5
 70
32
  0
VERTEX
  5
8FF
330
17
100
AcDbEntity
  8
RBAR-T8-B
100
AcDbVertex
100
AcDb3dPolylineVertex
 10
2097.5
 20
34.0
 30
917.0
 70
32
  0
VERTEX
  5
900
330
17
100
AcDbEntity
  8
RBAR-T8-B
100
AcDbVertex
100
AcDb3dPolylineVertex
 10
2099.9
 20
34.0
 30
915.0
 70
32
  0
VERTEX
  5
901
330
17
100
AcDbEntity
  8
RBAR-T8-B
100
AcDbVertex
100
AcDb3dPolylineVertex
 10
2101.9
 20
34.0
 30
912.6
 70
32
  0
VERTEX
  5
902
330
17
100
AcDbEntity
  8
RBAR-T8-B
100
AcDbVertex
100
AcDb3dPolylineVertex
 10
2103.3
 20
34.0
 30
909.9
 70
32
  0
VERTEX
  5
903
330
17
100
AcDbEntity
  8
RBAR-T8-B
100
AcDbVertex
100
AcDb3dPolylineVertex
 10
2104.2
 20
34.0
 30
906.9
 70
32
  0
VERTEX
  5
904
330
17
100
AcDbEntity
  8
RBAR-T8-B
100
AcDbVertex
100
AcDb3dPolylineVertex
 10
2104.5
 20
34.0
 30
903.8
 70
32
  0
VERTEX
  5
905
330
17
100
AcDbEntity
  8
RBAR-T8-B
100
AcDbVertex
100
AcDb3dPolylineVertex
 10
2104.5
 20
34.0
 30
528.1
 70
32
  0
SEQEND
  5
8F1
330
8F0
100
AcDbEntity
  8
RBAR-T8-B
  0
POLYLINE
  5
906
330
17
100
AcDbEntity
  8
RBAR-T8-B
100
AcDb3dPolyline
 66
1
 10
0.0
 20
0.0
 30
0.0
 70
8
  0
VERTEX
  5
908
330
17
100
AcDbEntity
  8
RBAR-T8-B
100
AcDbVertex
100
AcDb3dPolylineVertex
 10
2162.0
 20
34.0
 30
528.1
 70
32
  0
VERTEX
  5
909
330
17
100
AcDbEntity
  8
RBAR-T8-B
100
AcDbVertex
100
AcDb3dPolylineVertex
 10
2162.0
 20
34.0
 30
903.8
 70
32
  0
VERTEX
  5
90A
330
17
100
AcDbEntity
  8
RBAR-T8-B
100
AcDbVertex
100
AcDb3dPolylineVertex
 10
2162.3
 20
34.0
 30
906.9
 70
32
  0
VERTEX
  5
90B
330
17
100
AcDbEntity
  8
RBAR-T8-B
100
AcDbVertex
100
AcDb3dPolylineVertex
 10
2163.2
 20
34.0
 30
909.9
 70
32
  0
VERTEX
  5
90C
330
17
100
AcDbEntity
  8
RBAR-T8-B
100
AcDbVertex
100
AcDb3dPolylineVertex
 10
2164.7
 20
34.0
 30
912.6
 70
32
  0
VERTEX
  5
90D
330
17
100
AcDbEntity
  8
RBAR-T8-B
100
AcDbVertex
100
AcDb3dPolylineVertex
 10
2166.6
 20
34.0
 30
915.0
 70
32
  0
VERTEX
  5
90E
330
17
100
AcDbEntity
  8
RBAR-T8-B
100
AcDbVertex
100
AcDb3dPolylineVertex
 10
2169.0
 20
34.0
 30
917.0
 70
32
  0
VERTEX
  5
90F
330
17
100
AcDbEntity
  8
RBAR-T8-B
100
AcDbVertex
100
AcDb3dPolylineVertex
 10
2171.8
 20
34.0
 30
918.5
 70
32
  0
VERTEX
  5
910
330
17
100
AcDbEntity
  8
RBAR-T8-B
100
AcDbVertex
100
AcDb3dPolylineVertex
 10
2174.7
 20
34.0
 30
919.4
 70
32
  0
VERTEX
  5
911
330
17
100
AcDbEntity
  8
RBAR-T8-B
100
AcDbVertex
100
AcDb3dPolylineVertex
 10
2177.8
 20
34.0
 30
919.7
 70
32
  0
VERTEX
  5
912
330
17
100
AcDbEntity
  8
RBAR-T8-B
100
AcDbVertex
100
AcDb3dPolylineVertex
 10
2276.7
 20
34.0
 30
919.7
 70
32
  0
VERTEX
  5
913
330
17
100
AcDbEntity
  8
RBAR-T8-B
100
AcDbVertex
100
AcDb3dPolylineVertex
 10
2279.8
 20
34.0
 30
919.4
 70
32
  0
VERTEX
  5
914
330
17
100
AcDbEntity
  8
RBAR-T8-B
100
AcDbVertex
100
AcDb3dPolylineVertex
 10
2282.8
 20
34.0
 30
918.5
 70
32
  0
VERTEX
  5
915
330
17
100
AcDbEntity
  8
RBAR-T8-B
100
AcDbVertex
100
AcDb3dPolylineVertex
 10
2285.5
 20
34.0
 30
917.0
 70
32
  0
VERTEX
  5
916
330
17
100
AcDbEntity
  8
RBAR-T8-B
100
AcDbVertex
100
AcDb3dPolylineVertex
 10
2287.9
 20
34.0
 30
915.0
 70
32
  0
VERTEX
  5
917
330
17
100
AcDbEntity
  8
RBAR-T8-B
100
AcDbVertex
100
AcDb3dPolylineVertex
 10
2289.9
 20
34.0
 30
912.6
 70
32
  0
VERTEX
  5
918
330
17
100
AcDbEntity
  8
RBAR-T8-B
100
AcDbVertex
100
AcDb3dPolylineVertex
 10
2291.3
 20
34.0
 30
909.9
 70
32
  0
VERTEX
  5
919
330
17
100
AcDbEntity
  8
RBAR-T8-B
100
AcDbVertex
100
AcDb3dPolylineVertex
 10
2292.2
 20
34.0
 30
906.9
 70
32
  0
VERTEX
  5
91A
330
17
100
AcDbEntity
  8
RBAR-T8-B
100
AcDbVertex
100
AcDb3dPolylineVertex
 10
2292.5
 20
34.0
 30
903.8
 70
32
  0
VERTEX
  5
91B
330
17
100
AcDbEntity
  8
RBAR-T8-B
100
AcDbVertex
100
AcDb3dPolylineVertex
 10
2292.5
 20
34.0
 30
528.1
 70
32
  0
SEQEND
  5
907
330
906
100
AcDbEntity
  8
RBAR-T8-B
  0
POLYLINE
  5
91C
330
17
100
AcDbEntity
  8
RBAR-T8-B
100
AcDb3dPolyline
 66
1
 10
0.0
 20
0.0
 30
0.0
 70
8
  0
VERTEX
  5
91E
330
17
100
AcDbEntity
  8
RBAR-T8-B
100
AcDbVertex
100
AcDb3dPolylineVertex
 10
2350.0
 20
34.0
 30
528.1
 70
32
  0
VERTEX
  5
91F
330
17
100
AcDbEntity
  8
RBAR-T8-B
100
AcDbVertex
100
AcDb3dPolylineVertex
 10
2350.0
 20
34.0
 30
903.8
 70
32
  0
VERTEX
  5
920
330
17
100
AcDbEntity
  8
RBAR-T8-B
100
AcDbVertex
100
AcDb3dPolylineVertex
 10
2350.3
 20
34.0
 30
906.9
 70
32
  0
VERTEX
  5
921
330
17
100
AcDbEntity
  8
RBAR-T8-B
100
AcDbVertex
100
AcDb3dPolylineVertex
 10
2351.2
 20
34.0
 30
909.9
 70
32
  0
VERTEX
  5
922
330
17
100
AcDbEntity
  8
RBAR-T8-B
100
AcDbVertex
100
AcDb3dPolylineVertex
 10
2352.7
 20
34.0
 30
912.6
 70
32
  0
VERTEX
  5
923
330
17
100
AcDbEntity
  8
RBAR-T8-B
100
AcDbVertex
100
AcDb3dPolylineVertex
 10
2354.6
 20
34.0
 30
915.0
 70
32
  0
VERTEX
  5
924
330
17
100
AcDbEntity
  8
RBAR-T8-B
100
AcDbVertex
100
AcDb3dPolylineVertex
 10
2357.0
 20
34.0
 30
917.0
 70
32
  0
VERTEX
  5
925
330
17
100
AcDbEntity
  8
RBAR-T8-B
100
AcDbVertex
100
AcDb3dPolylineVertex
 10
2359.8
 20
34.0
 30
918.5
 70
32
  0
VERTEX
  5
926
330
17
100
AcDbEntity
  8
RBAR-T8-B
100
AcDbVertex
100
AcDb3dPolylineVertex
 10
2362.7
 20
34.0
 30
919.4
 70
32
  0
VERTEX
  5
927
330
17
100
AcDbEntity
  8
RBAR-T8-B
100
AcDbVertex
100
AcDb3dPolylineVertex
 10
2365.8
 20
34.0
 30
919.7
 70
32
  0
VERTEX
  5
928
330
17
100
AcDbEntity
  8
RBAR-T8-B
100
AcDbVertex
100
AcDb3dPolylineVertex
 10
2464.7
 20
34.0
 30
919.7
 70
32
  0
VERTEX
  5
929
330
17
100
AcDbEntity
  8
RBAR-T8-B
100
AcDbVertex
100
AcDb3dPolylineVertex
 10
2467.8
 20
34.0
 30
919.4
 70
32
  0
VERTEX
  5
92A
330
17
100
AcDbEntity
  8
RBAR-T8-B
100
AcDbVertex
100
AcDb3dPolylineVertex
 10
2470.8
 20
34.0
 30
918.5
 70
32
  0
VERTEX
  5
92B
330
17
100
AcDbEntity
  8
RBAR-T8-B
100
AcDbVertex
100
AcDb3dPolylineVertex
 10
2473.5
 20
34.0
 30
917.0
 70
32
  0
VERTEX
  5
92C
330
17
100
AcDbEntity
  8
RBAR-T8-B
100
AcDbVertex
100
AcDb3dPolylineVertex
 10
2475.9
 20
34.0
 30
915.0
 70
32
  0
VERTEX
  5
92D
330
17
100
AcDbEntity
  8
RBAR-T8-B
100
AcDbVertex
100
AcDb3dPolylineVertex
 10
2477.9
 20
34.0
 30
912.6
 70
32
  0
VERTEX
  5
92E
330
17
100
AcDbEntity
  8
RBAR-T8-B
100
AcDbVertex
100
AcDb3dPolylineVertex
 10
2479.3
 20
34.0
 30
909.9
 70
32
  0
VERTEX
  5
92F
330
17
100
AcDbEntity
  8
RBAR-T8-B
100
AcDbVertex
100
AcDb3dPolylineVertex
 10
2480.2
 20
34.0
 30
906.9
 70
32
  0
VERTEX
  5
930
330
17
100
AcDbEntity
  8
RBAR-T8-B
100
AcDbVertex
100
AcDb3dPolylineVertex
 10
2480.5
 20
34.0
 30
903.8
 70
32
  0
VERTEX
  5
931
330
17
100
AcDbEntity
  8
RBAR-T8-B
100
AcDbVertex
100
AcDb3dPolylineVertex
 10
2480.5
 20
34.0
 30
528.1
 70
32
  0
SEQEND
  5
91D
330
91C
100
AcDbEntity
  8
RBAR-T8-B
  0
POLYLINE
  5
932
330
17
100
AcDbEntity
  8
RBAR-T8-B
100
AcDb3dPolyline
 66
1
 10
0.0
 20
0.0
 30
0.0
 70
8
  0
VERTEX
  5
934
330
17
100
AcDbEntity
  8
RBAR-T8-B
100
AcDbVertex
100
AcDb3dPolylineVertex
 10
2538.0
 20
34.0
 30
528.1
 70
32
  0
VERTEX
  5
935
330
17
100
AcDbEntity
  8
RBAR-T8-B
100
AcDbVertex
100
AcDb3dPolylineVertex
 10
2538.0
 20
34.0
 30
903.8
 70
32
  0
VERTEX
  5
936
330
17
100
AcDbEntity
  8
RBAR-T8-B
100
AcDbVertex
100
AcDb3dPolylineVertex
 10
2538.3
 20
34.0
 30
906.9
 70
32
  0
VERTEX
  5
937
330
17
100
AcDbEntity
  8
RBAR-T8-B
100
AcDbVertex
100
AcDb3dPolylineVertex
 10
2539.2
 20
34.0
 30
909.9
 70
32
  0
VERTEX
  5
938
330
17
100
AcDbEntity
  8
RBAR-T8-B
100
AcDbVertex
100
AcDb3dPolylineVertex
 10
2540.7
 20
34.0
 30
912.6
 70
32
  0
VERTEX
  5
939
330
17
100
AcDbEntity
  8
RBAR-T8-B
100
AcDbVertex
100
AcDb3dPolylineVertex
 10
2542.6
 20
34.0
 30
915.0
 70
32
  0
VERTEX
  5
93A
330
17
100
AcDbEntity
  8
RBAR-T8-B
100
AcDbVertex
100
AcDb3dPolylineVertex
 10
2545.0
 20
34.0
 30
917.0
 70
32
  0
VERTEX
  5
93B
330
17
100
AcDbEntity
  8
RBAR-T8-B
100
AcDbVertex
100
AcDb3dPolylineVertex
 10
2547.8
 20
34.0
 30
918.5
 70
32
  0
VERTEX
  5
93C
330
17
100
AcDbEntity
  8
RBAR-T8-B
100
AcDbVertex
100
AcDb3dPolylineVertex
 10
2550.7
 20
34.0
 30
919.4
 70
32
  0
VERTEX
  5
93D
330
17
100
AcDbEntity
  8
RBAR-T8-B
100
AcDbVertex
100
AcDb3dPolylineVertex
 10
2553.8
 20
34.0
 30
919.7
 70
32
  0
VERTEX
  5
93E
330
17
100
AcDbEntity
  8
RBAR-T8-B
100
AcDbVertex
100
AcDb3dPolylineVertex
 10
2652.7
 20
34.0
 30
919.7
 70
32
  0
VERTEX
  5
93F
330
17
100
AcDbEntity
  8
RBAR-T8-B
100
AcDbVertex
100
AcDb3dPolylineVertex
 10
2655.8
 20
34.0
 30
919.4
 70
32
  0
VERTEX
  5
940
330
17
100
AcDbEntity
  8
RBAR-T8-B
100
AcDbVertex
100
AcDb3dPolylineVertex
 10
2658.8
 20
34.0
 30
918.5
 70
32
  0
VERTEX
  5
941
330
17
100
AcDbEntity
  8
RBAR-T8-B
100
AcDbVertex
100
AcDb3dPolylineVertex
 10
2661.5
 20
34.0
 30
917.0
 70
32
  0
VERTEX
  5
942
330
17
100
AcDbEntity
  8
RBAR-T8-B
100
AcDbVertex
100
AcDb3dPolylineVertex
 10
2663.9
 20
34.0
 30
915.0
 70
32
  0
VERTEX
  5
943
330
17
100
AcDbEntity
  8
RBAR-T8-B
100
AcDbVertex
100
AcDb3dPolylineVertex
 10
2665.9
 20
34.0
 30
912.6
 70
32
  0
VERTEX
  5
944
330
17
100
AcDbEntity
  8
RBAR-T8-B
100
AcDbVertex
100
AcDb3dPolylineVertex
 10
2667.3
 20
34.0
 30
909.9
 70
32
  0
VERTEX
  5
945
330
17
100
AcDbEntity
  8
RBAR-T8-B
100
AcDbVertex
100
AcDb3dPolylineVertex
 10
2668.2
 20
34.0
 30
906.9
 70
32
  0
VERTEX
  5
946
330
17
100
AcDbEntity
  8
RBAR-T8-B
100
AcDbVertex
100
AcDb3dPolylineVertex
 10
2668.5
 20
34.0
 30
903.8
 70
32
  0
VERTEX
  5
947
330
17
100
AcDbEntity
  8
RBAR-T8-B
100
AcDbVertex
100
AcDb3dPolylineVertex
 10
2668.5
 20
34.0
 30
528.1
 70
32
  0
SEQEND
  5
933
330
932
100
AcDbEntity
  8
RBAR-T8-B
  0
POLYLINE
  5
948
330
17
100
AcDbEntity
  8
RBAR-T8-B
100
AcDb3dPolyline
 66
1
 10
0.0
 20
0.0
 30
0.0
 70
8
  0
VERTEX
  5
94A
330
17
100
AcDbEntity
  8
RBAR-T8-B
100
AcDbVertex
100
AcDb3dPolylineVertex
 10
2726.0
 20
34.0
 30
528.1
 70
32
  0
VERTEX
  5
94B
330
17
100
AcDbEntity
  8
RBAR-T8-B
100
AcDbVertex
100
AcDb3dPolylineVertex
 10
2726.0
 20
34.0
 30
903.8
 70
32
  0
VERTEX
  5
94C
330
17
100
AcDbEntity
  8
RBAR-T8-B
100
AcDbVertex
100
AcDb3dPolylineVertex
 10
2726.3
 20
34.0
 30
906.9
 70
32
  0
VERTEX
  5
94D
330
17
100
AcDbEntity
  8
RBAR-T8-B
100
AcDbVertex
100
AcDb3dPolylineVertex
 10
2727.2
 20
34.0
 30
909.9
 70
32
  0
VERTEX
  5
94E
330
17
100
AcDbEntity
  8
RBAR-T8-B
100
AcDbVertex
100
AcDb3dPolylineVertex
 10
2728.7
 20
34.0
 30
912.6
 70
32
  0
VERTEX
  5
94F
330
17
100
AcDbEntity
  8
RBAR-T8-B
100
AcDbVertex
100
AcDb3dPolylineVertex
 10
2730.6
 20
34.0
 30
915.0
 70
32
  0
VERTEX
  5
950
330
17
100
AcDbEntity
  8
RBAR-T8-B
100
AcDbVertex
100
AcDb3dPolylineVertex
 10
2733.0
 20
34.0
 30
917.0
 70
32
  0
VERTEX
  5
951
330
17
100
AcDbEntity
  8
RBAR-T8-B
100
AcDbVertex
100
AcDb3dPolylineVertex
 10
2735.8
 20
34.0
 30
918.5
 70
32
  0
VERTEX
  5
952
330
17
100
AcDbEntity
  8
RBAR-T8-B
100
AcDbVertex
100
AcDb3dPolylineVertex
 10
2738.7
 20
34.0
 30
919.4
 70
32
  0
VERTEX
  5
953
330
17
100
AcDbEntity
  8
RBAR-T8-B
100
AcDbVertex
100
AcDb3dPolylineVertex
 10
2741.8
 20
34.0
 30
919.7
 70
32
  0
VERTEX
  5
954
330
17
100
AcDbEntity
  8
RBAR-T8-B
100
AcDbVertex
100
AcDb3dPolylineVertex
 10
2840.7
 20
34.0
 30
919.7
 70
32
  0
VERTEX
  5
955
330
17
100
AcDbEntity
  8
RBAR-T8-B
100
AcDbVertex
100
AcDb3dPolylineVertex
 10
2843.8
 20
34.0
 30
919.4
 70
32
  0
VERTEX
  5
956
330
17
100
AcDbEntity
  8
RBAR-T8-B
100
AcDbVertex
100
AcDb3dPolylineVertex
 10
2846.8
 20
34.0
 30
918.5
 70
32
  0
VERTEX
  5
957
330
17
100
AcDbEntity
  8
RBAR-T8-B
100
AcDbVertex
100
AcDb3dPolylineVertex
 10
2849.5
 20
34.0
 30
917.0
 70
32
  0
VERTEX
  5
958
330
17
100
AcDbEntity
  8
RBAR-T8-B
100
AcDbVertex
100
AcDb3dPolylineVertex
 10
2851.9
 20
34.0
 30
915.0
 70
32
  0
VERTEX
  5
959
330
17
100
AcDbEntity
  8
RBAR-T8-B
100
AcDbVertex
100
AcDb3dPolylineVertex
 10
2853.9
 20
34.0
 30
912.6
 70
32
  0
VERTEX
  5
95A
330
17
100
AcDbEntity
  8
RBAR-T8-B
100
AcDbVertex
100
AcDb3dPolylineVertex
 10
2855.3
 20
34.0
 30
909.9
 70
32
  0
VERTEX
  5
95B
330
17
100
AcDbEntity
  8
RBAR-T8-B
100
AcDbVertex
100
AcDb3dPolylineVertex
 10
2856.2
 20
34.0
 30
906.9
 70
32
  0
VERTEX
  5
95C
330
17
100
AcDbEntity
  8
RBAR-T8-B
100
AcDbVertex
100
AcDb3dPolylineVertex
 10
2856.5
 20
34.0
 30
903.8
 70
32
  0
VERTEX
  5
95D
330
17
100
AcDbEntity
  8
RBAR-T8-B
100
AcDbVertex
100
AcDb3dPolylineVertex
 10
2856.5
 20
34.0
 30
528.1
 70
32
  0
SEQEND
  5
949
330
948
100
AcDbEntity
  8
RBAR-T8-B
  0
POLYLINE
  5
95E
330
17
100
AcDbEntity
  8
RBAR-T8-B
100
AcDb3dPolyline
 66
1
 10
0.0
 20
0.0
 30
0.0
 70
8
  0
VERTEX
  5
960
330
17
100
AcDbEntity
  8
RBAR-T8-B
100
AcDbVertex
100
AcDb3dPolylineVertex
 10
2914.0
 20
34.0
 30
528.1
 70
32
  0
VERTEX
  5
961
330
17
100
AcDbEntity
  8
RBAR-T8-B
100
AcDbVertex
100
AcDb3dPolylineVertex
 10
2914.0
 20
34.0
 30
903.8
 70
32
  0
VERTEX
  5
962
330
17
100
AcDbEntity
  8
RBAR-T8-B
100
AcDbVertex
100
AcDb3dPolylineVertex
 10
2914.3
 20
34.0
 30
906.9
 70
32
  0
VERTEX
  5
963
330
17
100
AcDbEntity
  8
RBAR-T8-B
100
AcDbVertex
100
AcDb3dPolylineVertex
 10
2915.2
 20
34.0
 30
909.9
 70
32
  0
VERTEX
  5
964
330
17
100
AcDbEntity
  8
RBAR-T8-B
100
AcDbVertex
100
AcDb3dPolylineVertex
 10
2916.7
 20
34.0
 30
912.6
 70
32
  0
VERTEX
  5
965
330
17
100
AcDbEntity
  8
RBAR-T8-B
100
AcDbVertex
100
AcDb3dPolylineVertex
 10
2918.6
 20
34.0
 30
915.0
 70
32
  0
VERTEX
  5
966
330
17
100
AcDbEntity
  8
RBAR-T8-B
100
AcDbVertex
100
AcDb3dPolylineVertex
 10
2921.0
 20
34.0
 30
917.0
 70
32
  0
VERTEX
  5
967
330
17
100
AcDbEntity
  8
RBAR-T8-B
100
AcDbVertex
100
AcDb3dPolylineVertex
 10
2923.8
 20
34.0
 30
918.5
 70
32
  0
VERTEX
  5
968
330
17
100
AcDbEntity
  8
RBAR-T8-B
100
AcDbVertex
100
AcDb3dPolylineVertex
 10
2926.7
 20
34.0
 30
919.4
 70
32
  0
VERTEX
  5
969
330
17
100
AcDbEntity
  8
RBAR-T8-B
100
AcDbVertex
100
AcDb3dPolylineVertex
 10
2929.8
 20
34.0
 30
919.7
 70
32
  0
VERTEX
  5
96A
330
17
100
AcDbEntity
  8
RBAR-T8-B
100
AcDbVertex
100
AcDb3dPolylineVertex
 10
3028.7
 20
34.0
 30
919.7
 70
32
  0
VERTEX
  5
96B
330
17
100
AcDbEntity
  8
RBAR-T8-B
100
AcDbVertex
100
AcDb3dPolylineVertex
 10
3031.8
 20
34.0
 30
919.4
 70
32
  0
VERTEX
  5
96C
330
17
100
AcDbEntity
  8
RBAR-T8-B
100
AcDbVertex
100
AcDb3dPolylineVertex
 10
3034.8
 20
34.0
 30
918.5
 70
32
  0
VERTEX
  5
96D
330
17
100
AcDbEntity
  8
RBAR-T8-B
100
AcDbVertex
100
AcDb3dPolylineVertex
 10
3037.5
 20
34.0
 30
917.0
 70
32
  0
VERTEX
  5
96E
330
17
100
AcDbEntity
  8
RBAR-T8-B
100
AcDbVertex
100
AcDb3dPolylineVertex
 10
3039.9
 20
34.0
 30
915.0
 70
32
  0
VERTEX
  5
96F
330
17
100
AcDbEntity
  8
RBAR-T8-B
100
AcDbVertex
100
AcDb3dPolylineVertex
 10
3041.9
 20
34.0
 30
912.6
 70
32
  0
VERTEX
  5
970
330
17
100
AcDbEntity
  8
RBAR-T8-B
100
AcDbVertex
100
AcDb3dPolylineVertex
 10
3043.3
 20
34.0
 30
909.9
 70
32
  0
VERTEX
  5
971
330
17
100
AcDbEntity
  8
RBAR-T8-B
100
AcDbVertex
100
AcDb3dPolylineVertex
 10
3044.2
 20
34.0
 30
906.9
 70
32
  0
VERTEX
  5
972
330
17
100
AcDbEntity
  8
RBAR-T8-B
100
AcDbVertex
100
AcDb3dPolylineVertex
 10
3044.5
 20
34.0
 30
903.8
 70
32
  0
VERTEX
  5
973
330
17
100
AcDbEntity
  8
RBAR-T8-B
100
AcDbVertex
100
AcDb3dPolylineVertex
 10
3044.5
 20
34.0
 30
528.1
 70
32
  0
SEQEND
  5
95F
330
95E
100
AcDbEntity
  8
RBAR-T8-B
  0
POLYLINE
  5
974
330
17
100
AcDbEntity
  8
RBAR-T8-B
100
AcDb3dPolyline
 66
1
 10
0.0
 20
0.0
 30
0.0
 70
8
  0
VERTEX
  5
976
330
17
100
AcDbEntity
  8
RBAR-T8-B
100
AcDbVertex
100
AcDb3dPolylineVertex
 10
3102.0
 20
34.0
 30
528.1
 70
32
  0
VERTEX
  5
977
330
17
100
AcDbEntity
  8
RBAR-T8-B
100
AcDbVertex
100
AcDb3dPolylineVertex
 10
3102.0
 20
34.0
 30
903.8
 70
32
  0
VERTEX
  5
978
330
17
100
AcDbEntity
  8
RBAR-T8-B
100
AcDbVertex
100
AcDb3dPolylineVertex
 10
3102.3
 20
34.0
 30
906.9
 70
32
  0
VERTEX
  5
979
330
17
100
AcDbEntity
  8
RBAR-T8-B
100
AcDbVertex
100
AcDb3dPolylineVertex
 10
3103.2
 20
34.0
 30
909.9
 70
32
  0
VERTEX
  5
97A
330
17
100
AcDbEntity
  8
RBAR-T8-B
100
AcDbVertex
100
AcDb3dPolylineVertex
 10
3104.7
 20
34.0
 30
912.6
 70
32
  0
VERTEX
  5
97B
330
17
100
AcDbEntity
  8
RBAR-T8-B
100
AcDbVertex
100
AcDb3dPolylineVertex
 10
3106.6
 20
34.0
 30
915.0
 70
32
  0
VERTEX
  5
97C
330
17
100
AcDbEntity
  8
RBAR-T8-B
100
AcDbVertex
100
AcDb3dPolylineVertex
 10
3109.0
 20
34.0
 30
917.0
 70
32
  0
VERTEX
  5
97D
330
17
100
AcDbEntity
  8
RBAR-T8-B
100
AcDbVertex
100
AcDb3dPolylineVertex
 10
3111.8
 20
34.0
 30
918.5
 70
32
  0
VERTEX
  5
97E
330
17
100
AcDbEntity
  8
RBAR-T8-B
100
AcDbVertex
100
AcDb3dPolylineVertex
 10
3114.7
 20
34.0
 30
919.4
 70
32
  0
VERTEX
  5
97F
330
17
100
AcDbEntity
  8
RBAR-T8-B
100
AcDbVertex
100
AcDb3dPolylineVertex
 10
3117.8
 20
34.0
 30
919.7
 70
32
  0
VERTEX
  5
980
330
17
100
AcDbEntity
  8
RBAR-T8-B
100
AcDbVertex
100
AcDb3dPolylineVertex
 10
3216.7
 20
34.0
 30
919.7
 70
32
  0
VERTEX
  5
981
330
17
100
AcDbEntity
  8
RBAR-T8-B
100
AcDbVertex
100
AcDb3dPolylineVertex
 10
3219.8
 20
34.0
 30
919.4
 70
32
  0
VERTEX
  5
982
330
17
100
AcDbEntity
  8
RBAR-T8-B
100
AcDbVertex
100
AcDb3dPolylineVertex
 10
3222.8
 20
34.0
 30
918.5
 70
32
  0
VERTEX
  5
983
330
17
100
AcDbEntity
  8
RBAR-T8-B
100
AcDbVertex
100
AcDb3dPolylineVertex
 10
3225.5
 20
34.0
 30
917.0
 70
32
  0
VERTEX
  5
984
330
17
100
AcDbEntity
  8
RBAR-T8-B
100
AcDbVertex
100
AcDb3dPolylineVertex
 10
3227.9
 20
34.0
 30
915.0
 70
32
  0
VERTEX
  5
985
330
17
100
AcDbEntity
  8
RBAR-T8-B
100
AcDbVertex
100
AcDb3dPolylineVertex
 10
3229.9
 20
34.0
 30
912.6
 70
32
  0
VERTEX
  5
986
330
17
100
AcDbEntity
  8
RBAR-T8-B
100
AcDbVertex
100
AcDb3dPolylineVertex
 10
3231.3
 20
34.0
 30
909.9
 70
32
  0
VERTEX
  5
987
330
17
100
AcDbEntity
  8
RBAR-T8-B
100
AcDbVertex
100
AcDb3dPolylineVertex
 10
3232.2
 20
34.0
 30
906.9
 70
32
  0
VERTEX
  5
988
330
17
100
AcDbEntity
  8
RBAR-T8-B
100
AcDbVertex
100
AcDb3dPolylineVertex
 10
3232.5
 20
34.0
 30
903.8
 70
32
  0
VERTEX
  5
989
330
17
100
AcDbEntity
  8
RBAR-T8-B
100
AcDbVertex
100
AcDb3dPolylineVertex
 10
3232.5
 20
34.0
 30
528.1
 70
32
  0
SEQEND
  5
975
330
974
100
AcDbEntity
  8
RBAR-T8-B
  0
POLYLINE
  5
98A
330
17
100
AcDbEntity
  8
RBAR-T8-B
100
AcDb3dPolyline
 66
1
 10
0.0
 20
0.0
 30
0.0
 70
8
  0
VERTEX
  5
98C
330
17
100
AcDbEntity
  8
RBAR-T8-B
100
AcDbVertex
100
AcDb3dPolylineVertex
 10
3290.0
 20
34.0
 30
528.1
 70
32
  0
VERTEX
  5
98D
330
17
100
AcDbEntity
  8
RBAR-T8-B
100
AcDbVertex
100
AcDb3dPolylineVertex
 10
3290.0
 20
34.0
 30
903.8
 70
32
  0
VERTEX
  5
98E
330
17
100
AcDbEntity
  8
RBAR-T8-B
100
AcDbVertex
100
AcDb3dPolylineVertex
 10
3290.3
 20
34.0
 30
906.9
 70
32
  0
VERTEX
  5
98F
330
17
100
AcDbEntity
  8
RBAR-T8-B
100
AcDbVertex
100
AcDb3dPolylineVertex
 10
3291.2
 20
34.0
 30
909.9
 70
32
  0
VERTEX
  5
990
330
17
100
AcDbEntity
  8
RBAR-T8-B
100
AcDbVertex
100
AcDb3dPolylineVertex
 10
3292.7
 20
34.0
 30
912.6
 70
32
  0
VERTEX
  5
991
330
17
100
AcDbEntity
  8
RBAR-T8-B
100
AcDbVertex
100
AcDb3dPolylineVertex
 10
3294.6
 20
34.0
 30
915.0
 70
32
  0
VERTEX
  5
992
330
17
100
AcDbEntity
  8
RBAR-T8-B
100
AcDbVertex
100
AcDb3dPolylineVertex
 10
3297.0
 20
34.0
 30
917.0
 70
32
  0
VERTEX
  5
993
330
17
100
AcDbEntity
  8
RBAR-T8-B
100
AcDbVertex
100
AcDb3dPolylineVertex
 10
3299.8
 20
34.0
 30
918.5
 70
32
  0
VERTEX
  5
994
330
17
100
AcDbEntity
  8
RBAR-T8-B
100
AcDbVertex
100
AcDb3dPolylineVertex
 10
3302.7
 20
34.0
 30
919.4
 70
32
  0
VERTEX
  5
995
330
17
100
AcDbEntity
  8
RBAR-T8-B
100
AcDbVertex
100
AcDb3dPolylineVertex
 10
3305.8
 20
34.0
 30
919.7
 70
32
  0
VERTEX
  5
996
330
17
100
AcDbEntity
  8
RBAR-T8-B
100
AcDbVertex
100
AcDb3dPolylineVertex
 10
3404.7
 20
34.0
 30
919.7
 70
32
  0
VERTEX
  5
997
330
17
100
AcDbEntity
  8
RBAR-T8-B
100
AcDbVertex
100
AcDb3dPolylineVertex
 10
3407.8
 20
34.0
 30
919.4
 70
32
  0
VERTEX
  5
998
330
17
100
AcDbEntity
  8
RBAR-T8-B
100
AcDbVertex
100
AcDb3dPolylineVertex
 10
3410.8
 20
34.0
 30
918.5
 70
32
  0
VERTEX
  5
999
330
17
100
AcDbEntity
  8
RBAR-T8-B
100
AcDbVertex
100
AcDb3dPolylineVertex
 10
3413.5
 20
34.0
 30
917.0
 70
32
  0
VERTEX
  5
99A
330
17
100
AcDbEntity
  8
RBAR-T8-B
100
AcDbVertex
100
AcDb3dPolylineVertex
 10
3415.9
 20
34.0
 30
915.0
 70
32
  0
VERTEX
  5
99B
330
17
100
AcDbEntity
  8
RBAR-T8-B
100
AcDbVertex
100
AcDb3dPolylineVertex
 10
3417.9
 20
34.0
 30
912.6
 70
32
  0
VERTEX
  5
99C
330
17
100
AcDbEntity
  8
RBAR-T8-B
100
AcDbVertex
100
AcDb3dPolylineVertex
 10
3419.3
 20
34.0
 30
909.9
 70
32
  0
VERTEX
  5
99D
330
17
100
AcDbEntity
  8
RBAR-T8-B
100
AcDbVertex
100
AcDb3dPolylineVertex
 10
3420.2
 20
34.0
 30
906.9
 70
32
  0
VERTEX
  5
99E
330
17
100
AcDbEntity
  8
RBAR-T8-B
100
AcDbVertex
100
AcDb3dPolylineVertex
 10
3420.5
 20
34.0
 30
903.8
 70
32
  0
VERTEX
  5
99F
330
17
100
AcDbEntity
  8
RBAR-T8-B
100
AcDbVertex
100
AcDb3dPolylineVertex
 10
3420.5
 20
34.0
 30
528.1
 70
32
  0
SEQEND
  5
98B
330
98A
100
AcDbEntity
  8
RBAR-T8-B
  0
POLYLINE
  5
9A0
330
17
100
AcDbEntity
  8
RBAR-T8-B
100
AcDb3dPolyline
 66
1
 10
0.0
 20
0.0
 30
0.0
 70
8
  0
VERTEX
  5
9A2
330
17
100
AcDbEntity
  8
RBAR-T8-B
100
AcDbVertex
100
AcDb3dPolylineVertex
 10
3478.0
 20
34.0
 30
528.1
 70
32
  0
VERTEX
  5
9A3
330
17
100
AcDbEntity
  8
RBAR-T8-B
100
AcDbVertex
100
AcDb3dPolylineVertex
 10
3478.0
 20
34.0
 30
903.8
 70
32
  0
VERTEX
  5
9A4
330
17
100
AcDbEntity
  8
RBAR-T8-B
100
AcDbVertex
100
AcDb3dPolylineVertex
 10
3478.3
 20
34.0
 30
906.9
 70
32
  0
VERTEX
  5
9A5
330
17
100
AcDbEntity
  8
RBAR-T8-B
100
AcDbVertex
100
AcDb3dPolylineVertex
 10
3479.2
 20
34.0
 30
909.9
 70
32
  0
VERTEX
  5
9A6
330
17
100
AcDbEntity
  8
RBAR-T8-B
100
AcDbVertex
100
AcDb3dPolylineVertex
 10
3480.7
 20
34.0
 30
912.6
 70
32
  0
VERTEX
  5
9A7
330
17
100
AcDbEntity
  8
RBAR-T8-B
100
AcDbVertex
100
AcDb3dPolylineVertex
 10
3482.6
 20
34.0
 30
915.0
 70
32
  0
VERTEX
  5
9A8
330
17
100
AcDbEntity
  8
RBAR-T8-B
100
AcDbVertex
100
AcDb3dPolylineVertex
 10
3485.0
 20
34.0
 30
917.0
 70
32
  0
VERTEX
  5
9A9
330
17
100
AcDbEntity
  8
RBAR-T8-B
100
AcDbVertex
100
AcDb3dPolylineVertex
 10
3487.8
 20
34.0
 30
918.5
 70
32
  0
VERTEX
  5
9AA
330
17
100
AcDbEntity
  8
RBAR-T8-B
100
AcDbVertex
100
AcDb3dPolylineVertex
 10
3490.7
 20
34.0
 30
919.4
 70
32
  0
VERTEX
  5
9AB
330
17
100
AcDbEntity
  8
RBAR-T8-B
100
AcDbVertex
100
AcDb3dPolylineVertex
 10
3493.8
 20
34.0
 30
919.7
 70
32
  0
VERTEX
  5
9AC
330
17
100
AcDbEntity
  8
RBAR-T8-B
100
AcDbVertex
100
AcDb3dPolylineVertex
 10
3592.7
 20
34.0
 30
919.7
 70
32
  0
VERTEX
  5
9AD
330
17
100
AcDbEntity
  8
RBAR-T8-B
100
AcDbVertex
100
AcDb3dPolylineVertex
 10
3595.8
 20
34.0
 30
919.4
 70
32
  0
VERTEX
  5
9AE
330
17
100
AcDbEntity
  8
RBAR-T8-B
100
AcDbVertex
100
AcDb3dPolylineVertex
 10
3598.8
 20
34.0
 30
918.5
 70
32
  0
VERTEX
  5
9AF
330
17
100
AcDbEntity
  8
RBAR-T8-B
100
AcDbVertex
100
AcDb3dPolylineVertex
 10
3601.5
 20
34.0
 30
917.0
 70
32
  0
VERTEX
  5
9B0
330
17
100
AcDbEntity
  8
RBAR-T8-B
100
AcDbVertex
100
AcDb3dPolylineVertex
 10
3603.9
 20
34.0
 30
915.0
 70
32
  0
VERTEX
  5
9B1
330
17
100
AcDbEntity
  8
RBAR-T8-B
100
AcDbVertex
100
AcDb3dPolylineVertex
 10
3605.9
 20
34.0
 30
912.6
 70
32
  0
VERTEX
  5
9B2
330
17
100
AcDbEntity
  8
RBAR-T8-B
100
AcDbVertex
100
AcDb3dPolylineVertex
 10
3607.3
 20
34.0
 30
909.9
 70
32
  0
VERTEX
  5
9B3
330
17
100
AcDbEntity
  8
RBAR-T8-B
100
AcDbVertex
100
AcDb3dPolylineVertex
 10
3608.2
 20
34.0
 30
906.9
 70
32
  0
VERTEX
  5
9B4
330
17
100
AcDbEntity
  8
RBAR-T8-B
100
AcDbVertex
100
AcDb3dPolylineVertex
 10
3608.5
 20
34.0
 30
903.8
 70
32
  0
VERTEX
  5
9B5
330
17
100
AcDbEntity
  8
RBAR-T8-B
100
AcDbVertex
100
AcDb3dPolylineVertex
 10
3608.5
 20
34.0
 30
528.1
 70
32
  0
SEQEND
  5
9A1
330
9A0
100
AcDbEntity
  8
RBAR-T8-B
  0
POLYLINE
  5
9B6
330
17
100
AcDbEntity
  8
RBAR-T8-B
100
AcDb3dPolyline
 66
1
 10
0.0
 20
0.0
 30
0.0
 70
8
  0
VERTEX
  5
9B8
330
17
100
AcDbEntity
  8
RBAR-T8-B
100
AcDbVertex
100
AcDb3dPolylineVertex
 10
3629.5
 20
34.0
 30
528.1
 70
32
  0
VERTEX
  5
9B9
330
17
100
AcDbEntity
  8
RBAR-T8-B
100
AcDbVertex
100
AcDb3dPolylineVertex
 10
3629.5
 20
34.0
 30
903.8
 70
32
  0
VERTEX
  5
9BA
330
17
100
AcDbEntity
  8
RBAR-T8-B
100
AcDbVertex
100
AcDb3dPolylineVertex
 10
3629.8
 20
34.0
 30
906.9
 70
32
  0
VERTEX
  5
9BB
330
17
100
AcDbEntity
  8
RBAR-T8-B
100
AcDbVertex
100
AcDb3dPolylineVertex
 10
3630.7
 20
34.0
 30
909.9
 70
32
  0
VERTEX
  5
9BC
330
17
100
AcDbEntity
  8
RBAR-T8-B
100
AcDbVertex
100
AcDb3dPolylineVertex
 10
3632.1
 20
34.0
 30
912.6
 70
32
  0
VERTEX
  5
9BD
330
17
100
AcDbEntity
  8
RBAR-T8-B
100
AcDbVertex
100
AcDb3dPolylineVertex
 10
3634.1
 20
34.0
 30
915.0
 70
32
  0
VERTEX
  5
9BE
330
17
100
AcDbEntity
  8
RBAR-T8-B
100
AcDbVertex
100
AcDb3dPolylineVertex
 10
3636.5
 20
34.0
 30
917.0
 70
32
  0
VERTEX
  5
9BF
330
17
100
AcDbEntity
  8
RBAR-T8-B
100
AcDbVertex
100
AcDb3dPolylineVertex
 10
3639.2
 20
34.0
 30
918.5
 70
32
  0
VERTEX
  5
9C0
330
17
100
AcDbEntity
  8
RBAR-T8-B
100
AcDbVertex
100
AcDb3dPolylineVertex
 10
3642.2
 20
34.0
 30
919.4
 70
32
  0
VERTEX
  5
9C1
330
17
100
AcDbEntity
  8
RBAR-T8-B
100
AcDbVertex
100
AcDb3dPolylineVertex
 10
3645.3
 20
34.0
 30
919.7
 70
32
  0
VERTEX
  5
9C2
330
17
100
AcDbEntity
  8
RBAR-T8-B
100
AcDbVertex
100
AcDb3dPolylineVertex
 10
3744.2
 20
34.0
 30
919.7
 70
32
  0
VERTEX
  5
9C3
330
17
100
AcDbEntity
  8
RBAR-T8-B
100
AcDbVertex
100
AcDb3dPolylineVertex
 10
3747.3
 20
34.0
 30
919.4
 70
32
  0
VERTEX
  5
9C4
330
17
100
AcDbEntity
  8
RBAR-T8-B
100
AcDbVertex
100
AcDb3dPolylineVertex
 10
3750.2
 20
34.0
 30
918.5
 70
32
  0
VERTEX
  5
9C5
330
17
100
AcDbEntity
  8
RBAR-T8-B
100
AcDbVertex
100
AcDb3dPolylineVertex
 10
3753.0
 20
34.0
 30
917.0
 70
32
  0
VERTEX
  5
9C6
330
17
100
AcDbEntity
  8
RBAR-T8-B
100
AcDbVertex
100
AcDb3dPolylineVertex
 10
3755.4
 20
34.0
 30
915.0
 70
32
  0
VERTEX
  5
9C7
330
17
100
AcDbEntity
  8
RBAR-T8-B
100
AcDbVertex
100
AcDb3dPolylineVertex
 10
3757.3
 20
34.0
 30
912.6
 70
32
  0
VERTEX
  5
9C8
330
17
100
AcDbEntity
  8
RBAR-T8-B
100
AcDbVertex
100
AcDb3dPolylineVertex
 10
3758.8
 20
34.0
 30
909.9
 70
32
  0
VERTEX
  5
9C9
330
17
100
AcDbEntity
  8
RBAR-T8-B
100
AcDbVertex
100
AcDb3dPolylineVertex
 10
3759.7
 20
34.0
 30
906.9
 70
32
  0
VERTEX
  5
9CA
330
17
100
AcDbEntity
  8
RBAR-T8-B
100
AcDbVertex
100
AcDb3dPolylineVertex
 10
3760.0
 20
34.0
 30
903.8
 70
32
  0
VERTEX
  5
9CB
330
17
100
AcDbEntity
  8
RBAR-T8-B
100
AcDbVertex
100
AcDb3dPolylineVertex
 10
3760.0
 20
34.0
 30
528.1
 70
32
  0
SEQEND
  5
9B7
330
9B6
100
AcDbEntity
  8
RBAR-T8-B
  0
POLYLINE
  5
9CC
330
17
100
AcDbEntity
  8
RBAR-T8-B
100
AcDb3dPolyline
 66
1
 10
0.0
 20
0.0
 30
0.0
 70
8
  0
VERTEX
  5
9CE
330
17
100
AcDbEntity
  8
RBAR-T8-B
100
AcDbVertex
100
AcDb3dPolylineVertex
 10
94.0
 20
34.0
 30
1022.2
 70
32
  0
VERTEX
  5
9CF
330
17
100
AcDbEntity
  8
RBAR-T8-B
100
AcDbVertex
100
AcDb3dPolylineVertex
 10
94.0
 20
34.0
 30
1397.9
 70
32
  0
VERTEX
  5
9D0
330
17
100
AcDbEntity
  8
RBAR-T8-B
100
AcDbVertex
100
AcDb3dPolylineVertex
 10
94.3
 20
34.0
 30
1401.0
 70
32
  0
VERTEX
  5
9D1
330
17
100
AcDbEntity
  8
RBAR-T8-B
100
AcDbVertex
100
AcDb3dPolylineVertex
 10
95.2
 20
34.0
 30
1404.0
 70
32
  0
VERTEX
  5
9D2
330
17
100
AcDbEntity
  8
RBAR-T8-B
100
AcDbVertex
100
AcDb3dPolylineVertex
 10
96.7
 20
34.0
 30
1406.7
 70
32
  0
VERTEX
  5
9D3
330
17
100
AcDbEntity
  8
RBAR-T8-B
100
AcDbVertex
100
AcDb3dPolylineVertex
 10
98.6
 20
34.0
 30
1409.1
 70
32
  0
VERTEX
  5
9D4
330
17
100
AcDbEntity
  8
RBAR-T8-B
100
AcDbVertex
100
AcDb3dPolylineVertex
 10
101.0
 20
34.0
 30
1411.1
 70
32
  0
VERTEX
  5
9D5
330
17
100
AcDbEntity
  8
RBAR-T8-B
100
AcDbVertex
100
AcDb3dPolylineVertex
 10
103.8
 20
34.0
 30
1412.5
 70
32
  0
VERTEX
  5
9D6
330
17
100
AcDbEntity
  8
RBAR-T8-B
100
AcDbVertex
100
AcDb3dPolylineVertex
 10
106.7
 20
34.0
 30
1413.4
 70
32
  0
VERTEX
  5
9D7
330
17
100
AcDbEntity
  8
RBAR-T8-B
100
AcDbVertex
100
AcDb3dPolylineVertex
 10
109.8
 20
34.0
 30
1413.7
 70
32
  0
VERTEX
  5
9D8
330
17
100
AcDbEntity
  8
RBAR-T8-B
100
AcDbVertex
100
AcDb3dPolylineVertex
 10
208.7
 20
34.0
 30
1413.7
 70
32
  0
VERTEX
  5
9D9
330
17
100
AcDbEntity
  8
RBAR-T8-B
100
AcDbVertex
100
AcDb3dPolylineVertex
 10
211.8
 20
34.0
 30
1413.4
 70
32
  0
VERTEX
  5
9DA
330
17
100
AcDbEntity
  8
RBAR-T8-B
100
AcDbVertex
100
AcDb3dPolylineVertex
 10
214.8
 20
34.0
 30
1412.5
 70
32
  0
VERTEX
  5
9DB
330
17
100
AcDbEntity
  8
RBAR-T8-B
100
AcDbVertex
100
AcDb3dPolylineVertex
 10
217.5
 20
34.0
 30
1411.1
 70
32
  0
VERTEX
  5
9DC
330
17
100
AcDbEntity
  8
RBAR-T8-B
100
AcDbVertex
100
AcDb3dPolylineVertex
 10
219.9
 20
34.0
 30
1409.1
 70
32
  0
VERTEX
  5
9DD
330
17
100
AcDbEntity
  8
RBAR-T8-B
100
AcDbVertex
100
AcDb3dPolylineVertex
 10
221.9
 20
34.0
 30
1406.7
 70
32
  0
VERTEX
  5
9DE
330
17
100
AcDbEntity
  8
RBAR-T8-B
100
AcDbVertex
100
AcDb3dPolylineVertex
 10
223.3
 20
34.0
 30
1404.0
 70
32
  0
VERTEX
  5
9DF
330
17
100
AcDbEntity
  8
RBAR-T8-B
100
AcDbVertex
100
AcDb3dPolylineVertex
 10
224.2
 20
34.0
 30
1401.0
 70
32
  0
VERTEX
  5
9E0
330
17
100
AcDbEntity
  8
RBAR-T8-B
100
AcDbVertex
100
AcDb3dPolylineVertex
 10
224.5
 20
34.0
 30
1397.9
 70
32
  0
VERTEX
  5
9E1
330
17
100
AcDbEntity
  8
RBAR-T8-B
100
AcDbVertex
100
AcDb3dPolylineVertex
 10
224.5
 20
34.0
 30
1022.2
 70
32
  0
SEQEND
  5
9CD
330
9CC
100
AcDbEntity
  8
RBAR-T8-B
  0
POLYLINE
  5
9E2
330
17
100
AcDbEntity
  8
RBAR-T8-B
100
AcDb3dPolyline
 66
1
 10
0.0
 20
0.0
 30
0.0
 70
8
  0
VERTEX
  5
9E4
330
17
100
AcDbEntity
  8
RBAR-T8-B
100
AcDbVertex
100
AcDb3dPolylineVertex
 10
282.0
 20
34.0
 30
1022.2
 70
32
  0
VERTEX
  5
9E5
330
17
100
AcDbEntity
  8
RBAR-T8-B
100
AcDbVertex
100
AcDb3dPolylineVertex
 10
282.0
 20
34.0
 30
1397.9
 70
32
  0
VERTEX
  5
9E6
330
17
100
AcDbEntity
  8
RBAR-T8-B
100
AcDbVertex
100
AcDb3dPolylineVertex
 10
282.3
 20
34.0
 30
1401.0
 70
32
  0
VERTEX
  5
9E7
330
17
100
AcDbEntity
  8
RBAR-T8-B
100
AcDbVertex
100
AcDb3dPolylineVertex
 10
283.2
 20
34.0
 30
1404.0
 70
32
  0
VERTEX
  5
9E8
330
17
100
AcDbEntity
  8
RBAR-T8-B
100
AcDbVertex
100
AcDb3dPolylineVertex
 10
284.7
 20
34.0
 30
1406.7
 70
32
  0
VERTEX
  5
9E9
330
17
100
AcDbEntity
  8
RBAR-T8-B
100
AcDbVertex
100
AcDb3dPolylineVertex
 10
286.6
 20
34.0
 30
1409.1
 70
32
  0
VERTEX
  5
9EA
330
17
100
AcDbEntity
  8
RBAR-T8-B
100
AcDbVertex
100
AcDb3dPolylineVertex
 10
289.0
 20
34.0
 30
1411.1
 70
32
  0
VERTEX
  5
9EB
330
17
100
AcDbEntity
  8
RBAR-T8-B
100
AcDbVertex
100
AcDb3dPolylineVertex
 10
291.8
 20
34.0
 30
1412.5
 70
32
  0
VERTEX
  5
9EC
330
17
100
AcDbEntity
  8
RBAR-T8-B
100
AcDbVertex
100
AcDb3dPolylineVertex
 10
294.7
 20
34.0
 30
1413.4
 70
32
  0
VERTEX
  5
9ED
330
17
100
AcDbEntity
  8
RBAR-T8-B
100
AcDbVertex
100
AcDb3dPolylineVertex
 10
297.8
 20
34.0
 30
1413.7
 70
32
  0
VERTEX
  5
9EE
330
17
100
AcDbEntity
  8
RBAR-T8-B
100
AcDbVertex
100
AcDb3dPolylineVertex
 10
396.7
 20
34.0
 30
1413.7
 70
32
  0
VERTEX
  5
9EF
330
17
100
AcDbEntity
  8
RBAR-T8-B
100
AcDbVertex
100
AcDb3dPolylineVertex
 10
399.8
 20
34.0
 30
1413.4
 70
32
  0
VERTEX
  5
9F0
330
17
100
AcDbEntity
  8
RBAR-T8-B
100
AcDbVertex
100
AcDb3dPolylineVertex
 10
402.8
 20
34.0
 30
1412.5
 70
32
  0
VERTEX
  5
9F1
330
17
100
AcDbEntity
  8
RBAR-T8-B
100
AcDbVertex
100
AcDb3dPolylineVertex
 10
405.5
 20
34.0
 30
1411.1
 70
32
  0
VERTEX
  5
9F2
330
17
100
AcDbEntity
  8
RBAR-T8-B
100
AcDbVertex
100
AcDb3dPolylineVertex
 10
407.9
 20
34.0
 30
1409.1
 70
32
  0
VERTEX
  5
9F3
330
17
100
AcDbEntity
  8
RBAR-T8-B
100
AcDbVertex
100
AcDb3dPolylineVertex
 10
409.9
 20
34.0
 30
1406.7
 70
32
  0
VERTEX
  5
9F4
330
17
100
AcDbEntity
  8
RBAR-T8-B
100
AcDbVertex
100
AcDb3dPolylineVertex
 10
411.3
 20
34.0
 30
1404.0
 70
32
  0
VERTEX
  5
9F5
330
17
100
AcDbEntity
  8
RBAR-T8-B
100
AcDbVertex
100
AcDb3dPolylineVertex
 10
412.2
 20
34.0
 30
1401.0
 70
32
  0
VERTEX
  5
9F6
330
17
100
AcDbEntity
  8
RBAR-T8-B
100
AcDbVertex
100
AcDb3dPolylineVertex
 10
412.5
 20
34.0
 30
1397.9
 70
32
  0
VERTEX
  5
9F7
330
17
100
AcDbEntity
  8
RBAR-T8-B
100
AcDbVertex
100
AcDb3dPolylineVertex
 10
412.5
 20
34.0
 30
1022.2
 70
32
  0
SEQEND
  5
9E3
330
9E2
100
AcDbEntity
  8
RBAR-T8-B
  0
POLYLINE
  5
9F8
330
17
100
AcDbEntity
  8
RBAR-T8-B
100
AcDb3dPolyline
 66
1
 10
0.0
 20
0.0
 30
0.0
 70
8
  0
VERTEX
  5
9FA
330
17
100
AcDbEntity
  8
RBAR-T8-B
100
AcDbVertex
100
AcDb3dPolylineVertex
 10
470.0
 20
34.0
 30
1022.2
 70
32
  0
VERTEX
  5
9FB
330
17
100
AcDbEntity
  8
RBAR-T8-B
100
AcDbVertex
100
AcDb3dPolylineVertex
 10
470.0
 20
34.0
 30
1397.9
 70
32
  0
VERTEX
  5
9FC
330
17
100
AcDbEntity
  8
RBAR-T8-B
100
AcDbVertex
100
AcDb3dPolylineVertex
 10
470.3
 20
34.0
 30
1401.0
 70
32
  0
VERTEX
  5
9FD
330
17
100
AcDbEntity
  8
RBAR-T8-B
100
AcDbVertex
100
AcDb3dPolylineVertex
 10
471.2
 20
34.0
 30
1404.0
 70
32
  0
VERTEX
  5
9FE
330
17
100
AcDbEntity
  8
RBAR-T8-B
100
AcDbVertex
100
AcDb3dPolylineVertex
 10
472.7
 20
34.0
 30
1406.7
 70
32
  0
VERTEX
  5
9FF
330
17
100
AcDbEntity
  8
RBAR-T8-B
100
AcDbVertex
100
AcDb3dPolylineVertex
 10
474.6
 20
34.0
 30
1409.1
 70
32
  0
VERTEX
  5
A00
330
17
100
AcDbEntity
  8
RBAR-T8-B
100
AcDbVertex
100
AcDb3dPolylineVertex
 10
477.0
 20
34.0
 30
1411.1
 70
32
  0
VERTEX
  5
A01
330
17
100
AcDbEntity
  8
RBAR-T8-B
100
AcDbVertex
100
AcDb3dPolylineVertex
 10
479.8
 20
34.0
 30
1412.5
 70
32
  0
VERTEX
  5
A02
330
17
100
AcDbEntity
  8
RBAR-T8-B
100
AcDbVertex
100
AcDb3dPolylineVertex
 10
482.7
 20
34.0
 30
1413.4
 70
32
  0
VERTEX
  5
A03
330
17
100
AcDbEntity
  8
RBAR-T8-B
100
AcDbVertex
100
AcDb3dPolylineVertex
 10
485.8
 20
34.0
 30
1413.7
 70
32
  0
VERTEX
  5
A04
330
17
100
AcDbEntity
  8
RBAR-T8-B
100
AcDbVertex
100
AcDb3dPolylineVertex
 10
584.7
 20
34.0
 30
1413.7
 70
32
  0
VERTEX
  5
A05
330
17
100
AcDbEntity
  8
RBAR-T8-B
100
AcDbVertex
100
AcDb3dPolylineVertex
 10
587.8
 20
34.0
 30
1413.4
 70
32
  0
VERTEX
  5
A06
330
17
100
AcDbEntity
  8
RBAR-T8-B
100
AcDbVertex
100
AcDb3dPolylineVertex
 10
590.8
 20
34.0
 30
1412.5
 70
32
  0
VERTEX
  5
A07
330
17
100
AcDbEntity
  8
RBAR-T8-B
100
AcDbVertex
100
AcDb3dPolylineVertex
 10
593.5
 20
34.0
 30
1411.1
 70
32
  0
VERTEX
  5
A08
330
17
100
AcDbEntity
  8
RBAR-T8-B
100
AcDbVertex
100
AcDb3dPolylineVertex
 10
595.9
 20
34.0
 30
1409.1
 70
32
  0
VERTEX
  5
A09
330
17
100
AcDbEntity
  8
RBAR-T8-B
100
AcDbVertex
100
AcDb3dPolylineVertex
 10
597.9
 20
34.0
 30
1406.7
 70
32
  0
VERTEX
  5
A0A
330
17
100
AcDbEntity
  8
RBAR-T8-B
100
AcDbVertex
100
AcDb3dPolylineVertex
 10
599.3
 20
34.0
 30
1404.0
 70
32
  0
VERTEX
  5
A0B
330
17
100
AcDbEntity
  8
RBAR-T8-B
100
AcDbVertex
100
AcDb3dPolylineVertex
 10
600.2
 20
34.0
 30
1401.0
 70
32
  0
VERTEX
  5
A0C
330
17
100
AcDbEntity
  8
RBAR-T8-B
100
AcDbVertex
100
AcDb3dPolylineVertex
 10
600.5
 20
34.0
 30
1397.9
 70
32
  0
VERTEX
  5
A0D
330
17
100
AcDbEntity
  8
RBAR-T8-B
100
AcDbVertex
100
AcDb3dPolylineVertex
 10
600.5
 20
34.0
 30
1022.2
 70
32
  0
SEQEND
  5
9F9
330
9F8
100
AcDbEntity
  8
RBAR-T8-B
  0
POLYLINE
  5
A0E
330
17
100
AcDbEntity
  8
RBAR-T8-B
100
AcDb3dPolyline
 66
1
 10
0.0
 20
0.0
 30
0.0
 70
8
  0
VERTEX
  5
A10
330
17
100
AcDbEntity
  8
RBAR-T8-B
100
AcDbVertex
100
AcDb3dPolylineVertex
 10
658.0
 20
34.0
 30
1022.2
 70
32
  0
VERTEX
  5
A11
330
17
100
AcDbEntity
  8
RBAR-T8-B
100
AcDbVertex
100
AcDb3dPolylineVertex
 10
658.0
 20
34.0
 30
1397.9
 70
32
  0
VERTEX
  5
A12
330
17
100
AcDbEntity
  8
RBAR-T8-B
100
AcDbVertex
100
AcDb3dPolylineVertex
 10
658.3
 20
34.0
 30
1401.0
 70
32
  0
VERTEX
  5
A13
330
17
100
AcDbEntity
  8
RBAR-T8-B
100
AcDbVertex
100
AcDb3dPolylineVertex
 10
659.2
 20
34.0
 30
1404.0
 70
32
  0
VERTEX
  5
A14
330
17
100
AcDbEntity
  8
RBAR-T8-B
100
AcDbVertex
100
AcDb3dPolylineVertex
 10
660.7
 20
34.0
 30
1406.7
 70
32
  0
VERTEX
  5
A15
330
17
100
AcDbEntity
  8
RBAR-T8-B
100
AcDbVertex
100
AcDb3dPolylineVertex
 10
662.6
 20
34.0
 30
1409.1
 70
32
  0
VERTEX
  5
A16
330
17
100
AcDbEntity
  8
RBAR-T8-B
100
AcDbVertex
100
AcDb3dPolylineVertex
 10
665.0
 20
34.0
 30
1411.1
 70
32
  0
VERTEX
  5
A17
330
17
100
AcDbEntity
  8
RBAR-T8-B
100
AcDbVertex
100
AcDb3dPolylineVertex
 10
667.8
 20
34.0
 30
1412.5
 70
32
  0
VERTEX
  5
A18
330
17
100
AcDbEntity
  8
RBAR-T8-B
100
AcDbVertex
100
AcDb3dPolylineVertex
 10
670.7
 20
34.0
 30
1413.4
 70
32
  0
VERTEX
  5
A19
330
17
100
AcDbEntity
  8
RBAR-T8-B
100
AcDbVertex
100
AcDb3dPolylineVertex
 10
673.8
 20
34.0
 30
1413.7
 70
32
  0
VERTEX
  5
A1A
330
17
100
AcDbEntity
  8
RBAR-T8-B
100
AcDbVertex
100
AcDb3dPolylineVertex
 10
772.7
 20
34.0
 30
1413.7
 70
32
  0
VERTEX
  5
A1B
330
17
100
AcDbEntity
  8
RBAR-T8-B
100
AcDbVertex
100
AcDb3dPolylineVertex
 10
775.8
 20
34.0
 30
1413.4
 70
32
  0
VERTEX
  5
A1C
330
17
100
AcDbEntity
  8
RBAR-T8-B
100
AcDbVertex
100
AcDb3dPolylineVertex
 10
778.8
 20
34.0
 30
1412.5
 70
32
  0
VERTEX
  5
A1D
330
17
100
AcDbEntity
  8
RBAR-T8-B
100
AcDbVertex
100
AcDb3dPolylineVertex
 10
781.5
 20
34.0
 30
1411.1
 70
32
  0
VERTEX
  5
A1E
330
17
100
AcDbEntity
  8
RBAR-T8-B
100
AcDbVertex
100
AcDb3dPolylineVertex
 10
783.9
 20
34.0
 30
1409.1
 70
32
  0
VERTEX
  5
A1F
330
17
100
AcDbEntity
  8
RBAR-T8-B
100
AcDbVertex
100
AcDb3dPolylineVertex
 10
785.9
 20
34.0
 30
1406.7
 70
32
  0
VERTEX
  5
A20
330
17
100
AcDbEntity
  8
RBAR-T8-B
100
AcDbVertex
100
AcDb3dPolylineVertex
 10
787.3
 20
34.0
 30
1404.0
 70
32
  0
VERTEX
  5
A21
330
17
100
AcDbEntity
  8
RBAR-T8-B
100
AcDbVertex
100
AcDb3dPolylineVertex
 10
788.2
 20
34.0
 30
1401.0
 70
32
  0
VERTEX
  5
A22
330
17
100
AcDbEntity
  8
RBAR-T8-B
100
AcDbVertex
100
AcDb3dPolylineVertex
 10
788.5
 20
34.0
 30
1397.9
 70
32
  0
VERTEX
  5
A23
330
17
100
AcDbEntity
  8
RBAR-T8-B
100
AcDbVertex
100
AcDb3dPolylineVertex
 10
788.5
 20
34.0
 30
1022.2
 70
32
  0
SEQEND
  5
A0F
330
A0E
100
AcDbEntity
  8
RBAR-T8-B
  0
POLYLINE
  5
A24
330
17
100
AcDbEntity
  8
RBAR-T8-B
100
AcDb3dPolyline
 66
1
 10
0.0
 20
0.0
 30
0.0
 70
8
  0
VERTEX
  5
A26
330
17
100
AcDbEntity
  8
RBAR-T8-B
100
AcDbVertex
100
AcDb3dPolylineVertex
 10
846.0
 20
34.0
 30
1022.2
 70
32
  0
VERTEX
  5
A27
330
17
100
AcDbEntity
  8
RBAR-T8-B
100
AcDbVertex
100
AcDb3dPolylineVertex
 10
846.0
 20
34.0
 30
1397.9
 70
32
  0
VERTEX
  5
A28
330
17
100
AcDbEntity
  8
RBAR-T8-B
100
AcDbVertex
100
AcDb3dPolylineVertex
 10
846.3
 20
34.0
 30
1401.0
 70
32
  0
VERTEX
  5
A29
330
17
100
AcDbEntity
  8
RBAR-T8-B
100
AcDbVertex
100
AcDb3dPolylineVertex
 10
847.2
 20
34.0
 30
1404.0
 70
32
  0
VERTEX
  5
A2A
330
17
100
AcDbEntity
  8
RBAR-T8-B
100
AcDbVertex
100
AcDb3dPolylineVertex
 10
848.7
 20
34.0
 30
1406.7
 70
32
  0
VERTEX
  5
A2B
330
17
100
AcDbEntity
  8
RBAR-T8-B
100
AcDbVertex
100
AcDb3dPolylineVertex
 10
850.6
 20
34.0
 30
1409.1
 70
32
  0
VERTEX
  5
A2C
330
17
100
AcDbEntity
  8
RBAR-T8-B
100
AcDbVertex
100
AcDb3dPolylineVertex
 10
853.0
 20
34.0
 30
1411.1
 70
32
  0
VERTEX
  5
A2D
330
17
100
AcDbEntity
  8
RBAR-T8-B
100
AcDbVertex
100
AcDb3dPolylineVertex
 10
855.8
 20
34.0
 30
1412.5
 70
32
  0
VERTEX
  5
A2E
330
17
100
AcDbEntity
  8
RBAR-T8-B
100
AcDbVertex
100
AcDb3dPolylineVertex
 10
858.7
 20
34.0
 30
1413.4
 70
32
  0
VERTEX
  5
A2F
330
17
100
AcDbEntity
  8
RBAR-T8-B
100
AcDbVertex
100
AcDb3dPolylineVertex
 10
861.8
 20
34.0
 30
1413.7
 70
32
  0
VERTEX
  5
A30
330
17
100
AcDbEntity
  8
RBAR-T8-B
100
AcDbVertex
100
AcDb3dPolylineVertex
 10
960.7
 20
34.0
 30
1413.7
 70
32
  0
VERTEX
  5
A31
330
17
100
AcDbEntity
  8
RBAR-T8-B
100
AcDbVertex
100
AcDb3dPolylineVertex
 10
963.8
 20
34.0
 30
1413.4
 70
32
  0
VERTEX
  5
A32
330
17
100
AcDbEntity
  8
RBAR-T8-B
100
AcDbVertex
100
AcDb3dPolylineVertex
 10
966.8
 20
34.0
 30
1412.5
 70
32
  0
VERTEX
  5
A33
330
17
100
AcDbEntity
  8
RBAR-T8-B
100
AcDbVertex
100
AcDb3dPolylineVertex
 10
969.5
 20
34.0
 30
1411.1
 70
32
  0
VERTEX
  5
A34
330
17
100
AcDbEntity
  8
RBAR-T8-B
100
AcDbVertex
100
AcDb3dPolylineVertex
 10
971.9
 20
34.0
 30
1409.1
 70
32
  0
VERTEX
  5
A35
330
17
100
AcDbEntity
  8
RBAR-T8-B
100
AcDbVertex
100
AcDb3dPolylineVertex
 10
973.9
 20
34.0
 30
1406.7
 70
32
  0
VERTEX
  5
A36
330
17
100
AcDbEntity
  8
RBAR-T8-B
100
AcDbVertex
100
AcDb3dPolylineVertex
 10
975.3
 20
34.0
 30
1404.0
 70
32
  0
VERTEX
  5
A37
330
17
100
AcDbEntity
  8
RBAR-T8-B
100
AcDbVertex
100
AcDb3dPolylineVertex
 10
976.2
 20
34.0
 30
1401.0
 70
32
  0
VERTEX
  5
A38
330
17
100
AcDbEntity
  8
RBAR-T8-B
100
AcDbVertex
100
AcDb3dPolylineVertex
 10
976.5
 20
34.0
 30
1397.9
 70
32
  0
VERTEX
  5
A39
330
17
100
AcDbEntity
  8
RBAR-T8-B
100
AcDbVertex
100
AcDb3dPolylineVertex
 10
976.5
 20
34.0
 30
1022.2
 70
32
  0
SEQEND
  5
A25
330
A24
100
AcDbEntity
  8
RBAR-T8-B
  0
POLYLINE
  5
A3A
330
17
100
AcDbEntity
  8
RBAR-T8-B
100
AcDb3dPolyline
 66
1
 10
0.0
 20
0.0
 30
0.0
 70
8
  0
VERTEX
  5
A3C
330
17
100
AcDbEntity
  8
RBAR-T8-B
100
AcDbVertex
100
AcDb3dPolylineVertex
 10
1034.0
 20
34.0
 30
1022.2
 70
32
  0
VERTEX
  5
A3D
330
17
100
AcDbEntity
  8
RBAR-T8-B
100
AcDbVertex
100
AcDb3dPolylineVertex
 10
1034.0
 20
34.0
 30
1397.9
 70
32
  0
VERTEX
  5
A3E
330
17
100
AcDbEntity
  8
RBAR-T8-B
100
AcDbVertex
100
AcDb3dPolylineVertex
 10
1034.3
 20
34.0
 30
1401.0
 70
32
  0
VERTEX
  5
A3F
330
17
100
AcDbEntity
  8
RBAR-T8-B
100
AcDbVertex
100
AcDb3dPolylineVertex
 10
1035.2
 20
34.0
 30
1404.0
 70
32
  0
VERTEX
  5
A40
330
17
100
AcDbEntity
  8
RBAR-T8-B
100
AcDbVertex
100
AcDb3dPolylineVertex
 10
1036.7
 20
34.0
 30
1406.7
 70
32
  0
VERTEX
  5
A41
330
17
100
AcDbEntity
  8
RBAR-T8-B
100
AcDbVertex
100
AcDb3dPolylineVertex
 10
1038.6
 20
34.0
 30
1409.1
 70
32
  0
VERTEX
  5
A42
330
17
100
AcDbEntity
  8
RBAR-T8-B
100
AcDbVertex
100
AcDb3dPolylineVertex
 10
1041.0
 20
34.0
 30
1411.1
 70
32
  0
VERTEX
  5
A43
330
17
100
AcDbEntity
  8
RBAR-T8-B
100
AcDbVertex
100
AcDb3dPolylineVertex
 10
1043.8
 20
34.0
 30
1412.5
 70
32
  0
VERTEX
  5
A44
330
17
100
AcDbEntity
  8
RBAR-T8-B
100
AcDbVertex
100
AcDb3dPolylineVertex
 10
1046.7
 20
34.0
 30
1413.4
 70
32
  0
VERTEX
  5
A45
330
17
100
AcDbEntity
  8
RBAR-T8-B
100
AcDbVertex
100
AcDb3dPolylineVertex
 10
1049.8
 20
34.0
 30
1413.7
 70
32
  0
VERTEX
  5
A46
330
17
100
AcDbEntity
  8
RBAR-T8-B
100
AcDbVertex
100
AcDb3dPolylineVertex
 10
1148.7
 20
34.0
 30
1413.7
 70
32
  0
VERTEX
  5
A47
330
17
100
AcDbEntity
  8
RBAR-T8-B
100
AcDbVertex
100
AcDb3dPolylineVertex
 10
1151.8
 20
34.0
 30
1413.4
 70
32
  0
VERTEX
  5
A48
330
17
100
AcDbEntity
  8
RBAR-T8-B
100
AcDbVertex
100
AcDb3dPolylineVertex
 10
1154.8
 20
34.0
 30
1412.5
 70
32
  0
VERTEX
  5
A49
330
17
100
AcDbEntity
  8
RBAR-T8-B
100
AcDbVertex
100
AcDb3dPolylineVertex
 10
1157.5
 20
34.0
 30
1411.1
 70
32
  0
VERTEX
  5
A4A
330
17
100
AcDbEntity
  8
RBAR-T8-B
100
AcDbVertex
100
AcDb3dPolylineVertex
 10
1159.9
 20
34.0
 30
1409.1
 70
32
  0
VERTEX
  5
A4B
330
17
100
AcDbEntity
  8
RBAR-T8-B
100
AcDbVertex
100
AcDb3dPolylineVertex
 10
1161.9
 20
34.0
 30
1406.7
 70
32
  0
VERTEX
  5
A4C
330
17
100
AcDbEntity
  8
RBAR-T8-B
100
AcDbVertex
100
AcDb3dPolylineVertex
 10
1163.3
 20
34.0
 30
1404.0
 70
32
  0
VERTEX
  5
A4D
330
17
100
AcDbEntity
  8
RBAR-T8-B
100
AcDbVertex
100
AcDb3dPolylineVertex
 10
1164.2
 20
34.0
 30
1401.0
 70
32
  0
VERTEX
  5
A4E
330
17
100
AcDbEntity
  8
RBAR-T8-B
100
AcDbVertex
100
AcDb3dPolylineVertex
 10
1164.5
 20
34.0
 30
1397.9
 70
32
  0
VERTEX
  5
A4F
330
17
100
AcDbEntity
  8
RBAR-T8-B
100
AcDbVertex
100
AcDb3dPolylineVertex
 10
1164.5
 20
34.0
 30
1022.2
 70
32
  0
SEQEND
  5
A3B
330
A3A
100
AcDbEntity
  8
RBAR-T8-B
  0
POLYLINE
  5
A50
330
17
100
AcDbEntity
  8
RBAR-T8-B
100
AcDb3dPolyline
 66
1
 10
0.0
 20
0.0
 30
0.0
 70
8
  0
VERTEX
  5
A52
330
17
100
AcDbEntity
  8
RBAR-T8-B
100
AcDbVertex
100
AcDb3dPolylineVertex
 10
1222.0
 20
34.0
 30
1022.2
 70
32
  0
VERTEX
  5
A53
330
17
100
AcDbEntity
  8
RBAR-T8-B
100
AcDbVertex
100
AcDb3dPolylineVertex
 10
1222.0
 20
34.0
 30
1397.9
 70
32
  0
VERTEX
  5
A54
330
17
100
AcDbEntity
  8
RBAR-T8-B
100
AcDbVertex
100
AcDb3dPolylineVertex
 10
1222.3
 20
34.0
 30
1401.0
 70
32
  0
VERTEX
  5
A55
330
17
100
AcDbEntity
  8
RBAR-T8-B
100
AcDbVertex
100
AcDb3dPolylineVertex
 10
1223.2
 20
34.0
 30
1404.0
 70
32
  0
VERTEX
  5
A56
330
17
100
AcDbEntity
  8
RBAR-T8-B
100
AcDbVertex
100
AcDb3dPolylineVertex
 10
1224.7
 20
34.0
 30
1406.7
 70
32
  0
VERTEX
  5
A57
330
17
100
AcDbEntity
  8
RBAR-T8-B
100
AcDbVertex
100
AcDb3dPolylineVertex
 10
1226.6
 20
34.0
 30
1409.1
 70
32
  0
VERTEX
  5
A58
330
17
100
AcDbEntity
  8
RBAR-T8-B
100
AcDbVertex
100
AcDb3dPolylineVertex
 10
1229.0
 20
34.0
 30
1411.1
 70
32
  0
VERTEX
  5
A59
330
17
100
AcDbEntity
  8
RBAR-T8-B
100
AcDbVertex
100
AcDb3dPolylineVertex
 10
1231.8
 20
34.0
 30
1412.5
 70
32
  0
VERTEX
  5
A5A
330
17
100
AcDbEntity
  8
RBAR-T8-B
100
AcDbVertex
100
AcDb3dPolylineVertex
 10
1234.7
 20
34.0
 30
1413.4
 70
32
  0
VERTEX
  5
A5B
330
17
100
AcDbEntity
  8
RBAR-T8-B
100
AcDbVertex
100
AcDb3dPolylineVertex
 10
1237.8
 20
34.0
 30
1413.7
 70
32
  0
VERTEX
  5
A5C
330
17
100
AcDbEntity
  8
RBAR-T8-B
100
AcDbVertex
100
AcDb3dPolylineVertex
 10
1336.7
 20
34.0
 30
1413.7
 70
32
  0
VERTEX
  5
A5D
330
17
100
AcDbEntity
  8
RBAR-T8-B
100
AcDbVertex
100
AcDb3dPolylineVertex
 10
1339.8
 20
34.0
 30
1413.4
 70
32
  0
VERTEX
  5
A5E
330
17
100
AcDbEntity
  8
RBAR-T8-B
100
AcDbVertex
100
AcDb3dPolylineVertex
 10
1342.8
 20
34.0
 30
1412.5
 70
32
  0
VERTEX
  5
A5F
330
17
100
AcDbEntity
  8
RBAR-T8-B
100
AcDbVertex
100
AcDb3dPolylineVertex
 10
1345.5
 20
34.0
 30
1411.1
 70
32
  0
VERTEX
  5
A60
330
17
100
AcDbEntity
  8
RBAR-T8-B
100
AcDbVertex
100
AcDb3dPolylineVertex
 10
1347.9
 20
34.0
 30
1409.1
 70
32
  0
VERTEX
  5
A61
330
17
100
AcDbEntity
  8
RBAR-T8-B
100
AcDbVertex
100
AcDb3dPolylineVertex
 10
1349.9
 20
34.0
 30
1406.7
 70
32
  0
VERTEX
  5
A62
330
17
100
AcDbEntity
  8
RBAR-T8-B
100
AcDbVertex
100
AcDb3dPolylineVertex
 10
1351.3
 20
34.0
 30
1404.0
 70
32
  0
VERTEX
  5
A63
330
17
100
AcDbEntity
  8
RBAR-T8-B
100
AcDbVertex
100
AcDb3dPolylineVertex
 10
1352.2
 20
34.0
 30
1401.0
 70
32
  0
VERTEX
  5
A64
330
17
100
AcDbEntity
  8
RBAR-T8-B
100
AcDbVertex
100
AcDb3dPolylineVertex
 10
1352.5
 20
34.0
 30
1397.9
 70
32
  0
VERTEX
  5
A65
330
17
100
AcDbEntity
  8
RBAR-T8-B
100
AcDbVertex
100
AcDb3dPolylineVertex
 10
1352.5
 20
34.0
 30
1022.2
 70
32
  0
SEQEND
  5
A51
330
A50
100
AcDbEntity
  8
RBAR-T8-B
  0
POLYLINE
  5
A66
330
17
100
AcDbEntity
  8
RBAR-T8-B
100
AcDb3dPolyline
 66
1
 10
0.0
 20
0.0
 30
0.0
 70
8
  0
VERTEX
  5
A68
330
17
100
AcDbEntity
  8
RBAR-T8-B
100
AcDbVertex
100
AcDb3dPolylineVertex
 10
1410.0
 20
34.0
 30
1022.2
 70
32
  0
VERTEX
  5
A69
330
17
100
AcDbEntity
  8
RBAR-T8-B
100
AcDbVertex
100
AcDb3dPolylineVertex
 10
1410.0
 20
34.0
 30
1397.9
 70
32
  0
VERTEX
  5
A6A
330
17
100
AcDbEntity
  8
RBAR-T8-B
100
AcDbVertex
100
AcDb3dPolylineVertex
 10
1410.3
 20
34.0
 30
1401.0
 70
32
  0
VERTEX
  5
A6B
330
17
100
AcDbEntity
  8
RBAR-T8-B
100
AcDbVertex
100
AcDb3dPolylineVertex
 10
1411.2
 20
34.0
 30
1404.0
 70
32
  0
VERTEX
  5
A6C
330
17
100
AcDbEntity
  8
RBAR-T8-B
100
AcDbVertex
100
AcDb3dPolylineVertex
 10
1412.7
 20
34.0
 30
1406.7
 70
32
  0
VERTEX
  5
A6D
330
17
100
AcDbEntity
  8
RBAR-T8-B
100
AcDbVertex
100
AcDb3dPolylineVertex
 10
1414.6
 20
34.0
 30
1409.1
 70
32
  0
VERTEX
  5
A6E
330
17
100
AcDbEntity
  8
RBAR-T8-B
100
AcDbVertex
100
AcDb3dPolylineVertex
 10
1417.0
 20
34.0
 30
1411.1
 70
32
  0
VERTEX
  5
A6F
330
17
100
AcDbEntity
  8
RBAR-T8-B
100
AcDbVertex
100
AcDb3dPolylineVertex
 10
1419.8
 20
34.0
 30
1412.5
 70
32
  0
VERTEX
  5
A70
330
17
100
AcDbEntity
  8
RBAR-T8-B
100
AcDbVertex
100
AcDb3dPolylineVertex
 10
1422.7
 20
34.0
 30
1413.4
 70
32
  0
VERTEX
  5
A71
330
17
100
AcDbEntity
  8
RBAR-T8-B
100
AcDbVertex
100
AcDb3dPolylineVertex
 10
1425.8
 20
34.0
 30
1413.7
 70
32
  0
VERTEX
  5
A72
330
17
100
AcDbEntity
  8
RBAR-T8-B
100
AcDbVertex
100
AcDb3dPolylineVertex
 10
1524.7
 20
34.0
 30
1413.7
 70
32
  0
VERTEX
  5
A73
330
17
100
AcDbEntity
  8
RBAR-T8-B
100
AcDbVertex
100
AcDb3dPolylineVertex
 10
1527.8
 20
34.0
 30
1413.4
 70
32
  0
VERTEX
  5
A74
330
17
100
AcDbEntity
  8
RBAR-T8-B
100
AcDbVertex
100
AcDb3dPolylineVertex
 10
1530.8
 20
34.0
 30
1412.5
 70
32
  0
VERTEX
  5
A75
330
17
100
AcDbEntity
  8
RBAR-T8-B
100
AcDbVertex
100
AcDb3dPolylineVertex
 10
1533.5
 20
34.0
 30
1411.1
 70
32
  0
VERTEX
  5
A76
330
17
100
AcDbEntity
  8
RBAR-T8-B
100
AcDbVertex
100
AcDb3dPolylineVertex
 10
1535.9
 20
34.0
 30
1409.1
 70
32
  0
VERTEX
  5
A77
330
17
100
AcDbEntity
  8
RBAR-T8-B
100
AcDbVertex
100
AcDb3dPolylineVertex
 10
1537.9
 20
34.0
 30
1406.7
 70
32
  0
VERTEX
  5
A78
330
17
100
AcDbEntity
  8
RBAR-T8-B
100
AcDbVertex
100
AcDb3dPolylineVertex
 10
1539.3
 20
34.0
 30
1404.0
 70
32
  0
VERTEX
  5
A79
330
17
100
AcDbEntity
  8
RBAR-T8-B
100
AcDbVertex
100
AcDb3dPolylineVertex
 10
1540.2
 20
34.0
 30
1401.0
 70
32
  0
VERTEX
  5
A7A
330
17
100
AcDbEntity
  8
RBAR-T8-B
100
AcDbVertex
100
AcDb3dPolylineVertex
 10
1540.5
 20
34.0
 30
1397.9
 70
32
  0
VERTEX
  5
A7B
330
17
100
AcDbEntity
  8
RBAR-T8-B
100
AcDbVertex
100
AcDb3dPolylineVertex
 10
1540.5
 20
34.0
 30
1022.2
 70
32
  0
SEQEND
  5
A67
330
A66
100
AcDbEntity
  8
RBAR-T8-B
  0
POLYLINE
  5
A7C
330
17
100
AcDbEntity
  8
RBAR-T8-B
100
AcDb3dPolyline
 66
1
 10
0.0
 20
0.0
 30
0.0
 70
8
  0
VERTEX
  5
A7E
330
17
100
AcDbEntity
  8
RBAR-T8-B
100
AcDbVertex
100
AcDb3dPolylineVertex
 10
1598.0
 20
34.0
 30
1022.2
 70
32
  0
VERTEX
  5
A7F
330
17
100
AcDbEntity
  8
RBAR-T8-B
100
AcDbVertex
100
AcDb3dPolylineVertex
 10
1598.0
 20
34.0
 30
1397.9
 70
32
  0
VERTEX
  5
A80
330
17
100
AcDbEntity
  8
RBAR-T8-B
100
AcDbVertex
100
AcDb3dPolylineVertex
 10
1598.3
 20
34.0
 30
1401.0
 70
32
  0
VERTEX
  5
A81
330
17
100
AcDbEntity
  8
RBAR-T8-B
100
AcDbVertex
100
AcDb3dPolylineVertex
 10
1599.2
 20
34.0
 30
1404.0
 70
32
  0
VERTEX
  5
A82
330
17
100
AcDbEntity
  8
RBAR-T8-B
100
AcDbVertex
100
AcDb3dPolylineVertex
 10
1600.7
 20
34.0
 30
1406.7
 70
32
  0
VERTEX
  5
A83
330
17
100
AcDbEntity
  8
RBAR-T8-B
100
AcDbVertex
100
AcDb3dPolylineVertex
 10
1602.6
 20
34.0
 30
1409.1
 70
32
  0
VERTEX
  5
A84
330
17
100
AcDbEntity
  8
RBAR-T8-B
100
AcDbVertex
100
AcDb3dPolylineVertex
 10
1605.0
 20
34.0
 30
1411.1
 70
32
  0
VERTEX
  5
A85
330
17
100
AcDbEntity
  8
RBAR-T8-B
100
AcDbVertex
100
AcDb3dPolylineVertex
 10
1607.8
 20
34.0
 30
1412.5
 70
32
  0
VERTEX
  5
A86
330
17
100
AcDbEntity
  8
RBAR-T8-B
100
AcDbVertex
100
AcDb3dPolylineVertex
 10
1610.7
 20
34.0
 30
1413.4
 70
32
  0
VERTEX
  5
A87
330
17
100
AcDbEntity
  8
RBAR-T8-B
100
AcDbVertex
100
AcDb3dPolylineVertex
 10
1613.8
 20
34.0
 30
1413.7
 70
32
  0
VERTEX
  5
A88
330
17
100
AcDbEntity
  8
RBAR-T8-B
100
AcDbVertex
100
AcDb3dPolylineVertex
 10
1712.7
 20
34.0
 30
1413.7
 70
32
  0
VERTEX
  5
A89
330
17
100
AcDbEntity
  8
RBAR-T8-B
100
AcDbVertex
100
AcDb3dPolylineVertex
 10
1715.8
 20
34.0
 30
1413.4
 70
32
  0
VERTEX
  5
A8A
330
17
100
AcDbEntity
  8
RBAR-T8-B
100
AcDbVertex
100
AcDb3dPolylineVertex
 10
1718.8
 20
34.0
 30
1412.5
 70
32
  0
VERTEX
  5
A8B
330
17
100
AcDbEntity
  8
RBAR-T8-B
100
AcDbVertex
100
AcDb3dPolylineVertex
 10
1721.5
 20
34.0
 30
1411.1
 70
32
  0
VERTEX
  5
A8C
330
17
100
AcDbEntity
  8
RBAR-T8-B
100
AcDbVertex
100
AcDb3dPolylineVertex
 10
1723.9
 20
34.0
 30
1409.1
 70
32
  0
VERTEX
  5
A8D
330
17
100
AcDbEntity
  8
RBAR-T8-B
100
AcDbVertex
100
AcDb3dPolylineVertex
 10
1725.9
 20
34.0
 30
1406.7
 70
32
  0
VERTEX
  5
A8E
330
17
100
AcDbEntity
  8
RBAR-T8-B
100
AcDbVertex
100
AcDb3dPolylineVertex
 10
1727.3
 20
34.0
 30
1404.0
 70
32
  0
VERTEX
  5
A8F
330
17
100
AcDbEntity
  8
RBAR-T8-B
100
AcDbVertex
100
AcDb3dPolylineVertex
 10
1728.2
 20
34.0
 30
1401.0
 70
32
  0
VERTEX
  5
A90
330
17
100
AcDbEntity
  8
RBAR-T8-B
100
AcDbVertex
100
AcDb3dPolylineVertex
 10
1728.5
 20
34.0
 30
1397.9
 70
32
  0
VERTEX
  5
A91
330
17
100
AcDbEntity
  8
RBAR-T8-B
100
AcDbVertex
100
AcDb3dPolylineVertex
 10
1728.5
 20
34.0
 30
1022.2
 70
32
  0
SEQEND
  5
A7D
330
A7C
100
AcDbEntity
  8
RBAR-T8-B
  0
POLYLINE
  5
A92
330
17
100
AcDbEntity
  8
RBAR-T8-B
100
AcDb3dPolyline
 66
1
 10
0.0
 20
0.0
 30
0.0
 70
8
  0
VERTEX
  5
A94
330
17
100
AcDbEntity
  8
RBAR-T8-B
100
AcDbVertex
100
AcDb3dPolylineVertex
 10
1786.0
 20
34.0
 30
1022.2
 70
32
  0
VERTEX
  5
A95
330
17
100
AcDbEntity
  8
RBAR-T8-B
100
AcDbVertex
100
AcDb3dPolylineVertex
 10
1786.0
 20
34.0
 30
1397.9
 70
32
  0
VERTEX
  5
A96
330
17
100
AcDbEntity
  8
RBAR-T8-B
100
AcDbVertex
100
AcDb3dPolylineVertex
 10
1786.3
 20
34.0
 30
1401.0
 70
32
  0
VERTEX
  5
A97
330
17
100
AcDbEntity
  8
RBAR-T8-B
100
AcDbVertex
100
AcDb3dPolylineVertex
 10
1787.2
 20
34.0
 30
1404.0
 70
32
  0
VERTEX
  5
A98
330
17
100
AcDbEntity
  8
RBAR-T8-B
100
AcDbVertex
100
AcDb3dPolylineVertex
 10
1788.7
 20
34.0
 30
1406.7
 70
32
  0
VERTEX
  5
A99
330
17
100
AcDbEntity
  8
RBAR-T8-B
100
AcDbVertex
100
AcDb3dPolylineVertex
 10
1790.6
 20
34.0
 30
1409.1
 70
32
  0
VERTEX
  5
A9A
330
17
100
AcDbEntity
  8
RBAR-T8-B
100
AcDbVertex
100
AcDb3dPolylineVertex
 10
1793.0
 20
34.0
 30
1411.1
 70
32
  0
VERTEX
  5
A9B
330
17
100
AcDbEntity
  8
RBAR-T8-B
100
AcDbVertex
100
AcDb3dPolylineVertex
 10
1795.8
 20
34.0
 30
1412.5
 70
32
  0
VERTEX
  5
A9C
330
17
100
AcDbEntity
  8
RBAR-T8-B
100
AcDbVertex
100
AcDb3dPolylineVertex
 10
1798.7
 20
34.0
 30
1413.4
 70
32
  0
VERTEX
  5
A9D
330
17
100
AcDbEntity
  8
RBAR-T8-B
100
AcDbVertex
100
AcDb3dPolylineVertex
 10
1801.8
 20
34.0
 30
1413.7
 70
32
  0
VERTEX
  5
A9E
330
17
100
AcDbEntity
  8
RBAR-T8-B
100
AcDbVertex
100
AcDb3dPolylineVertex
 10
1900.7
 20
34.0
 30
1413.7
 70
32
  0
VERTEX
  5
A9F
330
17
100
AcDbEntity
  8
RBAR-T8-B
100
AcDbVertex
100
AcDb3dPolylineVertex
 10
1903.8
 20
34.0
 30
1413.4
 70
32
  0
VERTEX
  5
AA0
330
17
100
AcDbEntity
  8
RBAR-T8-B
100
AcDbVertex
100
AcDb3dPolylineVertex
 10
1906.8
 20
34.0
 30
1412.5
 70
32
  0
VERTEX
  5
AA1
330
17
100
AcDbEntity
  8
RBAR-T8-B
100
AcDbVertex
100
AcDb3dPolylineVertex
 10
1909.5
 20
34.0
 30
1411.1
 70
32
  0
VERTEX
  5
AA2
330
17
100
AcDbEntity
  8
RBAR-T8-B
100
AcDbVertex
100
AcDb3dPolylineVertex
 10
1911.9
 20
34.0
 30
1409.1
 70
32
  0
VERTEX
  5
AA3
330
17
100
AcDbEntity
  8
RBAR-T8-B
100
AcDbVertex
100
AcDb3dPolylineVertex
 10
1913.9
 20
34.0
 30
1406.7
 70
32
  0
VERTEX
  5
AA4
330
17
100
AcDbEntity
  8
RBAR-T8-B
100
AcDbVertex
100
AcDb3dPolylineVertex
 10
1915.3
 20
34.0
 30
1404.0
 70
32
  0
VERTEX
  5
AA5
330
17
100
AcDbEntity
  8
RBAR-T8-B
100
AcDbVertex
100
AcDb3dPolylineVertex
 10
1916.2
 20
34.0
 30
1401.0
 70
32
  0
VERTEX
  5
AA6
330
17
100
AcDbEntity
  8
RBAR-T8-B
100
AcDbVertex
100
AcDb3dPolylineVertex
 10
1916.5
 20
34.0
 30
1397.9
 70
32
  0
VERTEX
  5
AA7
330
17
100
AcDbEntity
  8
RBAR-T8-B
100
AcDbVertex
100
AcDb3dPolylineVertex
 10
1916.5
 20
34.0
 30
1022.2
 70
32
  0
SEQEND
  5
A93
330
A92
100
AcDbEntity
  8
RBAR-T8-B
  0
POLYLINE
  5
AA8
330
17
100
AcDbEntity
  8
RBAR-T8-B
100
AcDb3dPolyline
 66
1
 10
0.0
 20
0.0
 30
0.0
 70
8
  0
VERTEX
  5
AAA
330
17
100
AcDbEntity
  8
RBAR-T8-B
100
AcDbVertex
100
AcDb3dPolylineVertex
 10
1974.0
 20
34.0
 30
1022.2
 70
32
  0
VERTEX
  5
AAB
330
17
100
AcDbEntity
  8
RBAR-T8-B
100
AcDbVertex
100
AcDb3dPolylineVertex
 10
1974.0
 20
34.0
 30
1397.9
 70
32
  0
VERTEX
  5
AAC
330
17
100
AcDbEntity
  8
RBAR-T8-B
100
AcDbVertex
100
AcDb3dPolylineVertex
 10
1974.3
 20
34.0
 30
1401.0
 70
32
  0
VERTEX
  5
AAD
330
17
100
AcDbEntity
  8
RBAR-T8-B
100
AcDbVertex
100
AcDb3dPolylineVertex
 10
1975.2
 20
34.0
 30
1404.0
 70
32
  0
VERTEX
  5
AAE
330
17
100
AcDbEntity
  8
RBAR-T8-B
100
AcDbVertex
100
AcDb3dPolylineVertex
 10
1976.7
 20
34.0
 30
1406.7
 70
32
  0
VERTEX
  5
AAF
330
17
100
AcDbEntity
  8
RBAR-T8-B
100
AcDbVertex
100
AcDb3dPolylineVertex
 10
1978.6
 20
34.0
 30
1409.1
 70
32
  0
VERTEX
  5
AB0
330
17
100
AcDbEntity
  8
RBAR-T8-B
100
AcDbVertex
100
AcDb3dPolylineVertex
 10
1981.0
 20
34.0
 30
1411.1
 70
32
  0
VERTEX
  5
AB1
330
17
100
AcDbEntity
  8
RBAR-T8-B
100
AcDbVertex
100
AcDb3dPolylineVertex
 10
1983.8
 20
34.0
 30
1412.5
 70
32
  0
VERTEX
  5
AB2
330
17
100
AcDbEntity
  8
RBAR-T8-B
100
AcDbVertex
100
AcDb3dPolylineVertex
 10
1986.7
 20
34.0
 30
1413.4
 70
32
  0
VERTEX
  5
AB3
330
17
100
AcDbEntity
  8
RBAR-T8-B
100
AcDbVertex
100
AcDb3dPolylineVertex
 10
1989.8
 20
34.0
 30
1413.7
 70
32
  0
VERTEX
  5
AB4
330
17
100
AcDbEntity
  8
RBAR-T8-B
100
AcDbVertex
100
AcDb3dPolylineVertex
 10
2088.7
 20
34.0
 30
1413.7
 70
32
  0
VERTEX
  5
AB5
330
17
100
AcDbEntity
  8
RBAR-T8-B
100
AcDbVertex
100
AcDb3dPolylineVertex
 10
2091.8
 20
34.0
 30
1413.4
 70
32
  0
VERTEX
  5
AB6
330
17
100
AcDbEntity
  8
RBAR-T8-B
100
AcDbVertex
100
AcDb3dPolylineVertex
 10
2094.8
 20
34.0
 30
1412.5
 70
32
  0
VERTEX
  5
AB7
330
17
100
AcDbEntity
  8
RBAR-T8-B
100
AcDbVertex
100
AcDb3dPolylineVertex
 10
2097.5
 20
34.0
 30
1411.1
 70
32
  0
VERTEX
  5
AB8
330
17
100
AcDbEntity
  8
RBAR-T8-B
100
AcDbVertex
100
AcDb3dPolylineVertex
 10
2099.9
 20
34.0
 30
1409.1
 70
32
  0
VERTEX
  5
AB9
330
17
100
AcDbEntity
  8
RBAR-T8-B
100
AcDbVertex
100
AcDb3dPolylineVertex
 10
2101.9
 20
34.0
 30
1406.7
 70
32
  0
VERTEX
  5
ABA
330
17
100
AcDbEntity
  8
RBAR-T8-B
100
AcDbVertex
100
AcDb3dPolylineVertex
 10
2103.3
 20
34.0
 30
1404.0
 70
32
  0
VERTEX
  5
ABB
330
17
100
AcDbEntity
  8
RBAR-T8-B
100
AcDbVertex
100
AcDb3dPolylineVertex
 10
2104.2
 20
34.0
 30
1401.0
 70
32
  0
VERTEX
  5
ABC
330
17
100
AcDbEntity
  8
RBAR-T8-B
100
AcDbVertex
100
AcDb3dPolylineVertex
 10
2104.5
 20
34.0
 30
1397.9
 70
32
  0
VERTEX
  5
ABD
330
17
100
AcDbEntity
  8
RBAR-T8-B
100
AcDbVertex
100
AcDb3dPolylineVertex
 10
2104.5
 20
34.0
 30
1022.2
 70
32
  0
SEQEND
  5
AA9
330
AA8
100
AcDbEntity
  8
RBAR-T8-B
  0
POLYLINE
  5
ABE
330
17
100
AcDbEntity
  8
RBAR-T8-B
100
AcDb3dPolyline
 66
1
 10
0.0
 20
0.0
 30
0.0
 70
8
  0
VERTEX
  5
AC0
330
17
100
AcDbEntity
  8
RBAR-T8-B
100
AcDbVertex
100
AcDb3dPolylineVertex
 10
2162.0
 20
34.0
 30
1022.2
 70
32
  0
VERTEX
  5
AC1
330
17
100
AcDbEntity
  8
RBAR-T8-B
100
AcDbVertex
100
AcDb3dPolylineVertex
 10
2162.0
 20
34.0
 30
1397.9
 70
32
  0
VERTEX
  5
AC2
330
17
100
AcDbEntity
  8
RBAR-T8-B
100
AcDbVertex
100
AcDb3dPolylineVertex
 10
2162.3
 20
34.0
 30
1401.0
 70
32
  0
VERTEX
  5
AC3
330
17
100
AcDbEntity
  8
RBAR-T8-B
100
AcDbVertex
100
AcDb3dPolylineVertex
 10
2163.2
 20
34.0
 30
1404.0
 70
32
  0
VERTEX
  5
AC4
330
17
100
AcDbEntity
  8
RBAR-T8-B
100
AcDbVertex
100
AcDb3dPolylineVertex
 10
2164.7
 20
34.0
 30
1406.7
 70
32
  0
VERTEX
  5
AC5
330
17
100
AcDbEntity
  8
RBAR-T8-B
100
AcDbVertex
100
AcDb3dPolylineVertex
 10
2166.6
 20
34.0
 30
1409.1
 70
32
  0
VERTEX
  5
AC6
330
17
100
AcDbEntity
  8
RBAR-T8-B
100
AcDbVertex
100
AcDb3dPolylineVertex
 10
2169.0
 20
34.0
 30
1411.1
 70
32
  0
VERTEX
  5
AC7
330
17
100
AcDbEntity
  8
RBAR-T8-B
100
AcDbVertex
100
AcDb3dPolylineVertex
 10
2171.8
 20
34.0
 30
1412.5
 70
32
  0
VERTEX
  5
AC8
330
17
100
AcDbEntity
  8
RBAR-T8-B
100
AcDbVertex
100
AcDb3dPolylineVertex
 10
2174.7
 20
34.0
 30
1413.4
 70
32
  0
VERTEX
  5
AC9
330
17
100
AcDbEntity
  8
RBAR-T8-B
100
AcDbVertex
100
AcDb3dPolylineVertex
 10
2177.8
 20
34.0
 30
1413.7
 70
32
  0
VERTEX
  5
ACA
330
17
100
AcDbEntity
  8
RBAR-T8-B
100
AcDbVertex
100
AcDb3dPolylineVertex
 10
2276.7
 20
34.0
 30
1413.7
 70
32
  0
VERTEX
  5
ACB
330
17
100
AcDbEntity
  8
RBAR-T8-B
100
AcDbVertex
100
AcDb3dPolylineVertex
 10
2279.8
 20
34.0
 30
1413.4
 70
32
  0
VERTEX
  5
ACC
330
17
100
AcDbEntity
  8
RBAR-T8-B
100
AcDbVertex
100
AcDb3dPolylineVertex
 10
2282.8
 20
34.0
 30
1412.5
 70
32
  0
VERTEX
  5
ACD
330
17
100
AcDbEntity
  8
RBAR-T8-B
100
AcDbVertex
100
AcDb3dPolylineVertex
 10
2285.5
 20
34.0
 30
1411.1
 70
32
  0
VERTEX
  5
ACE
330
17
100
AcDbEntity
  8
RBAR-T8-B
100
AcDbVertex
100
AcDb3dPolylineVertex
 10
2287.9
 20
34.0
 30
1409.1
 70
32
  0
VERTEX
  5
ACF
330
17
100
AcDbEntity
  8
RBAR-T8-B
100
AcDbVertex
100
AcDb3dPolylineVertex
 10
2289.9
 20
34.0
 30
1406.7
 70
32
  0
VERTEX
  5
AD0
330
17
100
AcDbEntity
  8
RBAR-T8-B
100
AcDbVertex
100
AcDb3dPolylineVertex
 10
2291.3
 20
34.0
 30
1404.0
 70
32
  0
VERTEX
  5
AD1
330
17
100
AcDbEntity
  8
RBAR-T8-B
100
AcDbVertex
100
AcDb3dPolylineVertex
 10
2292.2
 20
34.0
 30
1401.0
 70
32
  0
VERTEX
  5
AD2
330
17
100
AcDbEntity
  8
RBAR-T8-B
100
AcDbVertex
100
AcDb3dPolylineVertex
 10
2292.5
 20
34.0
 30
1397.9
 70
32
  0
VERTEX
  5
AD3
330
17
100
AcDbEntity
  8
RBAR-T8-B
100
AcDbVertex
100
AcDb3dPolylineVertex
 10
2292.5
 20
34.0
 30
1022.2
 70
32
  0
SEQEND
  5
ABF
330
ABE
100
AcDbEntity
  8
RBAR-T8-B
  0
POLYLINE
  5
AD4
330
17
100
AcDbEntity
  8
RBAR-T8-B
100
AcDb3dPolyline
 66
1
 10
0.0
 20
0.0
 30
0.0
 70
8
  0
VERTEX
  5
AD6
330
17
100
AcDbEntity
  8
RBAR-T8-B
100
AcDbVertex
100
AcDb3dPolylineVertex
 10
2350.0
 20
34.0
 30
1022.2
 70
32
  0
VERTEX
  5
AD7
330
17
100
AcDbEntity
  8
RBAR-T8-B
100
AcDbVertex
100
AcDb3dPolylineVertex
 10
2350.0
 20
34.0
 30
1397.9
 70
32
  0
VERTEX
  5
AD8
330
17
100
AcDbEntity
  8
RBAR-T8-B
100
AcDbVertex
100
AcDb3dPolylineVertex
 10
2350.3
 20
34.0
 30
1401.0
 70
32
  0
VERTEX
  5
AD9
330
17
100
AcDbEntity
  8
RBAR-T8-B
100
AcDbVertex
100
AcDb3dPolylineVertex
 10
2351.2
 20
34.0
 30
1404.0
 70
32
  0
VERTEX
  5
ADA
330
17
100
AcDbEntity
  8
RBAR-T8-B
100
AcDbVertex
100
AcDb3dPolylineVertex
 10
2352.7
 20
34.0
 30
1406.7
 70
32
  0
VERTEX
  5
ADB
330
17
100
AcDbEntity
  8
RBAR-T8-B
100
AcDbVertex
100
AcDb3dPolylineVertex
 10
2354.6
 20
34.0
 30
1409.1
 70
32
  0
VERTEX
  5
ADC
330
17
100
AcDbEntity
  8
RBAR-T8-B
100
AcDbVertex
100
AcDb3dPolylineVertex
 10
2357.0
 20
34.0
 30
1411.1
 70
32
  0
VERTEX
  5
ADD
330
17
100
AcDbEntity
  8
RBAR-T8-B
100
AcDbVertex
100
AcDb3dPolylineVertex
 10
2359.8
 20
34.0
 30
1412.5
 70
32
  0
VERTEX
  5
ADE
330
17
100
AcDbEntity
  8
RBAR-T8-B
100
AcDbVertex
100
AcDb3dPolylineVertex
 10
2362.7
 20
34.0
 30
1413.4
 70
32
  0
VERTEX
  5
ADF
330
17
100
AcDbEntity
  8
RBAR-T8-B
100
AcDbVertex
100
AcDb3dPolylineVertex
 10
2365.8
 20
34.0
 30
1413.7
 70
32
  0
VERTEX
  5
AE0
330
17
100
AcDbEntity
  8
RBAR-T8-B
100
AcDbVertex
100
AcDb3dPolylineVertex
 10
2464.7
 20
34.0
 30
1413.7
 70
32
  0
VERTEX
  5
AE1
330
17
100
AcDbEntity
  8
RBAR-T8-B
100
AcDbVertex
100
AcDb3dPolylineVertex
 10
2467.8
 20
34.0
 30
1413.4
 70
32
  0
VERTEX
  5
AE2
330
17
100
AcDbEntity
  8
RBAR-T8-B
100
AcDbVertex
100
AcDb3dPolylineVertex
 10
2470.8
 20
34.0
 30
1412.5
 70
32
  0
VERTEX
  5
AE3
330
17
100
AcDbEntity
  8
RBAR-T8-B
100
AcDbVertex
100
AcDb3dPolylineVertex
 10
2473.5
 20
34.0
 30
1411.1
 70
32
  0
VERTEX
  5
AE4
330
17
100
AcDbEntity
  8
RBAR-T8-B
100
AcDbVertex
100
AcDb3dPolylineVertex
 10
2475.9
 20
34.0
 30
1409.1
 70
32
  0
VERTEX
  5
AE5
330
17
100
AcDbEntity
  8
RBAR-T8-B
100
AcDbVertex
100
AcDb3dPolylineVertex
 10
2477.9
 20
34.0
 30
1406.7
 70
32
  0
VERTEX
  5
AE6
330
17
100
AcDbEntity
  8
RBAR-T8-B
100
AcDbVertex
100
AcDb3dPolylineVertex
 10
2479.3
 20
34.0
 30
1404.0
 70
32
  0
VERTEX
  5
AE7
330
17
100
AcDbEntity
  8
RBAR-T8-B
100
AcDbVertex
100
AcDb3dPolylineVertex
 10
2480.2
 20
34.0
 30
1401.0
 70
32
  0
VERTEX
  5
AE8
330
17
100
AcDbEntity
  8
RBAR-T8-B
100
AcDbVertex
100
AcDb3dPolylineVertex
 10
2480.5
 20
34.0
 30
1397.9
 70
32
  0
VERTEX
  5
AE9
330
17
100
AcDbEntity
  8
RBAR-T8-B
100
AcDbVertex
100
AcDb3dPolylineVertex
 10
2480.5
 20
34.0
 30
1022.2
 70
32
  0
SEQEND
  5
AD5
330
AD4
100
AcDbEntity
  8
RBAR-T8-B
  0
POLYLINE
  5
AEA
330
17
100
AcDbEntity
  8
RBAR-T8-B
100
AcDb3dPolyline
 66
1
 10
0.0
 20
0.0
 30
0.0
 70
8
  0
VERTEX
  5
AEC
330
17
100
AcDbEntity
  8
RBAR-T8-B
100
AcDbVertex
100
AcDb3dPolylineVertex
 10
2538.0
 20
34.0
 30
1022.2
 70
32
  0
VERTEX
  5
AED
330
17
100
AcDbEntity
  8
RBAR-T8-B
100
AcDbVertex
100
AcDb3dPolylineVertex
 10
2538.0
 20
34.0
 30
1397.9
 70
32
  0
VERTEX
  5
AEE
330
17
100
AcDbEntity
  8
RBAR-T8-B
100
AcDbVertex
100
AcDb3dPolylineVertex
 10
2538.3
 20
34.0
 30
1401.0
 70
32
  0
VERTEX
  5
AEF
330
17
100
AcDbEntity
  8
RBAR-T8-B
100
AcDbVertex
100
AcDb3dPolylineVertex
 10
2539.2
 20
34.0
 30
1404.0
 70
32
  0
VERTEX
  5
AF0
330
17
100
AcDbEntity
  8
RBAR-T8-B
100
AcDbVertex
100
AcDb3dPolylineVertex
 10
2540.7
 20
34.0
 30
1406.7
 70
32
  0
VERTEX
  5
AF1
330
17
100
AcDbEntity
  8
RBAR-T8-B
100
AcDbVertex
100
AcDb3dPolylineVertex
 10
2542.6
 20
34.0
 30
1409.1
 70
32
  0
VERTEX
  5
AF2
330
17
100
AcDbEntity
  8
RBAR-T8-B
100
AcDbVertex
100
AcDb3dPolylineVertex
 10
2545.0
 20
34.0
 30
1411.1
 70
32
  0
VERTEX
  5
AF3
330
17
100
AcDbEntity
  8
RBAR-T8-B
100
AcDbVertex
100
AcDb3dPolylineVertex
 10
2547.8
 20
34.0
 30
1412.5
 70
32
  0
VERTEX
  5
AF4
330
17
100
AcDbEntity
  8
RBAR-T8-B
100
AcDbVertex
100
AcDb3dPolylineVertex
 10
2550.7
 20
34.0
 30
1413.4
 70
32
  0
VERTEX
  5
AF5
330
17
100
AcDbEntity
  8
RBAR-T8-B
100
AcDbVertex
100
AcDb3dPolylineVertex
 10
2553.8
 20
34.0
 30
1413.7
 70
32
  0
VERTEX
  5
AF6
330
17
100
AcDbEntity
  8
RBAR-T8-B
100
AcDbVertex
100
AcDb3dPolylineVertex
 10
2652.7
 20
34.0
 30
1413.7
 70
32
  0
VERTEX
  5
AF7
330
17
100
AcDbEntity
  8
RBAR-T8-B
100
AcDbVertex
100
AcDb3dPolylineVertex
 10
2655.8
 20
34.0
 30
1413.4
 70
32
  0
VERTEX
  5
AF8
330
17
100
AcDbEntity
  8
RBAR-T8-B
100
AcDbVertex
100
AcDb3dPolylineVertex
 10
2658.8
 20
34.0
 30
1412.5
 70
32
  0
VERTEX
  5
AF9
330
17
100
AcDbEntity
  8
RBAR-T8-B
100
AcDbVertex
100
AcDb3dPolylineVertex
 10
2661.5
 20
34.0
 30
1411.1
 70
32
  0
VERTEX
  5
AFA
330
17
100
AcDbEntity
  8
RBAR-T8-B
100
AcDbVertex
100
AcDb3dPolylineVertex
 10
2663.9
 20
34.0
 30
1409.1
 70
32
  0
VERTEX
  5
AFB
330
17
100
AcDbEntity
  8
RBAR-T8-B
100
AcDbVertex
100
AcDb3dPolylineVertex
 10
2665.9
 20
34.0
 30
1406.7
 70
32
  0
VERTEX
  5
AFC
330
17
100
AcDbEntity
  8
RBAR-T8-B
100
AcDbVertex
100
AcDb3dPolylineVertex
 10
2667.3
 20
34.0
 30
1404.0
 70
32
  0
VERTEX
  5
AFD
330
17
100
AcDbEntity
  8
RBAR-T8-B
100
AcDbVertex
100
AcDb3dPolylineVertex
 10
2668.2
 20
34.0
 30
1401.0
 70
32
  0
VERTEX
  5
AFE
330
17
100
AcDbEntity
  8
RBAR-T8-B
100
AcDbVertex
100
AcDb3dPolylineVertex
 10
2668.5
 20
34.0
 30
1397.9
 70
32
  0
VERTEX
  5
AFF
330
17
100
AcDbEntity
  8
RBAR-T8-B
100
AcDbVertex
100
AcDb3dPolylineVertex
 10
2668.5
 20
34.0
 30
1022.2
 70
32
  0
SEQEND
  5
AEB
330
AEA
100
AcDbEntity
  8
RBAR-T8-B
  0
POLYLINE
  5
B00
330
17
100
AcDbEntity
  8
RBAR-T8-B
100
AcDb3dPolyline
 66
1
 10
0.0
 20
0.0
 30
0.0
 70
8
  0
VERTEX
  5
B02
330
17
100
AcDbEntity
  8
RBAR-T8-B
100
AcDbVertex
100
AcDb3dPolylineVertex
 10
2726.0
 20
34.0
 30
1022.2
 70
32
  0
VERTEX
  5
B03
330
17
100
AcDbEntity
  8
RBAR-T8-B
100
AcDbVertex
100
AcDb3dPolylineVertex
 10
2726.0
 20
34.0
 30
1397.9
 70
32
  0
VERTEX
  5
B04
330
17
100
AcDbEntity
  8
RBAR-T8-B
100
AcDbVertex
100
AcDb3dPolylineVertex
 10
2726.3
 20
34.0
 30
1401.0
 70
32
  0
VERTEX
  5
B05
330
17
100
AcDbEntity
  8
RBAR-T8-B
100
AcDbVertex
100
AcDb3dPolylineVertex
 10
2727.2
 20
34.0
 30
1404.0
 70
32
  0
VERTEX
  5
B06
330
17
100
AcDbEntity
  8
RBAR-T8-B
100
AcDbVertex
100
AcDb3dPolylineVertex
 10
2728.7
 20
34.0
 30
1406.7
 70
32
  0
VERTEX
  5
B07
330
17
100
AcDbEntity
  8
RBAR-T8-B
100
AcDbVertex
100
AcDb3dPolylineVertex
 10
2730.6
 20
34.0
 30
1409.1
 70
32
  0
VERTEX
  5
B08
330
17
100
AcDbEntity
  8
RBAR-T8-B
100
AcDbVertex
100
AcDb3dPolylineVertex
 10
2733.0
 20
34.0
 30
1411.1
 70
32
  0
VERTEX
  5
B09
330
17
100
AcDbEntity
  8
RBAR-T8-B
100
AcDbVertex
100
AcDb3dPolylineVertex
 10
2735.8
 20
34.0
 30
1412.5
 70
32
  0
VERTEX
  5
B0A
330
17
100
AcDbEntity
  8
RBAR-T8-B
100
AcDbVertex
100
AcDb3dPolylineVertex
 10
2738.7
 20
34.0
 30
1413.4
 70
32
  0
VERTEX
  5
B0B
330
17
100
AcDbEntity
  8
RBAR-T8-B
100
AcDbVertex
100
AcDb3dPolylineVertex
 10
2741.8
 20
34.0
 30
1413.7
 70
32
  0
VERTEX
  5
B0C
330
17
100
AcDbEntity
  8
RBAR-T8-B
100
AcDbVertex
100
AcDb3dPolylineVertex
 10
2840.7
 20
34.0
 30
1413.7
 70
32
  0
VERTEX
  5
B0D
330
17
100
AcDbEntity
  8
RBAR-T8-B
100
AcDbVertex
100
AcDb3dPolylineVertex
 10
2843.8
 20
34.0
 30
1413.4
 70
32
  0
VERTEX
  5
B0E
330
17
100
AcDbEntity
  8
RBAR-T8-B
100
AcDbVertex
100
AcDb3dPolylineVertex
 10
2846.8
 20
34.0
 30
1412.5
 70
32
  0
VERTEX
  5
B0F
330
17
100
AcDbEntity
  8
RBAR-T8-B
100
AcDbVertex
100
AcDb3dPolylineVertex
 10
2849.5
 20
34.0
 30
1411.1
 70
32
  0
VERTEX
  5
B10
330
17
100
AcDbEntity
  8
RBAR-T8-B
100
AcDbVertex
100
AcDb3dPolylineVertex
 10
2851.9
 20
34.0
 30
1409.1
 70
32
  0
VERTEX
  5
B11
330
17
100
AcDbEntity
  8
RBAR-T8-B
100
AcDbVertex
100
AcDb3dPolylineVertex
 10
2853.9
 20
34.0
 30
1406.7
 70
32
  0
VERTEX
  5
B12
330
17
100
AcDbEntity
  8
RBAR-T8-B
100
AcDbVertex
100
AcDb3dPolylineVertex
 10
2855.3
 20
34.0
 30
1404.0
 70
32
  0
VERTEX
  5
B13
330
17
100
AcDbEntity
  8
RBAR-T8-B
100
AcDbVertex
100
AcDb3dPolylineVertex
 10
2856.2
 20
34.0
 30
1401.0
 70
32
  0
VERTEX
  5
B14
330
17
100
AcDbEntity
  8
RBAR-T8-B
100
AcDbVertex
100
AcDb3dPolylineVertex
 10
2856.5
 20
34.0
 30
1397.9
 70
32
  0
VERTEX
  5
B15
330
17
100
AcDbEntity
  8
RBAR-T8-B
100
AcDbVertex
100
AcDb3dPolylineVertex
 10
2856.5
 20
34.0
 30
1022.2
 70
32
  0
SEQEND
  5
B01
330
B00
100
AcDbEntity
  8
RBAR-T8-B
  0
POLYLINE
  5
B16
330
17
100
AcDbEntity
  8
RBAR-T8-B
100
AcDb3dPolyline
 66
1
 10
0.0
 20
0.0
 30
0.0
 70
8
  0
VERTEX
  5
B18
330
17
100
AcDbEntity
  8
RBAR-T8-B
100
AcDbVertex
100
AcDb3dPolylineVertex
 10
2914.0
 20
34.0
 30
1022.2
 70
32
  0
VERTEX
  5
B19
330
17
100
AcDbEntity
  8
RBAR-T8-B
100
AcDbVertex
100
AcDb3dPolylineVertex
 10
2914.0
 20
34.0
 30
1397.9
 70
32
  0
VERTEX
  5
B1A
330
17
100
AcDbEntity
  8
RBAR-T8-B
100
AcDbVertex
100
AcDb3dPolylineVertex
 10
2914.3
 20
34.0
 30
1401.0
 70
32
  0
VERTEX
  5
B1B
330
17
100
AcDbEntity
  8
RBAR-T8-B
100
AcDbVertex
100
AcDb3dPolylineVertex
 10
2915.2
 20
34.0
 30
1404.0
 70
32
  0
VERTEX
  5
B1C
330
17
100
AcDbEntity
  8
RBAR-T8-B
100
AcDbVertex
100
AcDb3dPolylineVertex
 10
2916.7
 20
34.0
 30
1406.7
 70
32
  0
VERTEX
  5
B1D
330
17
100
AcDbEntity
  8
RBAR-T8-B
100
AcDbVertex
100
AcDb3dPolylineVertex
 10
2918.6
 20
34.0
 30
1409.1
 70
32
  0
VERTEX
  5
B1E
330
17
100
AcDbEntity
  8
RBAR-T8-B
100
AcDbVertex
100
AcDb3dPolylineVertex
 10
2921.0
 20
34.0
 30
1411.1
 70
32
  0
VERTEX
  5
B1F
330
17
100
AcDbEntity
  8
RBAR-T8-B
100
AcDbVertex
100
AcDb3dPolylineVertex
 10
2923.8
 20
34.0
 30
1412.5
 70
32
  0
VERTEX
  5
B20
330
17
100
AcDbEntity
  8
RBAR-T8-B
100
AcDbVertex
100
AcDb3dPolylineVertex
 10
2926.7
 20
34.0
 30
1413.4
 70
32
  0
VERTEX
  5
B21
330
17
100
AcDbEntity
  8
RBAR-T8-B
100
AcDbVertex
100
AcDb3dPolylineVertex
 10
2929.8
 20
34.0
 30
1413.7
 70
32
  0
VERTEX
  5
B22
330
17
100
AcDbEntity
  8
RBAR-T8-B
100
AcDbVertex
100
AcDb3dPolylineVertex
 10
3028.7
 20
34.0
 30
1413.7
 70
32
  0
VERTEX
  5
B23
330
17
100
AcDbEntity
  8
RBAR-T8-B
100
AcDbVertex
100
AcDb3dPolylineVertex
 10
3031.8
 20
34.0
 30
1413.4
 70
32
  0
VERTEX
  5
B24
330
17
100
AcDbEntity
  8
RBAR-T8-B
100
AcDbVertex
100
AcDb3dPolylineVertex
 10
3034.8
 20
34.0
 30
1412.5
 70
32
  0
VERTEX
  5
B25
330
17
100
AcDbEntity
  8
RBAR-T8-B
100
AcDbVertex
100
AcDb3dPolylineVertex
 10
3037.5
 20
34.0
 30
1411.1
 70
32
  0
VERTEX
  5
B26
330
17
100
AcDbEntity
  8
RBAR-T8-B
100
AcDbVertex
100
AcDb3dPolylineVertex
 10
3039.9
 20
34.0
 30
1409.1
 70
32
  0
VERTEX
  5
B27
330
17
100
AcDbEntity
  8
RBAR-T8-B
100
AcDbVertex
100
AcDb3dPolylineVertex
 10
3041.9
 20
34.0
 30
1406.7
 70
32
  0
VERTEX
  5
B28
330
17
100
AcDbEntity
  8
RBAR-T8-B
100
AcDbVertex
100
AcDb3dPolylineVertex
 10
3043.3
 20
34.0
 30
1404.0
 70
32
  0
VERTEX
  5
B29
330
17
100
AcDbEntity
  8
RBAR-T8-B
100
AcDbVertex
100
AcDb3dPolylineVertex
 10
3044.2
 20
34.0
 30
1401.0
 70
32
  0
VERTEX
  5
B2A
330
17
100
AcDbEntity
  8
RBAR-T8-B
100
AcDbVertex
100
AcDb3dPolylineVertex
 10
3044.5
 20
34.0
 30
1397.9
 70
32
  0
VERTEX
  5
B2B
330
17
100
AcDbEntity
  8
RBAR-T8-B
100
AcDbVertex
100
AcDb3dPolylineVertex
 10
3044.5
 20
34.0
 30
1022.2
 70
32
  0
SEQEND
  5
B17
330
B16
100
AcDbEntity
  8
RBAR-T8-B
  0
POLYLINE
  5
B2C
330
17
100
AcDbEntity
  8
RBAR-T8-B
100
AcDb3dPolyline
 66
1
 10
0.0
 20
0.0
 30
0.0
 70
8
  0
VERTEX
  5
B2E
330
17
100
AcDbEntity
  8
RBAR-T8-B
100
AcDbVertex
100
AcDb3dPolylineVertex
 10
3102.0
 20
34.0
 30
1022.2
 70
32
  0
VERTEX
  5
B2F
330
17
100
AcDbEntity
  8
RBAR-T8-B
100
AcDbVertex
100
AcDb3dPolylineVertex
 10
3102.0
 20
34.0
 30
1397.9
 70
32
  0
VERTEX
  5
B30
330
17
100
AcDbEntity
  8
RBAR-T8-B
100
AcDbVertex
100
AcDb3dPolylineVertex
 10
3102.3
 20
34.0
 30
1401.0
 70
32
  0
VERTEX
  5
B31
330
17
100
AcDbEntity
  8
RBAR-T8-B
100
AcDbVertex
100
AcDb3dPolylineVertex
 10
3103.2
 20
34.0
 30
1404.0
 70
32
  0
VERTEX
  5
B32
330
17
100
AcDbEntity
  8
RBAR-T8-B
100
AcDbVertex
100
AcDb3dPolylineVertex
 10
3104.7
 20
34.0
 30
1406.7
 70
32
  0
VERTEX
  5
B33
330
17
100
AcDbEntity
  8
RBAR-T8-B
100
AcDbVertex
100
AcDb3dPolylineVertex
 10
3106.6
 20
34.0
 30
1409.1
 70
32
  0
VERTEX
  5
B34
330
17
100
AcDbEntity
  8
RBAR-T8-B
100
AcDbVertex
100
AcDb3dPolylineVertex
 10
3109.0
 20
34.0
 30
1411.1
 70
32
  0
VERTEX
  5
B35
330
17
100
AcDbEntity
  8
RBAR-T8-B
100
AcDbVertex
100
AcDb3dPolylineVertex
 10
3111.8
 20
34.0
 30
1412.5
 70
32
  0
VERTEX
  5
B36
330
17
100
AcDbEntity
  8
RBAR-T8-B
100
AcDbVertex
100
AcDb3dPolylineVertex
 10
3114.7
 20
34.0
 30
1413.4
 70
32
  0
VERTEX
  5
B37
330
17
100
AcDbEntity
  8
RBAR-T8-B
100
AcDbVertex
100
AcDb3dPolylineVertex
 10
3117.8
 20
34.0
 30
1413.7
 70
32
  0
VERTEX
  5
B38
330
17
100
AcDbEntity
  8
RBAR-T8-B
100
AcDbVertex
100
AcDb3dPolylineVertex
 10
3216.7
 20
34.0
 30
1413.7
 70
32
  0
VERTEX
  5
B39
330
17
100
AcDbEntity
  8
RBAR-T8-B
100
AcDbVertex
100
AcDb3dPolylineVertex
 10
3219.8
 20
34.0
 30
1413.4
 70
32
  0
VERTEX
  5
B3A
330
17
100
AcDbEntity
  8
RBAR-T8-B
100
AcDbVertex
100
AcDb3dPolylineVertex
 10
3222.8
 20
34.0
 30
1412.5
 70
32
  0
VERTEX
  5
B3B
330
17
100
AcDbEntity
  8
RBAR-T8-B
100
AcDbVertex
100
AcDb3dPolylineVertex
 10
3225.5
 20
34.0
 30
1411.1
 70
32
  0
VERTEX
  5
B3C
330
17
100
AcDbEntity
  8
RBAR-T8-B
100
AcDbVertex
100
AcDb3dPolylineVertex
 10
3227.9
 20
34.0
 30
1409.1
 70
32
  0
VERTEX
  5
B3D
330
17
100
AcDbEntity
  8
RBAR-T8-B
100
AcDbVertex
100
AcDb3dPolylineVertex
 10
3229.9
 20
34.0
 30
1406.7
 70
32
  0
VERTEX
  5
B3E
330
17
100
AcDbEntity
  8
RBAR-T8-B
100
AcDbVertex
100
AcDb3dPolylineVertex
 10
3231.3
 20
34.0
 30
1404.0
 70
32
  0
VERTEX
  5
B3F
330
17
100
AcDbEntity
  8
RBAR-T8-B
100
AcDbVertex
100
AcDb3dPolylineVertex
 10
3232.2
 20
34.0
 30
1401.0
 70
32
  0
VERTEX
  5
B40
330
17
100
AcDbEntity
  8
RBAR-T8-B
100
AcDbVertex
100
AcDb3dPolylineVertex
 10
3232.5
 20
34.0
 30
1397.9
 70
32
  0
VERTEX
  5
B41
330
17
100
AcDbEntity
  8
RBAR-T8-B
100
AcDbVertex
100
AcDb3dPolylineVertex
 10
3232.5
 20
34.0
 30
1022.2
 70
32
  0
SEQEND
  5
B2D
330
B2C
100
AcDbEntity
  8
RBAR-T8-B
  0
POLYLINE
  5
B42
330
17
100
AcDbEntity
  8
RBAR-T8-B
100
AcDb3dPolyline
 66
1
 10
0.0
 20
0.0
 30
0.0
 70
8
  0
VERTEX
  5
B44
330
17
100
AcDbEntity
  8
RBAR-T8-B
100
AcDbVertex
100
AcDb3dPolylineVertex
 10
3290.0
 20
34.0
 30
1022.2
 70
32
  0
VERTEX
  5
B45
330
17
100
AcDbEntity
  8
RBAR-T8-B
100
AcDbVertex
100
AcDb3dPolylineVertex
 10
3290.0
 20
34.0
 30
1397.9
 70
32
  0
VERTEX
  5
B46
330
17
100
AcDbEntity
  8
RBAR-T8-B
100
AcDbVertex
100
AcDb3dPolylineVertex
 10
3290.3
 20
34.0
 30
1401.0
 70
32
  0
VERTEX
  5
B47
330
17
100
AcDbEntity
  8
RBAR-T8-B
100
AcDbVertex
100
AcDb3dPolylineVertex
 10
3291.2
 20
34.0
 30
1404.0
 70
32
  0
VERTEX
  5
B48
330
17
100
AcDbEntity
  8
RBAR-T8-B
100
AcDbVertex
100
AcDb3dPolylineVertex
 10
3292.7
 20
34.0
 30
1406.7
 70
32
  0
VERTEX
  5
B49
330
17
100
AcDbEntity
  8
RBAR-T8-B
100
AcDbVertex
100
AcDb3dPolylineVertex
 10
3294.6
 20
34.0
 30
1409.1
 70
32
  0
VERTEX
  5
B4A
330
17
100
AcDbEntity
  8
RBAR-T8-B
100
AcDbVertex
100
AcDb3dPolylineVertex
 10
3297.0
 20
34.0
 30
1411.1
 70
32
  0
VERTEX
  5
B4B
330
17
100
AcDbEntity
  8
RBAR-T8-B
100
AcDbVertex
100
AcDb3dPolylineVertex
 10
3299.8
 20
34.0
 30
1412.5
 70
32
  0
VERTEX
  5
B4C
330
17
100
AcDbEntity
  8
RBAR-T8-B
100
AcDbVertex
100
AcDb3dPolylineVertex
 10
3302.7
 20
34.0
 30
1413.4
 70
32
  0
VERTEX
  5
B4D
330
17
100
AcDbEntity
  8
RBAR-T8-B
100
AcDbVertex
100
AcDb3dPolylineVertex
 10
3305.8
 20
34.0
 30
1413.7
 70
32
  0
VERTEX
  5
B4E
330
17
100
AcDbEntity
  8
RBAR-T8-B
100
AcDbVertex
100
AcDb3dPolylineVertex
 10
3404.7
 20
34.0
 30
1413.7
 70
32
  0
VERTEX
  5
B4F
330
17
100
AcDbEntity
  8
RBAR-T8-B
100
AcDbVertex
100
AcDb3dPolylineVertex
 10
3407.8
 20
34.0
 30
1413.4
 70
32
  0
VERTEX
  5
B50
330
17
100
AcDbEntity
  8
RBAR-T8-B
100
AcDbVertex
100
AcDb3dPolylineVertex
 10
3410.8
 20
34.0
 30
1412.5
 70
32
  0
VERTEX
  5
B51
330
17
100
AcDbEntity
  8
RBAR-T8-B
100
AcDbVertex
100
AcDb3dPolylineVertex
 10
3413.5
 20
34.0
 30
1411.1
 70
32
  0
VERTEX
  5
B52
330
17
100
AcDbEntity
  8
RBAR-T8-B
100
AcDbVertex
100
AcDb3dPolylineVertex
 10
3415.9
 20
34.0
 30
1409.1
 70
32
  0
VERTEX
  5
B53
330
17
100
AcDbEntity
  8
RBAR-T8-B
100
AcDbVertex
100
AcDb3dPolylineVertex
 10
3417.9
 20
34.0
 30
1406.7
 70
32
  0
VERTEX
  5
B54
330
17
100
AcDbEntity
  8
RBAR-T8-B
100
AcDbVertex
100
AcDb3dPolylineVertex
 10
3419.3
 20
34.0
 30
1404.0
 70
32
  0
VERTEX
  5
B55
330
17
100
AcDbEntity
  8
RBAR-T8-B
100
AcDbVertex
100
AcDb3dPolylineVertex
 10
3420.2
 20
34.0
 30
1401.0
 70
32
  0
VERTEX
  5
B56
330
17
100
AcDbEntity
  8
RBAR-T8-B
100
AcDbVertex
100
AcDb3dPolylineVertex
 10
3420.5
 20
34.0
 30
1397.9
 70
32
  0
VERTEX
  5
B57
330
17
100
AcDbEntity
  8
RBAR-T8-B
100
AcDbVertex
100
AcDb3dPolylineVertex
 10
3420.5
 20
34.0
 30
1022.2
 70
32
  0
SEQEND
  5
B43
330
B42
100
AcDbEntity
  8
RBAR-T8-B
  0
POLYLINE
  5
B58
330
17
100
AcDbEntity
  8
RBAR-T8-B
100
AcDb3dPolyline
 66
1
 10
0.0
 20
0.0
 30
0.0
 70
8
  0
VERTEX
  5
B5A
330
17
100
AcDbEntity
  8
RBAR-T8-B
100
AcDbVertex
100
AcDb3dPolylineVertex
 10
3478.0
 20
34.0
 30
1022.2
 70
32
  0
VERTEX
  5
B5B
330
17
100
AcDbEntity
  8
RBAR-T8-B
100
AcDbVertex
100
AcDb3dPolylineVertex
 10
3478.0
 20
34.0
 30
1397.9
 70
32
  0
VERTEX
  5
B5C
330
17
100
AcDbEntity
  8
RBAR-T8-B
100
AcDbVertex
100
AcDb3dPolylineVertex
 10
3478.3
 20
34.0
 30
1401.0
 70
32
  0
VERTEX
  5
B5D
330
17
100
AcDbEntity
  8
RBAR-T8-B
100
AcDbVertex
100
AcDb3dPolylineVertex
 10
3479.2
 20
34.0
 30
1404.0
 70
32
  0
VERTEX
  5
B5E
330
17
100
AcDbEntity
  8
RBAR-T8-B
100
AcDbVertex
100
AcDb3dPolylineVertex
 10
3480.7
 20
34.0
 30
1406.7
 70
32
  0
VERTEX
  5
B5F
330
17
100
AcDbEntity
  8
RBAR-T8-B
100
AcDbVertex
100
AcDb3dPolylineVertex
 10
3482.6
 20
34.0
 30
1409.1
 70
32
  0
VERTEX
  5
B60
330
17
100
AcDbEntity
  8
RBAR-T8-B
100
AcDbVertex
100
AcDb3dPolylineVertex
 10
3485.0
 20
34.0
 30
1411.1
 70
32
  0
VERTEX
  5
B61
330
17
100
AcDbEntity
  8
RBAR-T8-B
100
AcDbVertex
100
AcDb3dPolylineVertex
 10
3487.8
 20
34.0
 30
1412.5
 70
32
  0
VERTEX
  5
B62
330
17
100
AcDbEntity
  8
RBAR-T8-B
100
AcDbVertex
100
AcDb3dPolylineVertex
 10
3490.7
 20
34.0
 30
1413.4
 70
32
  0
VERTEX
  5
B63
330
17
100
AcDbEntity
  8
RBAR-T8-B
100
AcDbVertex
100
AcDb3dPolylineVertex
 10
3493.8
 20
34.0
 30
1413.7
 70
32
  0
VERTEX
  5
B64
330
17
100
AcDbEntity
  8
RBAR-T8-B
100
AcDbVertex
100
AcDb3dPolylineVertex
 10
3592.7
 20
34.0
 30
1413.7
 70
32
  0
VERTEX
  5
B65
330
17
100
AcDbEntity
  8
RBAR-T8-B
100
AcDbVertex
100
AcDb3dPolylineVertex
 10
3595.8
 20
34.0
 30
1413.4
 70
32
  0
VERTEX
  5
B66
330
17
100
AcDbEntity
  8
RBAR-T8-B
100
AcDbVertex
100
AcDb3dPolylineVertex
 10
3598.8
 20
34.0
 30
1412.5
 70
32
  0
VERTEX
  5
B67
330
17
100
AcDbEntity
  8
RBAR-T8-B
100
AcDbVertex
100
AcDb3dPolylineVertex
 10
3601.5
 20
34.0
 30
1411.1
 70
32
  0
VERTEX
  5
B68
330
17
100
AcDbEntity
  8
RBAR-T8-B
100
AcDbVertex
100
AcDb3dPolylineVertex
 10
3603.9
 20
34.0
 30
1409.1
 70
32
  0
VERTEX
  5
B69
330
17
100
AcDbEntity
  8
RBAR-T8-B
100
AcDbVertex
100
AcDb3dPolylineVertex
 10
3605.9
 20
34.0
 30
1406.7
 70
32
  0
VERTEX
  5
B6A
330
17
100
AcDbEntity
  8
RBAR-T8-B
100
AcDbVertex
100
AcDb3dPolylineVertex
 10
3607.3
 20
34.0
 30
1404.0
 70
32
  0
VERTEX
  5
B6B
330
17
100
AcDbEntity
  8
RBAR-T8-B
100
AcDbVertex
100
AcDb3dPolylineVertex
 10
3608.2
 20
34.0
 30
1401.0
 70
32
  0
VERTEX
  5
B6C
330
17
100
AcDbEntity
  8
RBAR-T8-B
100
AcDbVertex
100
AcDb3dPolylineVertex
 10
3608.5
 20
34.0
 30
1397.9
 70
32
  0
VERTEX
  5
B6D
330
17
100
AcDbEntity
  8
RBAR-T8-B
100
AcDbVertex
100
AcDb3dPolylineVertex
 10
3608.5
 20
34.0
 30
1022.2
 70
32
  0
SEQEND
  5
B59
330
B58
100
AcDbEntity
  8
RBAR-T8-B
  0
POLYLINE
  5
B6E
330
17
100
AcDbEntity
  8
RBAR-T8-B
100
AcDb3dPolyline
 66
1
 10
0.0
 20
0.0
 30
0.0
 70
8
  0
VERTEX
  5
B70
330
17
100
AcDbEntity
  8
RBAR-T8-B
100
AcDbVertex
100
AcDb3dPolylineVertex
 10
3629.5
 20
34.0
 30
1022.2
 70
32
  0
VERTEX
  5
B71
330
17
100
AcDbEntity
  8
RBAR-T8-B
100
AcDbVertex
100
AcDb3dPolylineVertex
 10
3629.5
 20
34.0
 30
1397.9
 70
32
  0
VERTEX
  5
B72
330
17
100
AcDbEntity
  8
RBAR-T8-B
100
AcDbVertex
100
AcDb3dPolylineVertex
 10
3629.8
 20
34.0
 30
1401.0
 70
32
  0
VERTEX
  5
B73
330
17
100
AcDbEntity
  8
RBAR-T8-B
100
AcDbVertex
100
AcDb3dPolylineVertex
 10
3630.7
 20
34.0
 30
1404.0
 70
32
  0
VERTEX
  5
B74
330
17
100
AcDbEntity
  8
RBAR-T8-B
100
AcDbVertex
100
AcDb3dPolylineVertex
 10
3632.1
 20
34.0
 30
1406.7
 70
32
  0
VERTEX
  5
B75
330
17
100
AcDbEntity
  8
RBAR-T8-B
100
AcDbVertex
100
AcDb3dPolylineVertex
 10
3634.1
 20
34.0
 30
1409.1
 70
32
  0
VERTEX
  5
B76
330
17
100
AcDbEntity
  8
RBAR-T8-B
100
AcDbVertex
100
AcDb3dPolylineVertex
 10
3636.5
 20
34.0
 30
1411.1
 70
32
  0
VERTEX
  5
B77
330
17
100
AcDbEntity
  8
RBAR-T8-B
100
AcDbVertex
100
AcDb3dPolylineVertex
 10
3639.2
 20
34.0
 30
1412.5
 70
32
  0
VERTEX
  5
B78
330
17
100
AcDbEntity
  8
RBAR-T8-B
100
AcDbVertex
100
AcDb3dPolylineVertex
 10
3642.2
 20
34.0
 30
1413.4
 70
32
  0
VERTEX
  5
B79
330
17
100
AcDbEntity
  8
RBAR-T8-B
100
AcDbVertex
100
AcDb3dPolylineVertex
 10
3645.3
 20
34.0
 30
1413.7
 70
32
  0
VERTEX
  5
B7A
330
17
100
AcDbEntity
  8
RBAR-T8-B
100
AcDbVertex
100
AcDb3dPolylineVertex
 10
3744.2
 20
34.0
 30
1413.7
 70
32
  0
VERTEX
  5
B7B
330
17
100
AcDbEntity
  8
RBAR-T8-B
100
AcDbVertex
100
AcDb3dPolylineVertex
 10
3747.3
 20
34.0
 30
1413.4
 70
32
  0
VERTEX
  5
B7C
330
17
100
AcDbEntity
  8
RBAR-T8-B
100
AcDbVertex
100
AcDb3dPolylineVertex
 10
3750.2
 20
34.0
 30
1412.5
 70
32
  0
VERTEX
  5
B7D
330
17
100
AcDbEntity
  8
RBAR-T8-B
100
AcDbVertex
100
AcDb3dPolylineVertex
 10
3753.0
 20
34.0
 30
1411.1
 70
32
  0
VERTEX
  5
B7E
330
17
100
AcDbEntity
  8
RBAR-T8-B
100
AcDbVertex
100
AcDb3dPolylineVertex
 10
3755.4
 20
34.0
 30
1409.1
 70
32
  0
VERTEX
  5
B7F
330
17
100
AcDbEntity
  8
RBAR-T8-B
100
AcDbVertex
100
AcDb3dPolylineVertex
 10
3757.3
 20
34.0
 30
1406.7
 70
32
  0
VERTEX
  5
B80
330
17
100
AcDbEntity
  8
RBAR-T8-B
100
AcDbVertex
100
AcDb3dPolylineVertex
 10
3758.8
 20
34.0
 30
1404.0
 70
32
  0
VERTEX
  5
B81
330
17
100
AcDbEntity
  8
RBAR-T8-B
100
AcDbVertex
100
AcDb3dPolylineVertex
 10
3759.7
 20
34.0
 30
1401.0
 70
32
  0
VERTEX
  5
B82
330
17
100
AcDbEntity
  8
RBAR-T8-B
100
AcDbVertex
100
AcDb3dPolylineVertex
 10
3760.0
 20
34.0
 30
1397.9
 70
32
  0
VERTEX
  5
B83
330
17
100
AcDbEntity
  8
RBAR-T8-B
100
AcDbVertex
100
AcDb3dPolylineVertex
 10
3760.0
 20
34.0
 30
1022.2
 70
32
  0
SEQEND
  5
B6F
330
B6E
100
AcDbEntity
  8
RBAR-T8-B
  0
POLYLINE
  5
B84
330
17
100
AcDbEntity
  8
RBAR-T8-B
100
AcDb3dPolyline
 66
1
 10
0.0
 20
0.0
 30
0.0
 70
8
  0
VERTEX
  5
B86
330
17
100
AcDbEntity
  8
RBAR-T8-B
100
AcDbVertex
100
AcDb3dPolylineVertex
 10
94.0
 20
34.0
 30
1516.3
 70
32
  0
VERTEX
  5
B87
330
17
100
AcDbEntity
  8
RBAR-T8-B
100
AcDbVertex
100
AcDb3dPolylineVertex
 10
94.0
 20
34.0
 30
1892.0
 70
32
  0
VERTEX
  5
B88
330
17
100
AcDbEntity
  8
RBAR-T8-B
100
AcDbVertex
100
AcDb3dPolylineVertex
 10
94.3
 20
34.0
 30
1895.1
 70
32
  0
VERTEX
  5
B89
330
17
100
AcDbEntity
  8
RBAR-T8-B
100
AcDbVertex
100
AcDb3dPolylineVertex
 10
95.2
 20
34.0
 30
1898.1
 70
32
  0
VERTEX
  5
B8A
330
17
100
AcDbEntity
  8
RBAR-T8-B
100
AcDbVertex
100
AcDb3dPolylineVertex
 10
96.7
 20
34.0
 30
1900.8
 70
32
  0
VERTEX
  5
B8B
330
17
100
AcDbEntity
  8
RBAR-T8-B
100
AcDbVertex
100
AcDb3dPolylineVertex
 10
98.6
 20
34.0
 30
1903.2
 70
32
  0
VERTEX
  5
B8C
330
17
100
AcDbEntity
  8
RBAR-T8-B
100
AcDbVertex
100
AcDb3dPolylineVertex
 10
101.0
 20
34.0
 30
1905.2
 70
32
  0
VERTEX
  5
B8D
330
17
100
AcDbEntity
  8
RBAR-T8-B
100
AcDbVertex
100
AcDb3dPolylineVertex
 10
103.8
 20
34.0
 30
1906.6
 70
32
  0
VERTEX
  5
B8E
330
17
100
AcDbEntity
  8
RBAR-T8-B
100
AcDbVertex
100
AcDb3dPolylineVertex
 10
106.7
 20
34.0
 30
1907.5
 70
32
  0
VERTEX
  5
B8F
330
17
100
AcDbEntity
  8
RBAR-T8-B
100
AcDbVertex
100
AcDb3dPolylineVertex
 10
109.8
 20
34.0
 30
1907.8
 70
32
  0
VERTEX
  5
B90
330
17
100
AcDbEntity
  8
RBAR-T8-B
100
AcDbVertex
100
AcDb3dPolylineVertex
 10
208.7
 20
34.0
 30
1907.8
 70
32
  0
VERTEX
  5
B91
330
17
100
AcDbEntity
  8
RBAR-T8-B
100
AcDbVertex
100
AcDb3dPolylineVertex
 10
211.8
 20
34.0
 30
1907.5
 70
32
  0
VERTEX
  5
B92
330
17
100
AcDbEntity
  8
RBAR-T8-B
100
AcDbVertex
100
AcDb3dPolylineVertex
 10
214.8
 20
34.0
 30
1906.6
 70
32
  0
VERTEX
  5
B93
330
17
100
AcDbEntity
  8
RBAR-T8-B
100
AcDbVertex
100
AcDb3dPolylineVertex
 10
217.5
 20
34.0
 30
1905.2
 70
32
  0
VERTEX
  5
B94
330
17
100
AcDbEntity
  8
RBAR-T8-B
100
AcDbVertex
100
AcDb3dPolylineVertex
 10
219.9
 20
34.0
 30
1903.2
 70
32
  0
VERTEX
  5
B95
330
17
100
AcDbEntity
  8
RBAR-T8-B
100
AcDbVertex
100
AcDb3dPolylineVertex
 10
221.9
 20
34.0
 30
1900.8
 70
32
  0
VERTEX
  5
B96
330
17
100
AcDbEntity
  8
RBAR-T8-B
100
AcDbVertex
100
AcDb3dPolylineVertex
 10
223.3
 20
34.0
 30
1898.1
 70
32
  0
VERTEX
  5
B97
330
17
100
AcDbEntity
  8
RBAR-T8-B
100
AcDbVertex
100
AcDb3dPolylineVertex
 10
224.2
 20
34.0
 30
1895.1
 70
32
  0
VERTEX
  5
B98
330
17
100
AcDbEntity
  8
RBAR-T8-B
100
AcDbVertex
100
AcDb3dPolylineVertex
 10
224.5
 20
34.0
 30
1892.0
 70
32
  0
VERTEX
  5
B99
330
17
100
AcDbEntity
  8
RBAR-T8-B
100
AcDbVertex
100
AcDb3dPolylineVertex
 10
224.5
 20
34.0
 30
1516.3
 70
32
  0
SEQEND
  5
B85
330
B84
100
AcDbEntity
  8
RBAR-T8-B
  0
POLYLINE
  5
B9A
330
17
100
AcDbEntity
  8
RBAR-T8-B
100
AcDb3dPolyline
 66
1
 10
0.0
 20
0.0
 30
0.0
 70
8
  0
VERTEX
  5
B9C
330
17
100
AcDbEntity
  8
RBAR-T8-B
100
AcDbVertex
100
AcDb3dPolylineVertex
 10
282.0
 20
34.0
 30
1516.3
 70
32
  0
VERTEX
  5
B9D
330
17
100
AcDbEntity
  8
RBAR-T8-B
100
AcDbVertex
100
AcDb3dPolylineVertex
 10
282.0
 20
34.0
 30
1892.0
 70
32
  0
VERTEX
  5
B9E
330
17
100
AcDbEntity
  8
RBAR-T8-B
100
AcDbVertex
100
AcDb3dPolylineVertex
 10
282.3
 20
34.0
 30
1895.1
 70
32
  0
VERTEX
  5
B9F
330
17
100
AcDbEntity
  8
RBAR-T8-B
100
AcDbVertex
100
AcDb3dPolylineVertex
 10
283.2
 20
34.0
 30
1898.1
 70
32
  0
VERTEX
  5
BA0
330
17
100
AcDbEntity
  8
RBAR-T8-B
100
AcDbVertex
100
AcDb3dPolylineVertex
 10
284.7
 20
34.0
 30
1900.8
 70
32
  0
VERTEX
  5
BA1
330
17
100
AcDbEntity
  8
RBAR-T8-B
100
AcDbVertex
100
AcDb3dPolylineVertex
 10
286.6
 20
34.0
 30
1903.2
 70
32
  0
VERTEX
  5
BA2
330
17
100
AcDbEntity
  8
RBAR-T8-B
100
AcDbVertex
100
AcDb3dPolylineVertex
 10
289.0
 20
34.0
 30
1905.2
 70
32
  0
VERTEX
  5
BA3
330
17
100
AcDbEntity
  8
RBAR-T8-B
100
AcDbVertex
100
AcDb3dPolylineVertex
 10
291.8
 20
34.0
 30
1906.6
 70
32
  0
VERTEX
  5
BA4
330
17
100
AcDbEntity
  8
RBAR-T8-B
100
AcDbVertex
100
AcDb3dPolylineVertex
 10
294.7
 20
34.0
 30
1907.5
 70
32
  0
VERTEX
  5
BA5
330
17
100
AcDbEntity
  8
RBAR-T8-B
100
AcDbVertex
100
AcDb3dPolylineVertex
 10
297.8
 20
34.0
 30
1907.8
 70
32
  0
VERTEX
  5
BA6
330
17
100
AcDbEntity
  8
RBAR-T8-B
100
AcDbVertex
100
AcDb3dPolylineVertex
 10
396.7
 20
34.0
 30
1907.8
 70
32
  0
VERTEX
  5
BA7
330
17
100
AcDbEntity
  8
RBAR-T8-B
100
AcDbVertex
100
AcDb3dPolylineVertex
 10
399.8
 20
34.0
 30
1907.5
 70
32
  0
VERTEX
  5
BA8
330
17
100
AcDbEntity
  8
RBAR-T8-B
100
AcDbVertex
100
AcDb3dPolylineVertex
 10
402.8
 20
34.0
 30
1906.6
 70
32
  0
VERTEX
  5
BA9
330
17
100
AcDbEntity
  8
RBAR-T8-B
100
AcDbVertex
100
AcDb3dPolylineVertex
 10
405.5
 20
34.0
 30
1905.2
 70
32
  0
VERTEX
  5
BAA
330
17
100
AcDbEntity
  8
RBAR-T8-B
100
AcDbVertex
100
AcDb3dPolylineVertex
 10
407.9
 20
34.0
 30
1903.2
 70
32
  0
VERTEX
  5
BAB
330
17
100
AcDbEntity
  8
RBAR-T8-B
100
AcDbVertex
100
AcDb3dPolylineVertex
 10
409.9
 20
34.0
 30
1900.8
 70
32
  0
VERTEX
  5
BAC
330
17
100
AcDbEntity
  8
RBAR-T8-B
100
AcDbVertex
100
AcDb3dPolylineVertex
 10
411.3
 20
34.0
 30
1898.1
 70
32
  0
VERTEX
  5
BAD
330
17
100
AcDbEntity
  8
RBAR-T8-B
100
AcDbVertex
100
AcDb3dPolylineVertex
 10
412.2
 20
34.0
 30
1895.1
 70
32
  0
VERTEX
  5
BAE
330
17
100
AcDbEntity
  8
RBAR-T8-B
100
AcDbVertex
100
AcDb3dPolylineVertex
 10
412.5
 20
34.0
 30
1892.0
 70
32
  0
VERTEX
  5
BAF
330
17
100
AcDbEntity
  8
RBAR-T8-B
100
AcDbVertex
100
AcDb3dPolylineVertex
 10
412.5
 20
34.0
 30
1516.3
 70
32
  0
SEQEND
  5
B9B
330
B9A
100
AcDbEntity
  8
RBAR-T8-B
  0
POLYLINE
  5
BB0
330
17
100
AcDbEntity
  8
RBAR-T8-B
100
AcDb3dPolyline
 66
1
 10
0.0
 20
0.0
 30
0.0
 70
8
  0
VERTEX
  5
BB2
330
17
100
AcDbEntity
  8
RBAR-T8-B
100
AcDbVertex
100
AcDb3dPolylineVertex
 10
470.0
 20
34.0
 30
1516.3
 70
32
  0
VERTEX
  5
BB3
330
17
100
AcDbEntity
  8
RBAR-T8-B
100
AcDbVertex
100
AcDb3dPolylineVertex
 10
470.0
 20
34.0
 30
1892.0
 70
32
  0
VERTEX
  5
BB4
330
17
100
AcDbEntity
  8
RBAR-T8-B
100
AcDbVertex
100
AcDb3dPolylineVertex
 10
470.3
 20
34.0
 30
1895.1
 70
32
  0
VERTEX
  5
BB5
330
17
100
AcDbEntity
  8
RBAR-T8-B
100
AcDbVertex
100
AcDb3dPolylineVertex
 10
471.2
 20
34.0
 30
1898.1
 70
32
  0
VERTEX
  5
BB6
330
17
100
AcDbEntity
  8
RBAR-T8-B
100
AcDbVertex
100
AcDb3dPolylineVertex
 10
472.7
 20
34.0
 30
1900.8
 70
32
  0
VERTEX
  5
BB7
330
17
100
AcDbEntity
  8
RBAR-T8-B
100
AcDbVertex
100
AcDb3dPolylineVertex
 10
474.6
 20
34.0
 30
1903.2
 70
32
  0
VERTEX
  5
BB8
330
17
100
AcDbEntity
  8
RBAR-T8-B
100
AcDbVertex
100
AcDb3dPolylineVertex
 10
477.0
 20
34.0
 30
1905.2
 70
32
  0
VERTEX
  5
BB9
330
17
100
AcDbEntity
  8
RBAR-T8-B
100
AcDbVertex
100
AcDb3dPolylineVertex
 10
479.8
 20
34.0
 30
1906.6
 70
32
  0
VERTEX
  5
BBA
330
17
100
AcDbEntity
  8
RBAR-T8-B
100
AcDbVertex
100
AcDb3dPolylineVertex
 10
482.7
 20
34.0
 30
1907.5
 70
32
  0
VERTEX
  5
BBB
330
17
100
AcDbEntity
  8
RBAR-T8-B
100
AcDbVertex
100
AcDb3dPolylineVertex
 10
485.8
 20
34.0
 30
1907.8
 70
32
  0
VERTEX
  5
BBC
330
17
100
AcDbEntity
  8
RBAR-T8-B
100
AcDbVertex
100
AcDb3dPolylineVertex
 10
584.7
 20
34.0
 30
1907.8
 70
32
  0
VERTEX
  5
BBD
330
17
100
AcDbEntity
  8
RBAR-T8-B
100
AcDbVertex
100
AcDb3dPolylineVertex
 10
587.8
 20
34.0
 30
1907.5
 70
32
  0
VERTEX
  5
BBE
330
17
100
AcDbEntity
  8
RBAR-T8-B
100
AcDbVertex
100
AcDb3dPolylineVertex
 10
590.8
 20
34.0
 30
1906.6
 70
32
  0
VERTEX
  5
BBF
330
17
100
AcDbEntity
  8
RBAR-T8-B
100
AcDbVertex
100
AcDb3dPolylineVertex
 10
593.5
 20
34.0
 30
1905.2
 70
32
  0
VERTEX
  5
BC0
330
17
100
AcDbEntity
  8
RBAR-T8-B
100
AcDbVertex
100
AcDb3dPolylineVertex
 10
595.9
 20
34.0
 30
1903.2
 70
32
  0
VERTEX
  5
BC1
330
17
100
AcDbEntity
  8
RBAR-T8-B
100
AcDbVertex
100
AcDb3dPolylineVertex
 10
597.9
 20
34.0
 30
1900.8
 70
32
  0
VERTEX
  5
BC2
330
17
100
AcDbEntity
  8
RBAR-T8-B
100
AcDbVertex
100
AcDb3dPolylineVertex
 10
599.3
 20
34.0
 30
1898.1
 70
32
  0
VERTEX
  5
BC3
330
17
100
AcDbEntity
  8
RBAR-T8-B
100
AcDbVertex
100
AcDb3dPolylineVertex
 10
600.2
 20
34.0
 30
1895.1
 70
32
  0
VERTEX
  5
BC4
330
17
100
AcDbEntity
  8
RBAR-T8-B
100
AcDbVertex
100
AcDb3dPolylineVertex
 10
600.5
 20
34.0
 30
1892.0
 70
32
  0
VERTEX
  5
BC5
330
17
100
AcDbEntity
  8
RBAR-T8-B
100
AcDbVertex
100
AcDb3dPolylineVertex
 10
600.5
 20
34.0
 30
1516.3
 70
32
  0
SEQEND
  5
BB1
330
BB0
100
AcDbEntity
  8
RBAR-T8-B
  0
POLYLINE
  5
BC6
330
17
100
AcDbEntity
  8
RBAR-T8-B
100
AcDb3dPolyline
 66
1
 10
0.0
 20
0.0
 30
0.0
 70
8
  0
VERTEX
  5
BC8
330
17
100
AcDbEntity
  8
RBAR-T8-B
100
AcDbVertex
100
AcDb3dPolylineVertex
 10
658.0
 20
34.0
 30
1516.3
 70
32
  0
VERTEX
  5
BC9
330
17
100
AcDbEntity
  8
RBAR-T8-B
100
AcDbVertex
100
AcDb3dPolylineVertex
 10
658.0
 20
34.0
 30
1892.0
 70
32
  0
VERTEX
  5
BCA
330
17
100
AcDbEntity
  8
RBAR-T8-B
100
AcDbVertex
100
AcDb3dPolylineVertex
 10
658.3
 20
34.0
 30
1895.1
 70
32
  0
VERTEX
  5
BCB
330
17
100
AcDbEntity
  8
RBAR-T8-B
100
AcDbVertex
100
AcDb3dPolylineVertex
 10
659.2
 20
34.0
 30
1898.1
 70
32
  0
VERTEX
  5
BCC
330
17
100
AcDbEntity
  8
RBAR-T8-B
100
AcDbVertex
100
AcDb3dPolylineVertex
 10
660.7
 20
34.0
 30
1900.8
 70
32
  0
VERTEX
  5
BCD
330
17
100
AcDbEntity
  8
RBAR-T8-B
100
AcDbVertex
100
AcDb3dPolylineVertex
 10
662.6
 20
34.0
 30
1903.2
 70
32
  0
VERTEX
  5
BCE
330
17
100
AcDbEntity
  8
RBAR-T8-B
100
AcDbVertex
100
AcDb3dPolylineVertex
 10
665.0
 20
34.0
 30
1905.2
 70
32
  0
VERTEX
  5
BCF
330
17
100
AcDbEntity
  8
RBAR-T8-B
100
AcDbVertex
100
AcDb3dPolylineVertex
 10
667.8
 20
34.0
 30
1906.6
 70
32
  0
VERTEX
  5
BD0
330
17
100
AcDbEntity
  8
RBAR-T8-B
100
AcDbVertex
100
AcDb3dPolylineVertex
 10
670.7
 20
34.0
 30
1907.5
 70
32
  0
VERTEX
  5
BD1
330
17
100
AcDbEntity
  8
RBAR-T8-B
100
AcDbVertex
100
AcDb3dPolylineVertex
 10
673.8
 20
34.0
 30
1907.8
 70
32
  0
VERTEX
  5
BD2
330
17
100
AcDbEntity
  8
RBAR-T8-B
100
AcDbVertex
100
AcDb3dPolylineVertex
 10
772.7
 20
34.0
 30
1907.8
 70
32
  0
VERTEX
  5
BD3
330
17
100
AcDbEntity
  8
RBAR-T8-B
100
AcDbVertex
100
AcDb3dPolylineVertex
 10
775.8
 20
34.0
 30
1907.5
 70
32
  0
VERTEX
  5
BD4
330
17
100
AcDbEntity
  8
RBAR-T8-B
100
AcDbVertex
100
AcDb3dPolylineVertex
 10
778.8
 20
34.0
 30
1906.6
 70
32
  0
VERTEX
  5
BD5
330
17
100
AcDbEntity
  8
RBAR-T8-B
100
AcDbVertex
100
AcDb3dPolylineVertex
 10
781.5
 20
34.0
 30
1905.2
 70
32
  0
VERTEX
  5
BD6
330
17
100
AcDbEntity
  8
RBAR-T8-B
100
AcDbVertex
100
AcDb3dPolylineVertex
 10
783.9
 20
34.0
 30
1903.2
 70
32
  0
VERTEX
  5
BD7
330
17
100
AcDbEntity
  8
RBAR-T8-B
100
AcDbVertex
100
AcDb3dPolylineVertex
 10
785.9
 20
34.0
 30
1900.8
 70
32
  0
VERTEX
  5
BD8
330
17
100
AcDbEntity
  8
RBAR-T8-B
100
AcDbVertex
100
AcDb3dPolylineVertex
 10
787.3
 20
34.0
 30
1898.1
 70
32
  0
VERTEX
  5
BD9
330
17
100
AcDbEntity
  8
RBAR-T8-B
100
AcDbVertex
100
AcDb3dPolylineVertex
 10
788.2
 20
34.0
 30
1895.1
 70
32
  0
VERTEX
  5
BDA
330
17
100
AcDbEntity
  8
RBAR-T8-B
100
AcDbVertex
100
AcDb3dPolylineVertex
 10
788.5
 20
34.0
 30
1892.0
 70
32
  0
VERTEX
  5
BDB
330
17
100
AcDbEntity
  8
RBAR-T8-B
100
AcDbVertex
100
AcDb3dPolylineVertex
 10
788.5
 20
34.0
 30
1516.3
 70
32
  0
SEQEND
  5
BC7
330
BC6
100
AcDbEntity
  8
RBAR-T8-B
  0
POLYLINE
  5
BDC
330
17
100
AcDbEntity
  8
RBAR-T8-B
100
AcDb3dPolyline
 66
1
 10
0.0
 20
0.0
 30
0.0
 70
8
  0
VERTEX
  5
BDE
330
17
100
AcDbEntity
  8
RBAR-T8-B
100
AcDbVertex
100
AcDb3dPolylineVertex
 10
846.0
 20
34.0
 30
1516.3
 70
32
  0
VERTEX
  5
BDF
330
17
100
AcDbEntity
  8
RBAR-T8-B
100
AcDbVertex
100
AcDb3dPolylineVertex
 10
846.0
 20
34.0
 30
1892.0
 70
32
  0
VERTEX
  5
BE0
330
17
100
AcDbEntity
  8
RBAR-T8-B
100
AcDbVertex
100
AcDb3dPolylineVertex
 10
846.3
 20
34.0
 30
1895.1
 70
32
  0
VERTEX
  5
BE1
330
17
100
AcDbEntity
  8
RBAR-T8-B
100
AcDbVertex
100
AcDb3dPolylineVertex
 10
847.2
 20
34.0
 30
1898.1
 70
32
  0
VERTEX
  5
BE2
330
17
100
AcDbEntity
  8
RBAR-T8-B
100
AcDbVertex
100
AcDb3dPolylineVertex
 10
848.7
 20
34.0
 30
1900.8
 70
32
  0
VERTEX
  5
BE3
330
17
100
AcDbEntity
  8
RBAR-T8-B
100
AcDbVertex
100
AcDb3dPolylineVertex
 10
850.6
 20
34.0
 30
1903.2
 70
32
  0
VERTEX
  5
BE4
330
17
100
AcDbEntity
  8
RBAR-T8-B
100
AcDbVertex
100
AcDb3dPolylineVertex
 10
853.0
 20
34.0
 30
1905.2
 70
32
  0
VERTEX
  5
BE5
330
17
100
AcDbEntity
  8
RBAR-T8-B
100
AcDbVertex
100
AcDb3dPolylineVertex
 10
855.8
 20
34.0
 30
1906.6
 70
32
  0
VERTEX
  5
BE6
330
17
100
AcDbEntity
  8
RBAR-T8-B
100
AcDbVertex
100
AcDb3dPolylineVertex
 10
858.7
 20
34.0
 30
1907.5
 70
32
  0
VERTEX
  5
BE7
330
17
100
AcDbEntity
  8
RBAR-T8-B
100
AcDbVertex
100
AcDb3dPolylineVertex
 10
861.8
 20
34.0
 30
1907.8
 70
32
  0
VERTEX
  5
BE8
330
17
100
AcDbEntity
  8
RBAR-T8-B
100
AcDbVertex
100
AcDb3dPolylineVertex
 10
960.7
 20
34.0
 30
1907.8
 70
32
  0
VERTEX
  5
BE9
330
17
100
AcDbEntity
  8
RBAR-T8-B
100
AcDbVertex
100
AcDb3dPolylineVertex
 10
963.8
 20
34.0
 30
1907.5
 70
32
  0
VERTEX
  5
BEA
330
17
100
AcDbEntity
  8
RBAR-T8-B
100
AcDbVertex
100
AcDb3dPolylineVertex
 10
966.8
 20
34.0
 30
1906.6
 70
32
  0
VERTEX
  5
BEB
330
17
100
AcDbEntity
  8
RBAR-T8-B
100
AcDbVertex
100
AcDb3dPolylineVertex
 10
969.5
 20
34.0
 30
1905.2
 70
32
  0
VERTEX
  5
BEC
330
17
100
AcDbEntity
  8
RBAR-T8-B
100
AcDbVertex
100
AcDb3dPolylineVertex
 10
971.9
 20
34.0
 30
1903.2
 70
32
  0
VERTEX
  5
BED
330
17
100
AcDbEntity
  8
RBAR-T8-B
100
AcDbVertex
100
AcDb3dPolylineVertex
 10
973.9
 20
34.0
 30
1900.8
 70
32
  0
VERTEX
  5
BEE
330
17
100
AcDbEntity
  8
RBAR-T8-B
100
AcDbVertex
100
AcDb3dPolylineVertex
 10
975.3
 20
34.0
 30
1898.1
 70
32
  0
VERTEX
  5
BEF
330
17
100
AcDbEntity
  8
RBAR-T8-B
100
AcDbVertex
100
AcDb3dPolylineVertex
 10
976.2
 20
34.0
 30
1895.1
 70
32
  0
VERTEX
  5
BF0
330
17
100
AcDbEntity
  8
RBAR-T8-B
100
AcDbVertex
100
AcDb3dPolylineVertex
 10
976.5
 20
34.0
 30
1892.0
 70
32
  0
VERTEX
  5
BF1
330
17
100
AcDbEntity
  8
RBAR-T8-B
100
AcDbVertex
100
AcDb3dPolylineVertex
 10
976.5
 20
34.0
 30
1516.3
 70
32
  0
SEQEND
  5
BDD
330
BDC
100
AcDbEntity
  8
RBAR-T8-B
  0
POLYLINE
  5
BF2
330
17
100
AcDbEntity
  8
RBAR-T8-B
100
AcDb3dPolyline
 66
1
 10
0.0
 20
0.0
 30
0.0
 70
8
  0
VERTEX
  5
BF4
330
17
100
AcDbEntity
  8
RBAR-T8-B
100
AcDbVertex
100
AcDb3dPolylineVertex
 10
1034.0
 20
34.0
 30
1516.3
 70
32
  0
VERTEX
  5
BF5
330
17
100
AcDbEntity
  8
RBAR-T8-B
100
AcDbVertex
100
AcDb3dPolylineVertex
 10
1034.0
 20
34.0
 30
1892.0
 70
32
  0
VERTEX
  5
BF6
330
17
100
AcDbEntity
  8
RBAR-T8-B
100
AcDbVertex
100
AcDb3dPolylineVertex
 10
1034.3
 20
34.0
 30
1895.1
 70
32
  0
VERTEX
  5
BF7
330
17
100
AcDbEntity
  8
RBAR-T8-B
100
AcDbVertex
100
AcDb3dPolylineVertex
 10
1035.2
 20
34.0
 30
1898.1
 70
32
  0
VERTEX
  5
BF8
330
17
100
AcDbEntity
  8
RBAR-T8-B
100
AcDbVertex
100
AcDb3dPolylineVertex
 10
1036.7
 20
34.0
 30
1900.8
 70
32
  0
VERTEX
  5
BF9
330
17
100
AcDbEntity
  8
RBAR-T8-B
100
AcDbVertex
100
AcDb3dPolylineVertex
 10
1038.6
 20
34.0
 30
1903.2
 70
32
  0
VERTEX
  5
BFA
330
17
100
AcDbEntity
  8
RBAR-T8-B
100
AcDbVertex
100
AcDb3dPolylineVertex
 10
1041.0
 20
34.0
 30
1905.2
 70
32
  0
VERTEX
  5
BFB
330
17
100
AcDbEntity
  8
RBAR-T8-B
100
AcDbVertex
100
AcDb3dPolylineVertex
 10
1043.8
 20
34.0
 30
1906.6
 70
32
  0
VERTEX
  5
BFC
330
17
100
AcDbEntity
  8
RBAR-T8-B
100
AcDbVertex
100
AcDb3dPolylineVertex
 10
1046.7
 20
34.0
 30
1907.5
 70
32
  0
VERTEX
  5
BFD
330
17
100
AcDbEntity
  8
RBAR-T8-B
100
AcDbVertex
100
AcDb3dPolylineVertex
 10
1049.8
 20
34.0
 30
1907.8
 70
32
  0
VERTEX
  5
BFE
330
17
100
AcDbEntity
  8
RBAR-T8-B
100
AcDbVertex
100
AcDb3dPolylineVertex
 10
1148.7
 20
34.0
 30
1907.8
 70
32
  0
VERTEX
  5
BFF
330
17
100
AcDbEntity
  8
RBAR-T8-B
100
AcDbVertex
100
AcDb3dPolylineVertex
 10
1151.8
 20
34.0
 30
1907.5
 70
32
  0
VERTEX
  5
C00
330
17
100
AcDbEntity
  8
RBAR-T8-B
100
AcDbVertex
100
AcDb3dPolylineVertex
 10
1154.8
 20
34.0
 30
1906.6
 70
32
  0
VERTEX
  5
C01
330
17
100
AcDbEntity
  8
RBAR-T8-B
100
AcDbVertex
100
AcDb3dPolylineVertex
 10
1157.5
 20
34.0
 30
1905.2
 70
32
  0
VERTEX
  5
C02
330
17
100
AcDbEntity
  8
RBAR-T8-B
100
AcDbVertex
100
AcDb3dPolylineVertex
 10
1159.9
 20
34.0
 30
1903.2
 70
32
  0
VERTEX
  5
C03
330
17
100
AcDbEntity
  8
RBAR-T8-B
100
AcDbVertex
100
AcDb3dPolylineVertex
 10
1161.9
 20
34.0
 30
1900.8
 70
32
  0
VERTEX
  5
C04
330
17
100
AcDbEntity
  8
RBAR-T8-B
100
AcDbVertex
100
AcDb3dPolylineVertex
 10
1163.3
 20
34.0
 30
1898.1
 70
32
  0
VERTEX
  5
C05
330
17
100
AcDbEntity
  8
RBAR-T8-B
100
AcDbVertex
100
AcDb3dPolylineVertex
 10
1164.2
 20
34.0
 30
1895.1
 70
32
  0
VERTEX
  5
C06
330
17
100
AcDbEntity
  8
RBAR-T8-B
100
AcDbVertex
100
AcDb3dPolylineVertex
 10
1164.5
 20
34.0
 30
1892.0
 70
32
  0
VERTEX
  5
C07
330
17
100
AcDbEntity
  8
RBAR-T8-B
100
AcDbVertex
100
AcDb3dPolylineVertex
 10
1164.5
 20
34.0
 30
1516.3
 70
32
  0
SEQEND
  5
BF3
330
BF2
100
AcDbEntity
  8
RBAR-T8-B
  0
POLYLINE
  5
C08
330
17
100
AcDbEntity
  8
RBAR-T8-B
100
AcDb3dPolyline
 66
1
 10
0.0
 20
0.0
 30
0.0
 70
8
  0
VERTEX
  5
C0A
330
17
100
AcDbEntity
  8
RBAR-T8-B
100
AcDbVertex
100
AcDb3dPolylineVertex
 10
1222.0
 20
34.0
 30
1516.3
 70
32
  0
VERTEX
  5
C0B
330
17
100
AcDbEntity
  8
RBAR-T8-B
100
AcDbVertex
100
AcDb3dPolylineVertex
 10
1222.0
 20
34.0
 30
1892.0
 70
32
  0
VERTEX
  5
C0C
330
17
100
AcDbEntity
  8
RBAR-T8-B
100
AcDbVertex
100
AcDb3dPolylineVertex
 10
1222.3
 20
34.0
 30
1895.1
 70
32
  0
VERTEX
  5
C0D
330
17
100
AcDbEntity
  8
RBAR-T8-B
100
AcDbVertex
100
AcDb3dPolylineVertex
 10
1223.2
 20
34.0
 30
1898.1
 70
32
  0
VERTEX
  5
C0E
330
17
100
AcDbEntity
  8
RBAR-T8-B
100
AcDbVertex
100
AcDb3dPolylineVertex
 10
1224.7
 20
34.0
 30
1900.8
 70
32
  0
VERTEX
  5
C0F
330
17
100
AcDbEntity
  8
RBAR-T8-B
100
AcDbVertex
100
AcDb3dPolylineVertex
 10
1226.6
 20
34.0
 30
1903.2
 70
32
  0
VERTEX
  5
C10
330
17
100
AcDbEntity
  8
RBAR-T8-B
100
AcDbVertex
100
AcDb3dPolylineVertex
 10
1229.0
 20
34.0
 30
1905.2
 70
32
  0
VERTEX
  5
C11
330
17
100
AcDbEntity
  8
RBAR-T8-B
100
AcDbVertex
100
AcDb3dPolylineVertex
 10
1231.8
 20
34.0
 30
1906.6
 70
32
  0
VERTEX
  5
C12
330
17
100
AcDbEntity
  8
RBAR-T8-B
100
AcDbVertex
100
AcDb3dPolylineVertex
 10
1234.7
 20
34.0
 30
1907.5
 70
32
  0
VERTEX
  5
C13
330
17
100
AcDbEntity
  8
RBAR-T8-B
100
AcDbVertex
100
AcDb3dPolylineVertex
 10
1237.8
 20
34.0
 30
1907.8
 70
32
  0
VERTEX
  5
C14
330
17
100
AcDbEntity
  8
RBAR-T8-B
100
AcDbVertex
100
AcDb3dPolylineVertex
 10
1336.7
 20
34.0
 30
1907.8
 70
32
  0
VERTEX
  5
C15
330
17
100
AcDbEntity
  8
RBAR-T8-B
100
AcDbVertex
100
AcDb3dPolylineVertex
 10
1339.8
 20
34.0
 30
1907.5
 70
32
  0
VERTEX
  5
C16
330
17
100
AcDbEntity
  8
RBAR-T8-B
100
AcDbVertex
100
AcDb3dPolylineVertex
 10
1342.8
 20
34.0
 30
1906.6
 70
32
  0
VERTEX
  5
C17
330
17
100
AcDbEntity
  8
RBAR-T8-B
100
AcDbVertex
100
AcDb3dPolylineVertex
 10
1345.5
 20
34.0
 30
1905.2
 70
32
  0
VERTEX
  5
C18
330
17
100
AcDbEntity
  8
RBAR-T8-B
100
AcDbVertex
100
AcDb3dPolylineVertex
 10
1347.9
 20
34.0
 30
1903.2
 70
32
  0
VERTEX
  5
C19
330
17
100
AcDbEntity
  8
RBAR-T8-B
100
AcDbVertex
100
AcDb3dPolylineVertex
 10
1349.9
 20
34.0
 30
1900.8
 70
32
  0
VERTEX
  5
C1A
330
17
100
AcDbEntity
  8
RBAR-T8-B
100
AcDbVertex
100
AcDb3dPolylineVertex
 10
1351.3
 20
34.0
 30
1898.1
 70
32
  0
VERTEX
  5
C1B
330
17
100
AcDbEntity
  8
RBAR-T8-B
100
AcDbVertex
100
AcDb3dPolylineVertex
 10
1352.2
 20
34.0
 30
1895.1
 70
32
  0
VERTEX
  5
C1C
330
17
100
AcDbEntity
  8
RBAR-T8-B
100
AcDbVertex
100
AcDb3dPolylineVertex
 10
1352.5
 20
34.0
 30
1892.0
 70
32
  0
VERTEX
  5
C1D
330
17
100
AcDbEntity
  8
RBAR-T8-B
100
AcDbVertex
100
AcDb3dPolylineVertex
 10
1352.5
 20
34.0
 30
1516.3
 70
32
  0
SEQEND
  5
C09
330
C08
100
AcDbEntity
  8
RBAR-T8-B
  0
POLYLINE
  5
C1E
330
17
100
AcDbEntity
  8
RBAR-T8-B
100
AcDb3dPolyline
 66
1
 10
0.0
 20
0.0
 30
0.0
 70
8
  0
VERTEX
  5
C20
330
17
100
AcDbEntity
  8
RBAR-T8-B
100
AcDbVertex
100
AcDb3dPolylineVertex
 10
1410.0
 20
34.0
 30
1516.3
 70
32
  0
VERTEX
  5
C21
330
17
100
AcDbEntity
  8
RBAR-T8-B
100
AcDbVertex
100
AcDb3dPolylineVertex
 10
1410.0
 20
34.0
 30
1892.0
 70
32
  0
VERTEX
  5
C22
330
17
100
AcDbEntity
  8
RBAR-T8-B
100
AcDbVertex
100
AcDb3dPolylineVertex
 10
1410.3
 20
34.0
 30
1895.1
 70
32
  0
VERTEX
  5
C23
330
17
100
AcDbEntity
  8
RBAR-T8-B
100
AcDbVertex
100
AcDb3dPolylineVertex
 10
1411.2
 20
34.0
 30
1898.1
 70
32
  0
VERTEX
  5
C24
330
17
100
AcDbEntity
  8
RBAR-T8-B
100
AcDbVertex
100
AcDb3dPolylineVertex
 10
1412.7
 20
34.0
 30
1900.8
 70
32
  0
VERTEX
  5
C25
330
17
100
AcDbEntity
  8
RBAR-T8-B
100
AcDbVertex
100
AcDb3dPolylineVertex
 10
1414.6
 20
34.0
 30
1903.2
 70
32
  0
VERTEX
  5
C26
330
17
100
AcDbEntity
  8
RBAR-T8-B
100
AcDbVertex
100
AcDb3dPolylineVertex
 10
1417.0
 20
34.0
 30
1905.2
 70
32
  0
VERTEX
  5
C27
330
17
100
AcDbEntity
  8
RBAR-T8-B
100
AcDbVertex
100
AcDb3dPolylineVertex
 10
1419.8
 20
34.0
 30
1906.6
 70
32
  0
VERTEX
  5
C28
330
17
100
AcDbEntity
  8
RBAR-T8-B
100
AcDbVertex
100
AcDb3dPolylineVertex
 10
1422.7
 20
34.0
 30
1907.5
 70
32
  0
VERTEX
  5
C29
330
17
100
AcDbEntity
  8
RBAR-T8-B
100
AcDbVertex
100
AcDb3dPolylineVertex
 10
1425.8
 20
34.0
 30
1907.8
 70
32
  0
VERTEX
  5
C2A
330
17
100
AcDbEntity
  8
RBAR-T8-B
100
AcDbVertex
100
AcDb3dPolylineVertex
 10
1524.7
 20
34.0
 30
1907.8
 70
32
  0
VERTEX
  5
C2B
330
17
100
AcDbEntity
  8
RBAR-T8-B
100
AcDbVertex
100
AcDb3dPolylineVertex
 10
1527.8
 20
34.0
 30
1907.5
 70
32
  0
VERTEX
  5
C2C
330
17
100
AcDbEntity
  8
RBAR-T8-B
100
AcDbVertex
100
AcDb3dPolylineVertex
 10
1530.8
 20
34.0
 30
1906.6
 70
32
  0
VERTEX
  5
C2D
330
17
100
AcDbEntity
  8
RBAR-T8-B
100
AcDbVertex
100
AcDb3dPolylineVertex
 10
1533.5
 20
34.0
 30
1905.2
 70
32
  0
VERTEX
  5
C2E
330
17
100
AcDbEntity
  8
RBAR-T8-B
100
AcDbVertex
100
AcDb3dPolylineVertex
 10
1535.9
 20
34.0
 30
1903.2
 70
32
  0
VERTEX
  5
C2F
330
17
100
AcDbEntity
  8
RBAR-T8-B
100
AcDbVertex
100
AcDb3dPolylineVertex
 10
1537.9
 20
34.0
 30
1900.8
 70
32
  0
VERTEX
  5
C30
330
17
100
AcDbEntity
  8
RBAR-T8-B
100
AcDbVertex
100
AcDb3dPolylineVertex
 10
1539.3
 20
34.0
 30
1898.1
 70
32
  0
VERTEX
  5
C31
330
17
100
AcDbEntity
  8
RBAR-T8-B
100
AcDbVertex
100
AcDb3dPolylineVertex
 10
1540.2
 20
34.0
 30
1895.1
 70
32
  0
VERTEX
  5
C32
330
17
100
AcDbEntity
  8
RBAR-T8-B
100
AcDbVertex
100
AcDb3dPolylineVertex
 10
1540.5
 20
34.0
 30
1892.0
 70
32
  0
VERTEX
  5
C33
330
17
100
AcDbEntity
  8
RBAR-T8-B
100
AcDbVertex
100
AcDb3dPolylineVertex
 10
1540.5
 20
34.0
 30
1516.3
 70
32
  0
SEQEND
  5
C1F
330
C1E
100
AcDbEntity
  8
RBAR-T8-B
  0
POLYLINE
  5
C34
330
17
100
AcDbEntity
  8
RBAR-T8-B
100
AcDb3dPolyline
 66
1
 10
0.0
 20
0.0
 30
0.0
 70
8
  0
VERTEX
  5
C36
330
17
100
AcDbEntity
  8
RBAR-T8-B
100
AcDbVertex
100
AcDb3dPolylineVertex
 10
1598.0
 20
34.0
 30
1516.3
 70
32
  0
VERTEX
  5
C37
330
17
100
AcDbEntity
  8
RBAR-T8-B
100
AcDbVertex
100
AcDb3dPolylineVertex
 10
1598.0
 20
34.0
 30
1892.0
 70
32
  0
VERTEX
  5
C38
330
17
100
AcDbEntity
  8
RBAR-T8-B
100
AcDbVertex
100
AcDb3dPolylineVertex
 10
1598.3
 20
34.0
 30
1895.1
 70
32
  0
VERTEX
  5
C39
330
17
100
AcDbEntity
  8
RBAR-T8-B
100
AcDbVertex
100
AcDb3dPolylineVertex
 10
1599.2
 20
34.0
 30
1898.1
 70
32
  0
VERTEX
  5
C3A
330
17
100
AcDbEntity
  8
RBAR-T8-B
100
AcDbVertex
100
AcDb3dPolylineVertex
 10
1600.7
 20
34.0
 30
1900.8
 70
32
  0
VERTEX
  5
C3B
330
17
100
AcDbEntity
  8
RBAR-T8-B
100
AcDbVertex
100
AcDb3dPolylineVertex
 10
1602.6
 20
34.0
 30
1903.2
 70
32
  0
VERTEX
  5
C3C
330
17
100
AcDbEntity
  8
RBAR-T8-B
100
AcDbVertex
100
AcDb3dPolylineVertex
 10
1605.0
 20
34.0
 30
1905.2
 70
32
  0
VERTEX
  5
C3D
330
17
100
AcDbEntity
  8
RBAR-T8-B
100
AcDbVertex
100
AcDb3dPolylineVertex
 10
1607.8
 20
34.0
 30
1906.6
 70
32
  0
VERTEX
  5
C3E
330
17
100
AcDbEntity
  8
RBAR-T8-B
100
AcDbVertex
100
AcDb3dPolylineVertex
 10
1610.7
 20
34.0
 30
1907.5
 70
32
  0
VERTEX
  5
C3F
330
17
100
AcDbEntity
  8
RBAR-T8-B
100
AcDbVertex
100
AcDb3dPolylineVertex
 10
1613.8
 20
34.0
 30
1907.8
 70
32
  0
VERTEX
  5
C40
330
17
100
AcDbEntity
  8
RBAR-T8-B
100
AcDbVertex
100
AcDb3dPolylineVertex
 10
1712.7
 20
34.0
 30
1907.8
 70
32
  0
VERTEX
  5
C41
330
17
100
AcDbEntity
  8
RBAR-T8-B
100
AcDbVertex
100
AcDb3dPolylineVertex
 10
1715.8
 20
34.0
 30
1907.5
 70
32
  0
VERTEX
  5
C42
330
17
100
AcDbEntity
  8
RBAR-T8-B
100
AcDbVertex
100
AcDb3dPolylineVertex
 10
1718.8
 20
34.0
 30
1906.6
 70
32
  0
VERTEX
  5
C43
330
17
100
AcDbEntity
  8
RBAR-T8-B
100
AcDbVertex
100
AcDb3dPolylineVertex
 10
1721.5
 20
34.0
 30
1905.2
 70
32
  0
VERTEX
  5
C44
330
17
100
AcDbEntity
  8
RBAR-T8-B
100
AcDbVertex
100
AcDb3dPolylineVertex
 10
1723.9
 20
34.0
 30
1903.2
 70
32
  0
VERTEX
  5
C45
330
17
100
AcDbEntity
  8
RBAR-T8-B
100
AcDbVertex
100
AcDb3dPolylineVertex
 10
1725.9
 20
34.0
 30
1900.8
 70
32
  0
VERTEX
  5
C46
330
17
100
AcDbEntity
  8
RBAR-T8-B
100
AcDbVertex
100
AcDb3dPolylineVertex
 10
1727.3
 20
34.0
 30
1898.1
 70
32
  0
VERTEX
  5
C47
330
17
100
AcDbEntity
  8
RBAR-T8-B
100
AcDbVertex
100
AcDb3dPolylineVertex
 10
1728.2
 20
34.0
 30
1895.1
 70
32
  0
VERTEX
  5
C48
330
17
100
AcDbEntity
  8
RBAR-T8-B
100
AcDbVertex
100
AcDb3dPolylineVertex
 10
1728.5
 20
34.0
 30
1892.0
 70
32
  0
VERTEX
  5
C49
330
17
100
AcDbEntity
  8
RBAR-T8-B
100
AcDbVertex
100
AcDb3dPolylineVertex
 10
1728.5
 20
34.0
 30
1516.3
 70
32
  0
SEQEND
  5
C35
330
C34
100
AcDbEntity
  8
RBAR-T8-B
  0
POLYLINE
  5
C4A
330
17
100
AcDbEntity
  8
RBAR-T8-B
100
AcDb3dPolyline
 66
1
 10
0.0
 20
0.0
 30
0.0
 70
8
  0
VERTEX
  5
C4C
330
17
100
AcDbEntity
  8
RBAR-T8-B
100
AcDbVertex
100
AcDb3dPolylineVertex
 10
1786.0
 20
34.0
 30
1516.3
 70
32
  0
VERTEX
  5
C4D
330
17
100
AcDbEntity
  8
RBAR-T8-B
100
AcDbVertex
100
AcDb3dPolylineVertex
 10
1786.0
 20
34.0
 30
1892.0
 70
32
  0
VERTEX
  5
C4E
330
17
100
AcDbEntity
  8
RBAR-T8-B
100
AcDbVertex
100
AcDb3dPolylineVertex
 10
1786.3
 20
34.0
 30
1895.1
 70
32
  0
VERTEX
  5
C4F
330
17
100
AcDbEntity
  8
RBAR-T8-B
100
AcDbVertex
100
AcDb3dPolylineVertex
 10
1787.2
 20
34.0
 30
1898.1
 70
32
  0
VERTEX
  5
C50
330
17
100
AcDbEntity
  8
RBAR-T8-B
100
AcDbVertex
100
AcDb3dPolylineVertex
 10
1788.7
 20
34.0
 30
1900.8
 70
32
  0
VERTEX
  5
C51
330
17
100
AcDbEntity
  8
RBAR-T8-B
100
AcDbVertex
100
AcDb3dPolylineVertex
 10
1790.6
 20
34.0
 30
1903.2
 70
32
  0
VERTEX
  5
C52
330
17
100
AcDbEntity
  8
RBAR-T8-B
100
AcDbVertex
100
AcDb3dPolylineVertex
 10
1793.0
 20
34.0
 30
1905.2
 70
32
  0
VERTEX
  5
C53
330
17
100
AcDbEntity
  8
RBAR-T8-B
100
AcDbVertex
100
AcDb3dPolylineVertex
 10
1795.8
 20
34.0
 30
1906.6
 70
32
  0
VERTEX
  5
C54
330
17
100
AcDbEntity
  8
RBAR-T8-B
100
AcDbVertex
100
AcDb3dPolylineVertex
 10
1798.7
 20
34.0
 30
1907.5
 70
32
  0
VERTEX
  5
C55
330
17
100
AcDbEntity
  8
RBAR-T8-B
100
AcDbVertex
100
AcDb3dPolylineVertex
 10
1801.8
 20
34.0
 30
1907.8
 70
32
  0
VERTEX
  5
C56
330
17
100
AcDbEntity
  8
RBAR-T8-B
100
AcDbVertex
100
AcDb3dPolylineVertex
 10
1900.7
 20
34.0
 30
1907.8
 70
32
  0
VERTEX
  5
C57
330
17
100
AcDbEntity
  8
RBAR-T8-B
100
AcDbVertex
100
AcDb3dPolylineVertex
 10
1903.8
 20
34.0
 30
1907.5
 70
32
  0
VERTEX
  5
C58
330
17
100
AcDbEntity
  8
RBAR-T8-B
100
AcDbVertex
100
AcDb3dPolylineVertex
 10
1906.8
 20
34.0
 30
1906.6
 70
32
  0
VERTEX
  5
C59
330
17
100
AcDbEntity
  8
RBAR-T8-B
100
AcDbVertex
100
AcDb3dPolylineVertex
 10
1909.5
 20
34.0
 30
1905.2
 70
32
  0
VERTEX
  5
C5A
330
17
100
AcDbEntity
  8
RBAR-T8-B
100
AcDbVertex
100
AcDb3dPolylineVertex
 10
1911.9
 20
34.0
 30
1903.2
 70
32
  0
VERTEX
  5
C5B
330
17
100
AcDbEntity
  8
RBAR-T8-B
100
AcDbVertex
100
AcDb3dPolylineVertex
 10
1913.9
 20
34.0
 30
1900.8
 70
32
  0
VERTEX
  5
C5C
330
17
100
AcDbEntity
  8
RBAR-T8-B
100
AcDbVertex
100
AcDb3dPolylineVertex
 10
1915.3
 20
34.0
 30
1898.1
 70
32
  0
VERTEX
  5
C5D
330
17
100
AcDbEntity
  8
RBAR-T8-B
100
AcDbVertex
100
AcDb3dPolylineVertex
 10
1916.2
 20
34.0
 30
1895.1
 70
32
  0
VERTEX
  5
C5E
330
17
100
AcDbEntity
  8
RBAR-T8-B
100
AcDbVertex
100
AcDb3dPolylineVertex
 10
1916.5
 20
34.0
 30
1892.0
 70
32
  0
VERTEX
  5
C5F
330
17
100
AcDbEntity
  8
RBAR-T8-B
100
AcDbVertex
100
AcDb3dPolylineVertex
 10
1916.5
 20
34.0
 30
1516.3
 70
32
  0
SEQEND
  5
C4B
330
C4A
100
AcDbEntity
  8
RBAR-T8-B
  0
POLYLINE
  5
C60
330
17
100
AcDbEntity
  8
RBAR-T8-B
100
AcDb3dPolyline
 66
1
 10
0.0
 20
0.0
 30
0.0
 70
8
  0
VERTEX
  5
C62
330
17
100
AcDbEntity
  8
RBAR-T8-B
100
AcDbVertex
100
AcDb3dPolylineVertex
 10
1974.0
 20
34.0
 30
1516.3
 70
32
  0
VERTEX
  5
C63
330
17
100
AcDbEntity
  8
RBAR-T8-B
100
AcDbVertex
100
AcDb3dPolylineVertex
 10
1974.0
 20
34.0
 30
1892.0
 70
32
  0
VERTEX
  5
C64
330
17
100
AcDbEntity
  8
RBAR-T8-B
100
AcDbVertex
100
AcDb3dPolylineVertex
 10
1974.3
 20
34.0
 30
1895.1
 70
32
  0
VERTEX
  5
C65
330
17
100
AcDbEntity
  8
RBAR-T8-B
100
AcDbVertex
100
AcDb3dPolylineVertex
 10
1975.2
 20
34.0
 30
1898.1
 70
32
  0
VERTEX
  5
C66
330
17
100
AcDbEntity
  8
RBAR-T8-B
100
AcDbVertex
100
AcDb3dPolylineVertex
 10
1976.7
 20
34.0
 30
1900.8
 70
32
  0
VERTEX
  5
C67
330
17
100
AcDbEntity
  8
RBAR-T8-B
100
AcDbVertex
100
AcDb3dPolylineVertex
 10
1978.6
 20
34.0
 30
1903.2
 70
32
  0
VERTEX
  5
C68
330
17
100
AcDbEntity
  8
RBAR-T8-B
100
AcDbVertex
100
AcDb3dPolylineVertex
 10
1981.0
 20
34.0
 30
1905.2
 70
32
  0
VERTEX
  5
C69
330
17
100
AcDbEntity
  8
RBAR-T8-B
100
AcDbVertex
100
AcDb3dPolylineVertex
 10
1983.8
 20
34.0
 30
1906.6
 70
32
  0
VERTEX
  5
C6A
330
17
100
AcDbEntity
  8
RBAR-T8-B
100
AcDbVertex
100
AcDb3dPolylineVertex
 10
1986.7
 20
34.0
 30
1907.5
 70
32
  0
VERTEX
  5
C6B
330
17
100
AcDbEntity
  8
RBAR-T8-B
100
AcDbVertex
100
AcDb3dPolylineVertex
 10
1989.8
 20
34.0
 30
1907.8
 70
32
  0
VERTEX
  5
C6C
330
17
100
AcDbEntity
  8
RBAR-T8-B
100
AcDbVertex
100
AcDb3dPolylineVertex
 10
2088.7
 20
34.0
 30
1907.8
 70
32
  0
VERTEX
  5
C6D
330
17
100
AcDbEntity
  8
RBAR-T8-B
100
AcDbVertex
100
AcDb3dPolylineVertex
 10
2091.8
 20
34.0
 30
1907.5
 70
32
  0
VERTEX
  5
C6E
330
17
100
AcDbEntity
  8
RBAR-T8-B
100
AcDbVertex
100
AcDb3dPolylineVertex
 10
2094.8
 20
34.0
 30
1906.6
 70
32
  0
VERTEX
  5
C6F
330
17
100
AcDbEntity
  8
RBAR-T8-B
100
AcDbVertex
100
AcDb3dPolylineVertex
 10
2097.5
 20
34.0
 30
1905.2
 70
32
  0
VERTEX
  5
C70
330
17
100
AcDbEntity
  8
RBAR-T8-B
100
AcDbVertex
100
AcDb3dPolylineVertex
 10
2099.9
 20
34.0
 30
1903.2
 70
32
  0
VERTEX
  5
C71
330
17
100
AcDbEntity
  8
RBAR-T8-B
100
AcDbVertex
100
AcDb3dPolylineVertex
 10
2101.9
 20
34.0
 30
1900.8
 70
32
  0
VERTEX
  5
C72
330
17
100
AcDbEntity
  8
RBAR-T8-B
100
AcDbVertex
100
AcDb3dPolylineVertex
 10
2103.3
 20
34.0
 30
1898.1
 70
32
  0
VERTEX
  5
C73
330
17
100
AcDbEntity
  8
RBAR-T8-B
100
AcDbVertex
100
AcDb3dPolylineVertex
 10
2104.2
 20
34.0
 30
1895.1
 70
32
  0
VERTEX
  5
C74
330
17
100
AcDbEntity
  8
RBAR-T8-B
100
AcDbVertex
100
AcDb3dPolylineVertex
 10
2104.5
 20
34.0
 30
1892.0
 70
32
  0
VERTEX
  5
C75
330
17
100
AcDbEntity
  8
RBAR-T8-B
100
AcDbVertex
100
AcDb3dPolylineVertex
 10
2104.5
 20
34.0
 30
1516.3
 70
32
  0
SEQEND
  5
C61
330
C60
100
AcDbEntity
  8
RBAR-T8-B
  0
POLYLINE
  5
C76
330
17
100
AcDbEntity
  8
RBAR-T8-B
100
AcDb3dPolyline
 66
1
 10
0.0
 20
0.0
 30
0.0
 70
8
  0
VERTEX
  5
C78
330
17
100
AcDbEntity
  8
RBAR-T8-B
100
AcDbVertex
100
AcDb3dPolylineVertex
 10
2162.0
 20
34.0
 30
1516.3
 70
32
  0
VERTEX
  5
C79
330
17
100
AcDbEntity
  8
RBAR-T8-B
100
AcDbVertex
100
AcDb3dPolylineVertex
 10
2162.0
 20
34.0
 30
1892.0
 70
32
  0
VERTEX
  5
C7A
330
17
100
AcDbEntity
  8
RBAR-T8-B
100
AcDbVertex
100
AcDb3dPolylineVertex
 10
2162.3
 20
34.0
 30
1895.1
 70
32
  0
VERTEX
  5
C7B
330
17
100
AcDbEntity
  8
RBAR-T8-B
100
AcDbVertex
100
AcDb3dPolylineVertex
 10
2163.2
 20
34.0
 30
1898.1
 70
32
  0
VERTEX
  5
C7C
330
17
100
AcDbEntity
  8
RBAR-T8-B
100
AcDbVertex
100
AcDb3dPolylineVertex
 10
2164.7
 20
34.0
 30
1900.8
 70
32
  0
VERTEX
  5
C7D
330
17
100
AcDbEntity
  8
RBAR-T8-B
100
AcDbVertex
100
AcDb3dPolylineVertex
 10
2166.6
 20
34.0
 30
1903.2
 70
32
  0
VERTEX
  5
C7E
330
17
100
AcDbEntity
  8
RBAR-T8-B
100
AcDbVertex
100
AcDb3dPolylineVertex
 10
2169.0
 20
34.0
 30
1905.2
 70
32
  0
VERTEX
  5
C7F
330
17
100
AcDbEntity
  8
RBAR-T8-B
100
AcDbVertex
100
AcDb3dPolylineVertex
 10
2171.8
 20
34.0
 30
1906.6
 70
32
  0
VERTEX
  5
C80
330
17
100
AcDbEntity
  8
RBAR-T8-B
100
AcDbVertex
100
AcDb3dPolylineVertex
 10
2174.7
 20
34.0
 30
1907.5
 70
32
  0
VERTEX
  5
C81
330
17
100
AcDbEntity
  8
RBAR-T8-B
100
AcDbVertex
100
AcDb3dPolylineVertex
 10
2177.8
 20
34.0
 30
1907.8
 70
32
  0
VERTEX
  5
C82
330
17
100
AcDbEntity
  8
RBAR-T8-B
100
AcDbVertex
100
AcDb3dPolylineVertex
 10
2276.7
 20
34.0
 30
1907.8
 70
32
  0
VERTEX
  5
C83
330
17
100
AcDbEntity
  8
RBAR-T8-B
100
AcDbVertex
100
AcDb3dPolylineVertex
 10
2279.8
 20
34.0
 30
1907.5
 70
32
  0
VERTEX
  5
C84
330
17
100
AcDbEntity
  8
RBAR-T8-B
100
AcDbVertex
100
AcDb3dPolylineVertex
 10
2282.8
 20
34.0
 30
1906.6
 70
32
  0
VERTEX
  5
C85
330
17
100
AcDbEntity
  8
RBAR-T8-B
100
AcDbVertex
100
AcDb3dPolylineVertex
 10
2285.5
 20
34.0
 30
1905.2
 70
32
  0
VERTEX
  5
C86
330
17
100
AcDbEntity
  8
RBAR-T8-B
100
AcDbVertex
100
AcDb3dPolylineVertex
 10
2287.9
 20
34.0
 30
1903.2
 70
32
  0
VERTEX
  5
C87
330
17
100
AcDbEntity
  8
RBAR-T8-B
100
AcDbVertex
100
AcDb3dPolylineVertex
 10
2289.9
 20
34.0
 30
1900.8
 70
32
  0
VERTEX
  5
C88
330
17
100
AcDbEntity
  8
RBAR-T8-B
100
AcDbVertex
100
AcDb3dPolylineVertex
 10
2291.3
 20
34.0
 30
1898.1
 70
32
  0
VERTEX
  5
C89
330
17
100
AcDbEntity
  8
RBAR-T8-B
100
AcDbVertex
100
AcDb3dPolylineVertex
 10
2292.2
 20
34.0
 30
1895.1
 70
32
  0
VERTEX
  5
C8A
330
17
100
AcDbEntity
  8
RBAR-T8-B
100
AcDbVertex
100
AcDb3dPolylineVertex
 10
2292.5
 20
34.0
 30
1892.0
 70
32
  0
VERTEX
  5
C8B
330
17
100
AcDbEntity
  8
RBAR-T8-B
100
AcDbVertex
100
AcDb3dPolylineVertex
 10
2292.5
 20
34.0
 30
1516.3
 70
32
  0
SEQEND
  5
C77
330
C76
100
AcDbEntity
  8
RBAR-T8-B
  0
POLYLINE
  5
C8C
330
17
100
AcDbEntity
  8
RBAR-T8-B
100
AcDb3dPolyline
 66
1
 10
0.0
 20
0.0
 30
0.0
 70
8
  0
VERTEX
  5
C8E
330
17
100
AcDbEntity
  8
RBAR-T8-B
100
AcDbVertex
100
AcDb3dPolylineVertex
 10
2350.0
 20
34.0
 30
1516.3
 70
32
  0
VERTEX
  5
C8F
330
17
100
AcDbEntity
  8
RBAR-T8-B
100
AcDbVertex
100
AcDb3dPolylineVertex
 10
2350.0
 20
34.0
 30
1892.0
 70
32
  0
VERTEX
  5
C90
330
17
100
AcDbEntity
  8
RBAR-T8-B
100
AcDbVertex
100
AcDb3dPolylineVertex
 10
2350.3
 20
34.0
 30
1895.1
 70
32
  0
VERTEX
  5
C91
330
17
100
AcDbEntity
  8
RBAR-T8-B
100
AcDbVertex
100
AcDb3dPolylineVertex
 10
2351.2
 20
34.0
 30
1898.1
 70
32
  0
VERTEX
  5
C92
330
17
100
AcDbEntity
  8
RBAR-T8-B
100
AcDbVertex
100
AcDb3dPolylineVertex
 10
2352.7
 20
34.0
 30
1900.8
 70
32
  0
VERTEX
  5
C93
330
17
100
AcDbEntity
  8
RBAR-T8-B
100
AcDbVertex
100
AcDb3dPolylineVertex
 10
2354.6
 20
34.0
 30
1903.2
 70
32
  0
VERTEX
  5
C94
330
17
100
AcDbEntity
  8
RBAR-T8-B
100
AcDbVertex
100
AcDb3dPolylineVertex
 10
2357.0
 20
34.0
 30
1905.2
 70
32
  0
VERTEX
  5
C95
330
17
100
AcDbEntity
  8
RBAR-T8-B
100
AcDbVertex
100
AcDb3dPolylineVertex
 10
2359.8
 20
34.0
 30
1906.6
 70
32
  0
VERTEX
  5
C96
330
17
100
AcDbEntity
  8
RBAR-T8-B
100
AcDbVertex
100
AcDb3dPolylineVertex
 10
2362.7
 20
34.0
 30
1907.5
 70
32
  0
VERTEX
  5
C97
330
17
100
AcDbEntity
  8
RBAR-T8-B
100
AcDbVertex
100
AcDb3dPolylineVertex
 10
2365.8
 20
34.0
 30
1907.8
 70
32
  0
VERTEX
  5
C98
330
17
100
AcDbEntity
  8
RBAR-T8-B
100
AcDbVertex
100
AcDb3dPolylineVertex
 10
2464.7
 20
34.0
 30
1907.8
 70
32
  0
VERTEX
  5
C99
330
17
100
AcDbEntity
  8
RBAR-T8-B
100
AcDbVertex
100
AcDb3dPolylineVertex
 10
2467.8
 20
34.0
 30
1907.5
 70
32
  0
VERTEX
  5
C9A
330
17
100
AcDbEntity
  8
RBAR-T8-B
100
AcDbVertex
100
AcDb3dPolylineVertex
 10
2470.8
 20
34.0
 30
1906.6
 70
32
  0
VERTEX
  5
C9B
330
17
100
AcDbEntity
  8
RBAR-T8-B
100
AcDbVertex
100
AcDb3dPolylineVertex
 10
2473.5
 20
34.0
 30
1905.2
 70
32
  0
VERTEX
  5
C9C
330
17
100
AcDbEntity
  8
RBAR-T8-B
100
AcDbVertex
100
AcDb3dPolylineVertex
 10
2475.9
 20
34.0
 30
1903.2
 70
32
  0
VERTEX
  5
C9D
330
17
100
AcDbEntity
  8
RBAR-T8-B
100
AcDbVertex
100
AcDb3dPolylineVertex
 10
2477.9
 20
34.0
 30
1900.8
 70
32
  0
VERTEX
  5
C9E
330
17
100
AcDbEntity
  8
RBAR-T8-B
100
AcDbVertex
100
AcDb3dPolylineVertex
 10
2479.3
 20
34.0
 30
1898.1
 70
32
  0
VERTEX
  5
C9F
330
17
100
AcDbEntity
  8
RBAR-T8-B
100
AcDbVertex
100
AcDb3dPolylineVertex
 10
2480.2
 20
34.0
 30
1895.1
 70
32
  0
VERTEX
  5
CA0
330
17
100
AcDbEntity
  8
RBAR-T8-B
100
AcDbVertex
100
AcDb3dPolylineVertex
 10
2480.5
 20
34.0
 30
1892.0
 70
32
  0
VERTEX
  5
CA1
330
17
100
AcDbEntity
  8
RBAR-T8-B
100
AcDbVertex
100
AcDb3dPolylineVertex
 10
2480.5
 20
34.0
 30
1516.3
 70
32
  0
SEQEND
  5
C8D
330
C8C
100
AcDbEntity
  8
RBAR-T8-B
  0
POLYLINE
  5
CA2
330
17
100
AcDbEntity
  8
RBAR-T8-B
100
AcDb3dPolyline
 66
1
 10
0.0
 20
0.0
 30
0.0
 70
8
  0
VERTEX
  5
CA4
330
17
100
AcDbEntity
  8
RBAR-T8-B
100
AcDbVertex
100
AcDb3dPolylineVertex
 10
2538.0
 20
34.0
 30
1516.3
 70
32
  0
VERTEX
  5
CA5
330
17
100
AcDbEntity
  8
RBAR-T8-B
100
AcDbVertex
100
AcDb3dPolylineVertex
 10
2538.0
 20
34.0
 30
1892.0
 70
32
  0
VERTEX
  5
CA6
330
17
100
AcDbEntity
  8
RBAR-T8-B
100
AcDbVertex
100
AcDb3dPolylineVertex
 10
2538.3
 20
34.0
 30
1895.1
 70
32
  0
VERTEX
  5
CA7
330
17
100
AcDbEntity
  8
RBAR-T8-B
100
AcDbVertex
100
AcDb3dPolylineVertex
 10
2539.2
 20
34.0
 30
1898.1
 70
32
  0
VERTEX
  5
CA8
330
17
100
AcDbEntity
  8
RBAR-T8-B
100
AcDbVertex
100
AcDb3dPolylineVertex
 10
2540.7
 20
34.0
 30
1900.8
 70
32
  0
VERTEX
  5
CA9
330
17
100
AcDbEntity
  8
RBAR-T8-B
100
AcDbVertex
100
AcDb3dPolylineVertex
 10
2542.6
 20
34.0
 30
1903.2
 70
32
  0
VERTEX
  5
CAA
330
17
100
AcDbEntity
  8
RBAR-T8-B
100
AcDbVertex
100
AcDb3dPolylineVertex
 10
2545.0
 20
34.0
 30
1905.2
 70
32
  0
VERTEX
  5
CAB
330
17
100
AcDbEntity
  8
RBAR-T8-B
100
AcDbVertex
100
AcDb3dPolylineVertex
 10
2547.8
 20
34.0
 30
1906.6
 70
32
  0
VERTEX
  5
CAC
330
17
100
AcDbEntity
  8
RBAR-T8-B
100
AcDbVertex
100
AcDb3dPolylineVertex
 10
2550.7
 20
34.0
 30
1907.5
 70
32
  0
VERTEX
  5
CAD
330
17
100
AcDbEntity
  8
RBAR-T8-B
100
AcDbVertex
100
AcDb3dPolylineVertex
 10
2553.8
 20
34.0
 30
1907.8
 70
32
  0
VERTEX
  5
CAE
330
17
100
AcDbEntity
  8
RBAR-T8-B
100
AcDbVertex
100
AcDb3dPolylineVertex
 10
2652.7
 20
34.0
 30
1907.8
 70
32
  0
VERTEX
  5
CAF
330
17
100
AcDbEntity
  8
RBAR-T8-B
100
AcDbVertex
100
AcDb3dPolylineVertex
 10
2655.8
 20
34.0
 30
1907.5
 70
32
  0
VERTEX
  5
CB0
330
17
100
AcDbEntity
  8
RBAR-T8-B
100
AcDbVertex
100
AcDb3dPolylineVertex
 10
2658.8
 20
34.0
 30
1906.6
 70
32
  0
VERTEX
  5
CB1
330
17
100
AcDbEntity
  8
RBAR-T8-B
100
AcDbVertex
100
AcDb3dPolylineVertex
 10
2661.5
 20
34.0
 30
1905.2
 70
32
  0
VERTEX
  5
CB2
330
17
100
AcDbEntity
  8
RBAR-T8-B
100
AcDbVertex
100
AcDb3dPolylineVertex
 10
2663.9
 20
34.0
 30
1903.2
 70
32
  0
VERTEX
  5
CB3
330
17
100
AcDbEntity
  8
RBAR-T8-B
100
AcDbVertex
100
AcDb3dPolylineVertex
 10
2665.9
 20
34.0
 30
1900.8
 70
32
  0
VERTEX
  5
CB4
330
17
100
AcDbEntity
  8
RBAR-T8-B
100
AcDbVertex
100
AcDb3dPolylineVertex
 10
2667.3
 20
34.0
 30
1898.1
 70
32
  0
VERTEX
  5
CB5
330
17
100
AcDbEntity
  8
RBAR-T8-B
100
AcDbVertex
100
AcDb3dPolylineVertex
 10
2668.2
 20
34.0
 30
1895.1
 70
32
  0
VERTEX
  5
CB6
330
17
100
AcDbEntity
  8
RBAR-T8-B
100
AcDbVertex
100
AcDb3dPolylineVertex
 10
2668.5
 20
34.0
 30
1892.0
 70
32
  0
VERTEX
  5
CB7
330
17
100
AcDbEntity
  8
RBAR-T8-B
100
AcDbVertex
100
AcDb3dPolylineVertex
 10
2668.5
 20
34.0
 30
1516.3
 70
32
  0
SEQEND
  5
CA3
330
CA2
100
AcDbEntity
  8
RBAR-T8-B
  0
POLYLINE
  5
CB8
330
17
100
AcDbEntity
  8
RBAR-T8-B
100
AcDb3dPolyline
 66
1
 10
0.0
 20
0.0
 30
0.0
 70
8
  0
VERTEX
  5
CBA
330
17
100
AcDbEntity
  8
RBAR-T8-B
100
AcDbVertex
100
AcDb3dPolylineVertex
 10
2726.0
 20
34.0
 30
1516.3
 70
32
  0
VERTEX
  5
CBB
330
17
100
AcDbEntity
  8
RBAR-T8-B
100
AcDbVertex
100
AcDb3dPolylineVertex
 10
2726.0
 20
34.0
 30
1892.0
 70
32
  0
VERTEX
  5
CBC
330
17
100
AcDbEntity
  8
RBAR-T8-B
100
AcDbVertex
100
AcDb3dPolylineVertex
 10
2726.3
 20
34.0
 30
1895.1
 70
32
  0
VERTEX
  5
CBD
330
17
100
AcDbEntity
  8
RBAR-T8-B
100
AcDbVertex
100
AcDb3dPolylineVertex
 10
2727.2
 20
34.0
 30
1898.1
 70
32
  0
VERTEX
  5
CBE
330
17
100
AcDbEntity
  8
RBAR-T8-B
100
AcDbVertex
100
AcDb3dPolylineVertex
 10
2728.7
 20
34.0
 30
1900.8
 70
32
  0
VERTEX
  5
CBF
330
17
100
AcDbEntity
  8
RBAR-T8-B
100
AcDbVertex
100
AcDb3dPolylineVertex
 10
2730.6
 20
34.0
 30
1903.2
 70
32
  0
VERTEX
  5
CC0
330
17
100
AcDbEntity
  8
RBAR-T8-B
100
AcDbVertex
100
AcDb3dPolylineVertex
 10
2733.0
 20
34.0
 30
1905.2
 70
32
  0
VERTEX
  5
CC1
330
17
100
AcDbEntity
  8
RBAR-T8-B
100
AcDbVertex
100
AcDb3dPolylineVertex
 10
2735.8
 20
34.0
 30
1906.6
 70
32
  0
VERTEX
  5
CC2
330
17
100
AcDbEntity
  8
RBAR-T8-B
100
AcDbVertex
100
AcDb3dPolylineVertex
 10
2738.7
 20
34.0
 30
1907.5
 70
32
  0
VERTEX
  5
CC3
330
17
100
AcDbEntity
  8
RBAR-T8-B
100
AcDbVertex
100
AcDb3dPolylineVertex
 10
2741.8
 20
34.0
 30
1907.8
 70
32
  0
VERTEX
  5
CC4
330
17
100
AcDbEntity
  8
RBAR-T8-B
100
AcDbVertex
100
AcDb3dPolylineVertex
 10
2840.7
 20
34.0
 30
1907.8
 70
32
  0
VERTEX
  5
CC5
330
17
100
AcDbEntity
  8
RBAR-T8-B
100
AcDbVertex
100
AcDb3dPolylineVertex
 10
2843.8
 20
34.0
 30
1907.5
 70
32
  0
VERTEX
  5
CC6
330
17
100
AcDbEntity
  8
RBAR-T8-B
100
AcDbVertex
100
AcDb3dPolylineVertex
 10
2846.8
 20
34.0
 30
1906.6
 70
32
  0
VERTEX
  5
CC7
330
17
100
AcDbEntity
  8
RBAR-T8-B
100
AcDbVertex
100
AcDb3dPolylineVertex
 10
2849.5
 20
34.0
 30
1905.2
 70
32
  0
VERTEX
  5
CC8
330
17
100
AcDbEntity
  8
RBAR-T8-B
100
AcDbVertex
100
AcDb3dPolylineVertex
 10
2851.9
 20
34.0
 30
1903.2
 70
32
  0
VERTEX
  5
CC9
330
17
100
AcDbEntity
  8
RBAR-T8-B
100
AcDbVertex
100
AcDb3dPolylineVertex
 10
2853.9
 20
34.0
 30
1900.8
 70
32
  0
VERTEX
  5
CCA
330
17
100
AcDbEntity
  8
RBAR-T8-B
100
AcDbVertex
100
AcDb3dPolylineVertex
 10
2855.3
 20
34.0
 30
1898.1
 70
32
  0
VERTEX
  5
CCB
330
17
100
AcDbEntity
  8
RBAR-T8-B
100
AcDbVertex
100
AcDb3dPolylineVertex
 10
2856.2
 20
34.0
 30
1895.1
 70
32
  0
VERTEX
  5
CCC
330
17
100
AcDbEntity
  8
RBAR-T8-B
100
AcDbVertex
100
AcDb3dPolylineVertex
 10
2856.5
 20
34.0
 30
1892.0
 70
32
  0
VERTEX
  5
CCD
330
17
100
AcDbEntity
  8
RBAR-T8-B
100
AcDbVertex
100
AcDb3dPolylineVertex
 10
2856.5
 20
34.0
 30
1516.3
 70
32
  0
SEQEND
  5
CB9
330
CB8
100
AcDbEntity
  8
RBAR-T8-B
  0
POLYLINE
  5
CCE
330
17
100
AcDbEntity
  8
RBAR-T8-B
100
AcDb3dPolyline
 66
1
 10
0.0
 20
0.0
 30
0.0
 70
8
  0
VERTEX
  5
CD0
330
17
100
AcDbEntity
  8
RBAR-T8-B
100
AcDbVertex
100
AcDb3dPolylineVertex
 10
2914.0
 20
34.0
 30
1516.3
 70
32
  0
VERTEX
  5
CD1
330
17
100
AcDbEntity
  8
RBAR-T8-B
100
AcDbVertex
100
AcDb3dPolylineVertex
 10
2914.0
 20
34.0
 30
1892.0
 70
32
  0
VERTEX
  5
CD2
330
17
100
AcDbEntity
  8
RBAR-T8-B
100
AcDbVertex
100
AcDb3dPolylineVertex
 10
2914.3
 20
34.0
 30
1895.1
 70
32
  0
VERTEX
  5
CD3
330
17
100
AcDbEntity
  8
RBAR-T8-B
100
AcDbVertex
100
AcDb3dPolylineVertex
 10
2915.2
 20
34.0
 30
1898.1
 70
32
  0
VERTEX
  5
CD4
330
17
100
AcDbEntity
  8
RBAR-T8-B
100
AcDbVertex
100
AcDb3dPolylineVertex
 10
2916.7
 20
34.0
 30
1900.8
 70
32
  0
VERTEX
  5
CD5
330
17
100
AcDbEntity
  8
RBAR-T8-B
100
AcDbVertex
100
AcDb3dPolylineVertex
 10
2918.6
 20
34.0
 30
1903.2
 70
32
  0
VERTEX
  5
CD6
330
17
100
AcDbEntity
  8
RBAR-T8-B
100
AcDbVertex
100
AcDb3dPolylineVertex
 10
2921.0
 20
34.0
 30
1905.2
 70
32
  0
VERTEX
  5
CD7
330
17
100
AcDbEntity
  8
RBAR-T8-B
100
AcDbVertex
100
AcDb3dPolylineVertex
 10
2923.8
 20
34.0
 30
1906.6
 70
32
  0
VERTEX
  5
CD8
330
17
100
AcDbEntity
  8
RBAR-T8-B
100
AcDbVertex
100
AcDb3dPolylineVertex
 10
2926.7
 20
34.0
 30
1907.5
 70
32
  0
VERTEX
  5
CD9
330
17
100
AcDbEntity
  8
RBAR-T8-B
100
AcDbVertex
100
AcDb3dPolylineVertex
 10
2929.8
 20
34.0
 30
1907.8
 70
32
  0
VERTEX
  5
CDA
330
17
100
AcDbEntity
  8
RBAR-T8-B
100
AcDbVertex
100
AcDb3dPolylineVertex
 10
3028.7
 20
34.0
 30
1907.8
 70
32
  0
VERTEX
  5
CDB
330
17
100
AcDbEntity
  8
RBAR-T8-B
100
AcDbVertex
100
AcDb3dPolylineVertex
 10
3031.8
 20
34.0
 30
1907.5
 70
32
  0
VERTEX
  5
CDC
330
17
100
AcDbEntity
  8
RBAR-T8-B
100
AcDbVertex
100
AcDb3dPolylineVertex
 10
3034.8
 20
34.0
 30
1906.6
 70
32
  0
VERTEX
  5
CDD
330
17
100
AcDbEntity
  8
RBAR-T8-B
100
AcDbVertex
100
AcDb3dPolylineVertex
 10
3037.5
 20
34.0
 30
1905.2
 70
32
  0
VERTEX
  5
CDE
330
17
100
AcDbEntity
  8
RBAR-T8-B
100
AcDbVertex
100
AcDb3dPolylineVertex
 10
3039.9
 20
34.0
 30
1903.2
 70
32
  0
VERTEX
  5
CDF
330
17
100
AcDbEntity
  8
RBAR-T8-B
100
AcDbVertex
100
AcDb3dPolylineVertex
 10
3041.9
 20
34.0
 30
1900.8
 70
32
  0
VERTEX
  5
CE0
330
17
100
AcDbEntity
  8
RBAR-T8-B
100
AcDbVertex
100
AcDb3dPolylineVertex
 10
3043.3
 20
34.0
 30
1898.1
 70
32
  0
VERTEX
  5
CE1
330
17
100
AcDbEntity
  8
RBAR-T8-B
100
AcDbVertex
100
AcDb3dPolylineVertex
 10
3044.2
 20
34.0
 30
1895.1
 70
32
  0
VERTEX
  5
CE2
330
17
100
AcDbEntity
  8
RBAR-T8-B
100
AcDbVertex
100
AcDb3dPolylineVertex
 10
3044.5
 20
34.0
 30
1892.0
 70
32
  0
VERTEX
  5
CE3
330
17
100
AcDbEntity
  8
RBAR-T8-B
100
AcDbVertex
100
AcDb3dPolylineVertex
 10
3044.5
 20
34.0
 30
1516.3
 70
32
  0
SEQEND
  5
CCF
330
CCE
100
AcDbEntity
  8
RBAR-T8-B
  0
POLYLINE
  5
CE4
330
17
100
AcDbEntity
  8
RBAR-T8-B
100
AcDb3dPolyline
 66
1
 10
0.0
 20
0.0
 30
0.0
 70
8
  0
VERTEX
  5
CE6
330
17
100
AcDbEntity
  8
RBAR-T8-B
100
AcDbVertex
100
AcDb3dPolylineVertex
 10
3102.0
 20
34.0
 30
1516.3
 70
32
  0
VERTEX
  5
CE7
330
17
100
AcDbEntity
  8
RBAR-T8-B
100
AcDbVertex
100
AcDb3dPolylineVertex
 10
3102.0
 20
34.0
 30
1892.0
 70
32
  0
VERTEX
  5
CE8
330
17
100
AcDbEntity
  8
RBAR-T8-B
100
AcDbVertex
100
AcDb3dPolylineVertex
 10
3102.3
 20
34.0
 30
1895.1
 70
32
  0
VERTEX
  5
CE9
330
17
100
AcDbEntity
  8
RBAR-T8-B
100
AcDbVertex
100
AcDb3dPolylineVertex
 10
3103.2
 20
34.0
 30
1898.1
 70
32
  0
VERTEX
  5
CEA
330
17
100
AcDbEntity
  8
RBAR-T8-B
100
AcDbVertex
100
AcDb3dPolylineVertex
 10
3104.7
 20
34.0
 30
1900.8
 70
32
  0
VERTEX
  5
CEB
330
17
100
AcDbEntity
  8
RBAR-T8-B
100
AcDbVertex
100
AcDb3dPolylineVertex
 10
3106.6
 20
34.0
 30
1903.2
 70
32
  0
VERTEX
  5
CEC
330
17
100
AcDbEntity
  8
RBAR-T8-B
100
AcDbVertex
100
AcDb3dPolylineVertex
 10
3109.0
 20
34.0
 30
1905.2
 70
32
  0
VERTEX
  5
CED
330
17
100
AcDbEntity
  8
RBAR-T8-B
100
AcDbVertex
100
AcDb3dPolylineVertex
 10
3111.8
 20
34.0
 30
1906.6
 70
32
  0
VERTEX
  5
CEE
330
17
100
AcDbEntity
  8
RBAR-T8-B
100
AcDbVertex
100
AcDb3dPolylineVertex
 10
3114.7
 20
34.0
 30
1907.5
 70
32
  0
VERTEX
  5
CEF
330
17
100
AcDbEntity
  8
RBAR-T8-B
100
AcDbVertex
100
AcDb3dPolylineVertex
 10
3117.8
 20
34.0
 30
1907.8
 70
32
  0
VERTEX
  5
CF0
330
17
100
AcDbEntity
  8
RBAR-T8-B
100
AcDbVertex
100
AcDb3dPolylineVertex
 10
3216.7
 20
34.0
 30
1907.8
 70
32
  0
VERTEX
  5
CF1
330
17
100
AcDbEntity
  8
RBAR-T8-B
100
AcDbVertex
100
AcDb3dPolylineVertex
 10
3219.8
 20
34.0
 30
1907.5
 70
32
  0
VERTEX
  5
CF2
330
17
100
AcDbEntity
  8
RBAR-T8-B
100
AcDbVertex
100
AcDb3dPolylineVertex
 10
3222.8
 20
34.0
 30
1906.6
 70
32
  0
VERTEX
  5
CF3
330
17
100
AcDbEntity
  8
RBAR-T8-B
100
AcDbVertex
100
AcDb3dPolylineVertex
 10
3225.5
 20
34.0
 30
1905.2
 70
32
  0
VERTEX
  5
CF4
330
17
100
AcDbEntity
  8
RBAR-T8-B
100
AcDbVertex
100
AcDb3dPolylineVertex
 10
3227.9
 20
34.0
 30
1903.2
 70
32
  0
VERTEX
  5
CF5
330
17
100
AcDbEntity
  8
RBAR-T8-B
100
AcDbVertex
100
AcDb3dPolylineVertex
 10
3229.9
 20
34.0
 30
1900.8
 70
32
  0
VERTEX
  5
CF6
330
17
100
AcDbEntity
  8
RBAR-T8-B
100
AcDbVertex
100
AcDb3dPolylineVertex
 10
3231.3
 20
34.0
 30
1898.1
 70
32
  0
VERTEX
  5
CF7
330
17
100
AcDbEntity
  8
RBAR-T8-B
100
AcDbVertex
100
AcDb3dPolylineVertex
 10
3232.2
 20
34.0
 30
1895.1
 70
32
  0
VERTEX
  5
CF8
330
17
100
AcDbEntity
  8
RBAR-T8-B
100
AcDbVertex
100
AcDb3dPolylineVertex
 10
3232.5
 20
34.0
 30
1892.0
 70
32
  0
VERTEX
  5
CF9
330
17
100
AcDbEntity
  8
RBAR-T8-B
100
AcDbVertex
100
AcDb3dPolylineVertex
 10
3232.5
 20
34.0
 30
1516.3
 70
32
  0
SEQEND
  5
CE5
330
CE4
100
AcDbEntity
  8
RBAR-T8-B
  0
POLYLINE
  5
CFA
330
17
100
AcDbEntity
  8
RBAR-T8-B
100
AcDb3dPolyline
 66
1
 10
0.0
 20
0.0
 30
0.0
 70
8
  0
VERTEX
  5
CFC
330
17
100
AcDbEntity
  8
RBAR-T8-B
100
AcDbVertex
100
AcDb3dPolylineVertex
 10
3290.0
 20
34.0
 30
1516.3
 70
32
  0
VERTEX
  5
CFD
330
17
100
AcDbEntity
  8
RBAR-T8-B
100
AcDbVertex
100
AcDb3dPolylineVertex
 10
3290.0
 20
34.0
 30
1892.0
 70
32
  0
VERTEX
  5
CFE
330
17
100
AcDbEntity
  8
RBAR-T8-B
100
AcDbVertex
100
AcDb3dPolylineVertex
 10
3290.3
 20
34.0
 30
1895.1
 70
32
  0
VERTEX
  5
CFF
330
17
100
AcDbEntity
  8
RBAR-T8-B
100
AcDbVertex
100
AcDb3dPolylineVertex
 10
3291.2
 20
34.0
 30
1898.1
 70
32
  0
VERTEX
  5
D00
330
17
100
AcDbEntity
  8
RBAR-T8-B
100
AcDbVertex
100
AcDb3dPolylineVertex
 10
3292.7
 20
34.0
 30
1900.8
 70
32
  0
VERTEX
  5
D01
330
17
100
AcDbEntity
  8
RBAR-T8-B
100
AcDbVertex
100
AcDb3dPolylineVertex
 10
3294.6
 20
34.0
 30
1903.2
 70
32
  0
VERTEX
  5
D02
330
17
100
AcDbEntity
  8
RBAR-T8-B
100
AcDbVertex
100
AcDb3dPolylineVertex
 10
3297.0
 20
34.0
 30
1905.2
 70
32
  0
VERTEX
  5
D03
330
17
100
AcDbEntity
  8
RBAR-T8-B
100
AcDbVertex
100
AcDb3dPolylineVertex
 10
3299.8
 20
34.0
 30
1906.6
 70
32
  0
VERTEX
  5
D04
330
17
100
AcDbEntity
  8
RBAR-T8-B
100
AcDbVertex
100
AcDb3dPolylineVertex
 10
3302.7
 20
34.0
 30
1907.5
 70
32
  0
VERTEX
  5
D05
330
17
100
AcDbEntity
  8
RBAR-T8-B
100
AcDbVertex
100
AcDb3dPolylineVertex
 10
3305.8
 20
34.0
 30
1907.8
 70
32
  0
VERTEX
  5
D06
330
17
100
AcDbEntity
  8
RBAR-T8-B
100
AcDbVertex
100
AcDb3dPolylineVertex
 10
3404.7
 20
34.0
 30
1907.8
 70
32
  0
VERTEX
  5
D07
330
17
100
AcDbEntity
  8
RBAR-T8-B
100
AcDbVertex
100
AcDb3dPolylineVertex
 10
3407.8
 20
34.0
 30
1907.5
 70
32
  0
VERTEX
  5
D08
330
17
100
AcDbEntity
  8
RBAR-T8-B
100
AcDbVertex
100
AcDb3dPolylineVertex
 10
3410.8
 20
34.0
 30
1906.6
 70
32
  0
VERTEX
  5
D09
330
17
100
AcDbEntity
  8
RBAR-T8-B
100
AcDbVertex
100
AcDb3dPolylineVertex
 10
3413.5
 20
34.0
 30
1905.2
 70
32
  0
VERTEX
  5
D0A
330
17
100
AcDbEntity
  8
RBAR-T8-B
100
AcDbVertex
100
AcDb3dPolylineVertex
 10
3415.9
 20
34.0
 30
1903.2
 70
32
  0
VERTEX
  5
D0B
330
17
100
AcDbEntity
  8
RBAR-T8-B
100
AcDbVertex
100
AcDb3dPolylineVertex
 10
3417.9
 20
34.0
 30
1900.8
 70
32
  0
VERTEX
  5
D0C
330
17
100
AcDbEntity
  8
RBAR-T8-B
100
AcDbVertex
100
AcDb3dPolylineVertex
 10
3419.3
 20
34.0
 30
1898.1
 70
32
  0
VERTEX
  5
D0D
330
17
100
AcDbEntity
  8
RBAR-T8-B
100
AcDbVertex
100
AcDb3dPolylineVertex
 10
3420.2
 20
34.0
 30
1895.1
 70
32
  0
VERTEX
  5
D0E
330
17
100
AcDbEntity
  8
RBAR-T8-B
100
AcDbVertex
100
AcDb3dPolylineVertex
 10
3420.5
 20
34.0
 30
1892.0
 70
32
  0
VERTEX
  5
D0F
330
17
100
AcDbEntity
  8
RBAR-T8-B
100
AcDbVertex
100
AcDb3dPolylineVertex
 10
3420.5
 20
34.0
 30
1516.3
 70
32
  0
SEQEND
  5
CFB
330
CFA
100
AcDbEntity
  8
RBAR-T8-B
  0
POLYLINE
  5
D10
330
17
100
AcDbEntity
  8
RBAR-T8-B
100
AcDb3dPolyline
 66
1
 10
0.0
 20
0.0
 30
0.0
 70
8
  0
VERTEX
  5
D12
330
17
100
AcDbEntity
  8
RBAR-T8-B
100
AcDbVertex
100
AcDb3dPolylineVertex
 10
3478.0
 20
34.0
 30
1516.3
 70
32
  0
VERTEX
  5
D13
330
17
100
AcDbEntity
  8
RBAR-T8-B
100
AcDbVertex
100
AcDb3dPolylineVertex
 10
3478.0
 20
34.0
 30
1892.0
 70
32
  0
VERTEX
  5
D14
330
17
100
AcDbEntity
  8
RBAR-T8-B
100
AcDbVertex
100
AcDb3dPolylineVertex
 10
3478.3
 20
34.0
 30
1895.1
 70
32
  0
VERTEX
  5
D15
330
17
100
AcDbEntity
  8
RBAR-T8-B
100
AcDbVertex
100
AcDb3dPolylineVertex
 10
3479.2
 20
34.0
 30
1898.1
 70
32
  0
VERTEX
  5
D16
330
17
100
AcDbEntity
  8
RBAR-T8-B
100
AcDbVertex
100
AcDb3dPolylineVertex
 10
3480.7
 20
34.0
 30
1900.8
 70
32
  0
VERTEX
  5
D17
330
17
100
AcDbEntity
  8
RBAR-T8-B
100
AcDbVertex
100
AcDb3dPolylineVertex
 10
3482.6
 20
34.0
 30
1903.2
 70
32
  0
VERTEX
  5
D18
330
17
100
AcDbEntity
  8
RBAR-T8-B
100
AcDbVertex
100
AcDb3dPolylineVertex
 10
3485.0
 20
34.0
 30
1905.2
 70
32
  0
VERTEX
  5
D19
330
17
100
AcDbEntity
  8
RBAR-T8-B
100
AcDbVertex
100
AcDb3dPolylineVertex
 10
3487.8
 20
34.0
 30
1906.6
 70
32
  0
VERTEX
  5
D1A
330
17
100
AcDbEntity
  8
RBAR-T8-B
100
AcDbVertex
100
AcDb3dPolylineVertex
 10
3490.7
 20
34.0
 30
1907.5
 70
32
  0
VERTEX
  5
D1B
330
17
100
AcDbEntity
  8
RBAR-T8-B
100
AcDbVertex
100
AcDb3dPolylineVertex
 10
3493.8
 20
34.0
 30
1907.8
 70
32
  0
VERTEX
  5
D1C
330
17
100
AcDbEntity
  8
RBAR-T8-B
100
AcDbVertex
100
AcDb3dPolylineVertex
 10
3592.7
 20
34.0
 30
1907.8
 70
32
  0
VERTEX
  5
D1D
330
17
100
AcDbEntity
  8
RBAR-T8-B
100
AcDbVertex
100
AcDb3dPolylineVertex
 10
3595.8
 20
34.0
 30
1907.5
 70
32
  0
VERTEX
  5
D1E
330
17
100
AcDbEntity
  8
RBAR-T8-B
100
AcDbVertex
100
AcDb3dPolylineVertex
 10
3598.8
 20
34.0
 30
1906.6
 70
32
  0
VERTEX
  5
D1F
330
17
100
AcDbEntity
  8
RBAR-T8-B
100
AcDbVertex
100
AcDb3dPolylineVertex
 10
3601.5
 20
34.0
 30
1905.2
 70
32
  0
VERTEX
  5
D20
330
17
100
AcDbEntity
  8
RBAR-T8-B
100
AcDbVertex
100
AcDb3dPolylineVertex
 10
3603.9
 20
34.0
 30
1903.2
 70
32
  0
VERTEX
  5
D21
330
17
100
AcDbEntity
  8
RBAR-T8-B
100
AcDbVertex
100
AcDb3dPolylineVertex
 10
3605.9
 20
34.0
 30
1900.8
 70
32
  0
VERTEX
  5
D22
330
17
100
AcDbEntity
  8
RBAR-T8-B
100
AcDbVertex
100
AcDb3dPolylineVertex
 10
3607.3
 20
34.0
 30
1898.1
 70
32
  0
VERTEX
  5
D23
330
17
100
AcDbEntity
  8
RBAR-T8-B
100
AcDbVertex
100
AcDb3dPolylineVertex
 10
3608.2
 20
34.0
 30
1895.1
 70
32
  0
VERTEX
  5
D24
330
17
100
AcDbEntity
  8
RBAR-T8-B
100
AcDbVertex
100
AcDb3dPolylineVertex
 10
3608.5
 20
34.0
 30
1892.0
 70
32
  0
VERTEX
  5
D25
330
17
100
AcDbEntity
  8
RBAR-T8-B
100
AcDbVertex
100
AcDb3dPolylineVertex
 10
3608.5
 20
34.0
 30
1516.3
 70
32
  0
SEQEND
  5
D11
330
D10
100
AcDbEntity
  8
RBAR-T8-B
  0
POLYLINE
  5
D26
330
17
100
AcDbEntity
  8
RBAR-T8-B
100
AcDb3dPolyline
 66
1
 10
0.0
 20
0.0
 30
0.0
 70
8
  0
VERTEX
  5
D28
330
17
100
AcDbEntity
  8
RBAR-T8-B
100
AcDbVertex
100
AcDb3dPolylineVertex
 10
3629.5
 20
34.0
 30
1516.3
 70
32
  0
VERTEX
  5
D29
330
17
100
AcDbEntity
  8
RBAR-T8-B
100
AcDbVertex
100
AcDb3dPolylineVertex
 10
3629.5
 20
34.0
 30
1892.0
 70
32
  0
VERTEX
  5
D2A
330
17
100
AcDbEntity
  8
RBAR-T8-B
100
AcDbVertex
100
AcDb3dPolylineVertex
 10
3629.8
 20
34.0
 30
1895.1
 70
32
  0
VERTEX
  5
D2B
330
17
100
AcDbEntity
  8
RBAR-T8-B
100
AcDbVertex
100
AcDb3dPolylineVertex
 10
3630.7
 20
34.0
 30
1898.1
 70
32
  0
VERTEX
  5
D2C
330
17
100
AcDbEntity
  8
RBAR-T8-B
100
AcDbVertex
100
AcDb3dPolylineVertex
 10
3632.1
 20
34.0
 30
1900.8
 70
32
  0
VERTEX
  5
D2D
330
17
100
AcDbEntity
  8
RBAR-T8-B
100
AcDbVertex
100
AcDb3dPolylineVertex
 10
3634.1
 20
34.0
 30
1903.2
 70
32
  0
VERTEX
  5
D2E
330
17
100
AcDbEntity
  8
RBAR-T8-B
100
AcDbVertex
100
AcDb3dPolylineVertex
 10
3636.5
 20
34.0
 30
1905.2
 70
32
  0
VERTEX
  5
D2F
330
17
100
AcDbEntity
  8
RBAR-T8-B
100
AcDbVertex
100
AcDb3dPolylineVertex
 10
3639.2
 20
34.0
 30
1906.6
 70
32
  0
VERTEX
  5
D30
330
17
100
AcDbEntity
  8
RBAR-T8-B
100
AcDbVertex
100
AcDb3dPolylineVertex
 10
3642.2
 20
34.0
 30
1907.5
 70
32
  0
VERTEX
  5
D31
330
17
100
AcDbEntity
  8
RBAR-T8-B
100
AcDbVertex
100
AcDb3dPolylineVertex
 10
3645.3
 20
34.0
 30
1907.8
 70
32
  0
VERTEX
  5
D32
330
17
100
AcDbEntity
  8
RBAR-T8-B
100
AcDbVertex
100
AcDb3dPolylineVertex
 10
3744.2
 20
34.0
 30
1907.8
 70
32
  0
VERTEX
  5
D33
330
17
100
AcDbEntity
  8
RBAR-T8-B
100
AcDbVertex
100
AcDb3dPolylineVertex
 10
3747.3
 20
34.0
 30
1907.5
 70
32
  0
VERTEX
  5
D34
330
17
100
AcDbEntity
  8
RBAR-T8-B
100
AcDbVertex
100
AcDb3dPolylineVertex
 10
3750.2
 20
34.0
 30
1906.6
 70
32
  0
VERTEX
  5
D35
330
17
100
AcDbEntity
  8
RBAR-T8-B
100
AcDbVertex
100
AcDb3dPolylineVertex
 10
3753.0
 20
34.0
 30
1905.2
 70
32
  0
VERTEX
  5
D36
330
17
100
AcDbEntity
  8
RBAR-T8-B
100
AcDbVertex
100
AcDb3dPolylineVertex
 10
3755.4
 20
34.0
 30
1903.2
 70
32
  0
VERTEX
  5
D37
330
17
100
AcDbEntity
  8
RBAR-T8-B
100
AcDbVertex
100
AcDb3dPolylineVertex
 10
3757.3
 20
34.0
 30
1900.8
 70
32
  0
VERTEX
  5
D38
330
17
100
AcDbEntity
  8
RBAR-T8-B
100
AcDbVertex
100
AcDb3dPolylineVertex
 10
3758.8
 20
34.0
 30
1898.1
 70
32
  0
VERTEX
  5
D39
330
17
100
AcDbEntity
  8
RBAR-T8-B
100
AcDbVertex
100
AcDb3dPolylineVertex
 10
3759.7
 20
34.0
 30
1895.1
 70
32
  0
VERTEX
  5
D3A
330
17
100
AcDbEntity
  8
RBAR-T8-B
100
AcDbVertex
100
AcDb3dPolylineVertex
 10
3760.0
 20
34.0
 30
1892.0
 70
32
  0
VERTEX
  5
D3B
330
17
100
AcDbEntity
  8
RBAR-T8-B
100
AcDbVertex
100
AcDb3dPolylineVertex
 10
3760.0
 20
34.0
 30
1516.3
 70
32
  0
SEQEND
  5
D27
330
D26
100
AcDbEntity
  8
RBAR-T8-B
  0
POLYLINE
  5
D3C
330
17
100
AcDbEntity
  8
RBAR-T8-B
100
AcDb3dPolyline
 66
1
 10
0.0
 20
0.0
 30
0.0
 70
8
  0
VERTEX
  5
D3E
330
17
100
AcDbEntity
  8
RBAR-T8-B
100
AcDbVertex
100
AcDb3dPolylineVertex
 10
98.9
 20
34.0
 30
2010.3
 70
32
  0
VERTEX
  5
D3F
330
17
100
AcDbEntity
  8
RBAR-T8-B
100
AcDbVertex
100
AcDb3dPolylineVertex
 10
98.9
 20
34.0
 30
2386.1
 70
32
  0
VERTEX
  5
D40
330
17
100
AcDbEntity
  8
RBAR-T8-B
100
AcDbVertex
100
AcDb3dPolylineVertex
 10
99.3
 20
34.0
 30
2389.2
 70
32
  0
VERTEX
  5
D41
330
17
100
AcDbEntity
  8
RBAR-T8-B
100
AcDbVertex
100
AcDb3dPolylineVertex
 10
100.2
 20
34.0
 30
2392.1
 70
32
  0
VERTEX
  5
D42
330
17
100
AcDbEntity
  8
RBAR-T8-B
100
AcDbVertex
100
AcDb3dPolylineVertex
 10
101.6
 20
34.0
 30
2394.9
 70
32
  0
VERTEX
  5
D43
330
17
100
AcDbEntity
  8
RBAR-T8-B
100
AcDbVertex
100
AcDb3dPolylineVertex
 10
103.6
 20
34.0
 30
2397.3
 70
32
  0
VERTEX
  5
D44
330
17
100
AcDbEntity
  8
RBAR-T8-B
100
AcDbVertex
100
AcDb3dPolylineVertex
 10
106.0
 20
34.0
 30
2399.2
 70
32
  0
VERTEX
  5
D45
330
17
100
AcDbEntity
  8
RBAR-T8-B
100
AcDbVertex
100
AcDb3dPolylineVertex
 10
108.7
 20
34.0
 30
2400.7
 70
32
  0
VERTEX
  5
D46
330
17
100
AcDbEntity
  8
RBAR-T8-B
100
AcDbVertex
100
AcDb3dPolylineVertex
 10
111.7
 20
34.0
 30
2401.6
 70
32
  0
VERTEX
  5
D47
330
17
100
AcDbEntity
  8
RBAR-T8-B
100
AcDbVertex
100
AcDb3dPolylineVertex
 10
114.8
 20
34.0
 30
2401.9
 70
32
  0
VERTEX
  5
D48
330
17
100
AcDbEntity
  8
RBAR-T8-B
100
AcDbVertex
100
AcDb3dPolylineVertex
 10
213.6
 20
34.0
 30
2401.9
 70
32
  0
VERTEX
  5
D49
330
17
100
AcDbEntity
  8
RBAR-T8-B
100
AcDbVertex
100
AcDb3dPolylineVertex
 10
216.7
 20
34.0
 30
2401.6
 70
32
  0
VERTEX
  5
D4A
330
17
100
AcDbEntity
  8
RBAR-T8-B
100
AcDbVertex
100
AcDb3dPolylineVertex
 10
219.7
 20
34.0
 30
2400.7
 70
32
  0
VERTEX
  5
D4B
330
17
100
AcDbEntity
  8
RBAR-T8-B
100
AcDbVertex
100
AcDb3dPolylineVertex
 10
222.4
 20
34.0
 30
2399.2
 70
32
  0
VERTEX
  5
D4C
330
17
100
AcDbEntity
  8
RBAR-T8-B
100
AcDbVertex
100
AcDb3dPolylineVertex
 10
224.8
 20
34.0
 30
2397.3
 70
32
  0
VERTEX
  5
D4D
330
17
100
AcDbEntity
  8
RBAR-T8-B
100
AcDbVertex
100
AcDb3dPolylineVertex
 10
226.8
 20
34.0
 30
2394.9
 70
32
  0
VERTEX
  5
D4E
330
17
100
AcDbEntity
  8
RBAR-T8-B
100
AcDbVertex
100
AcDb3dPolylineVertex
 10
228.3
 20
34.0
 30
2392.1
 70
32
  0
VERTEX
  5
D4F
330
17
100
AcDbEntity
  8
RBAR-T8-B
100
AcDbVertex
100
AcDb3dPolylineVertex
 10
229.2
 20
34.0
 30
2389.2
 70
32
  0
VERTEX
  5
D50
330
17
100
AcDbEntity
  8
RBAR-T8-B
100
AcDbVertex
100
AcDb3dPolylineVertex
 10
229.5
 20
34.0
 30
2386.1
 70
32
  0
VERTEX
  5
D51
330
17
100
AcDbEntity
  8
RBAR-T8-B
100
AcDbVertex
100
AcDb3dPolylineVertex
 10
229.5
 20
34.0
 30
2010.3
 70
32
  0
SEQEND
  5
D3D
330
D3C
100
AcDbEntity
  8
RBAR-T8-B
  0
POLYLINE
  5
D52
330
17
100
AcDbEntity
  8
RBAR-T8-B
100
AcDb3dPolyline
 66
1
 10
0.0
 20
0.0
 30
0.0
 70
8
  0
VERTEX
  5
D54
330
17
100
AcDbEntity
  8
RBAR-T8-B
100
AcDbVertex
100
AcDb3dPolylineVertex
 10
296.8
 20
34.0
 30
2010.3
 70
32
  0
VERTEX
  5
D55
330
17
100
AcDbEntity
  8
RBAR-T8-B
100
AcDbVertex
100
AcDb3dPolylineVertex
 10
296.8
 20
34.0
 30
2386.1
 70
32
  0
VERTEX
  5
D56
330
17
100
AcDbEntity
  8
RBAR-T8-B
100
AcDbVertex
100
AcDb3dPolylineVertex
 10
297.1
 20
34.0
 30
2389.2
 70
32
  0
VERTEX
  5
D57
330
17
100
AcDbEntity
  8
RBAR-T8-B
100
AcDbVertex
100
AcDb3dPolylineVertex
 10
298.0
 20
34.0
 30
2392.1
 70
32
  0
VERTEX
  5
D58
330
17
100
AcDbEntity
  8
RBAR-T8-B
100
AcDbVertex
100
AcDb3dPolylineVertex
 10
299.5
 20
34.0
 30
2394.9
 70
32
  0
VERTEX
  5
D59
330
17
100
AcDbEntity
  8
RBAR-T8-B
100
AcDbVertex
100
AcDb3dPolylineVertex
 10
301.5
 20
34.0
 30
2397.3
 70
32
  0
VERTEX
  5
D5A
330
17
100
AcDbEntity
  8
RBAR-T8-B
100
AcDbVertex
100
AcDb3dPolylineVertex
 10
303.9
 20
34.0
 30
2399.2
 70
32
  0
VERTEX
  5
D5B
330
17
100
AcDbEntity
  8
RBAR-T8-B
100
AcDbVertex
100
AcDb3dPolylineVertex
 10
306.6
 20
34.0
 30
2400.7
 70
32
  0
VERTEX
  5
D5C
330
17
100
AcDbEntity
  8
RBAR-T8-B
100
AcDbVertex
100
AcDb3dPolylineVertex
 10
309.6
 20
34.0
 30
2401.6
 70
32
  0
VERTEX
  5
D5D
330
17
100
AcDbEntity
  8
RBAR-T8-B
100
AcDbVertex
100
AcDb3dPolylineVertex
 10
312.7
 20
34.0
 30
2401.9
 70
32
  0
VERTEX
  5
D5E
330
17
100
AcDbEntity
  8
RBAR-T8-B
100
AcDbVertex
100
AcDb3dPolylineVertex
 10
411.5
 20
34.0
 30
2401.9
 70
32
  0
VERTEX
  5
D5F
330
17
100
AcDbEntity
  8
RBAR-T8-B
100
AcDbVertex
100
AcDb3dPolylineVertex
 10
414.6
 20
34.0
 30
2401.6
 70
32
  0
VERTEX
  5
D60
330
17
100
AcDbEntity
  8
RBAR-T8-B
100
AcDbVertex
100
AcDb3dPolylineVertex
 10
417.6
 20
34.0
 30
2400.7
 70
32
  0
VERTEX
  5
D61
330
17
100
AcDbEntity
  8
RBAR-T8-B
100
AcDbVertex
100
AcDb3dPolylineVertex
 10
420.3
 20
34.0
 30
2399.2
 70
32
  0
VERTEX
  5
D62
330
17
100
AcDbEntity
  8
RBAR-T8-B
100
AcDbVertex
100
AcDb3dPolylineVertex
 10
422.7
 20
34.0
 30
2397.3
 70
32
  0
VERTEX
  5
D63
330
17
100
AcDbEntity
  8
RBAR-T8-B
100
AcDbVertex
100
AcDb3dPolylineVertex
 10
424.7
 20
34.0
 30
2394.9
 70
32
  0
VERTEX
  5
D64
330
17
100
AcDbEntity
  8
RBAR-T8-B
100
AcDbVertex
100
AcDb3dPolylineVertex
 10
426.2
 20
34.0
 30
2392.1
 70
32
  0
VERTEX
  5
D65
330
17
100
AcDbEntity
  8
RBAR-T8-B
100
AcDbVertex
100
AcDb3dPolylineVertex
 10
427.1
 20
34.0
 30
2389.2
 70
32
  0
VERTEX
  5
D66
330
17
100
AcDbEntity
  8
RBAR-T8-B
100
AcDbVertex
100
AcDb3dPolylineVertex
 10
427.4
 20
34.0
 30
2386.1
 70
32
  0
VERTEX
  5
D67
330
17
100
AcDbEntity
  8
RBAR-T8-B
100
AcDbVertex
100
AcDb3dPolylineVertex
 10
427.4
 20
34.0
 30
2010.3
 70
32
  0
SEQEND
  5
D53
330
D52
100
AcDbEntity
  8
RBAR-T8-B
  0
POLYLINE
  5
D68
330
17
100
AcDbEntity
  8
RBAR-T8-B
100
AcDb3dPolyline
 66
1
 10
0.0
 20
0.0
 30
0.0
 70
8
  0
VERTEX
  5
D6A
330
17
100
AcDbEntity
  8
RBAR-T8-B
100
AcDbVertex
100
AcDb3dPolylineVertex
 10
494.7
 20
34.0
 30
2010.3
 70
32
  0
VERTEX
  5
D6B
330
17
100
AcDbEntity
  8
RBAR-T8-B
100
AcDbVertex
100
AcDb3dPolylineVertex
 10
494.7
 20
34.0
 30
2386.1
 70
32
  0
VERTEX
  5
D6C
330
17
100
AcDbEntity
  8
RBAR-T8-B
100
AcDbVertex
100
AcDb3dPolylineVertex
 10
495.0
 20
34.0
 30
2389.2
 70
32
  0
VERTEX
  5
D6D
330
17
100
AcDbEntity
  8
RBAR-T8-B
100
AcDbVertex
100
AcDb3dPolylineVertex
 10
495.9
 20
34.0
 30
2392.1
 70
32
  0
VERTEX
  5
D6E
330
17
100
AcDbEntity
  8
RBAR-T8-B
100
AcDbVertex
100
AcDb3dPolylineVertex
 10
497.4
 20
34.0
 30
2394.9
 70
32
  0
VERTEX
  5
D6F
330
17
100
AcDbEntity
  8
RBAR-T8-B
100
AcDbVertex
100
AcDb3dPolylineVertex
 10
499.4
 20
34.0
 30
2397.3
 70
32
  0
VERTEX
  5
D70
330
17
100
AcDbEntity
  8
RBAR-T8-B
100
AcDbVertex
100
AcDb3dPolylineVertex
 10
501.8
 20
34.0
 30
2399.2
 70
32
  0
VERTEX
  5
D71
330
17
100
AcDbEntity
  8
RBAR-T8-B
100
AcDbVertex
100
AcDb3dPolylineVertex
 10
504.5
 20
34.0
 30
2400.7
 70
32
  0
VERTEX
  5
D72
330
17
100
AcDbEntity
  8
RBAR-T8-B
100
AcDbVertex
100
AcDb3dPolylineVertex
 10
507.5
 20
34.0
 30
2401.6
 70
32
  0
VERTEX
  5
D73
330
17
100
AcDbEntity
  8
RBAR-T8-B
100
AcDbVertex
100
AcDb3dPolylineVertex
 10
510.6
 20
34.0
 30
2401.9
 70
32
  0
VERTEX
  5
D74
330
17
100
AcDbEntity
  8
RBAR-T8-B
100
AcDbVertex
100
AcDb3dPolylineVertex
 10
609.4
 20
34.0
 30
2401.9
 70
32
  0
VERTEX
  5
D75
330
17
100
AcDbEntity
  8
RBAR-T8-B
100
AcDbVertex
100
AcDb3dPolylineVertex
 10
612.5
 20
34.0
 30
2401.6
 70
32
  0
VERTEX
  5
D76
330
17
100
AcDbEntity
  8
RBAR-T8-B
100
AcDbVertex
100
AcDb3dPolylineVertex
 10
615.5
 20
34.0
 30
2400.7
 70
32
  0
VERTEX
  5
D77
330
17
100
AcDbEntity
  8
RBAR-T8-B
100
AcDbVertex
100
AcDb3dPolylineVertex
 10
618.2
 20
34.0
 30
2399.2
 70
32
  0
VERTEX
  5
D78
330
17
100
AcDbEntity
  8
RBAR-T8-B
100
AcDbVertex
100
AcDb3dPolylineVertex
 10
620.6
 20
34.0
 30
2397.3
 70
32
  0
VERTEX
  5
D79
330
17
100
AcDbEntity
  8
RBAR-T8-B
100
AcDbVertex
100
AcDb3dPolylineVertex
 10
622.6
 20
34.0
 30
2394.9
 70
32
  0
VERTEX
  5
D7A
330
17
100
AcDbEntity
  8
RBAR-T8-B
100
AcDbVertex
100
AcDb3dPolylineVertex
 10
624.1
 20
34.0
 30
2392.1
 70
32
  0
VERTEX
  5
D7B
330
17
100
AcDbEntity
  8
RBAR-T8-B
100
AcDbVertex
100
AcDb3dPolylineVertex
 10
625.0
 20
34.0
 30
2389.2
 70
32
  0
VERTEX
  5
D7C
330
17
100
AcDbEntity
  8
RBAR-T8-B
100
AcDbVertex
100
AcDb3dPolylineVertex
 10
625.3
 20
34.0
 30
2386.1
 70
32
  0
VERTEX
  5
D7D
330
17
100
AcDbEntity
  8
RBAR-T8-B
100
AcDbVertex
100
AcDb3dPolylineVertex
 10
625.3
 20
34.0
 30
2010.3
 70
32
  0
SEQEND
  5
D69
330
D68
100
AcDbEntity
  8
RBAR-T8-B
  0
POLYLINE
  5
D7E
330
17
100
AcDbEntity
  8
RBAR-T8-B
100
AcDb3dPolyline
 66
1
 10
0.0
 20
0.0
 30
0.0
 70
8
  0
VERTEX
  5
D80
330
17
100
AcDbEntity
  8
RBAR-T8-B
100
AcDbVertex
100
AcDb3dPolylineVertex
 10
692.6
 20
34.0
 30
2010.3
 70
32
  0
VERTEX
  5
D81
330
17
100
AcDbEntity
  8
RBAR-T8-B
100
AcDbVertex
100
AcDb3dPolylineVertex
 10
692.6
 20
34.0
 30
2386.1
 70
32
  0
VERTEX
  5
D82
330
17
100
AcDbEntity
  8
RBAR-T8-B
100
AcDbVertex
100
AcDb3dPolylineVertex
 10
692.9
 20
34.0
 30
2389.2
 70
32
  0
VERTEX
  5
D83
330
17
100
AcDbEntity
  8
RBAR-T8-B
100
AcDbVertex
100
AcDb3dPolylineVertex
 10
693.8
 20
34.0
 30
2392.1
 70
32
  0
VERTEX
  5
D84
330
17
100
AcDbEntity
  8
RBAR-T8-B
100
AcDbVertex
100
AcDb3dPolylineVertex
 10
695.3
 20
34.0
 30
2394.9
 70
32
  0
VERTEX
  5
D85
330
17
100
AcDbEntity
  8
RBAR-T8-B
100
AcDbVertex
100
AcDb3dPolylineVertex
 10
697.3
 20
34.0
 30
2397.3
 70
32
  0
VERTEX
  5
D86
330
17
100
AcDbEntity
  8
RBAR-T8-B
100
AcDbVertex
100
AcDb3dPolylineVertex
 10
699.7
 20
34.0
 30
2399.2
 70
32
  0
VERTEX
  5
D87
330
17
100
AcDbEntity
  8
RBAR-T8-B
100
AcDbVertex
100
AcDb3dPolylineVertex
 10
702.4
 20
34.0
 30
2400.7
 70
32
  0
VERTEX
  5
D88
330
17
100
AcDbEntity
  8
RBAR-T8-B
100
AcDbVertex
100
AcDb3dPolylineVertex
 10
705.4
 20
34.0
 30
2401.6
 70
32
  0
VERTEX
  5
D89
330
17
100
AcDbEntity
  8
RBAR-T8-B
100
AcDbVertex
100
AcDb3dPolylineVertex
 10
708.5
 20
34.0
 30
2401.9
 70
32
  0
VERTEX
  5
D8A
330
17
100
AcDbEntity
  8
RBAR-T8-B
100
AcDbVertex
100
AcDb3dPolylineVertex
 10
807.3
 20
34.0
 30
2401.9
 70
32
  0
VERTEX
  5
D8B
330
17
100
AcDbEntity
  8
RBAR-T8-B
100
AcDbVertex
100
AcDb3dPolylineVertex
 10
810.4
 20
34.0
 30
2401.6
 70
32
  0
VERTEX
  5
D8C
330
17
100
AcDbEntity
  8
RBAR-T8-B
100
AcDbVertex
100
AcDb3dPolylineVertex
 10
813.4
 20
34.0
 30
2400.7
 70
32
  0
VERTEX
  5
D8D
330
17
100
AcDbEntity
  8
RBAR-T8-B
100
AcDbVertex
100
AcDb3dPolylineVertex
 10
816.1
 20
34.0
 30
2399.2
 70
32
  0
VERTEX
  5
D8E
330
17
100
AcDbEntity
  8
RBAR-T8-B
100
AcDbVertex
100
AcDb3dPolylineVertex
 10
818.5
 20
34.0
 30
2397.3
 70
32
  0
VERTEX
  5
D8F
330
17
100
AcDbEntity
  8
RBAR-T8-B
100
AcDbVertex
100
AcDb3dPolylineVertex
 10
820.5
 20
34.0
 30
2394.9
 70
32
  0
VERTEX
  5
D90
330
17
100
AcDbEntity
  8
RBAR-T8-B
100
AcDbVertex
100
AcDb3dPolylineVertex
 10
822.0
 20
34.0
 30
2392.1
 70
32
  0
VERTEX
  5
D91
330
17
100
AcDbEntity
  8
RBAR-T8-B
100
AcDbVertex
100
AcDb3dPolylineVertex
 10
822.9
 20
34.0
 30
2389.2
 70
32
  0
VERTEX
  5
D92
330
17
100
AcDbEntity
  8
RBAR-T8-B
100
AcDbVertex
100
AcDb3dPolylineVertex
 10
823.2
 20
34.0
 30
2386.1
 70
32
  0
VERTEX
  5
D93
330
17
100
AcDbEntity
  8
RBAR-T8-B
100
AcDbVertex
100
AcDb3dPolylineVertex
 10
823.2
 20
34.0
 30
2010.3
 70
32
  0
SEQEND
  5
D7F
330
D7E
100
AcDbEntity
  8
RBAR-T8-B
  0
POLYLINE
  5
D94
330
17
100
AcDbEntity
  8
RBAR-T8-B
100
AcDb3dPolyline
 66
1
 10
0.0
 20
0.0
 30
0.0
 70
8
  0
VERTEX
  5
D96
330
17
100
AcDbEntity
  8
RBAR-T8-B
100
AcDbVertex
100
AcDb3dPolylineVertex
 10
890.5
 20
34.0
 30
2010.3
 70
32
  0
VERTEX
  5
D97
330
17
100
AcDbEntity
  8
RBAR-T8-B
100
AcDbVertex
100
AcDb3dPolylineVertex
 10
890.5
 20
34.0
 30
2386.1
 70
32
  0
VERTEX
  5
D98
330
17
100
AcDbEntity
  8
RBAR-T8-B
100
AcDbVertex
100
AcDb3dPolylineVertex
 10
890.8
 20
34.0
 30
2389.2
 70
32
  0
VERTEX
  5
D99
330
17
100
AcDbEntity
  8
RBAR-T8-B
100
AcDbVertex
100
AcDb3dPolylineVertex
 10
891.7
 20
34.0
 30
2392.1
 70
32
  0
VERTEX
  5
D9A
330
17
100
AcDbEntity
  8
RBAR-T8-B
100
AcDbVertex
100
AcDb3dPolylineVertex
 10
893.2
 20
34.0
 30
2394.9
 70
32
  0
VERTEX
  5
D9B
330
17
100
AcDbEntity
  8
RBAR-T8-B
100
AcDbVertex
100
AcDb3dPolylineVertex
 10
895.2
 20
34.0
 30
2397.3
 70
32
  0
VERTEX
  5
D9C
330
17
100
AcDbEntity
  8
RBAR-T8-B
100
AcDbVertex
100
AcDb3dPolylineVertex
 10
897.6
 20
34.0
 30
2399.2
 70
32
  0
VERTEX
  5
D9D
330
17
100
AcDbEntity
  8
RBAR-T8-B
100
AcDbVertex
100
AcDb3dPolylineVertex
 10
900.3
 20
34.0
 30
2400.7
 70
32
  0
VERTEX
  5
D9E
330
17
100
AcDbEntity
  8
RBAR-T8-B
100
AcDbVertex
100
AcDb3dPolylineVertex
 10
903.3
 20
34.0
 30
2401.6
 70
32
  0
VERTEX
  5
D9F
330
17
100
AcDbEntity
  8
RBAR-T8-B
100
AcDbVertex
100
AcDb3dPolylineVertex
 10
906.3
 20
34.0
 30
2401.9
 70
32
  0
VERTEX
  5
DA0
330
17
100
AcDbEntity
  8
RBAR-T8-B
100
AcDbVertex
100
AcDb3dPolylineVertex
 10
1005.2
 20
34.0
 30
2401.9
 70
32
  0
VERTEX
  5
DA1
330
17
100
AcDbEntity
  8
RBAR-T8-B
100
AcDbVertex
100
AcDb3dPolylineVertex
 10
1008.3
 20
34.0
 30
2401.6
 70
32
  0
VERTEX
  5
DA2
330
17
100
AcDbEntity
  8
RBAR-T8-B
100
AcDbVertex
100
AcDb3dPolylineVertex
 10
1011.3
 20
34.0
 30
2400.7
 70
32
  0
VERTEX
  5
DA3
330
17
100
AcDbEntity
  8
RBAR-T8-B
100
AcDbVertex
100
AcDb3dPolylineVertex
 10
1014.0
 20
34.0
 30
2399.2
 70
32
  0
VERTEX
  5
DA4
330
17
100
AcDbEntity
  8
RBAR-T8-B
100
AcDbVertex
100
AcDb3dPolylineVertex
 10
1016.4
 20
34.0
 30
2397.3
 70
32
  0
VERTEX
  5
DA5
330
17
100
AcDbEntity
  8
RBAR-T8-B
100
AcDbVertex
100
AcDb3dPolylineVertex
 10
1018.4
 20
34.0
 30
2394.9
 70
32
  0
VERTEX
  5
DA6
330
17
100
AcDbEntity
  8
RBAR-T8-B
100
AcDbVertex
100
AcDb3dPolylineVertex
 10
1019.8
 20
34.0
 30
2392.1
 70
32
  0
VERTEX
  5
DA7
330
17
100
AcDbEntity
  8
RBAR-T8-B
100
AcDbVertex
100
AcDb3dPolylineVertex
 10
1020.7
 20
34.0
 30
2389.2
 70
32
  0
VERTEX
  5
DA8
330
17
100
AcDbEntity
  8
RBAR-T8-B
100
AcDbVertex
100
AcDb3dPolylineVertex
 10
1021.0
 20
34.0
 30
2386.1
 70
32
  0
VERTEX
  5
DA9
330
17
100
AcDbEntity
  8
RBAR-T8-B
100
AcDbVertex
100
AcDb3dPolylineVertex
 10
1021.0
 20
34.0
 30
2010.3
 70
32
  0
SEQEND
  5
D95
330
D94
100
AcDbEntity
  8
RBAR-T8-B
  0
POLYLINE
  5
DAA
330
17
100
AcDbEntity
  8
RBAR-T8-B
100
AcDb3dPolyline
 66
1
 10
0.0
 20
0.0
 30
0.0
 70
8
  0
VERTEX
  5
DAC
330
17
100
AcDbEntity
  8
RBAR-T8-B
100
AcDbVertex
100
AcDb3dPolylineVertex
 10
1088.4
 20
34.0
 30
2010.3
 70
32
  0
VERTEX
  5
DAD
330
17
100
AcDbEntity
  8
RBAR-T8-B
100
AcDbVertex
100
AcDb3dPolylineVertex
 10
1088.4
 20
34.0
 30
2386.1
 70
32
  0
VERTEX
  5
DAE
330
17
100
AcDbEntity
  8
RBAR-T8-B
100
AcDbVertex
100
AcDb3dPolylineVertex
 10
1088.7
 20
34.0
 30
2389.2
 70
32
  0
VERTEX
  5
DAF
330
17
100
AcDbEntity
  8
RBAR-T8-B
100
AcDbVertex
100
AcDb3dPolylineVertex
 10
1089.6
 20
34.0
 30
2392.1
 70
32
  0
VERTEX
  5
DB0
330
17
100
AcDbEntity
  8
RBAR-T8-B
100
AcDbVertex
100
AcDb3dPolylineVertex
 10
1091.1
 20
34.0
 30
2394.9
 70
32
  0
VERTEX
  5
DB1
330
17
100
AcDbEntity
  8
RBAR-T8-B
100
AcDbVertex
100
AcDb3dPolylineVertex
 10
1093.1
 20
34.0
 30
2397.3
 70
32
  0
VERTEX
  5
DB2
330
17
100
AcDbEntity
  8
RBAR-T8-B
100
AcDbVertex
100
AcDb3dPolylineVertex
 10
1095.5
 20
34.0
 30
2399.2
 70
32
  0
VERTEX
  5
DB3
330
17
100
AcDbEntity
  8
RBAR-T8-B
100
AcDbVertex
100
AcDb3dPolylineVertex
 10
1098.2
 20
34.0
 30
2400.7
 70
32
  0
VERTEX
  5
DB4
330
17
100
AcDbEntity
  8
RBAR-T8-B
100
AcDbVertex
100
AcDb3dPolylineVertex
 10
1101.2
 20
34.0
 30
2401.6
 70
32
  0
VERTEX
  5
DB5
330
17
100
AcDbEntity
  8
RBAR-T8-B
100
AcDbVertex
100
AcDb3dPolylineVertex
 10
1104.2
 20
34.0
 30
2401.9
 70
32
  0
VERTEX
  5
DB6
330
17
100
AcDbEntity
  8
RBAR-T8-B
100
AcDbVertex
100
AcDb3dPolylineVertex
 10
1203.1
 20
34.0
 30
2401.9
 70
32
  0
VERTEX
  5
DB7
330
17
100
AcDbEntity
  8
RBAR-T8-B
100
AcDbVertex
100
AcDb3dPolylineVertex
 10
1206.2
 20
34.0
 30
2401.6
 70
32
  0
VERTEX
  5
DB8
330
17
100
AcDbEntity
  8
RBAR-T8-B
100
AcDbVertex
100
AcDb3dPolylineVertex
 10
1209.2
 20
34.0
 30
2400.7
 70
32
  0
VERTEX
  5
DB9
330
17
100
AcDbEntity
  8
RBAR-T8-B
100
AcDbVertex
100
AcDb3dPolylineVertex
 10
1211.9
 20
34.0
 30
2399.2
 70
32
  0
VERTEX
  5
DBA
330
17
100
AcDbEntity
  8
RBAR-T8-B
100
AcDbVertex
100
AcDb3dPolylineVertex
 10
1214.3
 20
34.0
 30
2397.3
 70
32
  0
VERTEX
  5
DBB
330
17
100
AcDbEntity
  8
RBAR-T8-B
100
AcDbVertex
100
AcDb3dPolylineVertex
 10
1216.3
 20
34.0
 30
2394.9
 70
32
  0
VERTEX
  5
DBC
330
17
100
AcDbEntity
  8
RBAR-T8-B
100
AcDbVertex
100
AcDb3dPolylineVertex
 10
1217.7
 20
34.0
 30
2392.1
 70
32
  0
VERTEX
  5
DBD
330
17
100
AcDbEntity
  8
RBAR-T8-B
100
AcDbVertex
100
AcDb3dPolylineVertex
 10
1218.6
 20
34.0
 30
2389.2
 70
32
  0
VERTEX
  5
DBE
330
17
100
AcDbEntity
  8
RBAR-T8-B
100
AcDbVertex
100
AcDb3dPolylineVertex
 10
1218.9
 20
34.0
 30
2386.1
 70
32
  0
VERTEX
  5
DBF
330
17
100
AcDbEntity
  8
RBAR-T8-B
100
AcDbVertex
100
AcDb3dPolylineVertex
 10
1218.9
 20
34.0
 30
2010.3
 70
32
  0
SEQEND
  5
DAB
330
DAA
100
AcDbEntity
  8
RBAR-T8-B
  0
POLYLINE
  5
DC0
330
17
100
AcDbEntity
  8
RBAR-T8-B
100
AcDb3dPolyline
 66
1
 10
0.0
 20
0.0
 30
0.0
 70
8
  0
VERTEX
  5
DC2
330
17
100
AcDbEntity
  8
RBAR-T8-B
100
AcDbVertex
100
AcDb3dPolylineVertex
 10
1286.3
 20
34.0
 30
2010.3
 70
32
  0
VERTEX
  5
DC3
330
17
100
AcDbEntity
  8
RBAR-T8-B
100
AcDbVertex
100
AcDb3dPolylineVertex
 10
1286.3
 20
34.0
 30
2386.1
 70
32
  0
VERTEX
  5
DC4
330
17
100
AcDbEntity
  8
RBAR-T8-B
100
AcDbVertex
100
AcDb3dPolylineVertex
 10
1286.6
 20
34.0
 30
2389.2
 70
32
  0
VERTEX
  5
DC5
330
17
100
AcDbEntity
  8
RBAR-T8-B
100
AcDbVertex
100
AcDb3dPolylineVertex
 10
1287.5
 20
34.0
 30
2392.1
 70
32
  0
VERTEX
  5
DC6
330
17
100
AcDbEntity
  8
RBAR-T8-B
100
AcDbVertex
100
AcDb3dPolylineVertex
 10
1289.0
 20
34.0
 30
2394.9
 70
32
  0
VERTEX
  5
DC7
330
17
100
AcDbEntity
  8
RBAR-T8-B
100
AcDbVertex
100
AcDb3dPolylineVertex
 10
1290.9
 20
34.0
 30
2397.3
 70
32
  0
VERTEX
  5
DC8
330
17
100
AcDbEntity
  8
RBAR-T8-B
100
AcDbVertex
100
AcDb3dPolylineVertex
 10
1293.3
 20
34.0
 30
2399.2
 70
32
  0
VERTEX
  5
DC9
330
17
100
AcDbEntity
  8
RBAR-T8-B
100
AcDbVertex
100
AcDb3dPolylineVertex
 10
1296.1
 20
34.0
 30
2400.7
 70
32
  0
VERTEX
  5
DCA
330
17
100
AcDbEntity
  8
RBAR-T8-B
100
AcDbVertex
100
AcDb3dPolylineVertex
 10
1299.1
 20
34.0
 30
2401.6
 70
32
  0
VERTEX
  5
DCB
330
17
100
AcDbEntity
  8
RBAR-T8-B
100
AcDbVertex
100
AcDb3dPolylineVertex
 10
1302.1
 20
34.0
 30
2401.9
 70
32
  0
VERTEX
  5
DCC
330
17
100
AcDbEntity
  8
RBAR-T8-B
100
AcDbVertex
100
AcDb3dPolylineVertex
 10
1401.0
 20
34.0
 30
2401.9
 70
32
  0
VERTEX
  5
DCD
330
17
100
AcDbEntity
  8
RBAR-T8-B
100
AcDbVertex
100
AcDb3dPolylineVertex
 10
1404.1
 20
34.0
 30
2401.6
 70
32
  0
VERTEX
  5
DCE
330
17
100
AcDbEntity
  8
RBAR-T8-B
100
AcDbVertex
100
AcDb3dPolylineVertex
 10
1407.1
 20
34.0
 30
2400.7
 70
32
  0
VERTEX
  5
DCF
330
17
100
AcDbEntity
  8
RBAR-T8-B
100
AcDbVertex
100
AcDb3dPolylineVertex
 10
1409.8
 20
34.0
 30
2399.2
 70
32
  0
VERTEX
  5
DD0
330
17
100
AcDbEntity
  8
RBAR-T8-B
100
AcDbVertex
100
AcDb3dPolylineVertex
 10
1412.2
 20
34.0
 30
2397.3
 70
32
  0
VERTEX
  5
DD1
330
17
100
AcDbEntity
  8
RBAR-T8-B
100
AcDbVertex
100
AcDb3dPolylineVertex
 10
1414.2
 20
34.0
 30
2394.9
 70
32
  0
VERTEX
  5
DD2
330
17
100
AcDbEntity
  8
RBAR-T8-B
100
AcDbVertex
100
AcDb3dPolylineVertex
 10
1415.6
 20
34.0
 30
2392.1
 70
32
  0
VERTEX
  5
DD3
330
17
100
AcDbEntity
  8
RBAR-T8-B
100
AcDbVertex
100
AcDb3dPolylineVertex
 10
1416.5
 20
34.0
 30
2389.2
 70
32
  0
VERTEX
  5
DD4
330
17
100
AcDbEntity
  8
RBAR-T8-B
100
AcDbVertex
100
AcDb3dPolylineVertex
 10
1416.8
 20
34.0
 30
2386.1
 70
32
  0
VERTEX
  5
DD5
330
17
100
AcDbEntity
  8
RBAR-T8-B
100
AcDbVertex
100
AcDb3dPolylineVertex
 10
1416.8
 20
34.0
 30
2010.3
 70
32
  0
SEQEND
  5
DC1
330
DC0
100
AcDbEntity
  8
RBAR-T8-B
  0
POLYLINE
  5
DD6
330
17
100
AcDbEntity
  8
RBAR-T8-B
100
AcDb3dPolyline
 66
1
 10
0.0
 20
0.0
 30
0.0
 70
8
  0
VERTEX
  5
DD8
330
17
100
AcDbEntity
  8
RBAR-T8-B
100
AcDbVertex
100
AcDb3dPolylineVertex
 10
1484.2
 20
34.0
 30
2010.3
 70
32
  0
VERTEX
  5
DD9
330
17
100
AcDbEntity
  8
RBAR-T8-B
100
AcDbVertex
100
AcDb3dPolylineVertex
 10
1484.2
 20
34.0
 30
2386.1
 70
32
  0
VERTEX
  5
DDA
330
17
100
AcDbEntity
  8
RBAR-T8-B
100
AcDbVertex
100
AcDb3dPolylineVertex
 10
1484.5
 20
34.0
 30
2389.2
 70
32
  0
VERTEX
  5
DDB
330
17
100
AcDbEntity
  8
RBAR-T8-B
100
AcDbVertex
100
AcDb3dPolylineVertex
 10
1485.4
 20
34.0
 30
2392.1
 70
32
  0
VERTEX
  5
DDC
330
17
100
AcDbEntity
  8
RBAR-T8-B
100
AcDbVertex
100
AcDb3dPolylineVertex
 10
1486.9
 20
34.0
 30
2394.9
 70
32
  0
VERTEX
  5
DDD
330
17
100
AcDbEntity
  8
RBAR-T8-B
100
AcDbVertex
100
AcDb3dPolylineVertex
 10
1488.8
 20
34.0
 30
2397.3
 70
32
  0
VERTEX
  5
DDE
330
17
100
AcDbEntity
  8
RBAR-T8-B
100
AcDbVertex
100
AcDb3dPolylineVertex
 10
1491.2
 20
34.0
 30
2399.2
 70
32
  0
VERTEX
  5
DDF
330
17
100
AcDbEntity
  8
RBAR-T8-B
100
AcDbVertex
100
AcDb3dPolylineVertex
 10
1494.0
 20
34.0
 30
2400.7
 70
32
  0
VERTEX
  5
DE0
330
17
100
AcDbEntity
  8
RBAR-T8-B
100
AcDbVertex
100
AcDb3dPolylineVertex
 10
1496.9
 20
34.0
 30
2401.6
 70
32
  0
VERTEX
  5
DE1
330
17
100
AcDbEntity
  8
RBAR-T8-B
100
AcDbVertex
100
AcDb3dPolylineVertex
 10
1500.0
 20
34.0
 30
2401.9
 70
32
  0
VERTEX
  5
DE2
330
17
100
AcDbEntity
  8
RBAR-T8-B
100
AcDbVertex
100
AcDb3dPolylineVertex
 10
1598.9
 20
34.0
 30
2401.9
 70
32
  0
VERTEX
  5
DE3
330
17
100
AcDbEntity
  8
RBAR-T8-B
100
AcDbVertex
100
AcDb3dPolylineVertex
 10
1602.0
 20
34.0
 30
2401.6
 70
32
  0
VERTEX
  5
DE4
330
17
100
AcDbEntity
  8
RBAR-T8-B
100
AcDbVertex
100
AcDb3dPolylineVertex
 10
1605.0
 20
34.0
 30
2400.7
 70
32
  0
VERTEX
  5
DE5
330
17
100
AcDbEntity
  8
RBAR-T8-B
100
AcDbVertex
100
AcDb3dPolylineVertex
 10
1607.7
 20
34.0
 30
2399.2
 70
32
  0
VERTEX
  5
DE6
330
17
100
AcDbEntity
  8
RBAR-T8-B
100
AcDbVertex
100
AcDb3dPolylineVertex
 10
1610.1
 20
34.0
 30
2397.3
 70
32
  0
VERTEX
  5
DE7
330
17
100
AcDbEntity
  8
RBAR-T8-B
100
AcDbVertex
100
AcDb3dPolylineVertex
 10
1612.1
 20
34.0
 30
2394.9
 70
32
  0
VERTEX
  5
DE8
330
17
100
AcDbEntity
  8
RBAR-T8-B
100
AcDbVertex
100
AcDb3dPolylineVertex
 10
1613.5
 20
34.0
 30
2392.1
 70
32
  0
VERTEX
  5
DE9
330
17
100
AcDbEntity
  8
RBAR-T8-B
100
AcDbVertex
100
AcDb3dPolylineVertex
 10
1614.4
 20
34.0
 30
2389.2
 70
32
  0
VERTEX
  5
DEA
330
17
100
AcDbEntity
  8
RBAR-T8-B
100
AcDbVertex
100
AcDb3dPolylineVertex
 10
1614.7
 20
34.0
 30
2386.1
 70
32
  0
VERTEX
  5
DEB
330
17
100
AcDbEntity
  8
RBAR-T8-B
100
AcDbVertex
100
AcDb3dPolylineVertex
 10
1614.7
 20
34.0
 30
2010.3
 70
32
  0
SEQEND
  5
DD7
330
DD6
100
AcDbEntity
  8
RBAR-T8-B
  0
POLYLINE
  5
DEC
330
17
100
AcDbEntity
  8
RBAR-T8-B
100
AcDb3dPolyline
 66
1
 10
0.0
 20
0.0
 30
0.0
 70
8
  0
VERTEX
  5
DEE
330
17
100
AcDbEntity
  8
RBAR-T8-B
100
AcDbVertex
100
AcDb3dPolylineVertex
 10
1682.1
 20
34.0
 30
2010.3
 70
32
  0
VERTEX
  5
DEF
330
17
100
AcDbEntity
  8
RBAR-T8-B
100
AcDbVertex
100
AcDb3dPolylineVertex
 10
1682.1
 20
34.0
 30
2386.1
 70
32
  0
VERTEX
  5
DF0
330
17
100
AcDbEntity
  8
RBAR-T8-B
100
AcDbVertex
100
AcDb3dPolylineVertex
 10
1682.4
 20
34.0
 30
2389.2
 70
32
  0
VERTEX
  5
DF1
330
17
100
AcDbEntity
  8
RBAR-T8-B
100
AcDbVertex
100
AcDb3dPolylineVertex
 10
1683.3
 20
34.0
 30
2392.1
 70
32
  0
VERTEX
  5
DF2
330
17
100
AcDbEntity
  8
RBAR-T8-B
100
AcDbVertex
100
AcDb3dPolylineVertex
 10
1684.8
 20
34.0
 30
2394.9
 70
32
  0
VERTEX
  5
DF3
330
17
100
AcDbEntity
  8
RBAR-T8-B
100
AcDbVertex
100
AcDb3dPolylineVertex
 10
1686.7
 20
34.0
 30
2397.3
 70
32
  0
VERTEX
  5
DF4
330
17
100
AcDbEntity
  8
RBAR-T8-B
100
AcDbVertex
100
AcDb3dPolylineVertex
 10
1689.1
 20
34.0
 30
2399.2
 70
32
  0
VERTEX
  5
DF5
330
17
100
AcDbEntity
  8
RBAR-T8-B
100
AcDbVertex
100
AcDb3dPolylineVertex
 10
1691.9
 20
34.0
 30
2400.7
 70
32
  0
VERTEX
  5
DF6
330
17
100
AcDbEntity
  8
RBAR-T8-B
100
AcDbVertex
100
AcDb3dPolylineVertex
 10
1694.8
 20
34.0
 30
2401.6
 70
32
  0
VERTEX
  5
DF7
330
17
100
AcDbEntity
  8
RBAR-T8-B
100
AcDbVertex
100
AcDb3dPolylineVertex
 10
1697.9
 20
34.0
 30
2401.9
 70
32
  0
VERTEX
  5
DF8
330
17
100
AcDbEntity
  8
RBAR-T8-B
100
AcDbVertex
100
AcDb3dPolylineVertex
 10
1796.8
 20
34.0
 30
2401.9
 70
32
  0
VERTEX
  5
DF9
330
17
100
AcDbEntity
  8
RBAR-T8-B
100
AcDbVertex
100
AcDb3dPolylineVertex
 10
1799.9
 20
34.0
 30
2401.6
 70
32
  0
VERTEX
  5
DFA
330
17
100
AcDbEntity
  8
RBAR-T8-B
100
AcDbVertex
100
AcDb3dPolylineVertex
 10
1802.9
 20
34.0
 30
2400.7
 70
32
  0
VERTEX
  5
DFB
330
17
100
AcDbEntity
  8
RBAR-T8-B
100
AcDbVertex
100
AcDb3dPolylineVertex
 10
1805.6
 20
34.0
 30
2399.2
 70
32
  0
VERTEX
  5
DFC
330
17
100
AcDbEntity
  8
RBAR-T8-B
100
AcDbVertex
100
AcDb3dPolylineVertex
 10
1808.0
 20
34.0
 30
2397.3
 70
32
  0
VERTEX
  5
DFD
330
17
100
AcDbEntity
  8
RBAR-T8-B
100
AcDbVertex
100
AcDb3dPolylineVertex
 10
1810.0
 20
34.0
 30
2394.9
 70
32
  0
VERTEX
  5
DFE
330
17
100
AcDbEntity
  8
RBAR-T8-B
100
AcDbVertex
100
AcDb3dPolylineVertex
 10
1811.4
 20
34.0
 30
2392.1
 70
32
  0
VERTEX
  5
DFF
330
17
100
AcDbEntity
  8
RBAR-T8-B
100
AcDbVertex
100
AcDb3dPolylineVertex
 10
1812.3
 20
34.0
 30
2389.2
 70
32
  0
VERTEX
  5
E00
330
17
100
AcDbEntity
  8
RBAR-T8-B
100
AcDbVertex
100
AcDb3dPolylineVertex
 10
1812.6
 20
34.0
 30
2386.1
 70
32
  0
VERTEX
  5
E01
330
17
100
AcDbEntity
  8
RBAR-T8-B
100
AcDbVertex
100
AcDb3dPolylineVertex
 10
1812.6
 20
34.0
 30
2010.3
 70
32
  0
SEQEND
  5
DED
330
DEC
100
AcDbEntity
  8
RBAR-T8-B
  0
POLYLINE
  5
E02
330
17
100
AcDbEntity
  8
RBAR-T8-B
100
AcDb3dPolyline
 66
1
 10
0.0
 20
0.0
 30
0.0
 70
8
  0
VERTEX
  5
E04
330
17
100
AcDbEntity
  8
RBAR-T8-B
100
AcDbVertex
100
AcDb3dPolylineVertex
 10
1880.0
 20
34.0
 30
2010.3
 70
32
  0
VERTEX
  5
E05
330
17
100
AcDbEntity
  8
RBAR-T8-B
100
AcDbVertex
100
AcDb3dPolylineVertex
 10
1880.0
 20
34.0
 30
2386.1
 70
32
  0
VERTEX
  5
E06
330
17
100
AcDbEntity
  8
RBAR-T8-B
100
AcDbVertex
100
AcDb3dPolylineVertex
 10
1880.3
 20
34.0
 30
2389.2
 70
32
  0
VERTEX
  5
E07
330
17
100
AcDbEntity
  8
RBAR-T8-B
100
AcDbVertex
100
AcDb3dPolylineVertex
 10
1881.2
 20
34.0
 30
2392.1
 70
32
  0
VERTEX
  5
E08
330
17
100
AcDbEntity
  8
RBAR-T8-B
100
AcDbVertex
100
AcDb3dPolylineVertex
 10
1882.7
 20
34.0
 30
2394.9
 70
32
  0
VERTEX
  5
E09
330
17
100
AcDbEntity
  8
RBAR-T8-B
100
AcDbVertex
100
AcDb3dPolylineVertex
 10
1884.6
 20
34.0
 30
2397.3
 70
32
  0
VERTEX
  5
E0A
330
17
100
AcDbEntity
  8
RBAR-T8-B
100
AcDbVertex
100
AcDb3dPolylineVertex
 10
1887.0
 20
34.0
 30
2399.2
 70
32
  0
VERTEX
  5
E0B
330
17
100
AcDbEntity
  8
RBAR-T8-B
100
AcDbVertex
100
AcDb3dPolylineVertex
 10
1889.8
 20
34.0
 30
2400.7
 70
32
  0
VERTEX
  5
E0C
330
17
100
AcDbEntity
  8
RBAR-T8-B
100
AcDbVertex
100
AcDb3dPolylineVertex
 10
1892.7
 20
34.0
 30
2401.6
 70
32
  0
VERTEX
  5
E0D
330
17
100
AcDbEntity
  8
RBAR-T8-B
100
AcDbVertex
100
AcDb3dPolylineVertex
 10
1895.8
 20
34.0
 30
2401.9
 70
32
  0
VERTEX
  5
E0E
330
17
100
AcDbEntity
  8
RBAR-T8-B
100
AcDbVertex
100
AcDb3dPolylineVertex
 10
1994.7
 20
34.0
 30
2401.9
 70
32
  0
VERTEX
  5
E0F
330
17
100
AcDbEntity
  8
RBAR-T8-B
100
AcDbVertex
100
AcDb3dPolylineVertex
 10
1997.8
 20
34.0
 30
2401.6
 70
32
  0
VERTEX
  5
E10
330
17
100
AcDbEntity
  8
RBAR-T8-B
100
AcDbVertex
100
AcDb3dPolylineVertex
 10
2000.8
 20
34.0
 30
2400.7
 70
32
  0
VERTEX
  5
E11
330
17
100
AcDbEntity
  8
RBAR-T8-B
100
AcDbVertex
100
AcDb3dPolylineVertex
 10
2003.5
 20
34.0
 30
2399.2
 70
32
  0
VERTEX
  5
E12
330
17
100
AcDbEntity
  8
RBAR-T8-B
100
AcDbVertex
100
AcDb3dPolylineVertex
 10
2005.9
 20
34.0
 30
2397.3
 70
32
  0
VERTEX
  5
E13
330
17
100
AcDbEntity
  8
RBAR-T8-B
100
AcDbVertex
100
AcDb3dPolylineVertex
 10
2007.9
 20
34.0
 30
2394.9
 70
32
  0
VERTEX
  5
E14
330
17
100
AcDbEntity
  8
RBAR-T8-B
100
AcDbVertex
100
AcDb3dPolylineVertex
 10
2009.3
 20
34.0
 30
2392.1
 70
32
  0
VERTEX
  5
E15
330
17
100
AcDbEntity
  8
RBAR-T8-B
100
AcDbVertex
100
AcDb3dPolylineVertex
 10
2010.2
 20
34.0
 30
2389.2
 70
32
  0
VERTEX
  5
E16
330
17
100
AcDbEntity
  8
RBAR-T8-B
100
AcDbVertex
100
AcDb3dPolylineVertex
 10
2010.5
 20
34.0
 30
2386.1
 70
32
  0
VERTEX
  5
E17
330
17
100
AcDbEntity
  8
RBAR-T8-B
100
AcDbVertex
100
AcDb3dPolylineVertex
 10
2010.5
 20
34.0
 30
2010.3
 70
32
  0
SEQEND
  5
E03
330
E02
100
AcDbEntity
  8
RBAR-T8-B
  0
POLYLINE
  5
E18
330
17
100
AcDbEntity
  8
RBAR-T8-B
100
AcDb3dPolyline
 66
1
 10
0.0
 20
0.0
 30
0.0
 70
8
  0
VERTEX
  5
E1A
330
17
100
AcDbEntity
  8
RBAR-T8-B
100
AcDbVertex
100
AcDb3dPolylineVertex
 10
2077.9
 20
34.0
 30
2010.3
 70
32
  0
VERTEX
  5
E1B
330
17
100
AcDbEntity
  8
RBAR-T8-B
100
AcDbVertex
100
AcDb3dPolylineVertex
 10
2077.9
 20
34.0
 30
2386.1
 70
32
  0
VERTEX
  5
E1C
330
17
100
AcDbEntity
  8
RBAR-T8-B
100
AcDbVertex
100
AcDb3dPolylineVertex
 10
2078.2
 20
34.0
 30
2389.2
 70
32
  0
VERTEX
  5
E1D
330
17
100
AcDbEntity
  8
RBAR-T8-B
100
AcDbVertex
100
AcDb3dPolylineVertex
 10
2079.1
 20
34.0
 30
2392.1
 70
32
  0
VERTEX
  5
E1E
330
17
100
AcDbEntity
  8
RBAR-T8-B
100
AcDbVertex
100
AcDb3dPolylineVertex
 10
2080.6
 20
34.0
 30
2394.9
 70
32
  0
VERTEX
  5
E1F
330
17
100
AcDbEntity
  8
RBAR-T8-B
100
AcDbVertex
100
AcDb3dPolylineVertex
 10
2082.5
 20
34.0
 30
2397.3
 70
32
  0
VERTEX
  5
E20
330
17
100
AcDbEntity
  8
RBAR-T8-B
100
AcDbVertex
100
AcDb3dPolylineVertex
 10
2084.9
 20
34.0
 30
2399.2
 70
32
  0
VERTEX
  5
E21
330
17
100
AcDbEntity
  8
RBAR-T8-B
100
AcDbVertex
100
AcDb3dPolylineVertex
 10
2087.7
 20
34.0
 30
2400.7
 70
32
  0
VERTEX
  5
E22
330
17
100
AcDbEntity
  8
RBAR-T8-B
100
AcDbVertex
100
AcDb3dPolylineVertex
 10
2090.6
 20
34.0
 30
2401.6
 70
32
  0
VERTEX
  5
E23
330
17
100
AcDbEntity
  8
RBAR-T8-B
100
AcDbVertex
100
AcDb3dPolylineVertex
 10
2093.7
 20
34.0
 30
2401.9
 70
32
  0
VERTEX
  5
E24
330
17
100
AcDbEntity
  8
RBAR-T8-B
100
AcDbVertex
100
AcDb3dPolylineVertex
 10
2192.6
 20
34.0
 30
2401.9
 70
32
  0
VERTEX
  5
E25
330
17
100
AcDbEntity
  8
RBAR-T8-B
100
AcDbVertex
100
AcDb3dPolylineVertex
 10
2195.7
 20
34.0
 30
2401.6
 70
32
  0
VERTEX
  5
E26
330
17
100
AcDbEntity
  8
RBAR-T8-B
100
AcDbVertex
100
AcDb3dPolylineVertex
 10
2198.7
 20
34.0
 30
2400.7
 70
32
  0
VERTEX
  5
E27
330
17
100
AcDbEntity
  8
RBAR-T8-B
100
AcDbVertex
100
AcDb3dPolylineVertex
 10
2201.4
 20
34.0
 30
2399.2
 70
32
  0
VERTEX
  5
E28
330
17
100
AcDbEntity
  8
RBAR-T8-B
100
AcDbVertex
100
AcDb3dPolylineVertex
 10
2203.8
 20
34.0
 30
2397.3
 70
32
  0
VERTEX
  5
E29
330
17
100
AcDbEntity
  8
RBAR-T8-B
100
AcDbVertex
100
AcDb3dPolylineVertex
 10
2205.8
 20
34.0
 30
2394.9
 70
32
  0
VERTEX
  5
E2A
330
17
100
AcDbEntity
  8
RBAR-T8-B
100
AcDbVertex
100
AcDb3dPolylineVertex
 10
2207.2
 20
34.0
 30
2392.1
 70
32
  0
VERTEX
  5
E2B
330
17
100
AcDbEntity
  8
RBAR-T8-B
100
AcDbVertex
100
AcDb3dPolylineVertex
 10
2208.1
 20
34.0
 30
2389.2
 70
32
  0
VERTEX
  5
E2C
330
17
100
AcDbEntity
  8
RBAR-T8-B
100
AcDbVertex
100
AcDb3dPolylineVertex
 10
2208.4
 20
34.0
 30
2386.1
 70
32
  0
VERTEX
  5
E2D
330
17
100
AcDbEntity
  8
RBAR-T8-B
100
AcDbVertex
100
AcDb3dPolylineVertex
 10
2208.4
 20
34.0
 30
2010.3
 70
32
  0
SEQEND
  5
E19
330
E18
100
AcDbEntity
  8
RBAR-T8-B
  0
POLYLINE
  5
E2E
330
17
100
AcDbEntity
  8
RBAR-T8-B
100
AcDb3dPolyline
 66
1
 10
0.0
 20
0.0
 30
0.0
 70
8
  0
VERTEX
  5
E30
330
17
100
AcDbEntity
  8
RBAR-T8-B
100
AcDbVertex
100
AcDb3dPolylineVertex
 10
2275.8
 20
34.0
 30
2010.3
 70
32
  0
VERTEX
  5
E31
330
17
100
AcDbEntity
  8
RBAR-T8-B
100
AcDbVertex
100
AcDb3dPolylineVertex
 10
2275.8
 20
34.0
 30
2386.1
 70
32
  0
VERTEX
  5
E32
330
17
100
AcDbEntity
  8
RBAR-T8-B
100
AcDbVertex
100
AcDb3dPolylineVertex
 10
2276.1
 20
34.0
 30
2389.2
 70
32
  0
VERTEX
  5
E33
330
17
100
AcDbEntity
  8
RBAR-T8-B
100
AcDbVertex
100
AcDb3dPolylineVertex
 10
2277.0
 20
34.0
 30
2392.1
 70
32
  0
VERTEX
  5
E34
330
17
100
AcDbEntity
  8
RBAR-T8-B
100
AcDbVertex
100
AcDb3dPolylineVertex
 10
2278.5
 20
34.0
 30
2394.9
 70
32
  0
VERTEX
  5
E35
330
17
100
AcDbEntity
  8
RBAR-T8-B
100
AcDbVertex
100
AcDb3dPolylineVertex
 10
2280.4
 20
34.0
 30
2397.3
 70
32
  0
VERTEX
  5
E36
330
17
100
AcDbEntity
  8
RBAR-T8-B
100
AcDbVertex
100
AcDb3dPolylineVertex
 10
2282.8
 20
34.0
 30
2399.2
 70
32
  0
VERTEX
  5
E37
330
17
100
AcDbEntity
  8
RBAR-T8-B
100
AcDbVertex
100
AcDb3dPolylineVertex
 10
2285.6
 20
34.0
 30
2400.7
 70
32
  0
VERTEX
  5
E38
330
17
100
AcDbEntity
  8
RBAR-T8-B
100
AcDbVertex
100
AcDb3dPolylineVertex
 10
2288.5
 20
34.0
 30
2401.6
 70
32
  0
VERTEX
  5
E39
330
17
100
AcDbEntity
  8
RBAR-T8-B
100
AcDbVertex
100
AcDb3dPolylineVertex
 10
2291.6
 20
34.0
 30
2401.9
 70
32
  0
VERTEX
  5
E3A
330
17
100
AcDbEntity
  8
RBAR-T8-B
100
AcDbVertex
100
AcDb3dPolylineVertex
 10
2390.5
 20
34.0
 30
2401.9
 70
32
  0
VERTEX
  5
E3B
330
17
100
AcDbEntity
  8
RBAR-T8-B
100
AcDbVertex
100
AcDb3dPolylineVertex
 10
2393.6
 20
34.0
 30
2401.6
 70
32
  0
VERTEX
  5
E3C
330
17
100
AcDbEntity
  8
RBAR-T8-B
100
AcDbVertex
100
AcDb3dPolylineVertex
 10
2396.5
 20
34.0
 30
2400.7
 70
32
  0
VERTEX
  5
E3D
330
17
100
AcDbEntity
  8
RBAR-T8-B
100
AcDbVertex
100
AcDb3dPolylineVertex
 10
2399.3
 20
34.0
 30
2399.2
 70
32
  0
VERTEX
  5
E3E
330
17
100
AcDbEntity
  8
RBAR-T8-B
100
AcDbVertex
100
AcDb3dPolylineVertex
 10
2401.7
 20
34.0
 30
2397.3
 70
32
  0
VERTEX
  5
E3F
330
17
100
AcDbEntity
  8
RBAR-T8-B
100
AcDbVertex
100
AcDb3dPolylineVertex
 10
2403.6
 20
34.0
 30
2394.9
 70
32
  0
VERTEX
  5
E40
330
17
100
AcDbEntity
  8
RBAR-T8-B
100
AcDbVertex
100
AcDb3dPolylineVertex
 10
2405.1
 20
34.0
 30
2392.1
 70
32
  0
VERTEX
  5
E41
330
17
100
AcDbEntity
  8
RBAR-T8-B
100
AcDbVertex
100
AcDb3dPolylineVertex
 10
2406.0
 20
34.0
 30
2389.2
 70
32
  0
VERTEX
  5
E42
330
17
100
AcDbEntity
  8
RBAR-T8-B
100
AcDbVertex
100
AcDb3dPolylineVertex
 10
2406.3
 20
34.0
 30
2386.1
 70
32
  0
VERTEX
  5
E43
330
17
100
AcDbEntity
  8
RBAR-T8-B
100
AcDbVertex
100
AcDb3dPolylineVertex
 10
2406.3
 20
34.0
 30
2010.3
 70
32
  0
SEQEND
  5
E2F
330
E2E
100
AcDbEntity
  8
RBAR-T8-B
  0
POLYLINE
  5
E44
330
17
100
AcDbEntity
  8
RBAR-T8-B
100
AcDb3dPolyline
 66
1
 10
0.0
 20
0.0
 30
0.0
 70
8
  0
VERTEX
  5
E46
330
17
100
AcDbEntity
  8
RBAR-T8-B
100
AcDbVertex
100
AcDb3dPolylineVertex
 10
2473.7
 20
34.0
 30
2010.3
 70
32
  0
VERTEX
  5
E47
330
17
100
AcDbEntity
  8
RBAR-T8-B
100
AcDbVertex
100
AcDb3dPolylineVertex
 10
2473.7
 20
34.0
 30
2386.1
 70
32
  0
VERTEX
  5
E48
330
17
100
AcDbEntity
  8
RBAR-T8-B
100
AcDbVertex
100
AcDb3dPolylineVertex
 10
2474.0
 20
34.0
 30
2389.2
 70
32
  0
VERTEX
  5
E49
330
17
100
AcDbEntity
  8
RBAR-T8-B
100
AcDbVertex
100
AcDb3dPolylineVertex
 10
2474.9
 20
34.0
 30
2392.1
 70
32
  0
VERTEX
  5
E4A
330
17
100
AcDbEntity
  8
RBAR-T8-B
100
AcDbVertex
100
AcDb3dPolylineVertex
 10
2476.4
 20
34.0
 30
2394.9
 70
32
  0
VERTEX
  5
E4B
330
17
100
AcDbEntity
  8
RBAR-T8-B
100
AcDbVertex
100
AcDb3dPolylineVertex
 10
2478.3
 20
34.0
 30
2397.3
 70
32
  0
VERTEX
  5
E4C
330
17
100
AcDbEntity
  8
RBAR-T8-B
100
AcDbVertex
100
AcDb3dPolylineVertex
 10
2480.7
 20
34.0
 30
2399.2
 70
32
  0
VERTEX
  5
E4D
330
17
100
AcDbEntity
  8
RBAR-T8-B
100
AcDbVertex
100
AcDb3dPolylineVertex
 10
2483.5
 20
34.0
 30
2400.7
 70
32
  0
VERTEX
  5
E4E
330
17
100
AcDbEntity
  8
RBAR-T8-B
100
AcDbVertex
100
AcDb3dPolylineVertex
 10
2486.4
 20
34.0
 30
2401.6
 70
32
  0
VERTEX
  5
E4F
330
17
100
AcDbEntity
  8
RBAR-T8-B
100
AcDbVertex
100
AcDb3dPolylineVertex
 10
2489.5
 20
34.0
 30
2401.9
 70
32
  0
VERTEX
  5
E50
330
17
100
AcDbEntity
  8
RBAR-T8-B
100
AcDbVertex
100
AcDb3dPolylineVertex
 10
2588.4
 20
34.0
 30
2401.9
 70
32
  0
VERTEX
  5
E51
330
17
100
AcDbEntity
  8
RBAR-T8-B
100
AcDbVertex
100
AcDb3dPolylineVertex
 10
2591.5
 20
34.0
 30
2401.6
 70
32
  0
VERTEX
  5
E52
330
17
100
AcDbEntity
  8
RBAR-T8-B
100
AcDbVertex
100
AcDb3dPolylineVertex
 10
2594.4
 20
34.0
 30
2400.7
 70
32
  0
VERTEX
  5
E53
330
17
100
AcDbEntity
  8
RBAR-T8-B
100
AcDbVertex
100
AcDb3dPolylineVertex
 10
2597.2
 20
34.0
 30
2399.2
 70
32
  0
VERTEX
  5
E54
330
17
100
AcDbEntity
  8
RBAR-T8-B
100
AcDbVertex
100
AcDb3dPolylineVertex
 10
2599.6
 20
34.0
 30
2397.3
 70
32
  0
VERTEX
  5
E55
330
17
100
AcDbEntity
  8
RBAR-T8-B
100
AcDbVertex
100
AcDb3dPolylineVertex
 10
2601.5
 20
34.0
 30
2394.9
 70
32
  0
VERTEX
  5
E56
330
17
100
AcDbEntity
  8
RBAR-T8-B
100
AcDbVertex
100
AcDb3dPolylineVertex
 10
2603.0
 20
34.0
 30
2392.1
 70
32
  0
VERTEX
  5
E57
330
17
100
AcDbEntity
  8
RBAR-T8-B
100
AcDbVertex
100
AcDb3dPolylineVertex
 10
2603.9
 20
34.0
 30
2389.2
 70
32
  0
VERTEX
  5
E58
330
17
100
AcDbEntity
  8
RBAR-T8-B
100
AcDbVertex
100
AcDb3dPolylineVertex
 10
2604.2
 20
34.0
 30
2386.1
 70
32
  0
VERTEX
  5
E59
330
17
100
AcDbEntity
  8
RBAR-T8-B
100
AcDbVertex
100
AcDb3dPolylineVertex
 10
2604.2
 20
34.0
 30
2010.3
 70
32
  0
SEQEND
  5
E45
330
E44
100
AcDbEntity
  8
RBAR-T8-B
  0
POLYLINE
  5
E5A
330
17
100
AcDbEntity
  8
RBAR-T8-B
100
AcDb3dPolyline
 66
1
 10
0.0
 20
0.0
 30
0.0
 70
8
  0
VERTEX
  5
E5C
330
17
100
AcDbEntity
  8
RBAR-T8-B
100
AcDbVertex
100
AcDb3dPolylineVertex
 10
2671.6
 20
34.0
 30
2010.3
 70
32
  0
VERTEX
  5
E5D
330
17
100
AcDbEntity
  8
RBAR-T8-B
100
AcDbVertex
100
AcDb3dPolylineVertex
 10
2671.6
 20
34.0
 30
2386.1
 70
32
  0
VERTEX
  5
E5E
330
17
100
AcDbEntity
  8
RBAR-T8-B
100
AcDbVertex
100
AcDb3dPolylineVertex
 10
2671.9
 20
34.0
 30
2389.2
 70
32
  0
VERTEX
  5
E5F
330
17
100
AcDbEntity
  8
RBAR-T8-B
100
AcDbVertex
100
AcDb3dPolylineVertex
 10
2672.8
 20
34.0
 30
2392.1
 70
32
  0
VERTEX
  5
E60
330
17
100
AcDbEntity
  8
RBAR-T8-B
100
AcDbVertex
100
AcDb3dPolylineVertex
 10
2674.2
 20
34.0
 30
2394.9
 70
32
  0
VERTEX
  5
E61
330
17
100
AcDbEntity
  8
RBAR-T8-B
100
AcDbVertex
100
AcDb3dPolylineVertex
 10
2676.2
 20
34.0
 30
2397.3
 70
32
  0
VERTEX
  5
E62
330
17
100
AcDbEntity
  8
RBAR-T8-B
100
AcDbVertex
100
AcDb3dPolylineVertex
 10
2678.6
 20
34.0
 30
2399.2
 70
32
  0
VERTEX
  5
E63
330
17
100
AcDbEntity
  8
RBAR-T8-B
100
AcDbVertex
100
AcDb3dPolylineVertex
 10
2681.3
 20
34.0
 30
2400.7
 70
32
  0
VERTEX
  5
E64
330
17
100
AcDbEntity
  8
RBAR-T8-B
100
AcDbVertex
100
AcDb3dPolylineVertex
 10
2684.3
 20
34.0
 30
2401.6
 70
32
  0
VERTEX
  5
E65
330
17
100
AcDbEntity
  8
RBAR-T8-B
100
AcDbVertex
100
AcDb3dPolylineVertex
 10
2687.4
 20
34.0
 30
2401.9
 70
32
  0
VERTEX
  5
E66
330
17
100
AcDbEntity
  8
RBAR-T8-B
100
AcDbVertex
100
AcDb3dPolylineVertex
 10
2786.3
 20
34.0
 30
2401.9
 70
32
  0
VERTEX
  5
E67
330
17
100
AcDbEntity
  8
RBAR-T8-B
100
AcDbVertex
100
AcDb3dPolylineVertex
 10
2789.4
 20
34.0
 30
2401.6
 70
32
  0
VERTEX
  5
E68
330
17
100
AcDbEntity
  8
RBAR-T8-B
100
AcDbVertex
100
AcDb3dPolylineVertex
 10
2792.3
 20
34.0
 30
2400.7
 70
32
  0
VERTEX
  5
E69
330
17
100
AcDbEntity
  8
RBAR-T8-B
100
AcDbVertex
100
AcDb3dPolylineVertex
 10
2795.1
 20
34.0
 30
2399.2
 70
32
  0
VERTEX
  5
E6A
330
17
100
AcDbEntity
  8
RBAR-T8-B
100
AcDbVertex
100
AcDb3dPolylineVertex
 10
2797.5
 20
34.0
 30
2397.3
 70
32
  0
VERTEX
  5
E6B
330
17
100
AcDbEntity
  8
RBAR-T8-B
100
AcDbVertex
100
AcDb3dPolylineVertex
 10
2799.4
 20
34.0
 30
2394.9
 70
32
  0
VERTEX
  5
E6C
330
17
100
AcDbEntity
  8
RBAR-T8-B
100
AcDbVertex
100
AcDb3dPolylineVertex
 10
2800.9
 20
34.0
 30
2392.1
 70
32
  0
VERTEX
  5
E6D
330
17
100
AcDbEntity
  8
RBAR-T8-B
100
AcDbVertex
100
AcDb3dPolylineVertex
 10
2801.8
 20
34.0
 30
2389.2
 70
32
  0
VERTEX
  5
E6E
330
17
100
AcDbEntity
  8
RBAR-T8-B
100
AcDbVertex
100
AcDb3dPolylineVertex
 10
2802.1
 20
34.0
 30
2386.1
 70
32
  0
VERTEX
  5
E6F
330
17
100
AcDbEntity
  8
RBAR-T8-B
100
AcDbVertex
100
AcDb3dPolylineVertex
 10
2802.1
 20
34.0
 30
2010.3
 70
32
  0
SEQEND
  5
E5B
330
E5A
100
AcDbEntity
  8
RBAR-T8-B
  0
POLYLINE
  5
E70
330
17
100
AcDbEntity
  8
RBAR-T8-B
100
AcDb3dPolyline
 66
1
 10
0.0
 20
0.0
 30
0.0
 70
8
  0
VERTEX
  5
E72
330
17
100
AcDbEntity
  8
RBAR-T8-B
100
AcDbVertex
100
AcDb3dPolylineVertex
 10
2869.5
 20
34.0
 30
2010.3
 70
32
  0
VERTEX
  5
E73
330
17
100
AcDbEntity
  8
RBAR-T8-B
100
AcDbVertex
100
AcDb3dPolylineVertex
 10
2869.5
 20
34.0
 30
2386.1
 70
32
  0
VERTEX
  5
E74
330
17
100
AcDbEntity
  8
RBAR-T8-B
100
AcDbVertex
100
AcDb3dPolylineVertex
 10
2869.8
 20
34.0
 30
2389.2
 70
32
  0
VERTEX
  5
E75
330
17
100
AcDbEntity
  8
RBAR-T8-B
100
AcDbVertex
100
AcDb3dPolylineVertex
 10
2870.7
 20
34.0
 30
2392.1
 70
32
  0
VERTEX
  5
E76
330
17
100
AcDbEntity
  8
RBAR-T8-B
100
AcDbVertex
100
AcDb3dPolylineVertex
 10
2872.1
 20
34.0
 30
2394.9
 70
32
  0
VERTEX
  5
E77
330
17
100
AcDbEntity
  8
RBAR-T8-B
100
AcDbVertex
100
AcDb3dPolylineVertex
 10
2874.1
 20
34.0
 30
2397.3
 70
32
  0
VERTEX
  5
E78
330
17
100
AcDbEntity
  8
RBAR-T8-B
100
AcDbVertex
100
AcDb3dPolylineVertex
 10
2876.5
 20
34.0
 30
2399.2
 70
32
  0
VERTEX
  5
E79
330
17
100
AcDbEntity
  8
RBAR-T8-B
100
AcDbVertex
100
AcDb3dPolylineVertex
 10
2879.2
 20
34.0
 30
2400.7
 70
32
  0
VERTEX
  5
E7A
330
17
100
AcDbEntity
  8
RBAR-T8-B
100
AcDbVertex
100
AcDb3dPolylineVertex
 10
2882.2
 20
34.0
 30
2401.6
 70
32
  0
VERTEX
  5
E7B
330
17
100
AcDbEntity
  8
RBAR-T8-B
100
AcDbVertex
100
AcDb3dPolylineVertex
 10
2885.3
 20
34.0
 30
2401.9
 70
32
  0
VERTEX
  5
E7C
330
17
100
AcDbEntity
  8
RBAR-T8-B
100
AcDbVertex
100
AcDb3dPolylineVertex
 10
2984.2
 20
34.0
 30
2401.9
 70
32
  0
VERTEX
  5
E7D
330
17
100
AcDbEntity
  8
RBAR-T8-B
100
AcDbVertex
100
AcDb3dPolylineVertex
 10
2987.3
 20
34.0
 30
2401.6
 70
32
  0
VERTEX
  5
E7E
330
17
100
AcDbEntity
  8
RBAR-T8-B
100
AcDbVertex
100
AcDb3dPolylineVertex
 10
2990.2
 20
34.0
 30
2400.7
 70
32
  0
VERTEX
  5
E7F
330
17
100
AcDbEntity
  8
RBAR-T8-B
100
AcDbVertex
100
AcDb3dPolylineVertex
 10
2993.0
 20
34.0
 30
2399.2
 70
32
  0
VERTEX
  5
E80
330
17
100
AcDbEntity
  8
RBAR-T8-B
100
AcDbVertex
100
AcDb3dPolylineVertex
 10
2995.4
 20
34.0
 30
2397.3
 70
32
  0
VERTEX
  5
E81
330
17
100
AcDbEntity
  8
RBAR-T8-B
100
AcDbVertex
100
AcDb3dPolylineVertex
 10
2997.3
 20
34.0
 30
2394.9
 70
32
  0
VERTEX
  5
E82
330
17
100
AcDbEntity
  8
RBAR-T8-B
100
AcDbVertex
100
AcDb3dPolylineVertex
 10
2998.8
 20
34.0
 30
2392.1
 70
32
  0
VERTEX
  5
E83
330
17
100
AcDbEntity
  8
RBAR-T8-B
100
AcDbVertex
100
AcDb3dPolylineVertex
 10
2999.7
 20
34.0
 30
2389.2
 70
32
  0
VERTEX
  5
E84
330
17
100
AcDbEntity
  8
RBAR-T8-B
100
AcDbVertex
100
AcDb3dPolylineVertex
 10
3000.0
 20
34.0
 30
2386.1
 70
32
  0
VERTEX
  5
E85
330
17
100
AcDbEntity
  8
RBAR-T8-B
100
AcDbVertex
100
AcDb3dPolylineVertex
 10
3000.0
 20
34.0
 30
2010.3
 70
32
  0
SEQEND
  5
E71
330
E70
100
AcDbEntity
  8
RBAR-T8-B
  0
POLYLINE
  5
E86
330
17
100
AcDbEntity
  8
RBAR-T8-B
100
AcDb3dPolyline
 66
1
 10
0.0
 20
0.0
 30
0.0
 70
8
  0
VERTEX
  5
E88
330
17
100
AcDbEntity
  8
RBAR-T8-B
100
AcDbVertex
100
AcDb3dPolylineVertex
 10
3067.4
 20
34.0
 30
2010.3
 70
32
  0
VERTEX
  5
E89
330
17
100
AcDbEntity
  8
RBAR-T8-B
100
AcDbVertex
100
AcDb3dPolylineVertex
 10
3067.4
 20
34.0
 30
2386.1
 70
32
  0
VERTEX
  5
E8A
330
17
100
AcDbEntity
  8
RBAR-T8-B
100
AcDbVertex
100
AcDb3dPolylineVertex
 10
3067.7
 20
34.0
 30
2389.2
 70
32
  0
VERTEX
  5
E8B
330
17
100
AcDbEntity
  8
RBAR-T8-B
100
AcDbVertex
100
AcDb3dPolylineVertex
 10
3068.6
 20
34.0
 30
2392.1
 70
32
  0
VERTEX
  5
E8C
330
17
100
AcDbEntity
  8
RBAR-T8-B
100
AcDbVertex
100
AcDb3dPolylineVertex
 10
3070.0
 20
34.0
 30
2394.9
 70
32
  0
VERTEX
  5
E8D
330
17
100
AcDbEntity
  8
RBAR-T8-B
100
AcDbVertex
100
AcDb3dPolylineVertex
 10
3072.0
 20
34.0
 30
2397.3
 70
32
  0
VERTEX
  5
E8E
330
17
100
AcDbEntity
  8
RBAR-T8-B
100
AcDbVertex
100
AcDb3dPolylineVertex
 10
3074.4
 20
34.0
 30
2399.2
 70
32
  0
VERTEX
  5
E8F
330
17
100
AcDbEntity
  8
RBAR-T8-B
100
AcDbVertex
100
AcDb3dPolylineVertex
 10
3077.1
 20
34.0
 30
2400.7
 70
32
  0
VERTEX
  5
E90
330
17
100
AcDbEntity
  8
RBAR-T8-B
100
AcDbVertex
100
AcDb3dPolylineVertex
 10
3080.1
 20
34.0
 30
2401.6
 70
32
  0
VERTEX
  5
E91
330
17
100
AcDbEntity
  8
RBAR-T8-B
100
AcDbVertex
100
AcDb3dPolylineVertex
 10
3083.2
 20
34.0
 30
2401.9
 70
32
  0
VERTEX
  5
E92
330
17
100
AcDbEntity
  8
RBAR-T8-B
100
AcDbVertex
100
AcDb3dPolylineVertex
 10
3182.1
 20
34.0
 30
2401.9
 70
32
  0
VERTEX
  5
E93
330
17
100
AcDbEntity
  8
RBAR-T8-B
100
AcDbVertex
100
AcDb3dPolylineVertex
 10
3185.2
 20
34.0
 30
2401.6
 70
32
  0
VERTEX
  5
E94
330
17
100
AcDbEntity
  8
RBAR-T8-B
100
AcDbVertex
100
AcDb3dPolylineVertex
 10
3188.1
 20
34.0
 30
2400.7
 70
32
  0
VERTEX
  5
E95
330
17
100
AcDbEntity
  8
RBAR-T8-B
100
AcDbVertex
100
AcDb3dPolylineVertex
 10
3190.9
 20
34.0
 30
2399.2
 70
32
  0
VERTEX
  5
E96
330
17
100
AcDbEntity
  8
RBAR-T8-B
100
AcDbVertex
100
AcDb3dPolylineVertex
 10
3193.3
 20
34.0
 30
2397.3
 70
32
  0
VERTEX
  5
E97
330
17
100
AcDbEntity
  8
RBAR-T8-B
100
AcDbVertex
100
AcDb3dPolylineVertex
 10
3195.2
 20
34.0
 30
2394.9
 70
32
  0
VERTEX
  5
E98
330
17
100
AcDbEntity
  8
RBAR-T8-B
100
AcDbVertex
100
AcDb3dPolylineVertex
 10
3196.7
 20
34.0
 30
2392.1
 70
32
  0
VERTEX
  5
E99
330
17
100
AcDbEntity
  8
RBAR-T8-B
100
AcDbVertex
100
AcDb3dPolylineVertex
 10
3197.6
 20
34.0
 30
2389.2
 70
32
  0
VERTEX
  5
E9A
330
17
100
AcDbEntity
  8
RBAR-T8-B
100
AcDbVertex
100
AcDb3dPolylineVertex
 10
3197.9
 20
34.0
 30
2386.1
 70
32
  0
VERTEX
  5
E9B
330
17
100
AcDbEntity
  8
RBAR-T8-B
100
AcDbVertex
100
AcDb3dPolylineVertex
 10
3197.9
 20
34.0
 30
2010.3
 70
32
  0
SEQEND
  5
E87
330
E86
100
AcDbEntity
  8
RBAR-T8-B
  0
POLYLINE
  5
E9C
330
17
100
AcDbEntity
  8
RBAR-T8-B
100
AcDb3dPolyline
 66
1
 10
0.0
 20
0.0
 30
0.0
 70
8
  0
VERTEX
  5
E9E
330
17
100
AcDbEntity
  8
RBAR-T8-B
100
AcDbVertex
100
AcDb3dPolylineVertex
 10
3265.3
 20
34.0
 30
2010.3
 70
32
  0
VERTEX
  5
E9F
330
17
100
AcDbEntity
  8
RBAR-T8-B
100
AcDbVertex
100
AcDb3dPolylineVertex
 10
3265.3
 20
34.0
 30
2386.1
 70
32
  0
VERTEX
  5
EA0
330
17
100
AcDbEntity
  8
RBAR-T8-B
100
AcDbVertex
100
AcDb3dPolylineVertex
 10
3265.6
 20
34.0
 30
2389.2
 70
32
  0
VERTEX
  5
EA1
330
17
100
AcDbEntity
  8
RBAR-T8-B
100
AcDbVertex
100
AcDb3dPolylineVertex
 10
3266.5
 20
34.0
 30
2392.1
 70
32
  0
VERTEX
  5
EA2
330
17
100
AcDbEntity
  8
RBAR-T8-B
100
AcDbVertex
100
AcDb3dPolylineVertex
 10
3267.9
 20
34.0
 30
2394.9
 70
32
  0
VERTEX
  5
EA3
330
17
100
AcDbEntity
  8
RBAR-T8-B
100
AcDbVertex
100
AcDb3dPolylineVertex
 10
3269.9
 20
34.0
 30
2397.3
 70
32
  0
VERTEX
  5
EA4
330
17
100
AcDbEntity
  8
RBAR-T8-B
100
AcDbVertex
100
AcDb3dPolylineVertex
 10
3272.3
 20
34.0
 30
2399.2
 70
32
  0
VERTEX
  5
EA5
330
17
100
AcDbEntity
  8
RBAR-T8-B
100
AcDbVertex
100
AcDb3dPolylineVertex
 10
3275.0
 20
34.0
 30
2400.7
 70
32
  0
VERTEX
  5
EA6
330
17
100
AcDbEntity
  8
RBAR-T8-B
100
AcDbVertex
100
AcDb3dPolylineVertex
 10
3278.0
 20
34.0
 30
2401.6
 70
32
  0
VERTEX
  5
EA7
330
17
100
AcDbEntity
  8
RBAR-T8-B
100
AcDbVertex
100
AcDb3dPolylineVertex
 10
3281.1
 20
34.0
 30
2401.9
 70
32
  0
VERTEX
  5
EA8
330
17
100
AcDbEntity
  8
RBAR-T8-B
100
AcDbVertex
100
AcDb3dPolylineVertex
 10
3380.0
 20
34.0
 30
2401.9
 70
32
  0
VERTEX
  5
EA9
330
17
100
AcDbEntity
  8
RBAR-T8-B
100
AcDbVertex
100
AcDb3dPolylineVertex
 10
3383.1
 20
34.0
 30
2401.6
 70
32
  0
VERTEX
  5
EAA
330
17
100
AcDbEntity
  8
RBAR-T8-B
100
AcDbVertex
100
AcDb3dPolylineVertex
 10
3386.0
 20
34.0
 30
2400.7
 70
32
  0
VERTEX
  5
EAB
330
17
100
AcDbEntity
  8
RBAR-T8-B
100
AcDbVertex
100
AcDb3dPolylineVertex
 10
3388.8
 20
34.0
 30
2399.2
 70
32
  0
VERTEX
  5
EAC
330
17
100
AcDbEntity
  8
RBAR-T8-B
100
AcDbVertex
100
AcDb3dPolylineVertex
 10
3391.2
 20
34.0
 30
2397.3
 70
32
  0
VERTEX
  5
EAD
330
17
100
AcDbEntity
  8
RBAR-T8-B
100
AcDbVertex
100
AcDb3dPolylineVertex
 10
3393.1
 20
34.0
 30
2394.9
 70
32
  0
VERTEX
  5
EAE
330
17
100
AcDbEntity
  8
RBAR-T8-B
100
AcDbVertex
100
AcDb3dPolylineVertex
 10
3394.6
 20
34.0
 30
2392.1
 70
32
  0
VERTEX
  5
EAF
330
17
100
AcDbEntity
  8
RBAR-T8-B
100
AcDbVertex
100
AcDb3dPolylineVertex
 10
3395.5
 20
34.0
 30
2389.2
 70
32
  0
VERTEX
  5
EB0
330
17
100
AcDbEntity
  8
RBAR-T8-B
100
AcDbVertex
100
AcDb3dPolylineVertex
 10
3395.8
 20
34.0
 30
2386.1
 70
32
  0
VERTEX
  5
EB1
330
17
100
AcDbEntity
  8
RBAR-T8-B
100
AcDbVertex
100
AcDb3dPolylineVertex
 10
3395.8
 20
34.0
 30
2010.3
 70
32
  0
SEQEND
  5
E9D
330
E9C
100
AcDbEntity
  8
RBAR-T8-B
  0
POLYLINE
  5
EB2
330
17
100
AcDbEntity
  8
RBAR-T8-B
100
AcDb3dPolyline
 66
1
 10
0.0
 20
0.0
 30
0.0
 70
8
  0
VERTEX
  5
EB4
330
17
100
AcDbEntity
  8
RBAR-T8-B
100
AcDbVertex
100
AcDb3dPolylineVertex
 10
3463.2
 20
34.0
 30
2010.3
 70
32
  0
VERTEX
  5
EB5
330
17
100
AcDbEntity
  8
RBAR-T8-B
100
AcDbVertex
100
AcDb3dPolylineVertex
 10
3463.2
 20
34.0
 30
2386.1
 70
32
  0
VERTEX
  5
EB6
330
17
100
AcDbEntity
  8
RBAR-T8-B
100
AcDbVertex
100
AcDb3dPolylineVertex
 10
3463.5
 20
34.0
 30
2389.2
 70
32
  0
VERTEX
  5
EB7
330
17
100
AcDbEntity
  8
RBAR-T8-B
100
AcDbVertex
100
AcDb3dPolylineVertex
 10
3464.4
 20
34.0
 30
2392.1
 70
32
  0
VERTEX
  5
EB8
330
17
100
AcDbEntity
  8
RBAR-T8-B
100
AcDbVertex
100
AcDb3dPolylineVertex
 10
3465.8
 20
34.0
 30
2394.9
 70
32
  0
VERTEX
  5
EB9
330
17
100
AcDbEntity
  8
RBAR-T8-B
100
AcDbVertex
100
AcDb3dPolylineVertex
 10
3467.8
 20
34.0
 30
2397.3
 70
32
  0
VERTEX
  5
EBA
330
17
100
AcDbEntity
  8
RBAR-T8-B
100
AcDbVertex
100
AcDb3dPolylineVertex
 10
3470.2
 20
34.0
 30
2399.2
 70
32
  0
VERTEX
  5
EBB
330
17
100
AcDbEntity
  8
RBAR-T8-B
100
AcDbVertex
100
AcDb3dPolylineVertex
 10
3472.9
 20
34.0
 30
2400.7
 70
32
  0
VERTEX
  5
EBC
330
17
100
AcDbEntity
  8
RBAR-T8-B
100
AcDbVertex
100
AcDb3dPolylineVertex
 10
3475.9
 20
34.0
 30
2401.6
 70
32
  0
VERTEX
  5
EBD
330
17
100
AcDbEntity
  8
RBAR-T8-B
100
AcDbVertex
100
AcDb3dPolylineVertex
 10
3479.0
 20
34.0
 30
2401.9
 70
32
  0
VERTEX
  5
EBE
330
17
100
AcDbEntity
  8
RBAR-T8-B
100
AcDbVertex
100
AcDb3dPolylineVertex
 10
3577.9
 20
34.0
 30
2401.9
 70
32
  0
VERTEX
  5
EBF
330
17
100
AcDbEntity
  8
RBAR-T8-B
100
AcDbVertex
100
AcDb3dPolylineVertex
 10
3580.9
 20
34.0
 30
2401.6
 70
32
  0
VERTEX
  5
EC0
330
17
100
AcDbEntity
  8
RBAR-T8-B
100
AcDbVertex
100
AcDb3dPolylineVertex
 10
3583.9
 20
34.0
 30
2400.7
 70
32
  0
VERTEX
  5
EC1
330
17
100
AcDbEntity
  8
RBAR-T8-B
100
AcDbVertex
100
AcDb3dPolylineVertex
 10
3586.6
 20
34.0
 30
2399.2
 70
32
  0
VERTEX
  5
EC2
330
17
100
AcDbEntity
  8
RBAR-T8-B
100
AcDbVertex
100
AcDb3dPolylineVertex
 10
3589.0
 20
34.0
 30
2397.3
 70
32
  0
VERTEX
  5
EC3
330
17
100
AcDbEntity
  8
RBAR-T8-B
100
AcDbVertex
100
AcDb3dPolylineVertex
 10
3591.0
 20
34.0
 30
2394.9
 70
32
  0
VERTEX
  5
EC4
330
17
100
AcDbEntity
  8
RBAR-T8-B
100
AcDbVertex
100
AcDb3dPolylineVertex
 10
3592.5
 20
34.0
 30
2392.1
 70
32
  0
VERTEX
  5
EC5
330
17
100
AcDbEntity
  8
RBAR-T8-B
100
AcDbVertex
100
AcDb3dPolylineVertex
 10
3593.4
 20
34.0
 30
2389.2
 70
32
  0
VERTEX
  5
EC6
330
17
100
AcDbEntity
  8
RBAR-T8-B
100
AcDbVertex
100
AcDb3dPolylineVertex
 10
3593.7
 20
34.0
 30
2386.1
 70
32
  0
VERTEX
  5
EC7
330
17
100
AcDbEntity
  8
RBAR-T8-B
100
AcDbVertex
100
AcDb3dPolylineVertex
 10
3593.7
 20
34.0
 30
2010.3
 70
32
  0
SEQEND
  5
EB3
330
EB2
100
AcDbEntity
  8
RBAR-T8-B
  0
POLYLINE
  5
EC8
330
17
100
AcDbEntity
  8
RBAR-T8-B
100
AcDb3dPolyline
 66
1
 10
0.0
 20
0.0
 30
0.0
 70
8
  0
VERTEX
  5
ECA
330
17
100
AcDbEntity
  8
RBAR-T8-B
100
AcDbVertex
100
AcDb3dPolylineVertex
 10
3629.5
 20
34.0
 30
2010.3
 70
32
  0
VERTEX
  5
ECB
330
17
100
AcDbEntity
  8
RBAR-T8-B
100
AcDbVertex
100
AcDb3dPolylineVertex
 10
3629.5
 20
34.0
 30
2386.1
 70
32
  0
VERTEX
  5
ECC
330
17
100
AcDbEntity
  8
RBAR-T8-B
100
AcDbVertex
100
AcDb3dPolylineVertex
 10
3629.8
 20
34.0
 30
2389.2
 70
32
  0
VERTEX
  5
ECD
330
17
100
AcDbEntity
  8
RBAR-T8-B
100
AcDbVertex
100
AcDb3dPolylineVertex
 10
3630.7
 20
34.0
 30
2392.1
 70
32
  0
VERTEX
  5
ECE
330
17
100
AcDbEntity
  8
RBAR-T8-B
100
AcDbVertex
100
AcDb3dPolylineVertex
 10
3632.1
 20
34.0
 30
2394.9
 70
32
  0
VERTEX
  5
ECF
330
17
100
AcDbEntity
  8
RBAR-T8-B
100
AcDbVertex
100
AcDb3dPolylineVertex
 10
3634.1
 20
34.0
 30
2397.3
 70
32
  0
VERTEX
  5
ED0
330
17
100
AcDbEntity
  8
RBAR-T8-B
100
AcDbVertex
100
AcDb3dPolylineVertex
 10
3636.5
 20
34.0
 30
2399.2
 70
32
  0
VERTEX
  5
ED1
330
17
100
AcDbEntity
  8
RBAR-T8-B
100
AcDbVertex
100
AcDb3dPolylineVertex
 10
3639.2
 20
34.0
 30
2400.7
 70
32
  0
VERTEX
  5
ED2
330
17
100
AcDbEntity
  8
RBAR-T8-B
100
AcDbVertex
100
AcDb3dPolylineVertex
 10
3642.2
 20
34.0
 30
2401.6
 70
32
  0
VERTEX
  5
ED3
330
17
100
AcDbEntity
  8
RBAR-T8-B
100
AcDbVertex
100
AcDb3dPolylineVertex
 10
3645.3
 20
34.0
 30
2401.9
 70
32
  0
VERTEX
  5
ED4
330
17
100
AcDbEntity
  8
RBAR-T8-B
100
AcDbVertex
100
AcDb3dPolylineVertex
 10
3744.2
 20
34.0
 30
2401.9
 70
32
  0
VERTEX
  5
ED5
330
17
100
AcDbEntity
  8
RBAR-T8-B
100
AcDbVertex
100
AcDb3dPolylineVertex
 10
3747.3
 20
34.0
 30
2401.6
 70
32
  0
VERTEX
  5
ED6
330
17
100
AcDbEntity
  8
RBAR-T8-B
100
AcDbVertex
100
AcDb3dPolylineVertex
 10
3750.2
 20
34.0
 30
2400.7
 70
32
  0
VERTEX
  5
ED7
330
17
100
AcDbEntity
  8
RBAR-T8-B
100
AcDbVertex
100
AcDb3dPolylineVertex
 10
3753.0
 20
34.0
 30
2399.2
 70
32
  0
VERTEX
  5
ED8
330
17
100
AcDbEntity
  8
RBAR-T8-B
100
AcDbVertex
100
AcDb3dPolylineVertex
 10
3755.4
 20
34.0
 30
2397.3
 70
32
  0
VERTEX
  5
ED9
330
17
100
AcDbEntity
  8
RBAR-T8-B
100
AcDbVertex
100
AcDb3dPolylineVertex
 10
3757.3
 20
34.0
 30
2394.9
 70
32
  0
VERTEX
  5
EDA
330
17
100
AcDbEntity
  8
RBAR-T8-B
100
AcDbVertex
100
AcDb3dPolylineVertex
 10
3758.8
 20
34.0
 30
2392.1
 70
32
  0
VERTEX
  5
EDB
330
17
100
AcDbEntity
  8
RBAR-T8-B
100
AcDbVertex
100
AcDb3dPolylineVertex
 10
3759.7
 20
34.0
 30
2389.2
 70
32
  0
VERTEX
  5
EDC
330
17
100
AcDbEntity
  8
RBAR-T8-B
100
AcDbVertex
100
AcDb3dPolylineVertex
 10
3760.0
 20
34.0
 30
2386.1
 70
32
  0
VERTEX
  5
EDD
330
17
100
AcDbEntity
  8
RBAR-T8-B
100
AcDbVertex
100
AcDb3dPolylineVertex
 10
3760.0
 20
34.0
 30
2010.3
 70
32
  0
SEQEND
  5
EC9
330
EC8
100
AcDbEntity
  8
RBAR-T8-B
  0
POLYLINE
  5
EDE
330
17
100
AcDbEntity
  8
RBAR-T8-B
100
AcDb3dPolyline
 66
1
 10
0.0
 20
0.0
 30
0.0
 70
8
  0
VERTEX
  5
EE0
330
17
100
AcDbEntity
  8
RBAR-T8-B
100
AcDbVertex
100
AcDb3dPolylineVertex
 10
98.9
 20
34.0
 30
2504.4
 70
32
  0
VERTEX
  5
EE1
330
17
100
AcDbEntity
  8
RBAR-T8-B
100
AcDbVertex
100
AcDb3dPolylineVertex
 10
98.9
 20
34.0
 30
2880.2
 70
32
  0
VERTEX
  5
EE2
330
17
100
AcDbEntity
  8
RBAR-T8-B
100
AcDbVertex
100
AcDb3dPolylineVertex
 10
99.3
 20
34.0
 30
2883.3
 70
32
  0
VERTEX
  5
EE3
330
17
100
AcDbEntity
  8
RBAR-T8-B
100
AcDbVertex
100
AcDb3dPolylineVertex
 10
100.2
 20
34.0
 30
2886.2
 70
32
  0
VERTEX
  5
EE4
330
17
100
AcDbEntity
  8
RBAR-T8-B
100
AcDbVertex
100
AcDb3dPolylineVertex
 10
101.6
 20
34.0
 30
2889.0
 70
32
  0
VERTEX
  5
EE5
330
17
100
AcDbEntity
  8
RBAR-T8-B
100
AcDbVertex
100
AcDb3dPolylineVertex
 10
103.6
 20
34.0
 30
2891.4
 70
32
  0
VERTEX
  5
EE6
330
17
100
AcDbEntity
  8
RBAR-T8-B
100
AcDbVertex
100
AcDb3dPolylineVertex
 10
106.0
 20
34.0
 30
2893.3
 70
32
  0
VERTEX
  5
EE7
330
17
100
AcDbEntity
  8
RBAR-T8-B
100
AcDbVertex
100
AcDb3dPolylineVertex
 10
108.7
 20
34.0
 30
2894.8
 70
32
  0
VERTEX
  5
EE8
330
17
100
AcDbEntity
  8
RBAR-T8-B
100
AcDbVertex
100
AcDb3dPolylineVertex
 10
111.7
 20
34.0
 30
2895.7
 70
32
  0
VERTEX
  5
EE9
330
17
100
AcDbEntity
  8
RBAR-T8-B
100
AcDbVertex
100
AcDb3dPolylineVertex
 10
114.8
 20
34.0
 30
2896.0
 70
32
  0
VERTEX
  5
EEA
330
17
100
AcDbEntity
  8
RBAR-T8-B
100
AcDbVertex
100
AcDb3dPolylineVertex
 10
213.6
 20
34.0
 30
2896.0
 70
32
  0
VERTEX
  5
EEB
330
17
100
AcDbEntity
  8
RBAR-T8-B
100
AcDbVertex
100
AcDb3dPolylineVertex
 10
216.7
 20
34.0
 30
2895.7
 70
32
  0
VERTEX
  5
EEC
330
17
100
AcDbEntity
  8
RBAR-T8-B
100
AcDbVertex
100
AcDb3dPolylineVertex
 10
219.7
 20
34.0
 30
2894.8
 70
32
  0
VERTEX
  5
EED
330
17
100
AcDbEntity
  8
RBAR-T8-B
100
AcDbVertex
100
AcDb3dPolylineVertex
 10
222.4
 20
34.0
 30
2893.3
 70
32
  0
VERTEX
  5
EEE
330
17
100
AcDbEntity
  8
RBAR-T8-B
100
AcDbVertex
100
AcDb3dPolylineVertex
 10
224.8
 20
34.0
 30
2891.4
 70
32
  0
VERTEX
  5
EEF
330
17
100
AcDbEntity
  8
RBAR-T8-B
100
AcDbVertex
100
AcDb3dPolylineVertex
 10
226.8
 20
34.0
 30
2889.0
 70
32
  0
VERTEX
  5
EF0
330
17
100
AcDbEntity
  8
RBAR-T8-B
100
AcDbVertex
100
AcDb3dPolylineVertex
 10
228.3
 20
34.0
 30
2886.2
 70
32
  0
VERTEX
  5
EF1
330
17
100
AcDbEntity
  8
RBAR-T8-B
100
AcDbVertex
100
AcDb3dPolylineVertex
 10
229.2
 20
34.0
 30
2883.3
 70
32
  0
VERTEX
  5
EF2
330
17
100
AcDbEntity
  8
RBAR-T8-B
100
AcDbVertex
100
AcDb3dPolylineVertex
 10
229.5
 20
34.0
 30
2880.2
 70
32
  0
VERTEX
  5
EF3
330
17
100
AcDbEntity
  8
RBAR-T8-B
100
AcDbVertex
100
AcDb3dPolylineVertex
 10
229.5
 20
34.0
 30
2504.4
 70
32
  0
SEQEND
  5
EDF
330
EDE
100
AcDbEntity
  8
RBAR-T8-B
  0
POLYLINE
  5
EF4
330
17
100
AcDbEntity
  8
RBAR-T8-B
100
AcDb3dPolyline
 66
1
 10
0.0
 20
0.0
 30
0.0
 70
8
  0
VERTEX
  5
EF6
330
17
100
AcDbEntity
  8
RBAR-T8-B
100
AcDbVertex
100
AcDb3dPolylineVertex
 10
296.8
 20
34.0
 30
2504.4
 70
32
  0
VERTEX
  5
EF7
330
17
100
AcDbEntity
  8
RBAR-T8-B
100
AcDbVertex
100
AcDb3dPolylineVertex
 10
296.8
 20
34.0
 30
2880.2
 70
32
  0
VERTEX
  5
EF8
330
17
100
AcDbEntity
  8
RBAR-T8-B
100
AcDbVertex
100
AcDb3dPolylineVertex
 10
297.1
 20
34.0
 30
2883.3
 70
32
  0
VERTEX
  5
EF9
330
17
100
AcDbEntity
  8
RBAR-T8-B
100
AcDbVertex
100
AcDb3dPolylineVertex
 10
298.0
 20
34.0
 30
2886.2
 70
32
  0
VERTEX
  5
EFA
330
17
100
AcDbEntity
  8
RBAR-T8-B
100
AcDbVertex
100
AcDb3dPolylineVertex
 10
299.5
 20
34.0
 30
2889.0
 70
32
  0
VERTEX
  5
EFB
330
17
100
AcDbEntity
  8
RBAR-T8-B
100
AcDbVertex
100
AcDb3dPolylineVertex
 10
301.5
 20
34.0
 30
2891.4
 70
32
  0
VERTEX
  5
EFC
330
17
100
AcDbEntity
  8
RBAR-T8-B
100
AcDbVertex
100
AcDb3dPolylineVertex
 10
303.9
 20
34.0
 30
2893.3
 70
32
  0
VERTEX
  5
EFD
330
17
100
AcDbEntity
  8
RBAR-T8-B
100
AcDbVertex
100
AcDb3dPolylineVertex
 10
306.6
 20
34.0
 30
2894.8
 70
32
  0
VERTEX
  5
EFE
330
17
100
AcDbEntity
  8
RBAR-T8-B
100
AcDbVertex
100
AcDb3dPolylineVertex
 10
309.6
 20
34.0
 30
2895.7
 70
32
  0
VERTEX
  5
EFF
330
17
100
AcDbEntity
  8
RBAR-T8-B
100
AcDbVertex
100
AcDb3dPolylineVertex
 10
312.7
 20
34.0
 30
2896.0
 70
32
  0
VERTEX
  5
F00
330
17
100
AcDbEntity
  8
RBAR-T8-B
100
AcDbVertex
100
AcDb3dPolylineVertex
 10
411.5
 20
34.0
 30
2896.0
 70
32
  0
VERTEX
  5
F01
330
17
100
AcDbEntity
  8
RBAR-T8-B
100
AcDbVertex
100
AcDb3dPolylineVertex
 10
414.6
 20
34.0
 30
2895.7
 70
32
  0
VERTEX
  5
F02
330
17
100
AcDbEntity
  8
RBAR-T8-B
100
AcDbVertex
100
AcDb3dPolylineVertex
 10
417.6
 20
34.0
 30
2894.8
 70
32
  0
VERTEX
  5
F03
330
17
100
AcDbEntity
  8
RBAR-T8-B
100
AcDbVertex
100
AcDb3dPolylineVertex
 10
420.3
 20
34.0
 30
2893.3
 70
32
  0
VERTEX
  5
F04
330
17
100
AcDbEntity
  8
RBAR-T8-B
100
AcDbVertex
100
AcDb3dPolylineVertex
 10
422.7
 20
34.0
 30
2891.4
 70
32
  0
VERTEX
  5
F05
330
17
100
AcDbEntity
  8
RBAR-T8-B
100
AcDbVertex
100
AcDb3dPolylineVertex
 10
424.7
 20
34.0
 30
2889.0
 70
32
  0
VERTEX
  5
F06
330
17
100
AcDbEntity
  8
RBAR-T8-B
100
AcDbVertex
100
AcDb3dPolylineVertex
 10
426.2
 20
34.0
 30
2886.2
 70
32
  0
VERTEX
  5
F07
330
17
100
AcDbEntity
  8
RBAR-T8-B
100
AcDbVertex
100
AcDb3dPolylineVertex
 10
427.1
 20
34.0
 30
2883.3
 70
32
  0
VERTEX
  5
F08
330
17
100
AcDbEntity
  8
RBAR-T8-B
100
AcDbVertex
100
AcDb3dPolylineVertex
 10
427.4
 20
34.0
 30
2880.2
 70
32
  0
VERTEX
  5
F09
330
17
100
AcDbEntity
  8
RBAR-T8-B
100
AcDbVertex
100
AcDb3dPolylineVertex
 10
427.4
 20
34.0
 30
2504.4
 70
32
  0
SEQEND
  5
EF5
330
EF4
100
AcDbEntity
  8
RBAR-T8-B
  0
POLYLINE
  5
F0A
330
17
100
AcDbEntity
  8
RBAR-T8-B
100
AcDb3dPolyline
 66
1
 10
0.0
 20
0.0
 30
0.0
 70
8
  0
VERTEX
  5
F0C
330
17
100
AcDbEntity
  8
RBAR-T8-B
100
AcDbVertex
100
AcDb3dPolylineVertex
 10
494.7
 20
34.0
 30
2504.4
 70
32
  0
VERTEX
  5
F0D
330
17
100
AcDbEntity
  8
RBAR-T8-B
100
AcDbVertex
100
AcDb3dPolylineVertex
 10
494.7
 20
34.0
 30
2880.2
 70
32
  0
VERTEX
  5
F0E
330
17
100
AcDbEntity
  8
RBAR-T8-B
100
AcDbVertex
100
AcDb3dPolylineVertex
 10
495.0
 20
34.0
 30
2883.3
 70
32
  0
VERTEX
  5
F0F
330
17
100
AcDbEntity
  8
RBAR-T8-B
100
AcDbVertex
100
AcDb3dPolylineVertex
 10
495.9
 20
34.0
 30
2886.2
 70
32
  0
VERTEX
  5
F10
330
17
100
AcDbEntity
  8
RBAR-T8-B
100
AcDbVertex
100
AcDb3dPolylineVertex
 10
497.4
 20
34.0
 30
2889.0
 70
32
  0
VERTEX
  5
F11
330
17
100
AcDbEntity
  8
RBAR-T8-B
100
AcDbVertex
100
AcDb3dPolylineVertex
 10
499.4
 20
34.0
 30
2891.4
 70
32
  0
VERTEX
  5
F12
330
17
100
AcDbEntity
  8
RBAR-T8-B
100
AcDbVertex
100
AcDb3dPolylineVertex
 10
501.8
 20
34.0
 30
2893.3
 70
32
  0
VERTEX
  5
F13
330
17
100
AcDbEntity
  8
RBAR-T8-B
100
AcDbVertex
100
AcDb3dPolylineVertex
 10
504.5
 20
34.0
 30
2894.8
 70
32
  0
VERTEX
  5
F14
330
17
100
AcDbEntity
  8
RBAR-T8-B
100
AcDbVertex
100
AcDb3dPolylineVertex
 10
507.5
 20
34.0
 30
2895.7
 70
32
  0
VERTEX
  5
F15
330
17
100
AcDbEntity
  8
RBAR-T8-B
100
AcDbVertex
100
AcDb3dPolylineVertex
 10
510.6
 20
34.0
 30
2896.0
 70
32
  0
VERTEX
  5
F16
330
17
100
AcDbEntity
  8
RBAR-T8-B
100
AcDbVertex
100
AcDb3dPolylineVertex
 10
609.4
 20
34.0
 30
2896.0
 70
32
  0
VERTEX
  5
F17
330
17
100
AcDbEntity
  8
RBAR-T8-B
100
AcDbVertex
100
AcDb3dPolylineVertex
 10
612.5
 20
34.0
 30
2895.7
 70
32
  0
VERTEX
  5
F18
330
17
100
AcDbEntity
  8
RBAR-T8-B
100
AcDbVertex
100
AcDb3dPolylineVertex
 10
615.5
 20
34.0
 30
2894.8
 70
32
  0
VERTEX
  5
F19
330
17
100
AcDbEntity
  8
RBAR-T8-B
100
AcDbVertex
100
AcDb3dPolylineVertex
 10
618.2
 20
34.0
 30
2893.3
 70
32
  0
VERTEX
  5
F1A
330
17
100
AcDbEntity
  8
RBAR-T8-B
100
AcDbVertex
100
AcDb3dPolylineVertex
 10
620.6
 20
34.0
 30
2891.4
 70
32
  0
VERTEX
  5
F1B
330
17
100
AcDbEntity
  8
RBAR-T8-B
100
AcDbVertex
100
AcDb3dPolylineVertex
 10
622.6
 20
34.0
 30
2889.0
 70
32
  0
VERTEX
  5
F1C
330
17
100
AcDbEntity
  8
RBAR-T8-B
100
AcDbVertex
100
AcDb3dPolylineVertex
 10
624.1
 20
34.0
 30
2886.2
 70
32
  0
VERTEX
  5
F1D
330
17
100
AcDbEntity
  8
RBAR-T8-B
100
AcDbVertex
100
AcDb3dPolylineVertex
 10
625.0
 20
34.0
 30
2883.3
 70
32
  0
VERTEX
  5
F1E
330
17
100
AcDbEntity
  8
RBAR-T8-B
100
AcDbVertex
100
AcDb3dPolylineVertex
 10
625.3
 20
34.0
 30
2880.2
 70
32
  0
VERTEX
  5
F1F
330
17
100
AcDbEntity
  8
RBAR-T8-B
100
AcDbVertex
100
AcDb3dPolylineVertex
 10
625.3
 20
34.0
 30
2504.4
 70
32
  0
SEQEND
  5
F0B
330
F0A
100
AcDbEntity
  8
RBAR-T8-B
  0
POLYLINE
  5
F20
330
17
100
AcDbEntity
  8
RBAR-T8-B
100
AcDb3dPolyline
 66
1
 10
0.0
 20
0.0
 30
0.0
 70
8
  0
VERTEX
  5
F22
330
17
100
AcDbEntity
  8
RBAR-T8-B
100
AcDbVertex
100
AcDb3dPolylineVertex
 10
692.6
 20
34.0
 30
2504.4
 70
32
  0
VERTEX
  5
F23
330
17
100
AcDbEntity
  8
RBAR-T8-B
100
AcDbVertex
100
AcDb3dPolylineVertex
 10
692.6
 20
34.0
 30
2880.2
 70
32
  0
VERTEX
  5
F24
330
17
100
AcDbEntity
  8
RBAR-T8-B
100
AcDbVertex
100
AcDb3dPolylineVertex
 10
692.9
 20
34.0
 30
2883.3
 70
32
  0
VERTEX
  5
F25
330
17
100
AcDbEntity
  8
RBAR-T8-B
100
AcDbVertex
100
AcDb3dPolylineVertex
 10
693.8
 20
34.0
 30
2886.2
 70
32
  0
VERTEX
  5
F26
330
17
100
AcDbEntity
  8
RBAR-T8-B
100
AcDbVertex
100
AcDb3dPolylineVertex
 10
695.3
 20
34.0
 30
2889.0
 70
32
  0
VERTEX
  5
F27
330
17
100
AcDbEntity
  8
RBAR-T8-B
100
AcDbVertex
100
AcDb3dPolylineVertex
 10
697.3
 20
34.0
 30
2891.4
 70
32
  0
VERTEX
  5
F28
330
17
100
AcDbEntity
  8
RBAR-T8-B
100
AcDbVertex
100
AcDb3dPolylineVertex
 10
699.7
 20
34.0
 30
2893.3
 70
32
  0
VERTEX
  5
F29
330
17
100
AcDbEntity
  8
RBAR-T8-B
100
AcDbVertex
100
AcDb3dPolylineVertex
 10
702.4
 20
34.0
 30
2894.8
 70
32
  0
VERTEX
  5
F2A
330
17
100
AcDbEntity
  8
RBAR-T8-B
100
AcDbVertex
100
AcDb3dPolylineVertex
 10
705.4
 20
34.0
 30
2895.7
 70
32
  0
VERTEX
  5
F2B
330
17
100
AcDbEntity
  8
RBAR-T8-B
100
AcDbVertex
100
AcDb3dPolylineVertex
 10
708.5
 20
34.0
 30
2896.0
 70
32
  0
VERTEX
  5
F2C
330
17
100
AcDbEntity
  8
RBAR-T8-B
100
AcDbVertex
100
AcDb3dPolylineVertex
 10
807.3
 20
34.0
 30
2896.0
 70
32
  0
VERTEX
  5
F2D
330
17
100
AcDbEntity
  8
RBAR-T8-B
100
AcDbVertex
100
AcDb3dPolylineVertex
 10
810.4
 20
34.0
 30
2895.7
 70
32
  0
VERTEX
  5
F2E
330
17
100
AcDbEntity
  8
RBAR-T8-B
100
AcDbVertex
100
AcDb3dPolylineVertex
 10
813.4
 20
34.0
 30
2894.8
 70
32
  0
VERTEX
  5
F2F
330
17
100
AcDbEntity
  8
RBAR-T8-B
100
AcDbVertex
100
AcDb3dPolylineVertex
 10
816.1
 20
34.0
 30
2893.3
 70
32
  0
VERTEX
  5
F30
330
17
100
AcDbEntity
  8
RBAR-T8-B
100
AcDbVertex
100
AcDb3dPolylineVertex
 10
818.5
 20
34.0
 30
2891.4
 70
32
  0
VERTEX
  5
F31
330
17
100
AcDbEntity
  8
RBAR-T8-B
100
AcDbVertex
100
AcDb3dPolylineVertex
 10
820.5
 20
34.0
 30
2889.0
 70
32
  0
VERTEX
  5
F32
330
17
100
AcDbEntity
  8
RBAR-T8-B
100
AcDbVertex
100
AcDb3dPolylineVertex
 10
822.0
 20
34.0
 30
2886.2
 70
32
  0
VERTEX
  5
F33
330
17
100
AcDbEntity
  8
RBAR-T8-B
100
AcDbVertex
100
AcDb3dPolylineVertex
 10
822.9
 20
34.0
 30
2883.3
 70
32
  0
VERTEX
  5
F34
330
17
100
AcDbEntity
  8
RBAR-T8-B
100
AcDbVertex
100
AcDb3dPolylineVertex
 10
823.2
 20
34.0
 30
2880.2
 70
32
  0
VERTEX
  5
F35
330
17
100
AcDbEntity
  8
RBAR-T8-B
100
AcDbVertex
100
AcDb3dPolylineVertex
 10
823.2
 20
34.0
 30
2504.4
 70
32
  0
SEQEND
  5
F21
330
F20
100
AcDbEntity
  8
RBAR-T8-B
  0
POLYLINE
  5
F36
330
17
100
AcDbEntity
  8
RBAR-T8-B
100
AcDb3dPolyline
 66
1
 10
0.0
 20
0.0
 30
0.0
 70
8
  0
VERTEX
  5
F38
330
17
100
AcDbEntity
  8
RBAR-T8-B
100
AcDbVertex
100
AcDb3dPolylineVertex
 10
890.5
 20
34.0
 30
2504.4
 70
32
  0
VERTEX
  5
F39
330
17
100
AcDbEntity
  8
RBAR-T8-B
100
AcDbVertex
100
AcDb3dPolylineVertex
 10
890.5
 20
34.0
 30
2880.2
 70
32
  0
VERTEX
  5
F3A
330
17
100
AcDbEntity
  8
RBAR-T8-B
100
AcDbVertex
100
AcDb3dPolylineVertex
 10
890.8
 20
34.0
 30
2883.3
 70
32
  0
VERTEX
  5
F3B
330
17
100
AcDbEntity
  8
RBAR-T8-B
100
AcDbVertex
100
AcDb3dPolylineVertex
 10
891.7
 20
34.0
 30
2886.2
 70
32
  0
VERTEX
  5
F3C
330
17
100
AcDbEntity
  8
RBAR-T8-B
100
AcDbVertex
100
AcDb3dPolylineVertex
 10
893.2
 20
34.0
 30
2889.0
 70
32
  0
VERTEX
  5
F3D
330
17
100
AcDbEntity
  8
RBAR-T8-B
100
AcDbVertex
100
AcDb3dPolylineVertex
 10
895.2
 20
34.0
 30
2891.4
 70
32
  0
VERTEX
  5
F3E
330
17
100
AcDbEntity
  8
RBAR-T8-B
100
AcDbVertex
100
AcDb3dPolylineVertex
 10
897.6
 20
34.0
 30
2893.3
 70
32
  0
VERTEX
  5
F3F
330
17
100
AcDbEntity
  8
RBAR-T8-B
100
AcDbVertex
100
AcDb3dPolylineVertex
 10
900.3
 20
34.0
 30
2894.8
 70
32
  0
VERTEX
  5
F40
330
17
100
AcDbEntity
  8
RBAR-T8-B
100
AcDbVertex
100
AcDb3dPolylineVertex
 10
903.3
 20
34.0
 30
2895.7
 70
32
  0
VERTEX
  5
F41
330
17
100
AcDbEntity
  8
RBAR-T8-B
100
AcDbVertex
100
AcDb3dPolylineVertex
 10
906.3
 20
34.0
 30
2896.0
 70
32
  0
VERTEX
  5
F42
330
17
100
AcDbEntity
  8
RBAR-T8-B
100
AcDbVertex
100
AcDb3dPolylineVertex
 10
1005.2
 20
34.0
 30
2896.0
 70
32
  0
VERTEX
  5
F43
330
17
100
AcDbEntity
  8
RBAR-T8-B
100
AcDbVertex
100
AcDb3dPolylineVertex
 10
1008.3
 20
34.0
 30
2895.7
 70
32
  0
VERTEX
  5
F44
330
17
100
AcDbEntity
  8
RBAR-T8-B
100
AcDbVertex
100
AcDb3dPolylineVertex
 10
1011.3
 20
34.0
 30
2894.8
 70
32
  0
VERTEX
  5
F45
330
17
100
AcDbEntity
  8
RBAR-T8-B
100
AcDbVertex
100
AcDb3dPolylineVertex
 10
1014.0
 20
34.0
 30
2893.3
 70
32
  0
VERTEX
  5
F46
330
17
100
AcDbEntity
  8
RBAR-T8-B
100
AcDbVertex
100
AcDb3dPolylineVertex
 10
1016.4
 20
34.0
 30
2891.4
 70
32
  0
VERTEX
  5
F47
330
17
100
AcDbEntity
  8
RBAR-T8-B
100
AcDbVertex
100
AcDb3dPolylineVertex
 10
1018.4
 20
34.0
 30
2889.0
 70
32
  0
VERTEX
  5
F48
330
17
100
AcDbEntity
  8
RBAR-T8-B
100
AcDbVertex
100
AcDb3dPolylineVertex
 10
1019.8
 20
34.0
 30
2886.2
 70
32
  0
VERTEX
  5
F49
330
17
100
AcDbEntity
  8
RBAR-T8-B
100
AcDbVertex
100
AcDb3dPolylineVertex
 10
1020.7
 20
34.0
 30
2883.3
 70
32
  0
VERTEX
  5
F4A
330
17
100
AcDbEntity
  8
RBAR-T8-B
100
AcDbVertex
100
AcDb3dPolylineVertex
 10
1021.0
 20
34.0
 30
2880.2
 70
32
  0
VERTEX
  5
F4B
330
17
100
AcDbEntity
  8
RBAR-T8-B
100
AcDbVertex
100
AcDb3dPolylineVertex
 10
1021.0
 20
34.0
 30
2504.4
 70
32
  0
SEQEND
  5
F37
330
F36
100
AcDbEntity
  8
RBAR-T8-B
  0
POLYLINE
  5
F4C
330
17
100
AcDbEntity
  8
RBAR-T8-B
100
AcDb3dPolyline
 66
1
 10
0.0
 20
0.0
 30
0.0
 70
8
  0
VERTEX
  5
F4E
330
17
100
AcDbEntity
  8
RBAR-T8-B
100
AcDbVertex
100
AcDb3dPolylineVertex
 10
1088.4
 20
34.0
 30
2504.4
 70
32
  0
VERTEX
  5
F4F
330
17
100
AcDbEntity
  8
RBAR-T8-B
100
AcDbVertex
100
AcDb3dPolylineVertex
 10
1088.4
 20
34.0
 30
2880.2
 70
32
  0
VERTEX
  5
F50
330
17
100
AcDbEntity
  8
RBAR-T8-B
100
AcDbVertex
100
AcDb3dPolylineVertex
 10
1088.7
 20
34.0
 30
2883.3
 70
32
  0
VERTEX
  5
F51
330
17
100
AcDbEntity
  8
RBAR-T8-B
100
AcDbVertex
100
AcDb3dPolylineVertex
 10
1089.6
 20
34.0
 30
2886.2
 70
32
  0
VERTEX
  5
F52
330
17
100
AcDbEntity
  8
RBAR-T8-B
100
AcDbVertex
100
AcDb3dPolylineVertex
 10
1091.1
 20
34.0
 30
2889.0
 70
32
  0
VERTEX
  5
F53
330
17
100
AcDbEntity
  8
RBAR-T8-B
100
AcDbVertex
100
AcDb3dPolylineVertex
 10
1093.1
 20
34.0
 30
2891.4
 70
32
  0
VERTEX
  5
F54
330
17
100
AcDbEntity
  8
RBAR-T8-B
100
AcDbVertex
100
AcDb3dPolylineVertex
 10
1095.5
 20
34.0
 30
2893.3
 70
32
  0
VERTEX
  5
F55
330
17
100
AcDbEntity
  8
RBAR-T8-B
100
AcDbVertex
100
AcDb3dPolylineVertex
 10
1098.2
 20
34.0
 30
2894.8
 70
32
  0
VERTEX
  5
F56
330
17
100
AcDbEntity
  8
RBAR-T8-B
100
AcDbVertex
100
AcDb3dPolylineVertex
 10
1101.2
 20
34.0
 30
2895.7
 70
32
  0
VERTEX
  5
F57
330
17
100
AcDbEntity
  8
RBAR-T8-B
100
AcDbVertex
100
AcDb3dPolylineVertex
 10
1104.2
 20
34.0
 30
2896.0
 70
32
  0
VERTEX
  5
F58
330
17
100
AcDbEntity
  8
RBAR-T8-B
100
AcDbVertex
100
AcDb3dPolylineVertex
 10
1203.1
 20
34.0
 30
2896.0
 70
32
  0
VERTEX
  5
F59
330
17
100
AcDbEntity
  8
RBAR-T8-B
100
AcDbVertex
100
AcDb3dPolylineVertex
 10
1206.2
 20
34.0
 30
2895.7
 70
32
  0
VERTEX
  5
F5A
330
17
100
AcDbEntity
  8
RBAR-T8-B
100
AcDbVertex
100
AcDb3dPolylineVertex
 10
1209.2
 20
34.0
 30
2894.8
 70
32
  0
VERTEX
  5
F5B
330
17
100
AcDbEntity
  8
RBAR-T8-B
100
AcDbVertex
100
AcDb3dPolylineVertex
 10
1211.9
 20
34.0
 30
2893.3
 70
32
  0
VERTEX
  5
F5C
330
17
100
AcDbEntity
  8
RBAR-T8-B
100
AcDbVertex
100
AcDb3dPolylineVertex
 10
1214.3
 20
34.0
 30
2891.4
 70
32
  0
VERTEX
  5
F5D
330
17
100
AcDbEntity
  8
RBAR-T8-B
100
AcDbVertex
100
AcDb3dPolylineVertex
 10
1216.3
 20
34.0
 30
2889.0
 70
32
  0
VERTEX
  5
F5E
330
17
100
AcDbEntity
  8
RBAR-T8-B
100
AcDbVertex
100
AcDb3dPolylineVertex
 10
1217.7
 20
34.0
 30
2886.2
 70
32
  0
VERTEX
  5
F5F
330
17
100
AcDbEntity
  8
RBAR-T8-B
100
AcDbVertex
100
AcDb3dPolylineVertex
 10
1218.6
 20
34.0
 30
2883.3
 70
32
  0
VERTEX
  5
F60
330
17
100
AcDbEntity
  8
RBAR-T8-B
100
AcDbVertex
100
AcDb3dPolylineVertex
 10
1218.9
 20
34.0
 30
2880.2
 70
32
  0
VERTEX
  5
F61
330
17
100
AcDbEntity
  8
RBAR-T8-B
100
AcDbVertex
100
AcDb3dPolylineVertex
 10
1218.9
 20
34.0
 30
2504.4
 70
32
  0
SEQEND
  5
F4D
330
F4C
100
AcDbEntity
  8
RBAR-T8-B
  0
POLYLINE
  5
F62
330
17
100
AcDbEntity
  8
RBAR-T8-B
100
AcDb3dPolyline
 66
1
 10
0.0
 20
0.0
 30
0.0
 70
8
  0
VERTEX
  5
F64
330
17
100
AcDbEntity
  8
RBAR-T8-B
100
AcDbVertex
100
AcDb3dPolylineVertex
 10
1286.3
 20
34.0
 30
2504.4
 70
32
  0
VERTEX
  5
F65
330
17
100
AcDbEntity
  8
RBAR-T8-B
100
AcDbVertex
100
AcDb3dPolylineVertex
 10
1286.3
 20
34.0
 30
2880.2
 70
32
  0
VERTEX
  5
F66
330
17
100
AcDbEntity
  8
RBAR-T8-B
100
AcDbVertex
100
AcDb3dPolylineVertex
 10
1286.6
 20
34.0
 30
2883.3
 70
32
  0
VERTEX
  5
F67
330
17
100
AcDbEntity
  8
RBAR-T8-B
100
AcDbVertex
100
AcDb3dPolylineVertex
 10
1287.5
 20
34.0
 30
2886.2
 70
32
  0
VERTEX
  5
F68
330
17
100
AcDbEntity
  8
RBAR-T8-B
100
AcDbVertex
100
AcDb3dPolylineVertex
 10
1289.0
 20
34.0
 30
2889.0
 70
32
  0
VERTEX
  5
F69
330
17
100
AcDbEntity
  8
RBAR-T8-B
100
AcDbVertex
100
AcDb3dPolylineVertex
 10
1290.9
 20
34.0
 30
2891.4
 70
32
  0
VERTEX
  5
F6A
330
17
100
AcDbEntity
  8
RBAR-T8-B
100
AcDbVertex
100
AcDb3dPolylineVertex
 10
1293.3
 20
34.0
 30
2893.3
 70
32
  0
VERTEX
  5
F6B
330
17
100
AcDbEntity
  8
RBAR-T8-B
100
AcDbVertex
100
AcDb3dPolylineVertex
 10
1296.1
 20
34.0
 30
2894.8
 70
32
  0
VERTEX
  5
F6C
330
17
100
AcDbEntity
  8
RBAR-T8-B
100
AcDbVertex
100
AcDb3dPolylineVertex
 10
1299.1
 20
34.0
 30
2895.7
 70
32
  0
VERTEX
  5
F6D
330
17
100
AcDbEntity
  8
RBAR-T8-B
100
AcDbVertex
100
AcDb3dPolylineVertex
 10
1302.1
 20
34.0
 30
2896.0
 70
32
  0
VERTEX
  5
F6E
330
17
100
AcDbEntity
  8
RBAR-T8-B
100
AcDbVertex
100
AcDb3dPolylineVertex
 10
1401.0
 20
34.0
 30
2896.0
 70
32
  0
VERTEX
  5
F6F
330
17
100
AcDbEntity
  8
RBAR-T8-B
100
AcDbVertex
100
AcDb3dPolylineVertex
 10
1404.1
 20
34.0
 30
2895.7
 70
32
  0
VERTEX
  5
F70
330
17
100
AcDbEntity
  8
RBAR-T8-B
100
AcDbVertex
100
AcDb3dPolylineVertex
 10
1407.1
 20
34.0
 30
2894.8
 70
32
  0
VERTEX
  5
F71
330
17
100
AcDbEntity
  8
RBAR-T8-B
100
AcDbVertex
100
AcDb3dPolylineVertex
 10
1409.8
 20
34.0
 30
2893.3
 70
32
  0
VERTEX
  5
F72
330
17
100
AcDbEntity
  8
RBAR-T8-B
100
AcDbVertex
100
AcDb3dPolylineVertex
 10
1412.2
 20
34.0
 30
2891.4
 70
32
  0
VERTEX
  5
F73
330
17
100
AcDbEntity
  8
RBAR-T8-B
100
AcDbVertex
100
AcDb3dPolylineVertex
 10
1414.2
 20
34.0
 30
2889.0
 70
32
  0
VERTEX
  5
F74
330
17
100
AcDbEntity
  8
RBAR-T8-B
100
AcDbVertex
100
AcDb3dPolylineVertex
 10
1415.6
 20
34.0
 30
2886.2
 70
32
  0
VERTEX
  5
F75
330
17
100
AcDbEntity
  8
RBAR-T8-B
100
AcDbVertex
100
AcDb3dPolylineVertex
 10
1416.5
 20
34.0
 30
2883.3
 70
32
  0
VERTEX
  5
F76
330
17
100
AcDbEntity
  8
RBAR-T8-B
100
AcDbVertex
100
AcDb3dPolylineVertex
 10
1416.8
 20
34.0
 30
2880.2
 70
32
  0
VERTEX
  5
F77
330
17
100
AcDbEntity
  8
RBAR-T8-B
100
AcDbVertex
100
AcDb3dPolylineVertex
 10
1416.8
 20
34.0
 30
2504.4
 70
32
  0
SEQEND
  5
F63
330
F62
100
AcDbEntity
  8
RBAR-T8-B
  0
POLYLINE
  5
F78
330
17
100
AcDbEntity
  8
RBAR-T8-B
100
AcDb3dPolyline
 66
1
 10
0.0
 20
0.0
 30
0.0
 70
8
  0
VERTEX
  5
F7A
330
17
100
AcDbEntity
  8
RBAR-T8-B
100
AcDbVertex
100
AcDb3dPolylineVertex
 10
1484.2
 20
34.0
 30
2504.4
 70
32
  0
VERTEX
  5
F7B
330
17
100
AcDbEntity
  8
RBAR-T8-B
100
AcDbVertex
100
AcDb3dPolylineVertex
 10
1484.2
 20
34.0
 30
2880.2
 70
32
  0
VERTEX
  5
F7C
330
17
100
AcDbEntity
  8
RBAR-T8-B
100
AcDbVertex
100
AcDb3dPolylineVertex
 10
1484.5
 20
34.0
 30
2883.3
 70
32
  0
VERTEX
  5
F7D
330
17
100
AcDbEntity
  8
RBAR-T8-B
100
AcDbVertex
100
AcDb3dPolylineVertex
 10
1485.4
 20
34.0
 30
2886.2
 70
32
  0
VERTEX
  5
F7E
330
17
100
AcDbEntity
  8
RBAR-T8-B
100
AcDbVertex
100
AcDb3dPolylineVertex
 10
1486.9
 20
34.0
 30
2889.0
 70
32
  0
VERTEX
  5
F7F
330
17
100
AcDbEntity
  8
RBAR-T8-B
100
AcDbVertex
100
AcDb3dPolylineVertex
 10
1488.8
 20
34.0
 30
2891.4
 70
32
  0
VERTEX
  5
F80
330
17
100
AcDbEntity
  8
RBAR-T8-B
100
AcDbVertex
100
AcDb3dPolylineVertex
 10
1491.2
 20
34.0
 30
2893.3
 70
32
  0
VERTEX
  5
F81
330
17
100
AcDbEntity
  8
RBAR-T8-B
100
AcDbVertex
100
AcDb3dPolylineVertex
 10
1494.0
 20
34.0
 30
2894.8
 70
32
  0
VERTEX
  5
F82
330
17
100
AcDbEntity
  8
RBAR-T8-B
100
AcDbVertex
100
AcDb3dPolylineVertex
 10
1496.9
 20
34.0
 30
2895.7
 70
32
  0
VERTEX
  5
F83
330
17
100
AcDbEntity
  8
RBAR-T8-B
100
AcDbVertex
100
AcDb3dPolylineVertex
 10
1500.0
 20
34.0
 30
2896.0
 70
32
  0
VERTEX
  5
F84
330
17
100
AcDbEntity
  8
RBAR-T8-B
100
AcDbVertex
100
AcDb3dPolylineVertex
 10
1598.9
 20
34.0
 30
2896.0
 70
32
  0
VERTEX
  5
F85
330
17
100
AcDbEntity
  8
RBAR-T8-B
100
AcDbVertex
100
AcDb3dPolylineVertex
 10
1602.0
 20
34.0
 30
2895.7
 70
32
  0
VERTEX
  5
F86
330
17
100
AcDbEntity
  8
RBAR-T8-B
100
AcDbVertex
100
AcDb3dPolylineVertex
 10
1605.0
 20
34.0
 30
2894.8
 70
32
  0
VERTEX
  5
F87
330
17
100
AcDbEntity
  8
RBAR-T8-B
100
AcDbVertex
100
AcDb3dPolylineVertex
 10
1607.7
 20
34.0
 30
2893.3
 70
32
  0
VERTEX
  5
F88
330
17
100
AcDbEntity
  8
RBAR-T8-B
100
AcDbVertex
100
AcDb3dPolylineVertex
 10
1610.1
 20
34.0
 30
2891.4
 70
32
  0
VERTEX
  5
F89
330
17
100
AcDbEntity
  8
RBAR-T8-B
100
AcDbVertex
100
AcDb3dPolylineVertex
 10
1612.1
 20
34.0
 30
2889.0
 70
32
  0
VERTEX
  5
F8A
330
17
100
AcDbEntity
  8
RBAR-T8-B
100
AcDbVertex
100
AcDb3dPolylineVertex
 10
1613.5
 20
34.0
 30
2886.2
 70
32
  0
VERTEX
  5
F8B
330
17
100
AcDbEntity
  8
RBAR-T8-B
100
AcDbVertex
100
AcDb3dPolylineVertex
 10
1614.4
 20
34.0
 30
2883.3
 70
32
  0
VERTEX
  5
F8C
330
17
100
AcDbEntity
  8
RBAR-T8-B
100
AcDbVertex
100
AcDb3dPolylineVertex
 10
1614.7
 20
34.0
 30
2880.2
 70
32
  0
VERTEX
  5
F8D
330
17
100
AcDbEntity
  8
RBAR-T8-B
100
AcDbVertex
100
AcDb3dPolylineVertex
 10
1614.7
 20
34.0
 30
2504.4
 70
32
  0
SEQEND
  5
F79
330
F78
100
AcDbEntity
  8
RBAR-T8-B
  0
POLYLINE
  5
F8E
330
17
100
AcDbEntity
  8
RBAR-T8-B
100
AcDb3dPolyline
 66
1
 10
0.0
 20
0.0
 30
0.0
 70
8
  0
VERTEX
  5
F90
330
17
100
AcDbEntity
  8
RBAR-T8-B
100
AcDbVertex
100
AcDb3dPolylineVertex
 10
1682.1
 20
34.0
 30
2504.4
 70
32
  0
VERTEX
  5
F91
330
17
100
AcDbEntity
  8
RBAR-T8-B
100
AcDbVertex
100
AcDb3dPolylineVertex
 10
1682.1
 20
34.0
 30
2880.2
 70
32
  0
VERTEX
  5
F92
330
17
100
AcDbEntity
  8
RBAR-T8-B
100
AcDbVertex
100
AcDb3dPolylineVertex
 10
1682.4
 20
34.0
 30
2883.3
 70
32
  0
VERTEX
  5
F93
330
17
100
AcDbEntity
  8
RBAR-T8-B
100
AcDbVertex
100
AcDb3dPolylineVertex
 10
1683.3
 20
34.0
 30
2886.2
 70
32
  0
VERTEX
  5
F94
330
17
100
AcDbEntity
  8
RBAR-T8-B
100
AcDbVertex
100
AcDb3dPolylineVertex
 10
1684.8
 20
34.0
 30
2889.0
 70
32
  0
VERTEX
  5
F95
330
17
100
AcDbEntity
  8
RBAR-T8-B
100
AcDbVertex
100
AcDb3dPolylineVertex
 10
1686.7
 20
34.0
 30
2891.4
 70
32
  0
VERTEX
  5
F96
330
17
100
AcDbEntity
  8
RBAR-T8-B
100
AcDbVertex
100
AcDb3dPolylineVertex
 10
1689.1
 20
34.0
 30
2893.3
 70
32
  0
VERTEX
  5
F97
330
17
100
AcDbEntity
  8
RBAR-T8-B
100
AcDbVertex
100
AcDb3dPolylineVertex
 10
1691.9
 20
34.0
 30
2894.8
 70
32
  0
VERTEX
  5
F98
330
17
100
AcDbEntity
  8
RBAR-T8-B
100
AcDbVertex
100
AcDb3dPolylineVertex
 10
1694.8
 20
34.0
 30
2895.7
 70
32
  0
VERTEX
  5
F99
330
17
100
AcDbEntity
  8
RBAR-T8-B
100
AcDbVertex
100
AcDb3dPolylineVertex
 10
1697.9
 20
34.0
 30
2896.0
 70
32
  0
VERTEX
  5
F9A
330
17
100
AcDbEntity
  8
RBAR-T8-B
100
AcDbVertex
100
AcDb3dPolylineVertex
 10
1796.8
 20
34.0
 30
2896.0
 70
32
  0
VERTEX
  5
F9B
330
17
100
AcDbEntity
  8
RBAR-T8-B
100
AcDbVertex
100
AcDb3dPolylineVertex
 10
1799.9
 20
34.0
 30
2895.7
 70
32
  0
VERTEX
  5
F9C
330
17
100
AcDbEntity
  8
RBAR-T8-B
100
AcDbVertex
100
AcDb3dPolylineVertex
 10
1802.9
 20
34.0
 30
2894.8
 70
32
  0
VERTEX
  5
F9D
330
17
100
AcDbEntity
  8
RBAR-T8-B
100
AcDbVertex
100
AcDb3dPolylineVertex
 10
1805.6
 20
34.0
 30
2893.3
 70
32
  0
VERTEX
  5
F9E
330
17
100
AcDbEntity
  8
RBAR-T8-B
100
AcDbVertex
100
AcDb3dPolylineVertex
 10
1808.0
 20
34.0
 30
2891.4
 70
32
  0
VERTEX
  5
F9F
330
17
100
AcDbEntity
  8
RBAR-T8-B
100
AcDbVertex
100
AcDb3dPolylineVertex
 10
1810.0
 20
34.0
 30
2889.0
 70
32
  0
VERTEX
  5
FA0
330
17
100
AcDbEntity
  8
RBAR-T8-B
100
AcDbVertex
100
AcDb3dPolylineVertex
 10
1811.4
 20
34.0
 30
2886.2
 70
32
  0
VERTEX
  5
FA1
330
17
100
AcDbEntity
  8
RBAR-T8-B
100
AcDbVertex
100
AcDb3dPolylineVertex
 10
1812.3
 20
34.0
 30
2883.3
 70
32
  0
VERTEX
  5
FA2
330
17
100
AcDbEntity
  8
RBAR-T8-B
100
AcDbVertex
100
AcDb3dPolylineVertex
 10
1812.6
 20
34.0
 30
2880.2
 70
32
  0
VERTEX
  5
FA3
330
17
100
AcDbEntity
  8
RBAR-T8-B
100
AcDbVertex
100
AcDb3dPolylineVertex
 10
1812.6
 20
34.0
 30
2504.4
 70
32
  0
SEQEND
  5
F8F
330
F8E
100
AcDbEntity
  8
RBAR-T8-B
  0
POLYLINE
  5
FA4
330
17
100
AcDbEntity
  8
RBAR-T8-B
100
AcDb3dPolyline
 66
1
 10
0.0
 20
0.0
 30
0.0
 70
8
  0
VERTEX
  5
FA6
330
17
100
AcDbEntity
  8
RBAR-T8-B
100
AcDbVertex
100
AcDb3dPolylineVertex
 10
1880.0
 20
34.0
 30
2504.4
 70
32
  0
VERTEX
  5
FA7
330
17
100
AcDbEntity
  8
RBAR-T8-B
100
AcDbVertex
100
AcDb3dPolylineVertex
 10
1880.0
 20
34.0
 30
2880.2
 70
32
  0
VERTEX
  5
FA8
330
17
100
AcDbEntity
  8
RBAR-T8-B
100
AcDbVertex
100
AcDb3dPolylineVertex
 10
1880.3
 20
34.0
 30
2883.3
 70
32
  0
VERTEX
  5
FA9
330
17
100
AcDbEntity
  8
RBAR-T8-B
100
AcDbVertex
100
AcDb3dPolylineVertex
 10
1881.2
 20
34.0
 30
2886.2
 70
32
  0
VERTEX
  5
FAA
330
17
100
AcDbEntity
  8
RBAR-T8-B
100
AcDbVertex
100
AcDb3dPolylineVertex
 10
1882.7
 20
34.0
 30
2889.0
 70
32
  0
VERTEX
  5
FAB
330
17
100
AcDbEntity
  8
RBAR-T8-B
100
AcDbVertex
100
AcDb3dPolylineVertex
 10
1884.6
 20
34.0
 30
2891.4
 70
32
  0
VERTEX
  5
FAC
330
17
100
AcDbEntity
  8
RBAR-T8-B
100
AcDbVertex
100
AcDb3dPolylineVertex
 10
1887.0
 20
34.0
 30
2893.3
 70
32
  0
VERTEX
  5
FAD
330
17
100
AcDbEntity
  8
RBAR-T8-B
100
AcDbVertex
100
AcDb3dPolylineVertex
 10
1889.8
 20
34.0
 30
2894.8
 70
32
  0
VERTEX
  5
FAE
330
17
100
AcDbEntity
  8
RBAR-T8-B
100
AcDbVertex
100
AcDb3dPolylineVertex
 10
1892.7
 20
34.0
 30
2895.7
 70
32
  0
VERTEX
  5
FAF
330
17
100
AcDbEntity
  8
RBAR-T8-B
100
AcDbVertex
100
AcDb3dPolylineVertex
 10
1895.8
 20
34.0
 30
2896.0
 70
32
  0
VERTEX
  5
FB0
330
17
100
AcDbEntity
  8
RBAR-T8-B
100
AcDbVertex
100
AcDb3dPolylineVertex
 10
1994.7
 20
34.0
 30
2896.0
 70
32
  0
VERTEX
  5
FB1
330
17
100
AcDbEntity
  8
RBAR-T8-B
100
AcDbVertex
100
AcDb3dPolylineVertex
 10
1997.8
 20
34.0
 30
2895.7
 70
32
  0
VERTEX
  5
FB2
330
17
100
AcDbEntity
  8
RBAR-T8-B
100
AcDbVertex
100
AcDb3dPolylineVertex
 10
2000.8
 20
34.0
 30
2894.8
 70
32
  0
VERTEX
  5
FB3
330
17
100
AcDbEntity
  8
RBAR-T8-B
100
AcDbVertex
100
AcDb3dPolylineVertex
 10
2003.5
 20
34.0
 30
2893.3
 70
32
  0
VERTEX
  5
FB4
330
17
100
AcDbEntity
  8
RBAR-T8-B
100
AcDbVertex
100
AcDb3dPolylineVertex
 10
2005.9
 20
34.0
 30
2891.4
 70
32
  0
VERTEX
  5
FB5
330
17
100
AcDbEntity
  8
RBAR-T8-B
100
AcDbVertex
100
AcDb3dPolylineVertex
 10
2007.9
 20
34.0
 30
2889.0
 70
32
  0
VERTEX
  5
FB6
330
17
100
AcDbEntity
  8
RBAR-T8-B
100
AcDbVertex
100
AcDb3dPolylineVertex
 10
2009.3
 20
34.0
 30
2886.2
 70
32
  0
VERTEX
  5
FB7
330
17
100
AcDbEntity
  8
RBAR-T8-B
100
AcDbVertex
100
AcDb3dPolylineVertex
 10
2010.2
 20
34.0
 30
2883.3
 70
32
  0
VERTEX
  5
FB8
330
17
100
AcDbEntity
  8
RBAR-T8-B
100
AcDbVertex
100
AcDb3dPolylineVertex
 10
2010.5
 20
34.0
 30
2880.2
 70
32
  0
VERTEX
  5
FB9
330
17
100
AcDbEntity
  8
RBAR-T8-B
100
AcDbVertex
100
AcDb3dPolylineVertex
 10
2010.5
 20
34.0
 30
2504.4
 70
32
  0
SEQEND
  5
FA5
330
FA4
100
AcDbEntity
  8
RBAR-T8-B
  0
POLYLINE
  5
FBA
330
17
100
AcDbEntity
  8
RBAR-T8-B
100
AcDb3dPolyline
 66
1
 10
0.0
 20
0.0
 30
0.0
 70
8
  0
VERTEX
  5
FBC
330
17
100
AcDbEntity
  8
RBAR-T8-B
100
AcDbVertex
100
AcDb3dPolylineVertex
 10
2077.9
 20
34.0
 30
2504.4
 70
32
  0
VERTEX
  5
FBD
330
17
100
AcDbEntity
  8
RBAR-T8-B
100
AcDbVertex
100
AcDb3dPolylineVertex
 10
2077.9
 20
34.0
 30
2880.2
 70
32
  0
VERTEX
  5
FBE
330
17
100
AcDbEntity
  8
RBAR-T8-B
100
AcDbVertex
100
AcDb3dPolylineVertex
 10
2078.2
 20
34.0
 30
2883.3
 70
32
  0
VERTEX
  5
FBF
330
17
100
AcDbEntity
  8
RBAR-T8-B
100
AcDbVertex
100
AcDb3dPolylineVertex
 10
2079.1
 20
34.0
 30
2886.2
 70
32
  0
VERTEX
  5
FC0
330
17
100
AcDbEntity
  8
RBAR-T8-B
100
AcDbVertex
100
AcDb3dPolylineVertex
 10
2080.6
 20
34.0
 30
2889.0
 70
32
  0
VERTEX
  5
FC1
330
17
100
AcDbEntity
  8
RBAR-T8-B
100
AcDbVertex
100
AcDb3dPolylineVertex
 10
2082.5
 20
34.0
 30
2891.4
 70
32
  0
VERTEX
  5
FC2
330
17
100
AcDbEntity
  8
RBAR-T8-B
100
AcDbVertex
100
AcDb3dPolylineVertex
 10
2084.9
 20
34.0
 30
2893.3
 70
32
  0
VERTEX
  5
FC3
330
17
100
AcDbEntity
  8
RBAR-T8-B
100
AcDbVertex
100
AcDb3dPolylineVertex
 10
2087.7
 20
34.0
 30
2894.8
 70
32
  0
VERTEX
  5
FC4
330
17
100
AcDbEntity
  8
RBAR-T8-B
100
AcDbVertex
100
AcDb3dPolylineVertex
 10
2090.6
 20
34.0
 30
2895.7
 70
32
  0
VERTEX
  5
FC5
330
17
100
AcDbEntity
  8
RBAR-T8-B
100
AcDbVertex
100
AcDb3dPolylineVertex
 10
2093.7
 20
34.0
 30
2896.0
 70
32
  0
VERTEX
  5
FC6
330
17
100
AcDbEntity
  8
RBAR-T8-B
100
AcDbVertex
100
AcDb3dPolylineVertex
 10
2192.6
 20
34.0
 30
2896.0
 70
32
  0
VERTEX
  5
FC7
330
17
100
AcDbEntity
  8
RBAR-T8-B
100
AcDbVertex
100
AcDb3dPolylineVertex
 10
2195.7
 20
34.0
 30
2895.7
 70
32
  0
VERTEX
  5
FC8
330
17
100
AcDbEntity
  8
RBAR-T8-B
100
AcDbVertex
100
AcDb3dPolylineVertex
 10
2198.7
 20
34.0
 30
2894.8
 70
32
  0
VERTEX
  5
FC9
330
17
100
AcDbEntity
  8
RBAR-T8-B
100
AcDbVertex
100
AcDb3dPolylineVertex
 10
2201.4
 20
34.0
 30
2893.3
 70
32
  0
VERTEX
  5
FCA
330
17
100
AcDbEntity
  8
RBAR-T8-B
100
AcDbVertex
100
AcDb3dPolylineVertex
 10
2203.8
 20
34.0
 30
2891.4
 70
32
  0
VERTEX
  5
FCB
330
17
100
AcDbEntity
  8
RBAR-T8-B
100
AcDbVertex
100
AcDb3dPolylineVertex
 10
2205.8
 20
34.0
 30
2889.0
 70
32
  0
VERTEX
  5
FCC
330
17
100
AcDbEntity
  8
RBAR-T8-B
100
AcDbVertex
100
AcDb3dPolylineVertex
 10
2207.2
 20
34.0
 30
2886.2
 70
32
  0
VERTEX
  5
FCD
330
17
100
AcDbEntity
  8
RBAR-T8-B
100
AcDbVertex
100
AcDb3dPolylineVertex
 10
2208.1
 20
34.0
 30
2883.3
 70
32
  0
VERTEX
  5
FCE
330
17
100
AcDbEntity
  8
RBAR-T8-B
100
AcDbVertex
100
AcDb3dPolylineVertex
 10
2208.4
 20
34.0
 30
2880.2
 70
32
  0
VERTEX
  5
FCF
330
17
100
AcDbEntity
  8
RBAR-T8-B
100
AcDbVertex
100
AcDb3dPolylineVertex
 10
2208.4
 20
34.0
 30
2504.4
 70
32
  0
SEQEND
  5
FBB
330
FBA
100
AcDbEntity
  8
RBAR-T8-B
  0
POLYLINE
  5
FD0
330
17
100
AcDbEntity
  8
RBAR-T8-B
100
AcDb3dPolyline
 66
1
 10
0.0
 20
0.0
 30
0.0
 70
8
  0
VERTEX
  5
FD2
330
17
100
AcDbEntity
  8
RBAR-T8-B
100
AcDbVertex
100
AcDb3dPolylineVertex
 10
2275.8
 20
34.0
 30
2504.4
 70
32
  0
VERTEX
  5
FD3
330
17
100
AcDbEntity
  8
RBAR-T8-B
100
AcDbVertex
100
AcDb3dPolylineVertex
 10
2275.8
 20
34.0
 30
2880.2
 70
32
  0
VERTEX
  5
FD4
330
17
100
AcDbEntity
  8
RBAR-T8-B
100
AcDbVertex
100
AcDb3dPolylineVertex
 10
2276.1
 20
34.0
 30
2883.3
 70
32
  0
VERTEX
  5
FD5
330
17
100
AcDbEntity
  8
RBAR-T8-B
100
AcDbVertex
100
AcDb3dPolylineVertex
 10
2277.0
 20
34.0
 30
2886.2
 70
32
  0
VERTEX
  5
FD6
330
17
100
AcDbEntity
  8
RBAR-T8-B
100
AcDbVertex
100
AcDb3dPolylineVertex
 10
2278.5
 20
34.0
 30
2889.0
 70
32
  0
VERTEX
  5
FD7
330
17
100
AcDbEntity
  8
RBAR-T8-B
100
AcDbVertex
100
AcDb3dPolylineVertex
 10
2280.4
 20
34.0
 30
2891.4
 70
32
  0
VERTEX
  5
FD8
330
17
100
AcDbEntity
  8
RBAR-T8-B
100
AcDbVertex
100
AcDb3dPolylineVertex
 10
2282.8
 20
34.0
 30
2893.3
 70
32
  0
VERTEX
  5
FD9
330
17
100
AcDbEntity
  8
RBAR-T8-B
100
AcDbVertex
100
AcDb3dPolylineVertex
 10
2285.6
 20
34.0
 30
2894.8
 70
32
  0
VERTEX
  5
FDA
330
17
100
AcDbEntity
  8
RBAR-T8-B
100
AcDbVertex
100
AcDb3dPolylineVertex
 10
2288.5
 20
34.0
 30
2895.7
 70
32
  0
VERTEX
  5
FDB
330
17
100
AcDbEntity
  8
RBAR-T8-B
100
AcDbVertex
100
AcDb3dPolylineVertex
 10
2291.6
 20
34.0
 30
2896.0
 70
32
  0
VERTEX
  5
FDC
330
17
100
AcDbEntity
  8
RBAR-T8-B
100
AcDbVertex
100
AcDb3dPolylineVertex
 10
2390.5
 20
34.0
 30
2896.0
 70
32
  0
VERTEX
  5
FDD
330
17
100
AcDbEntity
  8
RBAR-T8-B
100
AcDbVertex
100
AcDb3dPolylineVertex
 10
2393.6
 20
34.0
 30
2895.7
 70
32
  0
VERTEX
  5
FDE
330
17
100
AcDbEntity
  8
RBAR-T8-B
100
AcDbVertex
100
AcDb3dPolylineVertex
 10
2396.5
 20
34.0
 30
2894.8
 70
32
  0
VERTEX
  5
FDF
330
17
100
AcDbEntity
  8
RBAR-T8-B
100
AcDbVertex
100
AcDb3dPolylineVertex
 10
2399.3
 20
34.0
 30
2893.3
 70
32
  0
VERTEX
  5
FE0
330
17
100
AcDbEntity
  8
RBAR-T8-B
100
AcDbVertex
100
AcDb3dPolylineVertex
 10
2401.7
 20
34.0
 30
2891.4
 70
32
  0
VERTEX
  5
FE1
330
17
100
AcDbEntity
  8
RBAR-T8-B
100
AcDbVertex
100
AcDb3dPolylineVertex
 10
2403.6
 20
34.0
 30
2889.0
 70
32
  0
VERTEX
  5
FE2
330
17
100
AcDbEntity
  8
RBAR-T8-B
100
AcDbVertex
100
AcDb3dPolylineVertex
 10
2405.1
 20
34.0
 30
2886.2
 70
32
  0
VERTEX
  5
FE3
330
17
100
AcDbEntity
  8
RBAR-T8-B
100
AcDbVertex
100
AcDb3dPolylineVertex
 10
2406.0
 20
34.0
 30
2883.3
 70
32
  0
VERTEX
  5
FE4
330
17
100
AcDbEntity
  8
RBAR-T8-B
100
AcDbVertex
100
AcDb3dPolylineVertex
 10
2406.3
 20
34.0
 30
2880.2
 70
32
  0
VERTEX
  5
FE5
330
17
100
AcDbEntity
  8
RBAR-T8-B
100
AcDbVertex
100
AcDb3dPolylineVertex
 10
2406.3
 20
34.0
 30
2504.4
 70
32
  0
SEQEND
  5
FD1
330
FD0
100
AcDbEntity
  8
RBAR-T8-B
  0
POLYLINE
  5
FE6
330
17
100
AcDbEntity
  8
RBAR-T8-B
100
AcDb3dPolyline
 66
1
 10
0.0
 20
0.0
 30
0.0
 70
8
  0
VERTEX
  5
FE8
330
17
100
AcDbEntity
  8
RBAR-T8-B
100
AcDbVertex
100
AcDb3dPolylineVertex
 10
2473.7
 20
34.0
 30
2504.4
 70
32
  0
VERTEX
  5
FE9
330
17
100
AcDbEntity
  8
RBAR-T8-B
100
AcDbVertex
100
AcDb3dPolylineVertex
 10
2473.7
 20
34.0
 30
2880.2
 70
32
  0
VERTEX
  5
FEA
330
17
100
AcDbEntity
  8
RBAR-T8-B
100
AcDbVertex
100
AcDb3dPolylineVertex
 10
2474.0
 20
34.0
 30
2883.3
 70
32
  0
VERTEX
  5
FEB
330
17
100
AcDbEntity
  8
RBAR-T8-B
100
AcDbVertex
100
AcDb3dPolylineVertex
 10
2474.9
 20
34.0
 30
2886.2
 70
32
  0
VERTEX
  5
FEC
330
17
100
AcDbEntity
  8
RBAR-T8-B
100
AcDbVertex
100
AcDb3dPolylineVertex
 10
2476.4
 20
34.0
 30
2889.0
 70
32
  0
VERTEX
  5
FED
330
17
100
AcDbEntity
  8
RBAR-T8-B
100
AcDbVertex
100
AcDb3dPolylineVertex
 10
2478.3
 20
34.0
 30
2891.4
 70
32
  0
VERTEX
  5
FEE
330
17
100
AcDbEntity
  8
RBAR-T8-B
100
AcDbVertex
100
AcDb3dPolylineVertex
 10
2480.7
 20
34.0
 30
2893.3
 70
32
  0
VERTEX
  5
FEF
330
17
100
AcDbEntity
  8
RBAR-T8-B
100
AcDbVertex
100
AcDb3dPolylineVertex
 10
2483.5
 20
34.0
 30
2894.8
 70
32
  0
VERTEX
  5
FF0
330
17
100
AcDbEntity
  8
RBAR-T8-B
100
AcDbVertex
100
AcDb3dPolylineVertex
 10
2486.4
 20
34.0
 30
2895.7
 70
32
  0
VERTEX
  5
FF1
330
17
100
AcDbEntity
  8
RBAR-T8-B
100
AcDbVertex
100
AcDb3dPolylineVertex
 10
2489.5
 20
34.0
 30
2896.0
 70
32
  0
VERTEX
  5
FF2
330
17
100
AcDbEntity
  8
RBAR-T8-B
100
AcDbVertex
100
AcDb3dPolylineVertex
 10
2588.4
 20
34.0
 30
2896.0
 70
32
  0
VERTEX
  5
FF3
330
17
100
AcDbEntity
  8
RBAR-T8-B
100
AcDbVertex
100
AcDb3dPolylineVertex
 10
2591.5
 20
34.0
 30
2895.7
 70
32
  0
VERTEX
  5
FF4
330
17
100
AcDbEntity
  8
RBAR-T8-B
100
AcDbVertex
100
AcDb3dPolylineVertex
 10
2594.4
 20
34.0
 30
2894.8
 70
32
  0
VERTEX
  5
FF5
330
17
100
AcDbEntity
  8
RBAR-T8-B
100
AcDbVertex
100
AcDb3dPolylineVertex
 10
2597.2
 20
34.0
 30
2893.3
 70
32
  0
VERTEX
  5
FF6
330
17
100
AcDbEntity
  8
RBAR-T8-B
100
AcDbVertex
100
AcDb3dPolylineVertex
 10
2599.6
 20
34.0
 30
2891.4
 70
32
  0
VERTEX
  5
FF7
330
17
100
AcDbEntity
  8
RBAR-T8-B
100
AcDbVertex
100
AcDb3dPolylineVertex
 10
2601.5
 20
34.0
 30
2889.0
 70
32
  0
VERTEX
  5
FF8
330
17
100
AcDbEntity
  8
RBAR-T8-B
100
AcDbVertex
100
AcDb3dPolylineVertex
 10
2603.0
 20
34.0
 30
2886.2
 70
32
  0
VERTEX
  5
FF9
330
17
100
AcDbEntity
  8
RBAR-T8-B
100
AcDbVertex
100
AcDb3dPolylineVertex
 10
2603.9
 20
34.0
 30
2883.3
 70
32
  0
VERTEX
  5
FFA
330
17
100
AcDbEntity
  8
RBAR-T8-B
100
AcDbVertex
100
AcDb3dPolylineVertex
 10
2604.2
 20
34.0
 30
2880.2
 70
32
  0
VERTEX
  5
FFB
330
17
100
AcDbEntity
  8
RBAR-T8-B
100
AcDbVertex
100
AcDb3dPolylineVertex
 10
2604.2
 20
34.0
 30
2504.4
 70
32
  0
SEQEND
  5
FE7
330
FE6
100
AcDbEntity
  8
RBAR-T8-B
  0
POLYLINE
  5
FFC
330
17
100
AcDbEntity
  8
RBAR-T8-B
100
AcDb3dPolyline
 66
1
 10
0.0
 20
0.0
 30
0.0
 70
8
  0
VERTEX
  5
FFE
330
17
100
AcDbEntity
  8
RBAR-T8-B
100
AcDbVertex
100
AcDb3dPolylineVertex
 10
2671.6
 20
34.0
 30
2504.4
 70
32
  0
VERTEX
  5
FFF
330
17
100
AcDbEntity
  8
RBAR-T8-B
100
AcDbVertex
100
AcDb3dPolylineVertex
 10
2671.6
 20
34.0
 30
2880.2
 70
32
  0
VERTEX
  5
1000
330
17
100
AcDbEntity
  8
RBAR-T8-B
100
AcDbVertex
100
AcDb3dPolylineVertex
 10
2671.9
 20
34.0
 30
2883.3
 70
32
  0
VERTEX
  5
1001
330
17
100
AcDbEntity
  8
RBAR-T8-B
100
AcDbVertex
100
AcDb3dPolylineVertex
 10
2672.8
 20
34.0
 30
2886.2
 70
32
  0
VERTEX
  5
1002
330
17
100
AcDbEntity
  8
RBAR-T8-B
100
AcDbVertex
100
AcDb3dPolylineVertex
 10
2674.2
 20
34.0
 30
2889.0
 70
32
  0
VERTEX
  5
1003
330
17
100
AcDbEntity
  8
RBAR-T8-B
100
AcDbVertex
100
AcDb3dPolylineVertex
 10
2676.2
 20
34.0
 30
2891.4
 70
32
  0
VERTEX
  5
1004
330
17
100
AcDbEntity
  8
RBAR-T8-B
100
AcDbVertex
100
AcDb3dPolylineVertex
 10
2678.6
 20
34.0
 30
2893.3
 70
32
  0
VERTEX
  5
1005
330
17
100
AcDbEntity
  8
RBAR-T8-B
100
AcDbVertex
100
AcDb3dPolylineVertex
 10
2681.3
 20
34.0
 30
2894.8
 70
32
  0
VERTEX
  5
1006
330
17
100
AcDbEntity
  8
RBAR-T8-B
100
AcDbVertex
100
AcDb3dPolylineVertex
 10
2684.3
 20
34.0
 30
2895.7
 70
32
  0
VERTEX
  5
1007
330
17
100
AcDbEntity
  8
RBAR-T8-B
100
AcDbVertex
100
AcDb3dPolylineVertex
 10
2687.4
 20
34.0
 30
2896.0
 70
32
  0
VERTEX
  5
1008
330
17
100
AcDbEntity
  8
RBAR-T8-B
100
AcDbVertex
100
AcDb3dPolylineVertex
 10
2786.3
 20
34.0
 30
2896.0
 70
32
  0
VERTEX
  5
1009
330
17
100
AcDbEntity
  8
RBAR-T8-B
100
AcDbVertex
100
AcDb3dPolylineVertex
 10
2789.4
 20
34.0
 30
2895.7
 70
32
  0
VERTEX
  5
100A
330
17
100
AcDbEntity
  8
RBAR-T8-B
100
AcDbVertex
100
AcDb3dPolylineVertex
 10
2792.3
 20
34.0
 30
2894.8
 70
32
  0
VERTEX
  5
100B
330
17
100
AcDbEntity
  8
RBAR-T8-B
100
AcDbVertex
100
AcDb3dPolylineVertex
 10
2795.1
 20
34.0
 30
2893.3
 70
32
  0
VERTEX
  5
100C
330
17
100
AcDbEntity
  8
RBAR-T8-B
100
AcDbVertex
100
AcDb3dPolylineVertex
 10
2797.5
 20
34.0
 30
2891.4
 70
32
  0
VERTEX
  5
100D
330
17
100
AcDbEntity
  8
RBAR-T8-B
100
AcDbVertex
100
AcDb3dPolylineVertex
 10
2799.4
 20
34.0
 30
2889.0
 70
32
  0
VERTEX
  5
100E
330
17
100
AcDbEntity
  8
RBAR-T8-B
100
AcDbVertex
100
AcDb3dPolylineVertex
 10
2800.9
 20
34.0
 30
2886.2
 70
32
  0
VERTEX
  5
100F
330
17
100
AcDbEntity
  8
RBAR-T8-B
100
AcDbVertex
100
AcDb3dPolylineVertex
 10
2801.8
 20
34.0
 30
2883.3
 70
32
  0
VERTEX
  5
1010
330
17
100
AcDbEntity
  8
RBAR-T8-B
100
AcDbVertex
100
AcDb3dPolylineVertex
 10
2802.1
 20
34.0
 30
2880.2
 70
32
  0
VERTEX
  5
1011
330
17
100
AcDbEntity
  8
RBAR-T8-B
100
AcDbVertex
100
AcDb3dPolylineVertex
 10
2802.1
 20
34.0
 30
2504.4
 70
32
  0
SEQEND
  5
FFD
330
FFC
100
AcDbEntity
  8
RBAR-T8-B
  0
POLYLINE
  5
1012
330
17
100
AcDbEntity
  8
RBAR-T8-B
100
AcDb3dPolyline
 66
1
 10
0.0
 20
0.0
 30
0.0
 70
8
  0
VERTEX
  5
1014
330
17
100
AcDbEntity
  8
RBAR-T8-B
100
AcDbVertex
100
AcDb3dPolylineVertex
 10
2869.5
 20
34.0
 30
2504.4
 70
32
  0
VERTEX
  5
1015
330
17
100
AcDbEntity
  8
RBAR-T8-B
100
AcDbVertex
100
AcDb3dPolylineVertex
 10
2869.5
 20
34.0
 30
2880.2
 70
32
  0
VERTEX
  5
1016
330
17
100
AcDbEntity
  8
RBAR-T8-B
100
AcDbVertex
100
AcDb3dPolylineVertex
 10
2869.8
 20
34.0
 30
2883.3
 70
32
  0
VERTEX
  5
1017
330
17
100
AcDbEntity
  8
RBAR-T8-B
100
AcDbVertex
100
AcDb3dPolylineVertex
 10
2870.7
 20
34.0
 30
2886.2
 70
32
  0
VERTEX
  5
1018
330
17
100
AcDbEntity
  8
RBAR-T8-B
100
AcDbVertex
100
AcDb3dPolylineVertex
 10
2872.1
 20
34.0
 30
2889.0
 70
32
  0
VERTEX
  5
1019
330
17
100
AcDbEntity
  8
RBAR-T8-B
100
AcDbVertex
100
AcDb3dPolylineVertex
 10
2874.1
 20
34.0
 30
2891.4
 70
32
  0
VERTEX
  5
101A
330
17
100
AcDbEntity
  8
RBAR-T8-B
100
AcDbVertex
100
AcDb3dPolylineVertex
 10
2876.5
 20
34.0
 30
2893.3
 70
32
  0
VERTEX
  5
101B
330
17
100
AcDbEntity
  8
RBAR-T8-B
100
AcDbVertex
100
AcDb3dPolylineVertex
 10
2879.2
 20
34.0
 30
2894.8
 70
32
  0
VERTEX
  5
101C
330
17
100
AcDbEntity
  8
RBAR-T8-B
100
AcDbVertex
100
AcDb3dPolylineVertex
 10
2882.2
 20
34.0
 30
2895.7
 70
32
  0
VERTEX
  5
101D
330
17
100
AcDbEntity
  8
RBAR-T8-B
100
AcDbVertex
100
AcDb3dPolylineVertex
 10
2885.3
 20
34.0
 30
2896.0
 70
32
  0
VERTEX
  5
101E
330
17
100
AcDbEntity
  8
RBAR-T8-B
100
AcDbVertex
100
AcDb3dPolylineVertex
 10
2984.2
 20
34.0
 30
2896.0
 70
32
  0
VERTEX
  5
101F
330
17
100
AcDbEntity
  8
RBAR-T8-B
100
AcDbVertex
100
AcDb3dPolylineVertex
 10
2987.3
 20
34.0
 30
2895.7
 70
32
  0
VERTEX
  5
1020
330
17
100
AcDbEntity
  8
RBAR-T8-B
100
AcDbVertex
100
AcDb3dPolylineVertex
 10
2990.2
 20
34.0
 30
2894.8
 70
32
  0
VERTEX
  5
1021
330
17
100
AcDbEntity
  8
RBAR-T8-B
100
AcDbVertex
100
AcDb3dPolylineVertex
 10
2993.0
 20
34.0
 30
2893.3
 70
32
  0
VERTEX
  5
1022
330
17
100
AcDbEntity
  8
RBAR-T8-B
100
AcDbVertex
100
AcDb3dPolylineVertex
 10
2995.4
 20
34.0
 30
2891.4
 70
32
  0
VERTEX
  5
1023
330
17
100
AcDbEntity
  8
RBAR-T8-B
100
AcDbVertex
100
AcDb3dPolylineVertex
 10
2997.3
 20
34.0
 30
2889.0
 70
32
  0
VERTEX
  5
1024
330
17
100
AcDbEntity
  8
RBAR-T8-B
100
AcDbVertex
100
AcDb3dPolylineVertex
 10
2998.8
 20
34.0
 30
2886.2
 70
32
  0
VERTEX
  5
1025
330
17
100
AcDbEntity
  8
RBAR-T8-B
100
AcDbVertex
100
AcDb3dPolylineVertex
 10
2999.7
 20
34.0
 30
2883.3
 70
32
  0
VERTEX
  5
1026
330
17
100
AcDbEntity
  8
RBAR-T8-B
100
AcDbVertex
100
AcDb3dPolylineVertex
 10
3000.0
 20
34.0
 30
2880.2
 70
32
  0
VERTEX
  5
1027
330
17
100
AcDbEntity
  8
RBAR-T8-B
100
AcDbVertex
100
AcDb3dPolylineVertex
 10
3000.0
 20
34.0
 30
2504.4
 70
32
  0
SEQEND
  5
1013
330
1012
100
AcDbEntity
  8
RBAR-T8-B
  0
POLYLINE
  5
1028
330
17
100
AcDbEntity
  8
RBAR-T8-B
100
AcDb3dPolyline
 66
1
 10
0.0
 20
0.0
 30
0.0
 70
8
  0
VERTEX
  5
102A
330
17
100
AcDbEntity
  8
RBAR-T8-B
100
AcDbVertex
100
AcDb3dPolylineVertex
 10
3067.4
 20
34.0
 30
2504.4
 70
32
  0
VERTEX
  5
102B
330
17
100
AcDbEntity
  8
RBAR-T8-B
100
AcDbVertex
100
AcDb3dPolylineVertex
 10
3067.4
 20
34.0
 30
2880.2
 70
32
  0
VERTEX
  5
102C
330
17
100
AcDbEntity
  8
RBAR-T8-B
100
AcDbVertex
100
AcDb3dPolylineVertex
 10
3067.7
 20
34.0
 30
2883.3
 70
32
  0
VERTEX
  5
102D
330
17
100
AcDbEntity
  8
RBAR-T8-B
100
AcDbVertex
100
AcDb3dPolylineVertex
 10
3068.6
 20
34.0
 30
2886.2
 70
32
  0
VERTEX
  5
102E
330
17
100
AcDbEntity
  8
RBAR-T8-B
100
AcDbVertex
100
AcDb3dPolylineVertex
 10
3070.0
 20
34.0
 30
2889.0
 70
32
  0
VERTEX
  5
102F
330
17
100
AcDbEntity
  8
RBAR-T8-B
100
AcDbVertex
100
AcDb3dPolylineVertex
 10
3072.0
 20
34.0
 30
2891.4
 70
32
  0
VERTEX
  5
1030
330
17
100
AcDbEntity
  8
RBAR-T8-B
100
AcDbVertex
100
AcDb3dPolylineVertex
 10
3074.4
 20
34.0
 30
2893.3
 70
32
  0
VERTEX
  5
1031
330
17
100
AcDbEntity
  8
RBAR-T8-B
100
AcDbVertex
100
AcDb3dPolylineVertex
 10
3077.1
 20
34.0
 30
2894.8
 70
32
  0
VERTEX
  5
1032
330
17
100
AcDbEntity
  8
RBAR-T8-B
100
AcDbVertex
100
AcDb3dPolylineVertex
 10
3080.1
 20
34.0
 30
2895.7
 70
32
  0
VERTEX
  5
1033
330
17
100
AcDbEntity
  8
RBAR-T8-B
100
AcDbVertex
100
AcDb3dPolylineVertex
 10
3083.2
 20
34.0
 30
2896.0
 70
32
  0
VERTEX
  5
1034
330
17
100
AcDbEntity
  8
RBAR-T8-B
100
AcDbVertex
100
AcDb3dPolylineVertex
 10
3182.1
 20
34.0
 30
2896.0
 70
32
  0
VERTEX
  5
1035
330
17
100
AcDbEntity
  8
RBAR-T8-B
100
AcDbVertex
100
AcDb3dPolylineVertex
 10
3185.2
 20
34.0
 30
2895.7
 70
32
  0
VERTEX
  5
1036
330
17
100
AcDbEntity
  8
RBAR-T8-B
100
AcDbVertex
100
AcDb3dPolylineVertex
 10
3188.1
 20
34.0
 30
2894.8
 70
32
  0
VERTEX
  5
1037
330
17
100
AcDbEntity
  8
RBAR-T8-B
100
AcDbVertex
100
AcDb3dPolylineVertex
 10
3190.9
 20
34.0
 30
2893.3
 70
32
  0
VERTEX
  5
1038
330
17
100
AcDbEntity
  8
RBAR-T8-B
100
AcDbVertex
100
AcDb3dPolylineVertex
 10
3193.3
 20
34.0
 30
2891.4
 70
32
  0
VERTEX
  5
1039
330
17
100
AcDbEntity
  8
RBAR-T8-B
100
AcDbVertex
100
AcDb3dPolylineVertex
 10
3195.2
 20
34.0
 30
2889.0
 70
32
  0
VERTEX
  5
103A
330
17
100
AcDbEntity
  8
RBAR-T8-B
100
AcDbVertex
100
AcDb3dPolylineVertex
 10
3196.7
 20
34.0
 30
2886.2
 70
32
  0
VERTEX
  5
103B
330
17
100
AcDbEntity
  8
RBAR-T8-B
100
AcDbVertex
100
AcDb3dPolylineVertex
 10
3197.6
 20
34.0
 30
2883.3
 70
32
  0
VERTEX
  5
103C
330
17
100
AcDbEntity
  8
RBAR-T8-B
100
AcDbVertex
100
AcDb3dPolylineVertex
 10
3197.9
 20
34.0
 30
2880.2
 70
32
  0
VERTEX
  5
103D
330
17
100
AcDbEntity
  8
RBAR-T8-B
100
AcDbVertex
100
AcDb3dPolylineVertex
 10
3197.9
 20
34.0
 30
2504.4
 70
32
  0
SEQEND
  5
1029
330
1028
100
AcDbEntity
  8
RBAR-T8-B
  0
POLYLINE
  5
103E
330
17
100
AcDbEntity
  8
RBAR-T8-B
100
AcDb3dPolyline
 66
1
 10
0.0
 20
0.0
 30
0.0
 70
8
  0
VERTEX
  5
1040
330
17
100
AcDbEntity
  8
RBAR-T8-B
100
AcDbVertex
100
AcDb3dPolylineVertex
 10
3265.3
 20
34.0
 30
2504.4
 70
32
  0
VERTEX
  5
1041
330
17
100
AcDbEntity
  8
RBAR-T8-B
100
AcDbVertex
100
AcDb3dPolylineVertex
 10
3265.3
 20
34.0
 30
2880.2
 70
32
  0
VERTEX
  5
1042
330
17
100
AcDbEntity
  8
RBAR-T8-B
100
AcDbVertex
100
AcDb3dPolylineVertex
 10
3265.6
 20
34.0
 30
2883.3
 70
32
  0
VERTEX
  5
1043
330
17
100
AcDbEntity
  8
RBAR-T8-B
100
AcDbVertex
100
AcDb3dPolylineVertex
 10
3266.5
 20
34.0
 30
2886.2
 70
32
  0
VERTEX
  5
1044
330
17
100
AcDbEntity
  8
RBAR-T8-B
100
AcDbVertex
100
AcDb3dPolylineVertex
 10
3267.9
 20
34.0
 30
2889.0
 70
32
  0
VERTEX
  5
1045
330
17
100
AcDbEntity
  8
RBAR-T8-B
100
AcDbVertex
100
AcDb3dPolylineVertex
 10
3269.9
 20
34.0
 30
2891.4
 70
32
  0
VERTEX
  5
1046
330
17
100
AcDbEntity
  8
RBAR-T8-B
100
AcDbVertex
100
AcDb3dPolylineVertex
 10
3272.3
 20
34.0
 30
2893.3
 70
32
  0
VERTEX
  5
1047
330
17
100
AcDbEntity
  8
RBAR-T8-B
100
AcDbVertex
100
AcDb3dPolylineVertex
 10
3275.0
 20
34.0
 30
2894.8
 70
32
  0
VERTEX
  5
1048
330
17
100
AcDbEntity
  8
RBAR-T8-B
100
AcDbVertex
100
AcDb3dPolylineVertex
 10
3278.0
 20
34.0
 30
2895.7
 70
32
  0
VERTEX
  5
1049
330
17
100
AcDbEntity
  8
RBAR-T8-B
100
AcDbVertex
100
AcDb3dPolylineVertex
 10
3281.1
 20
34.0
 30
2896.0
 70
32
  0
VERTEX
  5
104A
330
17
100
AcDbEntity
  8
RBAR-T8-B
100
AcDbVertex
100
AcDb3dPolylineVertex
 10
3380.0
 20
34.0
 30
2896.0
 70
32
  0
VERTEX
  5
104B
330
17
100
AcDbEntity
  8
RBAR-T8-B
100
AcDbVertex
100
AcDb3dPolylineVertex
 10
3383.1
 20
34.0
 30
2895.7
 70
32
  0
VERTEX
  5
104C
330
17
100
AcDbEntity
  8
RBAR-T8-B
100
AcDbVertex
100
AcDb3dPolylineVertex
 10
3386.0
 20
34.0
 30
2894.8
 70
32
  0
VERTEX
  5
104D
330
17
100
AcDbEntity
  8
RBAR-T8-B
100
AcDbVertex
100
AcDb3dPolylineVertex
 10
3388.8
 20
34.0
 30
2893.3
 70
32
  0
VERTEX
  5
104E
330
17
100
AcDbEntity
  8
RBAR-T8-B
100
AcDbVertex
100
AcDb3dPolylineVertex
 10
3391.2
 20
34.0
 30
2891.4
 70
32
  0
VERTEX
  5
104F
330
17
100
AcDbEntity
  8
RBAR-T8-B
100
AcDbVertex
100
AcDb3dPolylineVertex
 10
3393.1
 20
34.0
 30
2889.0
 70
32
  0
VERTEX
  5
1050
330
17
100
AcDbEntity
  8
RBAR-T8-B
100
AcDbVertex
100
AcDb3dPolylineVertex
 10
3394.6
 20
34.0
 30
2886.2
 70
32
  0
VERTEX
  5
1051
330
17
100
AcDbEntity
  8
RBAR-T8-B
100
AcDbVertex
100
AcDb3dPolylineVertex
 10
3395.5
 20
34.0
 30
2883.3
 70
32
  0
VERTEX
  5
1052
330
17
100
AcDbEntity
  8
RBAR-T8-B
100
AcDbVertex
100
AcDb3dPolylineVertex
 10
3395.8
 20
34.0
 30
2880.2
 70
32
  0
VERTEX
  5
1053
330
17
100
AcDbEntity
  8
RBAR-T8-B
100
AcDbVertex
100
AcDb3dPolylineVertex
 10
3395.8
 20
34.0
 30
2504.4
 70
32
  0
SEQEND
  5
103F
330
103E
100
AcDbEntity
  8
RBAR-T8-B
  0
POLYLINE
  5
1054
330
17
100
AcDbEntity
  8
RBAR-T8-B
100
AcDb3dPolyline
 66
1
 10
0.0
 20
0.0
 30
0.0
 70
8
  0
VERTEX
  5
1056
330
17
100
AcDbEntity
  8
RBAR-T8-B
100
AcDbVertex
100
AcDb3dPolylineVertex
 10
3463.2
 20
34.0
 30
2504.4
 70
32
  0
VERTEX
  5
1057
330
17
100
AcDbEntity
  8
RBAR-T8-B
100
AcDbVertex
100
AcDb3dPolylineVertex
 10
3463.2
 20
34.0
 30
2880.2
 70
32
  0
VERTEX
  5
1058
330
17
100
AcDbEntity
  8
RBAR-T8-B
100
AcDbVertex
100
AcDb3dPolylineVertex
 10
3463.5
 20
34.0
 30
2883.3
 70
32
  0
VERTEX
  5
1059
330
17
100
AcDbEntity
  8
RBAR-T8-B
100
AcDbVertex
100
AcDb3dPolylineVertex
 10
3464.4
 20
34.0
 30
2886.2
 70
32
  0
VERTEX
  5
105A
330
17
100
AcDbEntity
  8
RBAR-T8-B
100
AcDbVertex
100
AcDb3dPolylineVertex
 10
3465.8
 20
34.0
 30
2889.0
 70
32
  0
VERTEX
  5
105B
330
17
100
AcDbEntity
  8
RBAR-T8-B
100
AcDbVertex
100
AcDb3dPolylineVertex
 10
3467.8
 20
34.0
 30
2891.4
 70
32
  0
VERTEX
  5
105C
330
17
100
AcDbEntity
  8
RBAR-T8-B
100
AcDbVertex
100
AcDb3dPolylineVertex
 10
3470.2
 20
34.0
 30
2893.3
 70
32
  0
VERTEX
  5
105D
330
17
100
AcDbEntity
  8
RBAR-T8-B
100
AcDbVertex
100
AcDb3dPolylineVertex
 10
3472.9
 20
34.0
 30
2894.8
 70
32
  0
VERTEX
  5
105E
330
17
100
AcDbEntity
  8
RBAR-T8-B
100
AcDbVertex
100
AcDb3dPolylineVertex
 10
3475.9
 20
34.0
 30
2895.7
 70
32
  0
VERTEX
  5
105F
330
17
100
AcDbEntity
  8
RBAR-T8-B
100
AcDbVertex
100
AcDb3dPolylineVertex
 10
3479.0
 20
34.0
 30
2896.0
 70
32
  0
VERTEX
  5
1060
330
17
100
AcDbEntity
  8
RBAR-T8-B
100
AcDbVertex
100
AcDb3dPolylineVertex
 10
3577.9
 20
34.0
 30
2896.0
 70
32
  0
VERTEX
  5
1061
330
17
100
AcDbEntity
  8
RBAR-T8-B
100
AcDbVertex
100
AcDb3dPolylineVertex
 10
3580.9
 20
34.0
 30
2895.7
 70
32
  0
VERTEX
  5
1062
330
17
100
AcDbEntity
  8
RBAR-T8-B
100
AcDbVertex
100
AcDb3dPolylineVertex
 10
3583.9
 20
34.0
 30
2894.8
 70
32
  0
VERTEX
  5
1063
330
17
100
AcDbEntity
  8
RBAR-T8-B
100
AcDbVertex
100
AcDb3dPolylineVertex
 10
3586.6
 20
34.0
 30
2893.3
 70
32
  0
VERTEX
  5
1064
330
17
100
AcDbEntity
  8
RBAR-T8-B
100
AcDbVertex
100
AcDb3dPolylineVertex
 10
3589.0
 20
34.0
 30
2891.4
 70
32
  0
VERTEX
  5
1065
330
17
100
AcDbEntity
  8
RBAR-T8-B
100
AcDbVertex
100
AcDb3dPolylineVertex
 10
3591.0
 20
34.0
 30
2889.0
 70
32
  0
VERTEX
  5
1066
330
17
100
AcDbEntity
  8
RBAR-T8-B
100
AcDbVertex
100
AcDb3dPolylineVertex
 10
3592.5
 20
34.0
 30
2886.2
 70
32
  0
VERTEX
  5
1067
330
17
100
AcDbEntity
  8
RBAR-T8-B
100
AcDbVertex
100
AcDb3dPolylineVertex
 10
3593.4
 20
34.0
 30
2883.3
 70
32
  0
VERTEX
  5
1068
330
17
100
AcDbEntity
  8
RBAR-T8-B
100
AcDbVertex
100
AcDb3dPolylineVertex
 10
3593.7
 20
34.0
 30
2880.2
 70
32
  0
VERTEX
  5
1069
330
17
100
AcDbEntity
  8
RBAR-T8-B
100
AcDbVertex
100
AcDb3dPolylineVertex
 10
3593.7
 20
34.0
 30
2504.4
 70
32
  0
SEQEND
  5
1055
330
1054
100
AcDbEntity
  8
RBAR-T8-B
  0
POLYLINE
  5
106A
330
17
100
AcDbEntity
  8
RBAR-T8-B
100
AcDb3dPolyline
 66
1
 10
0.0
 20
0.0
 30
0.0
 70
8
  0
VERTEX
  5
106C
330
17
100
AcDbEntity
  8
RBAR-T8-B
100
AcDbVertex
100
AcDb3dPolylineVertex
 10
3629.5
 20
34.0
 30
2504.4
 70
32
  0
VERTEX
  5
106D
330
17
100
AcDbEntity
  8
RBAR-T8-B
100
AcDbVertex
100
AcDb3dPolylineVertex
 10
3629.5
 20
34.0
 30
2880.2
 70
32
  0
VERTEX
  5
106E
330
17
100
AcDbEntity
  8
RBAR-T8-B
100
AcDbVertex
100
AcDb3dPolylineVertex
 10
3629.8
 20
34.0
 30
2883.3
 70
32
  0
VERTEX
  5
106F
330
17
100
AcDbEntity
  8
RBAR-T8-B
100
AcDbVertex
100
AcDb3dPolylineVertex
 10
3630.7
 20
34.0
 30
2886.2
 70
32
  0
VERTEX
  5
1070
330
17
100
AcDbEntity
  8
RBAR-T8-B
100
AcDbVertex
100
AcDb3dPolylineVertex
 10
3632.1
 20
34.0
 30
2889.0
 70
32
  0
VERTEX
  5
1071
330
17
100
AcDbEntity
  8
RBAR-T8-B
100
AcDbVertex
100
AcDb3dPolylineVertex
 10
3634.1
 20
34.0
 30
2891.4
 70
32
  0
VERTEX
  5
1072
330
17
100
AcDbEntity
  8
RBAR-T8-B
100
AcDbVertex
100
AcDb3dPolylineVertex
 10
3636.5
 20
34.0
 30
2893.3
 70
32
  0
VERTEX
  5
1073
330
17
100
AcDbEntity
  8
RBAR-T8-B
100
AcDbVertex
100
AcDb3dPolylineVertex
 10
3639.2
 20
34.0
 30
2894.8
 70
32
  0
VERTEX
  5
1074
330
17
100
AcDbEntity
  8
RBAR-T8-B
100
AcDbVertex
100
AcDb3dPolylineVertex
 10
3642.2
 20
34.0
 30
2895.7
 70
32
  0
VERTEX
  5
1075
330
17
100
AcDbEntity
  8
RBAR-T8-B
100
AcDbVertex
100
AcDb3dPolylineVertex
 10
3645.3
 20
34.0
 30
2896.0
 70
32
  0
VERTEX
  5
1076
330
17
100
AcDbEntity
  8
RBAR-T8-B
100
AcDbVertex
100
AcDb3dPolylineVertex
 10
3744.2
 20
34.0
 30
2896.0
 70
32
  0
VERTEX
  5
1077
330
17
100
AcDbEntity
  8
RBAR-T8-B
100
AcDbVertex
100
AcDb3dPolylineVertex
 10
3747.3
 20
34.0
 30
2895.7
 70
32
  0
VERTEX
  5
1078
330
17
100
AcDbEntity
  8
RBAR-T8-B
100
AcDbVertex
100
AcDb3dPolylineVertex
 10
3750.2
 20
34.0
 30
2894.8
 70
32
  0
VERTEX
  5
1079
330
17
100
AcDbEntity
  8
RBAR-T8-B
100
AcDbVertex
100
AcDb3dPolylineVertex
 10
3753.0
 20
34.0
 30
2893.3
 70
32
  0
VERTEX
  5
107A
330
17
100
AcDbEntity
  8
RBAR-T8-B
100
AcDbVertex
100
AcDb3dPolylineVertex
 10
3755.4
 20
34.0
 30
2891.4
 70
32
  0
VERTEX
  5
107B
330
17
100
AcDbEntity
  8
RBAR-T8-B
100
AcDbVertex
100
AcDb3dPolylineVertex
 10
3757.3
 20
34.0
 30
2889.0
 70
32
  0
VERTEX
  5
107C
330
17
100
AcDbEntity
  8
RBAR-T8-B
100
AcDbVertex
100
AcDb3dPolylineVertex
 10
3758.8
 20
34.0
 30
2886.2
 70
32
  0
VERTEX
  5
107D
330
17
100
AcDbEntity
  8
RBAR-T8-B
100
AcDbVertex
100
AcDb3dPolylineVertex
 10
3759.7
 20
34.0
 30
2883.3
 70
32
  0
VERTEX
  5
107E
330
17
100
AcDbEntity
  8
RBAR-T8-B
100
AcDbVertex
100
AcDb3dPolylineVertex
 10
3760.0
 20
34.0
 30
2880.2
 70
32
  0
VERTEX
  5
107F
330
17
100
AcDbEntity
  8
RBAR-T8-B
100
AcDbVertex
100
AcDb3dPolylineVertex
 10
3760.0
 20
34.0
 30
2504.4
 70
32
  0
SEQEND
  5
106B
330
106A
100
AcDbEntity
  8
RBAR-T8-B
  0
POLYLINE
  5
1081
330
17
100
AcDbEntity
  8
RBAR-T8-A1
100
AcDb3dPolyline
 66
1
 10
0.0
 20
0.0
 30
0.0
 70
8
  0
VERTEX
  5
1083
330
17
100
AcDbEntity
  8
RBAR-T8-A1
100
AcDbVertex
100
AcDb3dPolylineVertex
 10
1714.0
 20
34.0
 30
2247.6
 70
32
  0
VERTEX
  5
1084
330
17
100
AcDbEntity
  8
RBAR-T8-A1
100
AcDbVertex
100
AcDb3dPolylineVertex
 10
1714.0
 20
34.0
 30
2872.6
 70
32
  0
SEQEND
  5
1082
330
1081
100
AcDbEntity
  8
RBAR-T8-A1
  0
POLYLINE
  5
1085
330
17
100
AcDbEntity
  8
RBAR-T8-A1
100
AcDb3dPolyline
 66
1
 10
0.0
 20
0.0
 30
0.0
 70
8
  0
VERTEX
  5
1087
330
17
100
AcDbEntity
  8
RBAR-T8-A1
100
AcDbVertex
100
AcDb3dPolylineVertex
 10
376.0
 20
34.0
 30
34.0
 70
32
  0
VERTEX
  5
1088
330
17
100
AcDbEntity
  8
RBAR-T8-A1
100
AcDbVertex
100
AcDb3dPolylineVertex
 10
376.0
 20
34.0
 30
659.0
 70
32
  0
SEQEND
  5
1086
330
1085
100
AcDbEntity
  8
RBAR-T8-A1
  0
POLYLINE
  5
1089
330
17
100
AcDbEntity
  8
RBAR-T8-A1
100
AcDb3dPolyline
 66
1
 10
0.0
 20
0.0
 30
0.0
 70
8
  0
VERTEX
  5
108B
330
17
100
AcDbEntity
  8
RBAR-T8-A1
100
AcDbVertex
100
AcDb3dPolylineVertex
 10
626.7
 20
34.0
 30
34.0
 70
32
  0
VERTEX
  5
108C
330
17
100
AcDbEntity
  8
RBAR-T8-A1
100
AcDbVertex
100
AcDb3dPolylineVertex
 10
626.7
 20
34.0
 30
659.0
 70
32
  0
SEQEND
  5
108A
330
1089
100
AcDbEntity
  8
RBAR-T8-A1
  0
POLYLINE
  5
108D
330
17
100
AcDbEntity
  8
RBAR-T8-A1
100
AcDb3dPolyline
 66
1
 10
0.0
 20
0.0
 30
0.0
 70
8
  0
VERTEX
  5
108F
330
17
100
AcDbEntity
  8
RBAR-T8-A1
100
AcDbVertex
100
AcDb3dPolylineVertex
 10
877.3
 20
34.0
 30
34.0
 70
32
  0
VERTEX
  5
1090
330
17
100
AcDbEntity
  8
RBAR-T8-A1
100
AcDbVertex
100
AcDb3dPolylineVertex
 10
877.3
 20
34.0
 30
659.0
 70
32
  0
SEQEND
  5
108E
330
108D
100
AcDbEntity
  8
RBAR-T8-A1
  0
POLYLINE
  5
1091
330
17
100
AcDbEntity
  8
RBAR-T8-A1
100
AcDb3dPolyline
 66
1
 10
0.0
 20
0.0
 30
0.0
 70
8
  0
VERTEX
  5
1093
330
17
100
AcDbEntity
  8
RBAR-T8-A1
100
AcDbVertex
100
AcDb3dPolylineVertex
 10
1128.0
 20
34.0
 30
34.0
 70
32
  0
VERTEX
  5
1094
330
17
100
AcDbEntity
  8
RBAR-T8-A1
100
AcDbVertex
100
AcDb3dPolylineVertex
 10
1128.0
 20
34.0
 30
659.0
 70
32
  0
SEQEND
  5
1092
330
1091
100
AcDbEntity
  8
RBAR-T8-A1
  0
POLYLINE
  5
1095
330
17
100
AcDbEntity
  8
RBAR-T8-A1
100
AcDb3dPolyline
 66
1
 10
0.0
 20
0.0
 30
0.0
 70
8
  0
VERTEX
  5
1097
330
17
100
AcDbEntity
  8
RBAR-T8-A1
100
AcDbVertex
100
AcDb3dPolylineVertex
 10
1378.7
 20
34.0
 30
34.0
 70
32
  0
VERTEX
  5
1098
330
17
100
AcDbEntity
  8
RBAR-T8-A1
100
AcDbVertex
100
AcDb3dPolylineVertex
 10
1378.7
 20
34.0
 30
659.0
 70
32
  0
SEQEND
  5
1096
330
1095
100
AcDbEntity
  8
RBAR-T8-A1
  0
POLYLINE
  5
1099
330
17
100
AcDbEntity
  8
RBAR-T8-A1
100
AcDb3dPolyline
 66
1
 10
0.0
 20
0.0
 30
0.0
 70
8
  0
VERTEX
  5
109B
330
17
100
AcDbEntity
  8
RBAR-T8-A1
100
AcDbVertex
100
AcDb3dPolylineVertex
 10
1629.3
 20
34.0
 30
34.0
 70
32
  0
VERTEX
  5
109C
330
17
100
AcDbEntity
  8
RBAR-T8-A1
100
AcDbVertex
100
AcDb3dPolylineVertex
 10
1629.3
 20
34.0
 30
659.0
 70
32
  0
SEQEND
  5
109A
330
1099
100
AcDbEntity
  8
RBAR-T8-A1
  0
POLYLINE
  5
109D
330
17
100
AcDbEntity
  8
RBAR-T8-A1
100
AcDb3dPolyline
 66
1
 10
0.0
 20
0.0
 30
0.0
 70
8
  0
VERTEX
  5
109F
330
17
100
AcDbEntity
  8
RBAR-T8-A1
100
AcDbVertex
100
AcDb3dPolylineVertex
 10
1880.0
 20
34.0
 30
34.0
 70
32
  0
VERTEX
  5
10A0
330
17
100
AcDbEntity
  8
RBAR-T8-A1
100
AcDbVertex
100
AcDb3dPolylineVertex
 10
1880.0
 20
34.0
 30
659.0
 70
32
  0
SEQEND
  5
109E
330
109D
100
AcDbEntity
  8
RBAR-T8-A1
  0
POLYLINE
  5
10A1
330
17
100
AcDbEntity
  8
RBAR-T8-A1
100
AcDb3dPolyline
 66
1
 10
0.0
 20
0.0
 30
0.0
 70
8
  0
VERTEX
  5
10A3
330
17
100
AcDbEntity
  8
RBAR-T8-A1
100
AcDbVertex
100
AcDb3dPolylineVertex
 10
2130.7
 20
34.0
 30
34.0
 70
32
  0
VERTEX
  5
10A4
330
17
100
AcDbEntity
  8
RBAR-T8-A1
100
AcDbVertex
100
AcDb3dPolylineVertex
 10
2130.7
 20
34.0
 30
659.0
 70
32
  0
SEQEND
  5
10A2
330
10A1
100
AcDbEntity
  8
RBAR-T8-A1
  0
POLYLINE
  5
10A5
330
17
100
AcDbEntity
  8
RBAR-T8-A1
100
AcDb3dPolyline
 66
1
 10
0.0
 20
0.0
 30
0.0
 70
8
  0
VERTEX
  5
10A7
330
17
100
AcDbEntity
  8
RBAR-T8-A1
100
AcDbVertex
100
AcDb3dPolylineVertex
 10
2381.3
 20
34.0
 30
34.0
 70
32
  0
VERTEX
  5
10A8
330
17
100
AcDbEntity
  8
RBAR-T8-A1
100
AcDbVertex
100
AcDb3dPolylineVertex
 10
2381.3
 20
34.0
 30
659.0
 70
32
  0
SEQEND
  5
10A6
330
10A5
100
AcDbEntity
  8
RBAR-T8-A1
  0
POLYLINE
  5
10A9
330
17
100
AcDbEntity
  8
RBAR-T8-A1
100
AcDb3dPolyline
 66
1
 10
0.0
 20
0.0
 30
0.0
 70
8
  0
VERTEX
  5
10AB
330
17
100
AcDbEntity
  8
RBAR-T8-A1
100
AcDbVertex
100
AcDb3dPolylineVertex
 10
2632.0
 20
34.0
 30
34.0
 70
32
  0
VERTEX
  5
10AC
330
17
100
AcDbEntity
  8
RBAR-T8-A1
100
AcDbVertex
100
AcDb3dPolylineVertex
 10
2632.0
 20
34.0
 30
659.0
 70
32
  0
SEQEND
  5
10AA
330
10A9
100
AcDbEntity
  8
RBAR-T8-A1
  0
POLYLINE
  5
10AD
330
17
100
AcDbEntity
  8
RBAR-T8-A1
100
AcDb3dPolyline
 66
1
 10
0.0
 20
0.0
 30
0.0
 70
8
  0
VERTEX
  5
10AF
330
17
100
AcDbEntity
  8
RBAR-T8-A1
100
AcDbVertex
100
AcDb3dPolylineVertex
 10
2882.7
 20
34.0
 30
34.0
 70
32
  0
VERTEX
  5
10B0
330
17
100
AcDbEntity
  8
RBAR-T8-A1
100
AcDbVertex
100
AcDb3dPolylineVertex
 10
2882.7
 20
34.0
 30
659.0
 70
32
  0
SEQEND
  5
10AE
330
10AD
100
AcDbEntity
  8
RBAR-T8-A1
  0
POLYLINE
  5
10B1
330
17
100
AcDbEntity
  8
RBAR-T8-A1
100
AcDb3dPolyline
 66
1
 10
0.0
 20
0.0
 30
0.0
 70
8
  0
VERTEX
  5
10B3
330
17
100
AcDbEntity
  8
RBAR-T8-A1
100
AcDbVertex
100
AcDb3dPolylineVertex
 10
3133.3
 20
34.0
 30
34.0
 70
32
  0
VERTEX
  5
10B4
330
17
100
AcDbEntity
  8
RBAR-T8-A1
100
AcDbVertex
100
AcDb3dPolylineVertex
 10
3133.3
 20
34.0
 30
659.0
 70
32
  0
SEQEND
  5
10B2
330
10B1
100
AcDbEntity
  8
RBAR-T8-A1
  0
POLYLINE
  5
10B5
330
17
100
AcDbEntity
  8
RBAR-T8-A1
100
AcDb3dPolyline
 66
1
 10
0.0
 20
0.0
 30
0.0
 70
8
  0
VERTEX
  5
10B7
330
17
100
AcDbEntity
  8
RBAR-T8-A1
100
AcDbVertex
100
AcDb3dPolylineVertex
 10
3384.0
 20
34.0
 30
34.0
 70
32
  0
VERTEX
  5
10B8
330
17
100
AcDbEntity
  8
RBAR-T8-A1
100
AcDbVertex
100
AcDb3dPolylineVertex
 10
3384.0
 20
34.0
 30
659.0
 70
32
  0
SEQEND
  5
10B6
330
10B5
100
AcDbEntity
  8
RBAR-T8-A1
  0
POLYLINE
  5
10B9
330
17
100
AcDbEntity
  8
RBAR-T8-A1
100
AcDb3dPolyline
 66
1
 10
0.0
 20
0.0
 30
0.0
 70
8
  0
VERTEX
  5
10BB
330
17
100
AcDbEntity
  8
RBAR-T8-A1
100
AcDbVertex
100
AcDb3dPolylineVertex
 10
3634.7
 20
34.0
 30
34.0
 70
32
  0
VERTEX
  5
10BC
330
17
100
AcDbEntity
  8
RBAR-T8-A1
100
AcDbVertex
100
AcDb3dPolylineVertex
 10
3634.7
 20
34.0
 30
659.0
 70
32
  0
SEQEND
  5
10BA
330
10B9
100
AcDbEntity
  8
RBAR-T8-A1
  0
POLYLINE
  5
10BD
330
17
100
AcDbEntity
  8
RBAR-T8-A1
100
AcDb3dPolyline
 66
1
 10
0.0
 20
0.0
 30
0.0
 70
8
  0
VERTEX
  5
10BF
330
17
100
AcDbEntity
  8
RBAR-T8-A1
100
AcDbVertex
100
AcDb3dPolylineVertex
 10
125.3
 20
34.0
 30
779.7
 70
32
  0
VERTEX
  5
10C0
330
17
100
AcDbEntity
  8
RBAR-T8-A1
100
AcDbVertex
100
AcDb3dPolylineVertex
 10
125.3
 20
34.0
 30
1404.7
 70
32
  0
SEQEND
  5
10BE
330
10BD
100
AcDbEntity
  8
RBAR-T8-A1
  0
POLYLINE
  5
10C1
330
17
100
AcDbEntity
  8
RBAR-T8-A1
100
AcDb3dPolyline
 66
1
 10
0.0
 20
0.0
 30
0.0
 70
8
  0
VERTEX
  5
10C3
330
17
100
AcDbEntity
  8
RBAR-T8-A1
100
AcDbVertex
100
AcDb3dPolylineVertex
 10
376.0
 20
34.0
 30
779.7
 70
32
  0
VERTEX
  5
10C4
330
17
100
AcDbEntity
  8
RBAR-T8-A1
100
AcDbVertex
100
AcDb3dPolylineVertex
 10
376.0
 20
34.0
 30
1404.7
 70
32
  0
SEQEND
  5
10C2
330
10C1
100
AcDbEntity
  8
RBAR-T8-A1
  0
POLYLINE
  5
10C5
330
17
100
AcDbEntity
  8
RBAR-T8-A1
100
AcDb3dPolyline
 66
1
 10
0.0
 20
0.0
 30
0.0
 70
8
  0
VERTEX
  5
10C7
330
17
100
AcDbEntity
  8
RBAR-T8-A1
100
AcDbVertex
100
AcDb3dPolylineVertex
 10
626.7
 20
34.0
 30
779.7
 70
32
  0
VERTEX
  5
10C8
330
17
100
AcDbEntity
  8
RBAR-T8-A1
100
AcDbVertex
100
AcDb3dPolylineVertex
 10
626.7
 20
34.0
 30
1404.7
 70
32
  0
SEQEND
  5
10C6
330
10C5
100
AcDbEntity
  8
RBAR-T8-A1
  0
POLYLINE
  5
10C9
330
17
100
AcDbEntity
  8
RBAR-T8-A1
100
AcDb3dPolyline
 66
1
 10
0.0
 20
0.0
 30
0.0
 70
8
  0
VERTEX
  5
10CB
330
17
100
AcDbEntity
  8
RBAR-T8-A1
100
AcDbVertex
100
AcDb3dPolylineVertex
 10
877.3
 20
34.0
 30
779.7
 70
32
  0
VERTEX
  5
10CC
330
17
100
AcDbEntity
  8
RBAR-T8-A1
100
AcDbVertex
100
AcDb3dPolylineVertex
 10
877.3
 20
34.0
 30
1404.7
 70
32
  0
SEQEND
  5
10CA
330
10C9
100
AcDbEntity
  8
RBAR-T8-A1
  0
POLYLINE
  5
10CD
330
17
100
AcDbEntity
  8
RBAR-T8-A1
100
AcDb3dPolyline
 66
1
 10
0.0
 20
0.0
 30
0.0
 70
8
  0
VERTEX
  5
10CF
330
17
100
AcDbEntity
  8
RBAR-T8-A1
100
AcDbVertex
100
AcDb3dPolylineVertex
 10
1128.0
 20
34.0
 30
779.7
 70
32
  0
VERTEX
  5
10D0
330
17
100
AcDbEntity
  8
RBAR-T8-A1
100
AcDbVertex
100
AcDb3dPolylineVertex
 10
1128.0
 20
34.0
 30
1404.7
 70
32
  0
SEQEND
  5
10CE
330
10CD
100
AcDbEntity
  8
RBAR-T8-A1
  0
POLYLINE
  5
10D1
330
17
100
AcDbEntity
  8
RBAR-T8-A1
100
AcDb3dPolyline
 66
1
 10
0.0
 20
0.0
 30
0.0
 70
8
  0
VERTEX
  5
10D3
330
17
100
AcDbEntity
  8
RBAR-T8-A1
100
AcDbVertex
100
AcDb3dPolylineVertex
 10
1378.7
 20
34.0
 30
779.7
 70
32
  0
VERTEX
  5
10D4
330
17
100
AcDbEntity
  8
RBAR-T8-A1
100
AcDbVertex
100
AcDb3dPolylineVertex
 10
1378.7
 20
34.0
 30
1404.7
 70
32
  0
SEQEND
  5
10D2
330
10D1
100
AcDbEntity
  8
RBAR-T8-A1
  0
POLYLINE
  5
10D5
330
17
100
AcDbEntity
  8
RBAR-T8-A1
100
AcDb3dPolyline
 66
1
 10
0.0
 20
0.0
 30
0.0
 70
8
  0
VERTEX
  5
10D7
330
17
100
AcDbEntity
  8
RBAR-T8-A1
100
AcDbVertex
100
AcDb3dPolylineVertex
 10
1629.3
 20
34.0
 30
779.7
 70
32
  0
VERTEX
  5
10D8
330
17
100
AcDbEntity
  8
RBAR-T8-A1
100
AcDbVertex
100
AcDb3dPolylineVertex
 10
1629.3
 20
34.0
 30
1404.7
 70
32
  0
SEQEND
  5
10D6
330
10D5
100
AcDbEntity
  8
RBAR-T8-A1
  0
POLYLINE
  5
10D9
330
17
100
AcDbEntity
  8
RBAR-T8-A1
100
AcDb3dPolyline
 66
1
 10
0.0
 20
0.0
 30
0.0
 70
8
  0
VERTEX
  5
10DB
330
17
100
AcDbEntity
  8
RBAR-T8-A1
100
AcDbVertex
100
AcDb3dPolylineVertex
 10
1880.0
 20
34.0
 30
779.7
 70
32
  0
VERTEX
  5
10DC
330
17
100
AcDbEntity
  8
RBAR-T8-A1
100
AcDbVertex
100
AcDb3dPolylineVertex
 10
1880.0
 20
34.0
 30
1404.7
 70
32
  0
SEQEND
  5
10DA
330
10D9
100
AcDbEntity
  8
RBAR-T8-A1
  0
POLYLINE
  5
10DD
330
17
100
AcDbEntity
  8
RBAR-T8-A1
100
AcDb3dPolyline
 66
1
 10
0.0
 20
0.0
 30
0.0
 70
8
  0
VERTEX
  5
10DF
330
17
100
AcDbEntity
  8
RBAR-T8-A1
100
AcDbVertex
100
AcDb3dPolylineVertex
 10
2130.7
 20
34.0
 30
779.7
 70
32
  0
VERTEX
  5
10E0
330
17
100
AcDbEntity
  8
RBAR-T8-A1
100
AcDbVertex
100
AcDb3dPolylineVertex
 10
2130.7
 20
34.0
 30
1404.7
 70
32
  0
SEQEND
  5
10DE
330
10DD
100
AcDbEntity
  8
RBAR-T8-A1
  0
POLYLINE
  5
10E1
330
17
100
AcDbEntity
  8
RBAR-T8-A1
100
AcDb3dPolyline
 66
1
 10
0.0
 20
0.0
 30
0.0
 70
8
  0
VERTEX
  5
10E3
330
17
100
AcDbEntity
  8
RBAR-T8-A1
100
AcDbVertex
100
AcDb3dPolylineVertex
 10
2381.3
 20
34.0
 30
779.7
 70
32
  0
VERTEX
  5
10E4
330
17
100
AcDbEntity
  8
RBAR-T8-A1
100
AcDbVertex
100
AcDb3dPolylineVertex
 10
2381.3
 20
34.0
 30
1404.7
 70
32
  0
SEQEND
  5
10E2
330
10E1
100
AcDbEntity
  8
RBAR-T8-A1
  0
POLYLINE
  5
10E5
330
17
100
AcDbEntity
  8
RBAR-T8-A1
100
AcDb3dPolyline
 66
1
 10
0.0
 20
0.0
 30
0.0
 70
8
  0
VERTEX
  5
10E7
330
17
100
AcDbEntity
  8
RBAR-T8-A1
100
AcDbVertex
100
AcDb3dPolylineVertex
 10
2632.0
 20
34.0
 30
779.7
 70
32
  0
VERTEX
  5
10E8
330
17
100
AcDbEntity
  8
RBAR-T8-A1
100
AcDbVertex
100
AcDb3dPolylineVertex
 10
2632.0
 20
34.0
 30
1404.7
 70
32
  0
SEQEND
  5
10E6
330
10E5
100
AcDbEntity
  8
RBAR-T8-A1
  0
POLYLINE
  5
10E9
330
17
100
AcDbEntity
  8
RBAR-T8-A1
100
AcDb3dPolyline
 66
1
 10
0.0
 20
0.0
 30
0.0
 70
8
  0
VERTEX
  5
10EB
330
17
100
AcDbEntity
  8
RBAR-T8-A1
100
AcDbVertex
100
AcDb3dPolylineVertex
 10
2882.7
 20
34.0
 30
779.7
 70
32
  0
VERTEX
  5
10EC
330
17
100
AcDbEntity
  8
RBAR-T8-A1
100
AcDbVertex
100
AcDb3dPolylineVertex
 10
2882.7
 20
34.0
 30
1404.7
 70
32
  0
SEQEND
  5
10EA
330
10E9
100
AcDbEntity
  8
RBAR-T8-A1
  0
POLYLINE
  5
10ED
330
17
100
AcDbEntity
  8
RBAR-T8-A1
100
AcDb3dPolyline
 66
1
 10
0.0
 20
0.0
 30
0.0
 70
8
  0
VERTEX
  5
10EF
330
17
100
AcDbEntity
  8
RBAR-T8-A1
100
AcDbVertex
100
AcDb3dPolylineVertex
 10
3133.3
 20
34.0
 30
779.7
 70
32
  0
VERTEX
  5
10F0
330
17
100
AcDbEntity
  8
RBAR-T8-A1
100
AcDbVertex
100
AcDb3dPolylineVertex
 10
3133.3
 20
34.0
 30
1404.7
 70
32
  0
SEQEND
  5
10EE
330
10ED
100
AcDbEntity
  8
RBAR-T8-A1
  0
POLYLINE
  5
10F1
330
17
100
AcDbEntity
  8
RBAR-T8-A1
100
AcDb3dPolyline
 66
1
 10
0.0
 20
0.0
 30
0.0
 70
8
  0
VERTEX
  5
10F3
330
17
100
AcDbEntity
  8
RBAR-T8-A1
100
AcDbVertex
100
AcDb3dPolylineVertex
 10
3384.0
 20
34.0
 30
779.7
 70
32
  0
VERTEX
  5
10F4
330
17
100
AcDbEntity
  8
RBAR-T8-A1
100
AcDbVertex
100
AcDb3dPolylineVertex
 10
3384.0
 20
34.0
 30
1404.7
 70
32
  0
SEQEND
  5
10F2
330
10F1
100
AcDbEntity
  8
RBAR-T8-A1
  0
POLYLINE
  5
10F5
330
17
100
AcDbEntity
  8
RBAR-T8-A1
100
AcDb3dPolyline
 66
1
 10
0.0
 20
0.0
 30
0.0
 70
8
  0
VERTEX
  5
10F7
330
17
100
AcDbEntity
  8
RBAR-T8-A1
100
AcDbVertex
100
AcDb3dPolylineVertex
 10
3634.7
 20
34.0
 30
779.7
 70
32
  0
VERTEX
  5
10F8
330
17
100
AcDbEntity
  8
RBAR-T8-A1
100
AcDbVertex
100
AcDb3dPolylineVertex
 10
3634.7
 20
34.0
 30
1404.7
 70
32
  0
SEQEND
  5
10F6
330
10F5
100
AcDbEntity
  8
RBAR-T8-A1
  0
POLYLINE
  5
10F9
330
17
100
AcDbEntity
  8
RBAR-T8-A1
100
AcDb3dPolyline
 66
1
 10
0.0
 20
0.0
 30
0.0
 70
8
  0
VERTEX
  5
10FB
330
17
100
AcDbEntity
  8
RBAR-T8-A1
100
AcDbVertex
100
AcDb3dPolylineVertex
 10
125.3
 20
34.0
 30
1525.3
 70
32
  0
VERTEX
  5
10FC
330
17
100
AcDbEntity
  8
RBAR-T8-A1
100
AcDbVertex
100
AcDb3dPolylineVertex
 10
125.3
 20
34.0
 30
2150.3
 70
32
  0
SEQEND
  5
10FA
330
10F9
100
AcDbEntity
  8
RBAR-T8-A1
  0
POLYLINE
  5
10FD
330
17
100
AcDbEntity
  8
RBAR-T8-A1
100
AcDb3dPolyline
 66
1
 10
0.0
 20
0.0
 30
0.0
 70
8
  0
VERTEX
  5
10FF
330
17
100
AcDbEntity
  8
RBAR-T8-A1
100
AcDbVertex
100
AcDb3dPolylineVertex
 10
376.0
 20
34.0
 30
1525.3
 70
32
  0
VERTEX
  5
1100
330
17
100
AcDbEntity
  8
RBAR-T8-A1
100
AcDbVertex
100
AcDb3dPolylineVertex
 10
376.0
 20
34.0
 30
2150.3
 70
32
  0
SEQEND
  5
10FE
330
10FD
100
AcDbEntity
  8
RBAR-T8-A1
  0
POLYLINE
  5
1101
330
17
100
AcDbEntity
  8
RBAR-T8-A1
100
AcDb3dPolyline
 66
1
 10
0.0
 20
0.0
 30
0.0
 70
8
  0
VERTEX
  5
1103
330
17
100
AcDbEntity
  8
RBAR-T8-A1
100
AcDbVertex
100
AcDb3dPolylineVertex
 10
626.7
 20
34.0
 30
1525.3
 70
32
  0
VERTEX
  5
1104
330
17
100
AcDbEntity
  8
RBAR-T8-A1
100
AcDbVertex
100
AcDb3dPolylineVertex
 10
626.7
 20
34.0
 30
2150.3
 70
32
  0
SEQEND
  5
1102
330
1101
100
AcDbEntity
  8
RBAR-T8-A1
  0
POLYLINE
  5
1105
330
17
100
AcDbEntity
  8
RBAR-T8-A1
100
AcDb3dPolyline
 66
1
 10
0.0
 20
0.0
 30
0.0
 70
8
  0
VERTEX
  5
1107
330
17
100
AcDbEntity
  8
RBAR-T8-A1
100
AcDbVertex
100
AcDb3dPolylineVertex
 10
877.3
 20
34.0
 30
1525.3
 70
32
  0
VERTEX
  5
1108
330
17
100
AcDbEntity
  8
RBAR-T8-A1
100
AcDbVertex
100
AcDb3dPolylineVertex
 10
877.3
 20
34.0
 30
2150.3
 70
32
  0
SEQEND
  5
1106
330
1105
100
AcDbEntity
  8
RBAR-T8-A1
  0
POLYLINE
  5
1109
330
17
100
AcDbEntity
  8
RBAR-T8-A1
100
AcDb3dPolyline
 66
1
 10
0.0
 20
0.0
 30
0.0
 70
8
  0
VERTEX
  5
110B
330
17
100
AcDbEntity
  8
RBAR-T8-A1
100
AcDbVertex
100
AcDb3dPolylineVertex
 10
1128.0
 20
34.0
 30
1525.3
 70
32
  0
VERTEX
  5
110C
330
17
100
AcDbEntity
  8
RBAR-T8-A1
100
AcDbVertex
100
AcDb3dPolylineVertex
 10
1128.0
 20
34.0
 30
2150.3
 70
32
  0
SEQEND
  5
110A
330
1109
100
AcDbEntity
  8
RBAR-T8-A1
  0
POLYLINE
  5
110D
330
17
100
AcDbEntity
  8
RBAR-T8-A1
100
AcDb3dPolyline
 66
1
 10
0.0
 20
0.0
 30
0.0
 70
8
  0
VERTEX
  5
110F
330
17
100
AcDbEntity
  8
RBAR-T8-A1
100
AcDbVertex
100
AcDb3dPolylineVertex
 10
1378.7
 20
34.0
 30
1525.3
 70
32
  0
VERTEX
  5
1110
330
17
100
AcDbEntity
  8
RBAR-T8-A1
100
AcDbVertex
100
AcDb3dPolylineVertex
 10
1378.7
 20
34.0
 30
2150.3
 70
32
  0
SEQEND
  5
110E
330
110D
100
AcDbEntity
  8
RBAR-T8-A1
  0
POLYLINE
  5
1111
330
17
100
AcDbEntity
  8
RBAR-T8-A1
100
AcDb3dPolyline
 66
1
 10
0.0
 20
0.0
 30
0.0
 70
8
  0
VERTEX
  5
1113
330
17
100
AcDbEntity
  8
RBAR-T8-A1
100
AcDbVertex
100
AcDb3dPolylineVertex
 10
1629.3
 20
34.0
 30
1525.3
 70
32
  0
VERTEX
  5
1114
330
17
100
AcDbEntity
  8
RBAR-T8-A1
100
AcDbVertex
100
AcDb3dPolylineVertex
 10
1629.3
 20
34.0
 30
2150.3
 70
32
  0
SEQEND
  5
1112
330
1111
100
AcDbEntity
  8
RBAR-T8-A1
  0
POLYLINE
  5
1115
330
17
100
AcDbEntity
  8
RBAR-T8-A1
100
AcDb3dPolyline
 66
1
 10
0.0
 20
0.0
 30
0.0
 70
8
  0
VERTEX
  5
1117
330
17
100
AcDbEntity
  8
RBAR-T8-A1
100
AcDbVertex
100
AcDb3dPolylineVertex
 10
1880.0
 20
34.0
 30
1525.3
 70
32
  0
VERTEX
  5
1118
330
17
100
AcDbEntity
  8
RBAR-T8-A1
100
AcDbVertex
100
AcDb3dPolylineVertex
 10
1880.0
 20
34.0
 30
2150.3
 70
32
  0
SEQEND
  5
1116
330
1115
100
AcDbEntity
  8
RBAR-T8-A1
  0
POLYLINE
  5
1119
330
17
100
AcDbEntity
  8
RBAR-T8-A1
100
AcDb3dPolyline
 66
1
 10
0.0
 20
0.0
 30
0.0
 70
8
  0
VERTEX
  5
111B
330
17
100
AcDbEntity
  8
RBAR-T8-A1
100
AcDbVertex
100
AcDb3dPolylineVertex
 10
2130.7
 20
34.0
 30
1525.3
 70
32
  0
VERTEX
  5
111C
330
17
100
AcDbEntity
  8
RBAR-T8-A1
100
AcDbVertex
100
AcDb3dPolylineVertex
 10
2130.7
 20
34.0
 30
2150.3
 70
32
  0
SEQEND
  5
111A
330
1119
100
AcDbEntity
  8
RBAR-T8-A1
  0
POLYLINE
  5
111D
330
17
100
AcDbEntity
  8
RBAR-T8-A1
100
AcDb3dPolyline
 66
1
 10
0.0
 20
0.0
 30
0.0
 70
8
  0
VERTEX
  5
111F
330
17
100
AcDbEntity
  8
RBAR-T8-A1
100
AcDbVertex
100
AcDb3dPolylineVertex
 10
2381.3
 20
34.0
 30
1525.3
 70
32
  0
VERTEX
  5
1120
330
17
100
AcDbEntity
  8
RBAR-T8-A1
100
AcDbVertex
100
AcDb3dPolylineVertex
 10
2381.3
 20
34.0
 30
2150.3
 70
32
  0
SEQEND
  5
111E
330
111D
100
AcDbEntity
  8
RBAR-T8-A1
  0
POLYLINE
  5
1121
330
17
100
AcDbEntity
  8
RBAR-T8-A1
100
AcDb3dPolyline
 66
1
 10
0.0
 20
0.0
 30
0.0
 70
8
  0
VERTEX
  5
1123
330
17
100
AcDbEntity
  8
RBAR-T8-A1
100
AcDbVertex
100
AcDb3dPolylineVertex
 10
2632.0
 20
34.0
 30
1525.3
 70
32
  0
VERTEX
  5
1124
330
17
100
AcDbEntity
  8
RBAR-T8-A1
100
AcDbVertex
100
AcDb3dPolylineVertex
 10
2632.0
 20
34.0
 30
2150.3
 70
32
  0
SEQEND
  5
1122
330
1121
100
AcDbEntity
  8
RBAR-T8-A1
  0
POLYLINE
  5
1125
330
17
100
AcDbEntity
  8
RBAR-T8-A1
100
AcDb3dPolyline
 66
1
 10
0.0
 20
0.0
 30
0.0
 70
8
  0
VERTEX
  5
1127
330
17
100
AcDbEntity
  8
RBAR-T8-A1
100
AcDbVertex
100
AcDb3dPolylineVertex
 10
2882.7
 20
34.0
 30
1525.3
 70
32
  0
VERTEX
  5
1128
330
17
100
AcDbEntity
  8
RBAR-T8-A1
100
AcDbVertex
100
AcDb3dPolylineVertex
 10
2882.7
 20
34.0
 30
2150.3
 70
32
  0
SEQEND
  5
1126
330
1125
100
AcDbEntity
  8
RBAR-T8-A1
  0
POLYLINE
  5
1129
330
17
100
AcDbEntity
  8
RBAR-T8-A1
100
AcDb3dPolyline
 66
1
 10
0.0
 20
0.0
 30
0.0
 70
8
  0
VERTEX
  5
112B
330
17
100
AcDbEntity
  8
RBAR-T8-A1
100
AcDbVertex
100
AcDb3dPolylineVertex
 10
3133.3
 20
34.0
 30
1525.3
 70
32
  0
VERTEX
  5
112C
330
17
100
AcDbEntity
  8
RBAR-T8-A1
100
AcDbVertex
100
AcDb3dPolylineVertex
 10
3133.3
 20
34.0
 30
2150.3
 70
32
  0
SEQEND
  5
112A
330
1129
100
AcDbEntity
  8
RBAR-T8-A1
  0
POLYLINE
  5
112D
330
17
100
AcDbEntity
  8
RBAR-T8-A1
100
AcDb3dPolyline
 66
1
 10
0.0
 20
0.0
 30
0.0
 70
8
  0
VERTEX
  5
112F
330
17
100
AcDbEntity
  8
RBAR-T8-A1
100
AcDbVertex
100
AcDb3dPolylineVertex
 10
3384.0
 20
34.0
 30
1525.3
 70
32
  0
VERTEX
  5
1130
330
17
100
AcDbEntity
  8
RBAR-T8-A1
100
AcDbVertex
100
AcDb3dPolylineVertex
 10
3384.0
 20
34.0
 30
2150.3
 70
32
  0
SEQEND
  5
112E
330
112D
100
AcDbEntity
  8
RBAR-T8-A1
  0
POLYLINE
  5
1131
330
17
100
AcDbEntity
  8
RBAR-T8-A1
100
AcDb3dPolyline
 66
1
 10
0.0
 20
0.0
 30
0.0
 70
8
  0
VERTEX
  5
1133
330
17
100
AcDbEntity
  8
RBAR-T8-A1
100
AcDbVertex
100
AcDb3dPolylineVertex
 10
3634.7
 20
34.0
 30
1525.3
 70
32
  0
VERTEX
  5
1134
330
17
100
AcDbEntity
  8
RBAR-T8-A1
100
AcDbVertex
100
AcDb3dPolylineVertex
 10
3634.7
 20
34.0
 30
2150.3
 70
32
  0
SEQEND
  5
1132
330
1131
100
AcDbEntity
  8
RBAR-T8-A1
  0
POLYLINE
  5
1135
330
17
100
AcDbEntity
  8
RBAR-T8-A1
100
AcDb3dPolyline
 66
1
 10
0.0
 20
0.0
 30
0.0
 70
8
  0
VERTEX
  5
1137
330
17
100
AcDbEntity
  8
RBAR-T8-A1
100
AcDbVertex
100
AcDb3dPolylineVertex
 10
125.3
 20
34.0
 30
2271.0
 70
32
  0
VERTEX
  5
1138
330
17
100
AcDbEntity
  8
RBAR-T8-A1
100
AcDbVertex
100
AcDb3dPolylineVertex
 10
125.3
 20
34.0
 30
2896.0
 70
32
  0
SEQEND
  5
1136
330
1135
100
AcDbEntity
  8
RBAR-T8-A1
  0
POLYLINE
  5
1139
330
17
100
AcDbEntity
  8
RBAR-T8-A1
100
AcDb3dPolyline
 66
1
 10
0.0
 20
0.0
 30
0.0
 70
8
  0
VERTEX
  5
113B
330
17
100
AcDbEntity
  8
RBAR-T8-A1
100
AcDbVertex
100
AcDb3dPolylineVertex
 10
376.0
 20
34.0
 30
2271.0
 70
32
  0
VERTEX
  5
113C
330
17
100
AcDbEntity
  8
RBAR-T8-A1
100
AcDbVertex
100
AcDb3dPolylineVertex
 10
376.0
 20
34.0
 30
2896.0
 70
32
  0
SEQEND
  5
113A
330
1139
100
AcDbEntity
  8
RBAR-T8-A1
  0
POLYLINE
  5
113D
330
17
100
AcDbEntity
  8
RBAR-T8-A1
100
AcDb3dPolyline
 66
1
 10
0.0
 20
0.0
 30
0.0
 70
8
  0
VERTEX
  5
113F
330
17
100
AcDbEntity
  8
RBAR-T8-A1
100
AcDbVertex
100
AcDb3dPolylineVertex
 10
626.7
 20
34.0
 30
2271.0
 70
32
  0
VERTEX
  5
1140
330
17
100
AcDbEntity
  8
RBAR-T8-A1
100
AcDbVertex
100
AcDb3dPolylineVertex
 10
626.7
 20
34.0
 30
2896.0
 70
32
  0
SEQEND
  5
113E
330
113D
100
AcDbEntity
  8
RBAR-T8-A1
  0
POLYLINE
  5
1141
330
17
100
AcDbEntity
  8
RBAR-T8-A1
100
AcDb3dPolyline
 66
1
 10
0.0
 20
0.0
 30
0.0
 70
8
  0
VERTEX
  5
1143
330
17
100
AcDbEntity
  8
RBAR-T8-A1
100
AcDbVertex
100
AcDb3dPolylineVertex
 10
877.3
 20
34.0
 30
2271.0
 70
32
  0
VERTEX
  5
1144
330
17
100
AcDbEntity
  8
RBAR-T8-A1
100
AcDbVertex
100
AcDb3dPolylineVertex
 10
877.3
 20
34.0
 30
2896.0
 70
32
  0
SEQEND
  5
1142
330
1141
100
AcDbEntity
  8
RBAR-T8-A1
  0
POLYLINE
  5
1145
330
17
100
AcDbEntity
  8
RBAR-T8-A1
100
AcDb3dPolyline
 66
1
 10
0.0
 20
0.0
 30
0.0
 70
8
  0
VERTEX
  5
1147
330
17
100
AcDbEntity
  8
RBAR-T8-A1
100
AcDbVertex
100
AcDb3dPolylineVertex
 10
1128.0
 20
34.0
 30
2271.0
 70
32
  0
VERTEX
  5
1148
330
17
100
AcDbEntity
  8
RBAR-T8-A1
100
AcDbVertex
100
AcDb3dPolylineVertex
 10
1128.0
 20
34.0
 30
2896.0
 70
32
  0
SEQEND
  5
1146
330
1145
100
AcDbEntity
  8
RBAR-T8-A1
  0
POLYLINE
  5
1149
330
17
100
AcDbEntity
  8
RBAR-T8-A1
100
AcDb3dPolyline
 66
1
 10
0.0
 20
0.0
 30
0.0
 70
8
  0
VERTEX
  5
114B
330
17
100
AcDbEntity
  8
RBAR-T8-A1
100
AcDbVertex
100
AcDb3dPolylineVertex
 10
1378.7
 20
34.0
 30
2271.0
 70
32
  0
VERTEX
  5
114C
330
17
100
AcDbEntity
  8
RBAR-T8-A1
100
AcDbVertex
100
AcDb3dPolylineVertex
 10
1378.7
 20
34.0
 30
2896.0
 70
32
  0
SEQEND
  5
114A
330
1149
100
AcDbEntity
  8
RBAR-T8-A1
  0
POLYLINE
  5
114D
330
17
100
AcDbEntity
  8
RBAR-T8-A1
100
AcDb3dPolyline
 66
1
 10
0.0
 20
0.0
 30
0.0
 70
8
  0
VERTEX
  5
114F
330
17
100
AcDbEntity
  8
RBAR-T8-A1
100
AcDbVertex
100
AcDb3dPolylineVertex
 10
1629.3
 20
34.0
 30
2271.0
 70
32
  0
VERTEX
  5
1150
330
17
100
AcDbEntity
  8
RBAR-T8-A1
100
AcDbVertex
100
AcDb3dPolylineVertex
 10
1629.3
 20
34.0
 30
2896.0
 70
32
  0
SEQEND
  5
114E
330
114D
100
AcDbEntity
  8
RBAR-T8-A1
  0
POLYLINE
  5
1151
330
17
100
AcDbEntity
  8
RBAR-T8-A1
100
AcDb3dPolyline
 66
1
 10
0.0
 20
0.0
 30
0.0
 70
8
  0
VERTEX
  5
1153
330
17
100
AcDbEntity
  8
RBAR-T8-A1
100
AcDbVertex
100
AcDb3dPolylineVertex
 10
1880.0
 20
34.0
 30
2271.0
 70
32
  0
VERTEX
  5
1154
330
17
100
AcDbEntity
  8
RBAR-T8-A1
100
AcDbVertex
100
AcDb3dPolylineVertex
 10
1880.0
 20
34.0
 30
2896.0
 70
32
  0
SEQEND
  5
1152
330
1151
100
AcDbEntity
  8
RBAR-T8-A1
  0
POLYLINE
  5
1155
330
17
100
AcDbEntity
  8
RBAR-T8-A1
100
AcDb3dPolyline
 66
1
 10
0.0
 20
0.0
 30
0.0
 70
8
  0
VERTEX
  5
1157
330
17
100
AcDbEntity
  8
RBAR-T8-A1
100
AcDbVertex
100
AcDb3dPolylineVertex
 10
2130.7
 20
34.0
 30
2271.0
 70
32
  0
VERTEX
  5
1158
330
17
100
AcDbEntity
  8
RBAR-T8-A1
100
AcDbVertex
100
AcDb3dPolylineVertex
 10
2130.7
 20
34.0
 30
2896.0
 70
32
  0
SEQEND
  5
1156
330
1155
100
AcDbEntity
  8
RBAR-T8-A1
  0
POLYLINE
  5
1159
330
17
100
AcDbEntity
  8
RBAR-T8-A1
100
AcDb3dPolyline
 66
1
 10
0.0
 20
0.0
 30
0.0
 70
8
  0
VERTEX
  5
115B
330
17
100
AcDbEntity
  8
RBAR-T8-A1
100
AcDbVertex
100
AcDb3dPolylineVertex
 10
2381.3
 20
34.0
 30
2271.0
 70
32
  0
VERTEX
  5
115C
330
17
100
AcDbEntity
  8
RBAR-T8-A1
100
AcDbVertex
100
AcDb3dPolylineVertex
 10
2381.3
 20
34.0
 30
2896.0
 70
32
  0
SEQEND
  5
115A
330
1159
100
AcDbEntity
  8
RBAR-T8-A1
  0
POLYLINE
  5
115D
330
17
100
AcDbEntity
  8
RBAR-T8-A1
100
AcDb3dPolyline
 66
1
 10
0.0
 20
0.0
 30
0.0
 70
8
  0
VERTEX
  5
115F
330
17
100
AcDbEntity
  8
RBAR-T8-A1
100
AcDbVertex
100
AcDb3dPolylineVertex
 10
2632.0
 20
34.0
 30
2271.0
 70
32
  0
VERTEX
  5
1160
330
17
100
AcDbEntity
  8
RBAR-T8-A1
100
AcDbVertex
100
AcDb3dPolylineVertex
 10
2632.0
 20
34.0
 30
2896.0
 70
32
  0
SEQEND
  5
115E
330
115D
100
AcDbEntity
  8
RBAR-T8-A1
  0
POLYLINE
  5
1161
330
17
100
AcDbEntity
  8
RBAR-T8-A1
100
AcDb3dPolyline
 66
1
 10
0.0
 20
0.0
 30
0.0
 70
8
  0
VERTEX
  5
1163
330
17
100
AcDbEntity
  8
RBAR-T8-A1
100
AcDbVertex
100
AcDb3dPolylineVertex
 10
2882.7
 20
34.0
 30
2271.0
 70
32
  0
VERTEX
  5
1164
330
17
100
AcDbEntity
  8
RBAR-T8-A1
100
AcDbVertex
100
AcDb3dPolylineVertex
 10
2882.7
 20
34.0
 30
2896.0
 70
32
  0
SEQEND
  5
1162
330
1161
100
AcDbEntity
  8
RBAR-T8-A1
  0
POLYLINE
  5
1165
330
17
100
AcDbEntity
  8
RBAR-T8-A1
100
AcDb3dPolyline
 66
1
 10
0.0
 20
0.0
 30
0.0
 70
8
  0
VERTEX
  5
1167
330
17
100
AcDbEntity
  8
RBAR-T8-A1
100
AcDbVertex
100
AcDb3dPolylineVertex
 10
3133.3
 20
34.0
 30
2271.0
 70
32
  0
VERTEX
  5
1168
330
17
100
AcDbEntity
  8
RBAR-T8-A1
100
AcDbVertex
100
AcDb3dPolylineVertex
 10
3133.3
 20
34.0
 30
2896.0
 70
32
  0
SEQEND
  5
1166
330
1165
100
AcDbEntity
  8
RBAR-T8-A1
  0
POLYLINE
  5
1169
330
17
100
AcDbEntity
  8
RBAR-T8-A1
100
AcDb3dPolyline
 66
1
 10
0.0
 20
0.0
 30
0.0
 70
8
  0
VERTEX
  5
116B
330
17
100
AcDbEntity
  8
RBAR-T8-A1
100
AcDbVertex
100
AcDb3dPolylineVertex
 10
3384.0
 20
34.0
 30
2271.0
 70
32
  0
VERTEX
  5
116C
330
17
100
AcDbEntity
  8
RBAR-T8-A1
100
AcDbVertex
100
AcDb3dPolylineVertex
 10
3384.0
 20
34.0
 30
2896.0
 70
32
  0
SEQEND
  5
116A
330
1169
100
AcDbEntity
  8
RBAR-T8-A1
  0
POLYLINE
  5
116D
330
17
100
AcDbEntity
  8
RBAR-T8-A1
100
AcDb3dPolyline
 66
1
 10
0.0
 20
0.0
 30
0.0
 70
8
  0
VERTEX
  5
116F
330
17
100
AcDbEntity
  8
RBAR-T8-A1
100
AcDbVertex
100
AcDb3dPolylineVertex
 10
3634.7
 20
34.0
 30
2271.0
 70
32
  0
VERTEX
  5
1170
330
17
100
AcDbEntity
  8
RBAR-T8-A1
100
AcDbVertex
100
AcDb3dPolylineVertex
 10
3634.7
 20
34.0
 30
2896.0
 70
32
  0
SEQEND
  5
116E
330
116D
100
AcDbEntity
  8
RBAR-T8-A1
  0
POLYLINE
  5
1172
330
17
100
AcDbEntity
  8
RBAR-T8-A
100
AcDb3dPolyline
 66
1
 10
0.0
 20
0.0
 30
0.0
 70
8
  0
VERTEX
  5
1174
330
17
100
AcDbEntity
  8
RBAR-T8-A
100
AcDbVertex
100
AcDb3dPolylineVertex
 10
1769.3
 20
34.0
 30
2302.1
 70
32
  0
VERTEX
  5
1175
330
17
100
AcDbEntity
  8
RBAR-T8-A
100
AcDbVertex
100
AcDb3dPolylineVertex
 10
1769.3
 20
34.0
 30
2902.1
 70
32
  0
SEQEND
  5
1173
330
1172
100
AcDbEntity
  8
RBAR-T8-A
  0
POLYLINE
  5
1176
330
17
100
AcDbEntity
  8
RBAR-T8-A
100
AcDb3dPolyline
 66
1
 10
0.0
 20
0.0
 30
0.0
 70
8
  0
VERTEX
  5
1178
330
17
100
AcDbEntity
  8
RBAR-T8-A
100
AcDbVertex
100
AcDb3dPolylineVertex
 10
376.0
 20
34.0
 30
34.0
 70
32
  0
VERTEX
  5
1179
330
17
100
AcDbEntity
  8
RBAR-T8-A
100
AcDbVertex
100
AcDb3dPolylineVertex
 10
376.0
 20
34.0
 30
634.0
 70
32
  0
SEQEND
  5
1177
330
1176
100
AcDbEntity
  8
RBAR-T8-A
  0
POLYLINE
  5
117A
330
17
100
AcDbEntity
  8
RBAR-T8-A
100
AcDb3dPolyline
 66
1
 10
0.0
 20
0.0
 30
0.0
 70
8
  0
VERTEX
  5
117C
330
17
100
AcDbEntity
  8
RBAR-T8-A
100
AcDbVertex
100
AcDb3dPolylineVertex
 10
626.7
 20
34.0
 30
34.0
 70
32
  0
VERTEX
  5
117D
330
17
100
AcDbEntity
  8
RBAR-T8-A
100
AcDbVertex
100
AcDb3dPolylineVertex
 10
626.7
 20
34.0
 30
634.0
 70
32
  0
SEQEND
  5
117B
330
117A
100
AcDbEntity
  8
RBAR-T8-A
  0
POLYLINE
  5
117E
330
17
100
AcDbEntity
  8
RBAR-T8-A
100
AcDb3dPolyline
 66
1
 10
0.0
 20
0.0
 30
0.0
 70
8
  0
VERTEX
  5
1180
330
17
100
AcDbEntity
  8
RBAR-T8-A
100
AcDbVertex
100
AcDb3dPolylineVertex
 10
877.3
 20
34.0
 30
34.0
 70
32
  0
VERTEX
  5
1181
330
17
100
AcDbEntity
  8
RBAR-T8-A
100
AcDbVertex
100
AcDb3dPolylineVertex
 10
877.3
 20
34.0
 30
634.0
 70
32
  0
SEQEND
  5
117F
330
117E
100
AcDbEntity
  8
RBAR-T8-A
  0
POLYLINE
  5
1182
330
17
100
AcDbEntity
  8
RBAR-T8-A
100
AcDb3dPolyline
 66
1
 10
0.0
 20
0.0
 30
0.0
 70
8
  0
VERTEX
  5
1184
330
17
100
AcDbEntity
  8
RBAR-T8-A
100
AcDbVertex
100
AcDb3dPolylineVertex
 10
1128.0
 20
34.0
 30
34.0
 70
32
  0
VERTEX
  5
1185
330
17
100
AcDbEntity
  8
RBAR-T8-A
100
AcDbVertex
100
AcDb3dPolylineVertex
 10
1128.0
 20
34.0
 30
634.0
 70
32
  0
SEQEND
  5
1183
330
1182
100
AcDbEntity
  8
RBAR-T8-A
  0
POLYLINE
  5
1186
330
17
100
AcDbEntity
  8
RBAR-T8-A
100
AcDb3dPolyline
 66
1
 10
0.0
 20
0.0
 30
0.0
 70
8
  0
VERTEX
  5
1188
330
17
100
AcDbEntity
  8
RBAR-T8-A
100
AcDbVertex
100
AcDb3dPolylineVertex
 10
1378.7
 20
34.0
 30
34.0
 70
32
  0
VERTEX
  5
1189
330
17
100
AcDbEntity
  8
RBAR-T8-A
100
AcDbVertex
100
AcDb3dPolylineVertex
 10
1378.7
 20
34.0
 30
634.0
 70
32
  0
SEQEND
  5
1187
330
1186
100
AcDbEntity
  8
RBAR-T8-A
  0
POLYLINE
  5
118A
330
17
100
AcDbEntity
  8
RBAR-T8-A
100
AcDb3dPolyline
 66
1
 10
0.0
 20
0.0
 30
0.0
 70
8
  0
VERTEX
  5
118C
330
17
100
AcDbEntity
  8
RBAR-T8-A
100
AcDbVertex
100
AcDb3dPolylineVertex
 10
1629.3
 20
34.0
 30
34.0
 70
32
  0
VERTEX
  5
118D
330
17
100
AcDbEntity
  8
RBAR-T8-A
100
AcDbVertex
100
AcDb3dPolylineVertex
 10
1629.3
 20
34.0
 30
634.0
 70
32
  0
SEQEND
  5
118B
330
118A
100
AcDbEntity
  8
RBAR-T8-A
  0
POLYLINE
  5
118E
330
17
100
AcDbEntity
  8
RBAR-T8-A
100
AcDb3dPolyline
 66
1
 10
0.0
 20
0.0
 30
0.0
 70
8
  0
VERTEX
  5
1190
330
17
100
AcDbEntity
  8
RBAR-T8-A
100
AcDbVertex
100
AcDb3dPolylineVertex
 10
1880.0
 20
34.0
 30
34.0
 70
32
  0
VERTEX
  5
1191
330
17
100
AcDbEntity
  8
RBAR-T8-A
100
AcDbVertex
100
AcDb3dPolylineVertex
 10
1880.0
 20
34.0
 30
634.0
 70
32
  0
SEQEND
  5
118F
330
118E
100
AcDbEntity
  8
RBAR-T8-A
  0
POLYLINE
  5
1192
330
17
100
AcDbEntity
  8
RBAR-T8-A
100
AcDb3dPolyline
 66
1
 10
0.0
 20
0.0
 30
0.0
 70
8
  0
VERTEX
  5
1194
330
17
100
AcDbEntity
  8
RBAR-T8-A
100
AcDbVertex
100
AcDb3dPolylineVertex
 10
2130.7
 20
34.0
 30
34.0
 70
32
  0
VERTEX
  5
1195
330
17
100
AcDbEntity
  8
RBAR-T8-A
100
AcDbVertex
100
AcDb3dPolylineVertex
 10
2130.7
 20
34.0
 30
634.0
 70
32
  0
SEQEND
  5
1193
330
1192
100
AcDbEntity
  8
RBAR-T8-A
  0
POLYLINE
  5
1196
330
17
100
AcDbEntity
  8
RBAR-T8-A
100
AcDb3dPolyline
 66
1
 10
0.0
 20
0.0
 30
0.0
 70
8
  0
VERTEX
  5
1198
330
17
100
AcDbEntity
  8
RBAR-T8-A
100
AcDbVertex
100
AcDb3dPolylineVertex
 10
2381.3
 20
34.0
 30
34.0
 70
32
  0
VERTEX
  5
1199
330
17
100
AcDbEntity
  8
RBAR-T8-A
100
AcDbVertex
100
AcDb3dPolylineVertex
 10
2381.3
 20
34.0
 30
634.0
 70
32
  0
SEQEND
  5
1197
330
1196
100
AcDbEntity
  8
RBAR-T8-A
  0
POLYLINE
  5
119A
330
17
100
AcDbEntity
  8
RBAR-T8-A
100
AcDb3dPolyline
 66
1
 10
0.0
 20
0.0
 30
0.0
 70
8
  0
VERTEX
  5
119C
330
17
100
AcDbEntity
  8
RBAR-T8-A
100
AcDbVertex
100
AcDb3dPolylineVertex
 10
2632.0
 20
34.0
 30
34.0
 70
32
  0
VERTEX
  5
119D
330
17
100
AcDbEntity
  8
RBAR-T8-A
100
AcDbVertex
100
AcDb3dPolylineVertex
 10
2632.0
 20
34.0
 30
634.0
 70
32
  0
SEQEND
  5
119B
330
119A
100
AcDbEntity
  8
RBAR-T8-A
  0
POLYLINE
  5
119E
330
17
100
AcDbEntity
  8
RBAR-T8-A
100
AcDb3dPolyline
 66
1
 10
0.0
 20
0.0
 30
0.0
 70
8
  0
VERTEX
  5
11A0
330
17
100
AcDbEntity
  8
RBAR-T8-A
100
AcDbVertex
100
AcDb3dPolylineVertex
 10
2882.7
 20
34.0
 30
34.0
 70
32
  0
VERTEX
  5
11A1
330
17
100
AcDbEntity
  8
RBAR-T8-A
100
AcDbVertex
100
AcDb3dPolylineVertex
 10
2882.7
 20
34.0
 30
634.0
 70
32
  0
SEQEND
  5
119F
330
119E
100
AcDbEntity
  8
RBAR-T8-A
  0
POLYLINE
  5
11A2
330
17
100
AcDbEntity
  8
RBAR-T8-A
100
AcDb3dPolyline
 66
1
 10
0.0
 20
0.0
 30
0.0
 70
8
  0
VERTEX
  5
11A4
330
17
100
AcDbEntity
  8
RBAR-T8-A
100
AcDbVertex
100
AcDb3dPolylineVertex
 10
3133.3
 20
34.0
 30
34.0
 70
32
  0
VERTEX
  5
11A5
330
17
100
AcDbEntity
  8
RBAR-T8-A
100
AcDbVertex
100
AcDb3dPolylineVertex
 10
3133.3
 20
34.0
 30
634.0
 70
32
  0
SEQEND
  5
11A3
330
11A2
100
AcDbEntity
  8
RBAR-T8-A
  0
POLYLINE
  5
11A6
330
17
100
AcDbEntity
  8
RBAR-T8-A
100
AcDb3dPolyline
 66
1
 10
0.0
 20
0.0
 30
0.0
 70
8
  0
VERTEX
  5
11A8
330
17
100
AcDbEntity
  8
RBAR-T8-A
100
AcDbVertex
100
AcDb3dPolylineVertex
 10
3384.0
 20
34.0
 30
34.0
 70
32
  0
VERTEX
  5
11A9
330
17
100
AcDbEntity
  8
RBAR-T8-A
100
AcDbVertex
100
AcDb3dPolylineVertex
 10
3384.0
 20
34.0
 30
634.0
 70
32
  0
SEQEND
  5
11A7
330
11A6
100
AcDbEntity
  8
RBAR-T8-A
  0
POLYLINE
  5
11AA
330
17
100
AcDbEntity
  8
RBAR-T8-A
100
AcDb3dPolyline
 66
1
 10
0.0
 20
0.0
 30
0.0
 70
8
  0
VERTEX
  5
11AC
330
17
100
AcDbEntity
  8
RBAR-T8-A
100
AcDbVertex
100
AcDb3dPolylineVertex
 10
3634.7
 20
34.0
 30
34.0
 70
32
  0
VERTEX
  5
11AD
330
17
100
AcDbEntity
  8
RBAR-T8-A
100
AcDbVertex
100
AcDb3dPolylineVertex
 10
3634.7
 20
34.0
 30
634.0
 70
32
  0
SEQEND
  5
11AB
330
11AA
100
AcDbEntity
  8
RBAR-T8-A
  0
POLYLINE
  5
11AE
330
17
100
AcDbEntity
  8
RBAR-T8-A
100
AcDb3dPolyline
 66
1
 10
0.0
 20
0.0
 30
0.0
 70
8
  0
VERTEX
  5
11B0
330
17
100
AcDbEntity
  8
RBAR-T8-A
100
AcDbVertex
100
AcDb3dPolylineVertex
 10
125.3
 20
34.0
 30
788.0
 70
32
  0
VERTEX
  5
11B1
330
17
100
AcDbEntity
  8
RBAR-T8-A
100
AcDbVertex
100
AcDb3dPolylineVertex
 10
125.3
 20
34.0
 30
1388.0
 70
32
  0
SEQEND
  5
11AF
330
11AE
100
AcDbEntity
  8
RBAR-T8-A
  0
POLYLINE
  5
11B2
330
17
100
AcDbEntity
  8
RBAR-T8-A
100
AcDb3dPolyline
 66
1
 10
0.0
 20
0.0
 30
0.0
 70
8
  0
VERTEX
  5
11B4
330
17
100
AcDbEntity
  8
RBAR-T8-A
100
AcDbVertex
100
AcDb3dPolylineVertex
 10
376.0
 20
34.0
 30
788.0
 70
32
  0
VERTEX
  5
11B5
330
17
100
AcDbEntity
  8
RBAR-T8-A
100
AcDbVertex
100
AcDb3dPolylineVertex
 10
376.0
 20
34.0
 30
1388.0
 70
32
  0
SEQEND
  5
11B3
330
11B2
100
AcDbEntity
  8
RBAR-T8-A
  0
POLYLINE
  5
11B6
330
17
100
AcDbEntity
  8
RBAR-T8-A
100
AcDb3dPolyline
 66
1
 10
0.0
 20
0.0
 30
0.0
 70
8
  0
VERTEX
  5
11B8
330
17
100
AcDbEntity
  8
RBAR-T8-A
100
AcDbVertex
100
AcDb3dPolylineVertex
 10
626.7
 20
34.0
 30
788.0
 70
32
  0
VERTEX
  5
11B9
330
17
100
AcDbEntity
  8
RBAR-T8-A
100
AcDbVertex
100
AcDb3dPolylineVertex
 10
626.7
 20
34.0
 30
1388.0
 70
32
  0
SEQEND
  5
11B7
330
11B6
100
AcDbEntity
  8
RBAR-T8-A
  0
POLYLINE
  5
11BA
330
17
100
AcDbEntity
  8
RBAR-T8-A
100
AcDb3dPolyline
 66
1
 10
0.0
 20
0.0
 30
0.0
 70
8
  0
VERTEX
  5
11BC
330
17
100
AcDbEntity
  8
RBAR-T8-A
100
AcDbVertex
100
AcDb3dPolylineVertex
 10
877.3
 20
34.0
 30
788.0
 70
32
  0
VERTEX
  5
11BD
330
17
100
AcDbEntity
  8
RBAR-T8-A
100
AcDbVertex
100
AcDb3dPolylineVertex
 10
877.3
 20
34.0
 30
1388.0
 70
32
  0
SEQEND
  5
11BB
330
11BA
100
AcDbEntity
  8
RBAR-T8-A
  0
POLYLINE
  5
11BE
330
17
100
AcDbEntity
  8
RBAR-T8-A
100
AcDb3dPolyline
 66
1
 10
0.0
 20
0.0
 30
0.0
 70
8
  0
VERTEX
  5
11C0
330
17
100
AcDbEntity
  8
RBAR-T8-A
100
AcDbVertex
100
AcDb3dPolylineVertex
 10
1128.0
 20
34.0
 30
788.0
 70
32
  0
VERTEX
  5
11C1
330
17
100
AcDbEntity
  8
RBAR-T8-A
100
AcDbVertex
100
AcDb3dPolylineVertex
 10
1128.0
 20
34.0
 30
1388.0
 70
32
  0
SEQEND
  5
11BF
330
11BE
100
AcDbEntity
  8
RBAR-T8-A
  0
POLYLINE
  5
11C2
330
17
100
AcDbEntity
  8
RBAR-T8-A
100
AcDb3dPolyline
 66
1
 10
0.0
 20
0.0
 30
0.0
 70
8
  0
VERTEX
  5
11C4
330
17
100
AcDbEntity
  8
RBAR-T8-A
100
AcDbVertex
100
AcDb3dPolylineVertex
 10
1378.7
 20
34.0
 30
788.0
 70
32
  0
VERTEX
  5
11C5
330
17
100
AcDbEntity
  8
RBAR-T8-A
100
AcDbVertex
100
AcDb3dPolylineVertex
 10
1378.7
 20
34.0
 30
1388.0
 70
32
  0
SEQEND
  5
11C3
330
11C2
100
AcDbEntity
  8
RBAR-T8-A
  0
POLYLINE
  5
11C6
330
17
100
AcDbEntity
  8
RBAR-T8-A
100
AcDb3dPolyline
 66
1
 10
0.0
 20
0.0
 30
0.0
 70
8
  0
VERTEX
  5
11C8
330
17
100
AcDbEntity
  8
RBAR-T8-A
100
AcDbVertex
100
AcDb3dPolylineVertex
 10
1629.3
 20
34.0
 30
788.0
 70
32
  0
VERTEX
  5
11C9
330
17
100
AcDbEntity
  8
RBAR-T8-A
100
AcDbVertex
100
AcDb3dPolylineVertex
 10
1629.3
 20
34.0
 30
1388.0
 70
32
  0
SEQEND
  5
11C7
330
11C6
100
AcDbEntity
  8
RBAR-T8-A
  0
POLYLINE
  5
11CA
330
17
100
AcDbEntity
  8
RBAR-T8-A
100
AcDb3dPolyline
 66
1
 10
0.0
 20
0.0
 30
0.0
 70
8
  0
VERTEX
  5
11CC
330
17
100
AcDbEntity
  8
RBAR-T8-A
100
AcDbVertex
100
AcDb3dPolylineVertex
 10
1880.0
 20
34.0
 30
788.0
 70
32
  0
VERTEX
  5
11CD
330
17
100
AcDbEntity
  8
RBAR-T8-A
100
AcDbVertex
100
AcDb3dPolylineVertex
 10
1880.0
 20
34.0
 30
1388.0
 70
32
  0
SEQEND
  5
11CB
330
11CA
100
AcDbEntity
  8
RBAR-T8-A
  0
POLYLINE
  5
11CE
330
17
100
AcDbEntity
  8
RBAR-T8-A
100
AcDb3dPolyline
 66
1
 10
0.0
 20
0.0
 30
0.0
 70
8
  0
VERTEX
  5
11D0
330
17
100
AcDbEntity
  8
RBAR-T8-A
100
AcDbVertex
100
AcDb3dPolylineVertex
 10
2130.7
 20
34.0
 30
788.0
 70
32
  0
VERTEX
  5
11D1
330
17
100
AcDbEntity
  8
RBAR-T8-A
100
AcDbVertex
100
AcDb3dPolylineVertex
 10
2130.7
 20
34.0
 30
1388.0
 70
32
  0
SEQEND
  5
11CF
330
11CE
100
AcDbEntity
  8
RBAR-T8-A
  0
POLYLINE
  5
11D2
330
17
100
AcDbEntity
  8
RBAR-T8-A
100
AcDb3dPolyline
 66
1
 10
0.0
 20
0.0
 30
0.0
 70
8
  0
VERTEX
  5
11D4
330
17
100
AcDbEntity
  8
RBAR-T8-A
100
AcDbVertex
100
AcDb3dPolylineVertex
 10
2381.3
 20
34.0
 30
788.0
 70
32
  0
VERTEX
  5
11D5
330
17
100
AcDbEntity
  8
RBAR-T8-A
100
AcDbVertex
100
AcDb3dPolylineVertex
 10
2381.3
 20
34.0
 30
1388.0
 70
32
  0
SEQEND
  5
11D3
330
11D2
100
AcDbEntity
  8
RBAR-T8-A
  0
POLYLINE
  5
11D6
330
17
100
AcDbEntity
  8
RBAR-T8-A
100
AcDb3dPolyline
 66
1
 10
0.0
 20
0.0
 30
0.0
 70
8
  0
VERTEX
  5
11D8
330
17
100
AcDbEntity
  8
RBAR-T8-A
100
AcDbVertex
100
AcDb3dPolylineVertex
 10
2632.0
 20
34.0
 30
788.0
 70
32
  0
VERTEX
  5
11D9
330
17
100
AcDbEntity
  8
RBAR-T8-A
100
AcDbVertex
100
AcDb3dPolylineVertex
 10
2632.0
 20
34.0
 30
1388.0
 70
32
  0
SEQEND
  5
11D7
330
11D6
100
AcDbEntity
  8
RBAR-T8-A
  0
POLYLINE
  5
11DA
330
17
100
AcDbEntity
  8
RBAR-T8-A
100
AcDb3dPolyline
 66
1
 10
0.0
 20
0.0
 30
0.0
 70
8
  0
VERTEX
  5
11DC
330
17
100
AcDbEntity
  8
RBAR-T8-A
100
AcDbVertex
100
AcDb3dPolylineVertex
 10
2882.7
 20
34.0
 30
788.0
 70
32
  0
VERTEX
  5
11DD
330
17
100
AcDbEntity
  8
RBAR-T8-A
100
AcDbVertex
100
AcDb3dPolylineVertex
 10
2882.7
 20
34.0
 30
1388.0
 70
32
  0
SEQEND
  5
11DB
330
11DA
100
AcDbEntity
  8
RBAR-T8-A
  0
POLYLINE
  5
11DE
330
17
100
AcDbEntity
  8
RBAR-T8-A
100
AcDb3dPolyline
 66
1
 10
0.0
 20
0.0
 30
0.0
 70
8
  0
VERTEX
  5
11E0
330
17
100
AcDbEntity
  8
RBAR-T8-A
100
AcDbVertex
100
AcDb3dPolylineVertex
 10
3133.3
 20
34.0
 30
788.0
 70
32
  0
VERTEX
  5
11E1
330
17
100
AcDbEntity
  8
RBAR-T8-A
100
AcDbVertex
100
AcDb3dPolylineVertex
 10
3133.3
 20
34.0
 30
1388.0
 70
32
  0
SEQEND
  5
11DF
330
11DE
100
AcDbEntity
  8
RBAR-T8-A
  0
POLYLINE
  5
11E2
330
17
100
AcDbEntity
  8
RBAR-T8-A
100
AcDb3dPolyline
 66
1
 10
0.0
 20
0.0
 30
0.0
 70
8
  0
VERTEX
  5
11E4
330
17
100
AcDbEntity
  8
RBAR-T8-A
100
AcDbVertex
100
AcDb3dPolylineVertex
 10
3384.0
 20
34.0
 30
788.0
 70
32
  0
VERTEX
  5
11E5
330
17
100
AcDbEntity
  8
RBAR-T8-A
100
AcDbVertex
100
AcDb3dPolylineVertex
 10
3384.0
 20
34.0
 30
1388.0
 70
32
  0
SEQEND
  5
11E3
330
11E2
100
AcDbEntity
  8
RBAR-T8-A
  0
POLYLINE
  5
11E6
330
17
100
AcDbEntity
  8
RBAR-T8-A
100
AcDb3dPolyline
 66
1
 10
0.0
 20
0.0
 30
0.0
 70
8
  0
VERTEX
  5
11E8
330
17
100
AcDbEntity
  8
RBAR-T8-A
100
AcDbVertex
100
AcDb3dPolylineVertex
 10
3634.7
 20
34.0
 30
788.0
 70
32
  0
VERTEX
  5
11E9
330
17
100
AcDbEntity
  8
RBAR-T8-A
100
AcDbVertex
100
AcDb3dPolylineVertex
 10
3634.7
 20
34.0
 30
1388.0
 70
32
  0
SEQEND
  5
11E7
330
11E6
100
AcDbEntity
  8
RBAR-T8-A
  0
POLYLINE
  5
11EA
330
17
100
AcDbEntity
  8
RBAR-T8-A
100
AcDb3dPolyline
 66
1
 10
0.0
 20
0.0
 30
0.0
 70
8
  0
VERTEX
  5
11EC
330
17
100
AcDbEntity
  8
RBAR-T8-A
100
AcDbVertex
100
AcDb3dPolylineVertex
 10
125.3
 20
34.0
 30
1542.0
 70
32
  0
VERTEX
  5
11ED
330
17
100
AcDbEntity
  8
RBAR-T8-A
100
AcDbVertex
100
AcDb3dPolylineVertex
 10
125.3
 20
34.0
 30
2142.0
 70
32
  0
SEQEND
  5
11EB
330
11EA
100
AcDbEntity
  8
RBAR-T8-A
  0
POLYLINE
  5
11EE
330
17
100
AcDbEntity
  8
RBAR-T8-A
100
AcDb3dPolyline
 66
1
 10
0.0
 20
0.0
 30
0.0
 70
8
  0
VERTEX
  5
11F0
330
17
100
AcDbEntity
  8
RBAR-T8-A
100
AcDbVertex
100
AcDb3dPolylineVertex
 10
376.0
 20
34.0
 30
1542.0
 70
32
  0
VERTEX
  5
11F1
330
17
100
AcDbEntity
  8
RBAR-T8-A
100
AcDbVertex
100
AcDb3dPolylineVertex
 10
376.0
 20
34.0
 30
2142.0
 70
32
  0
SEQEND
  5
11EF
330
11EE
100
AcDbEntity
  8
RBAR-T8-A
  0
POLYLINE
  5
11F2
330
17
100
AcDbEntity
  8
RBAR-T8-A
100
AcDb3dPolyline
 66
1
 10
0.0
 20
0.0
 30
0.0
 70
8
  0
VERTEX
  5
11F4
330
17
100
AcDbEntity
  8
RBAR-T8-A
100
AcDbVertex
100
AcDb3dPolylineVertex
 10
626.7
 20
34.0
 30
1542.0
 70
32
  0
VERTEX
  5
11F5
330
17
100
AcDbEntity
  8
RBAR-T8-A
100
AcDbVertex
100
AcDb3dPolylineVertex
 10
626.7
 20
34.0
 30
2142.0
 70
32
  0
SEQEND
  5
11F3
330
11F2
100
AcDbEntity
  8
RBAR-T8-A
  0
POLYLINE
  5
11F6
330
17
100
AcDbEntity
  8
RBAR-T8-A
100
AcDb3dPolyline
 66
1
 10
0.0
 20
0.0
 30
0.0
 70
8
  0
VERTEX
  5
11F8
330
17
100
AcDbEntity
  8
RBAR-T8-A
100
AcDbVertex
100
AcDb3dPolylineVertex
 10
877.3
 20
34.0
 30
1542.0
 70
32
  0
VERTEX
  5
11F9
330
17
100
AcDbEntity
  8
RBAR-T8-A
100
AcDbVertex
100
AcDb3dPolylineVertex
 10
877.3
 20
34.0
 30
2142.0
 70
32
  0
SEQEND
  5
11F7
330
11F6
100
AcDbEntity
  8
RBAR-T8-A
  0
POLYLINE
  5
11FA
330
17
100
AcDbEntity
  8
RBAR-T8-A
100
AcDb3dPolyline
 66
1
 10
0.0
 20
0.0
 30
0.0
 70
8
  0
VERTEX
  5
11FC
330
17
100
AcDbEntity
  8
RBAR-T8-A
100
AcDbVertex
100
AcDb3dPolylineVertex
 10
1128.0
 20
34.0
 30
1542.0
 70
32
  0
VERTEX
  5
11FD
330
17
100
AcDbEntity
  8
RBAR-T8-A
100
AcDbVertex
100
AcDb3dPolylineVertex
 10
1128.0
 20
34.0
 30
2142.0
 70
32
  0
SEQEND
  5
11FB
330
11FA
100
AcDbEntity
  8
RBAR-T8-A
  0
POLYLINE
  5
11FE
330
17
100
AcDbEntity
  8
RBAR-T8-A
100
AcDb3dPolyline
 66
1
 10
0.0
 20
0.0
 30
0.0
 70
8
  0
VERTEX
  5
1200
330
17
100
AcDbEntity
  8
RBAR-T8-A
100
AcDbVertex
100
AcDb3dPolylineVertex
 10
1378.7
 20
34.0
 30
1542.0
 70
32
  0
VERTEX
  5
1201
330
17
100
AcDbEntity
  8
RBAR-T8-A
100
AcDbVertex
100
AcDb3dPolylineVertex
 10
1378.7
 20
34.0
 30
2142.0
 70
32
  0
SEQEND
  5
11FF
330
11FE
100
AcDbEntity
  8
RBAR-T8-A
  0
POLYLINE
  5
1202
330
17
100
AcDbEntity
  8
RBAR-T8-A
100
AcDb3dPolyline
 66
1
 10
0.0
 20
0.0
 30
0.0
 70
8
  0
VERTEX
  5
1204
330
17
100
AcDbEntity
  8
RBAR-T8-A
100
AcDbVertex
100
AcDb3dPolylineVertex
 10
1629.3
 20
34.0
 30
1542.0
 70
32
  0
VERTEX
  5
1205
330
17
100
AcDbEntity
  8
RBAR-T8-A
100
AcDbVertex
100
AcDb3dPolylineVertex
 10
1629.3
 20
34.0
 30
2142.0
 70
32
  0
SEQEND
  5
1203
330
1202
100
AcDbEntity
  8
RBAR-T8-A
  0
POLYLINE
  5
1206
330
17
100
AcDbEntity
  8
RBAR-T8-A
100
AcDb3dPolyline
 66
1
 10
0.0
 20
0.0
 30
0.0
 70
8
  0
VERTEX
  5
1208
330
17
100
AcDbEntity
  8
RBAR-T8-A
100
AcDbVertex
100
AcDb3dPolylineVertex
 10
1880.0
 20
34.0
 30
1542.0
 70
32
  0
VERTEX
  5
1209
330
17
100
AcDbEntity
  8
RBAR-T8-A
100
AcDbVertex
100
AcDb3dPolylineVertex
 10
1880.0
 20
34.0
 30
2142.0
 70
32
  0
SEQEND
  5
1207
330
1206
100
AcDbEntity
  8
RBAR-T8-A
  0
POLYLINE
  5
120A
330
17
100
AcDbEntity
  8
RBAR-T8-A
100
AcDb3dPolyline
 66
1
 10
0.0
 20
0.0
 30
0.0
 70
8
  0
VERTEX
  5
120C
330
17
100
AcDbEntity
  8
RBAR-T8-A
100
AcDbVertex
100
AcDb3dPolylineVertex
 10
2130.7
 20
34.0
 30
1542.0
 70
32
  0
VERTEX
  5
120D
330
17
100
AcDbEntity
  8
RBAR-T8-A
100
AcDbVertex
100
AcDb3dPolylineVertex
 10
2130.7
 20
34.0
 30
2142.0
 70
32
  0
SEQEND
  5
120B
330
120A
100
AcDbEntity
  8
RBAR-T8-A
  0
POLYLINE
  5
120E
330
17
100
AcDbEntity
  8
RBAR-T8-A
100
AcDb3dPolyline
 66
1
 10
0.0
 20
0.0
 30
0.0
 70
8
  0
VERTEX
  5
1210
330
17
100
AcDbEntity
  8
RBAR-T8-A
100
AcDbVertex
100
AcDb3dPolylineVertex
 10
2381.3
 20
34.0
 30
1542.0
 70
32
  0
VERTEX
  5
1211
330
17
100
AcDbEntity
  8
RBAR-T8-A
100
AcDbVertex
100
AcDb3dPolylineVertex
 10
2381.3
 20
34.0
 30
2142.0
 70
32
  0
SEQEND
  5
120F
330
120E
100
AcDbEntity
  8
RBAR-T8-A
  0
POLYLINE
  5
1212
330
17
100
AcDbEntity
  8
RBAR-T8-A
100
AcDb3dPolyline
 66
1
 10
0.0
 20
0.0
 30
0.0
 70
8
  0
VERTEX
  5
1214
330
17
100
AcDbEntity
  8
RBAR-T8-A
100
AcDbVertex
100
AcDb3dPolylineVertex
 10
2632.0
 20
34.0
 30
1542.0
 70
32
  0
VERTEX
  5
1215
330
17
100
AcDbEntity
  8
RBAR-T8-A
100
AcDbVertex
100
AcDb3dPolylineVertex
 10
2632.0
 20
34.0
 30
2142.0
 70
32
  0
SEQEND
  5
1213
330
1212
100
AcDbEntity
  8
RBAR-T8-A
  0
POLYLINE
  5
1216
330
17
100
AcDbEntity
  8
RBAR-T8-A
100
AcDb3dPolyline
 66
1
 10
0.0
 20
0.0
 30
0.0
 70
8
  0
VERTEX
  5
1218
330
17
100
AcDbEntity
  8
RBAR-T8-A
100
AcDbVertex
100
AcDb3dPolylineVertex
 10
2882.7
 20
34.0
 30
1542.0
 70
32
  0
VERTEX
  5
1219
330
17
100
AcDbEntity
  8
RBAR-T8-A
100
AcDbVertex
100
AcDb3dPolylineVertex
 10
2882.7
 20
34.0
 30
2142.0
 70
32
  0
SEQEND
  5
1217
330
1216
100
AcDbEntity
  8
RBAR-T8-A
  0
POLYLINE
  5
121A
330
17
100
AcDbEntity
  8
RBAR-T8-A
100
AcDb3dPolyline
 66
1
 10
0.0
 20
0.0
 30
0.0
 70
8
  0
VERTEX
  5
121C
330
17
100
AcDbEntity
  8
RBAR-T8-A
100
AcDbVertex
100
AcDb3dPolylineVertex
 10
3133.3
 20
34.0
 30
1542.0
 70
32
  0
VERTEX
  5
121D
330
17
100
AcDbEntity
  8
RBAR-T8-A
100
AcDbVertex
100
AcDb3dPolylineVertex
 10
3133.3
 20
34.0
 30
2142.0
 70
32
  0
SEQEND
  5
121B
330
121A
100
AcDbEntity
  8
RBAR-T8-A
  0
POLYLINE
  5
121E
330
17
100
AcDbEntity
  8
RBAR-T8-A
100
AcDb3dPolyline
 66
1
 10
0.0
 20
0.0
 30
0.0
 70
8
  0
VERTEX
  5
1220
330
17
100
AcDbEntity
  8
RBAR-T8-A
100
AcDbVertex
100
AcDb3dPolylineVertex
 10
3384.0
 20
34.0
 30
1542.0
 70
32
  0
VERTEX
  5
1221
330
17
100
AcDbEntity
  8
RBAR-T8-A
100
AcDbVertex
100
AcDb3dPolylineVertex
 10
3384.0
 20
34.0
 30
2142.0
 70
32
  0
SEQEND
  5
121F
330
121E
100
AcDbEntity
  8
RBAR-T8-A
  0
POLYLINE
  5
1222
330
17
100
AcDbEntity
  8
RBAR-T8-A
100
AcDb3dPolyline
 66
1
 10
0.0
 20
0.0
 30
0.0
 70
8
  0
VERTEX
  5
1224
330
17
100
AcDbEntity
  8
RBAR-T8-A
100
AcDbVertex
100
AcDb3dPolylineVertex
 10
3634.7
 20
34.0
 30
1542.0
 70
32
  0
VERTEX
  5
1225
330
17
100
AcDbEntity
  8
RBAR-T8-A
100
AcDbVertex
100
AcDb3dPolylineVertex
 10
3634.7
 20
34.0
 30
2142.0
 70
32
  0
SEQEND
  5
1223
330
1222
100
AcDbEntity
  8
RBAR-T8-A
  0
POLYLINE
  5
1226
330
17
100
AcDbEntity
  8
RBAR-T8-A
100
AcDb3dPolyline
 66
1
 10
0.0
 20
0.0
 30
0.0
 70
8
  0
VERTEX
  5
1228
330
17
100
AcDbEntity
  8
RBAR-T8-A
100
AcDbVertex
100
AcDb3dPolylineVertex
 10
125.3
 20
34.0
 30
2296.0
 70
32
  0
VERTEX
  5
1229
330
17
100
AcDbEntity
  8
RBAR-T8-A
100
AcDbVertex
100
AcDb3dPolylineVertex
 10
125.3
 20
34.0
 30
2896.0
 70
32
  0
SEQEND
  5
1227
330
1226
100
AcDbEntity
  8
RBAR-T8-A
  0
POLYLINE
  5
122A
330
17
100
AcDbEntity
  8
RBAR-T8-A
100
AcDb3dPolyline
 66
1
 10
0.0
 20
0.0
 30
0.0
 70
8
  0
VERTEX
  5
122C
330
17
100
AcDbEntity
  8
RBAR-T8-A
100
AcDbVertex
100
AcDb3dPolylineVertex
 10
376.0
 20
34.0
 30
2296.0
 70
32
  0
VERTEX
  5
122D
330
17
100
AcDbEntity
  8
RBAR-T8-A
100
AcDbVertex
100
AcDb3dPolylineVertex
 10
376.0
 20
34.0
 30
2896.0
 70
32
  0
SEQEND
  5
122B
330
122A
100
AcDbEntity
  8
RBAR-T8-A
  0
POLYLINE
  5
122E
330
17
100
AcDbEntity
  8
RBAR-T8-A
100
AcDb3dPolyline
 66
1
 10
0.0
 20
0.0
 30
0.0
 70
8
  0
VERTEX
  5
1230
330
17
100
AcDbEntity
  8
RBAR-T8-A
100
AcDbVertex
100
AcDb3dPolylineVertex
 10
626.7
 20
34.0
 30
2296.0
 70
32
  0
VERTEX
  5
1231
330
17
100
AcDbEntity
  8
RBAR-T8-A
100
AcDbVertex
100
AcDb3dPolylineVertex
 10
626.7
 20
34.0
 30
2896.0
 70
32
  0
SEQEND
  5
122F
330
122E
100
AcDbEntity
  8
RBAR-T8-A
  0
POLYLINE
  5
1232
330
17
100
AcDbEntity
  8
RBAR-T8-A
100
AcDb3dPolyline
 66
1
 10
0.0
 20
0.0
 30
0.0
 70
8
  0
VERTEX
  5
1234
330
17
100
AcDbEntity
  8
RBAR-T8-A
100
AcDbVertex
100
AcDb3dPolylineVertex
 10
877.3
 20
34.0
 30
2296.0
 70
32
  0
VERTEX
  5
1235
330
17
100
AcDbEntity
  8
RBAR-T8-A
100
AcDbVertex
100
AcDb3dPolylineVertex
 10
877.3
 20
34.0
 30
2896.0
 70
32
  0
SEQEND
  5
1233
330
1232
100
AcDbEntity
  8
RBAR-T8-A
  0
POLYLINE
  5
1236
330
17
100
AcDbEntity
  8
RBAR-T8-A
100
AcDb3dPolyline
 66
1
 10
0.0
 20
0.0
 30
0.0
 70
8
  0
VERTEX
  5
1238
330
17
100
AcDbEntity
  8
RBAR-T8-A
100
AcDbVertex
100
AcDb3dPolylineVertex
 10
1128.0
 20
34.0
 30
2296.0
 70
32
  0
VERTEX
  5
1239
330
17
100
AcDbEntity
  8
RBAR-T8-A
100
AcDbVertex
100
AcDb3dPolylineVertex
 10
1128.0
 20
34.0
 30
2896.0
 70
32
  0
SEQEND
  5
1237
330
1236
100
AcDbEntity
  8
RBAR-T8-A
  0
POLYLINE
  5
123A
330
17
100
AcDbEntity
  8
RBAR-T8-A
100
AcDb3dPolyline
 66
1
 10
0.0
 20
0.0
 30
0.0
 70
8
  0
VERTEX
  5
123C
330
17
100
AcDbEntity
  8
RBAR-T8-A
100
AcDbVertex
100
AcDb3dPolylineVertex
 10
1378.7
 20
34.0
 30
2296.0
 70
32
  0
VERTEX
  5
123D
330
17
100
AcDbEntity
  8
RBAR-T8-A
100
AcDbVertex
100
AcDb3dPolylineVertex
 10
1378.7
 20
34.0
 30
2896.0
 70
32
  0
SEQEND
  5
123B
330
123A
100
AcDbEntity
  8
RBAR-T8-A
  0
POLYLINE
  5
123E
330
17
100
AcDbEntity
  8
RBAR-T8-A
100
AcDb3dPolyline
 66
1
 10
0.0
 20
0.0
 30
0.0
 70
8
  0
VERTEX
  5
1240
330
17
100
AcDbEntity
  8
RBAR-T8-A
100
AcDbVertex
100
AcDb3dPolylineVertex
 10
1629.3
 20
34.0
 30
2296.0
 70
32
  0
VERTEX
  5
1241
330
17
100
AcDbEntity
  8
RBAR-T8-A
100
AcDbVertex
100
AcDb3dPolylineVertex
 10
1629.3
 20
34.0
 30
2896.0
 70
32
  0
SEQEND
  5
123F
330
123E
100
AcDbEntity
  8
RBAR-T8-A
  0
POLYLINE
  5
1242
330
17
100
AcDbEntity
  8
RBAR-T8-A
100
AcDb3dPolyline
 66
1
 10
0.0
 20
0.0
 30
0.0
 70
8
  0
VERTEX
  5
1244
330
17
100
AcDbEntity
  8
RBAR-T8-A
100
AcDbVertex
100
AcDb3dPolylineVertex
 10
1880.0
 20
34.0
 30
2296.0
 70
32
  0
VERTEX
  5
1245
330
17
100
AcDbEntity
  8
RBAR-T8-A
100
AcDbVertex
100
AcDb3dPolylineVertex
 10
1880.0
 20
34.0
 30
2896.0
 70
32
  0
SEQEND
  5
1243
330
1242
100
AcDbEntity
  8
RBAR-T8-A
  0
POLYLINE
  5
1246
330
17
100
AcDbEntity
  8
RBAR-T8-A
100
AcDb3dPolyline
 66
1
 10
0.0
 20
0.0
 30
0.0
 70
8
  0
VERTEX
  5
1248
330
17
100
AcDbEntity
  8
RBAR-T8-A
100
AcDbVertex
100
AcDb3dPolylineVertex
 10
2130.7
 20
34.0
 30
2296.0
 70
32
  0
VERTEX
  5
1249
330
17
100
AcDbEntity
  8
RBAR-T8-A
100
AcDbVertex
100
AcDb3dPolylineVertex
 10
2130.7
 20
34.0
 30
2896.0
 70
32
  0
SEQEND
  5
1247
330
1246
100
AcDbEntity
  8
RBAR-T8-A
  0
POLYLINE
  5
124A
330
17
100
AcDbEntity
  8
RBAR-T8-A
100
AcDb3dPolyline
 66
1
 10
0.0
 20
0.0
 30
0.0
 70
8
  0
VERTEX
  5
124C
330
17
100
AcDbEntity
  8
RBAR-T8-A
100
AcDbVertex
100
AcDb3dPolylineVertex
 10
2381.3
 20
34.0
 30
2296.0
 70
32
  0
VERTEX
  5
124D
330
17
100
AcDbEntity
  8
RBAR-T8-A
100
AcDbVertex
100
AcDb3dPolylineVertex
 10
2381.3
 20
34.0
 30
2896.0
 70
32
  0
SEQEND
  5
124B
330
124A
100
AcDbEntity
  8
RBAR-T8-A
  0
POLYLINE
  5
124E
330
17
100
AcDbEntity
  8
RBAR-T8-A
100
AcDb3dPolyline
 66
1
 10
0.0
 20
0.0
 30
0.0
 70
8
  0
VERTEX
  5
1250
330
17
100
AcDbEntity
  8
RBAR-T8-A
100
AcDbVertex
100
AcDb3dPolylineVertex
 10
2632.0
 20
34.0
 30
2296.0
 70
32
  0
VERTEX
  5
1251
330
17
100
AcDbEntity
  8
RBAR-T8-A
100
AcDbVertex
100
AcDb3dPolylineVertex
 10
2632.0
 20
34.0
 30
2896.0
 70
32
  0
SEQEND
  5
124F
330
124E
100
AcDbEntity
  8
RBAR-T8-A
  0
POLYLINE
  5
1252
330
17
100
AcDbEntity
  8
RBAR-T8-A
100
AcDb3dPolyline
 66
1
 10
0.0
 20
0.0
 30
0.0
 70
8
  0
VERTEX
  5
1254
330
17
100
AcDbEntity
  8
RBAR-T8-A
100
AcDbVertex
100
AcDb3dPolylineVertex
 10
2882.7
 20
34.0
 30
2296.0
 70
32
  0
VERTEX
  5
1255
330
17
100
AcDbEntity
  8
RBAR-T8-A
100
AcDbVertex
100
AcDb3dPolylineVertex
 10
2882.7
 20
34.0
 30
2896.0
 70
32
  0
SEQEND
  5
1253
330
1252
100
AcDbEntity
  8
RBAR-T8-A
  0
POLYLINE
  5
1256
330
17
100
AcDbEntity
  8
RBAR-T8-A
100
AcDb3dPolyline
 66
1
 10
0.0
 20
0.0
 30
0.0
 70
8
  0
VERTEX
  5
1258
330
17
100
AcDbEntity
  8
RBAR-T8-A
100
AcDbVertex
100
AcDb3dPolylineVertex
 10
3133.3
 20
34.0
 30
2296.0
 70
32
  0
VERTEX
  5
1259
330
17
100
AcDbEntity
  8
RBAR-T8-A
100
AcDbVertex
100
AcDb3dPolylineVertex
 10
3133.3
 20
34.0
 30
2896.0
 70
32
  0
SEQEND
  5
1257
330
1256
100
AcDbEntity
  8
RBAR-T8-A
  0
POLYLINE
  5
125A
330
17
100
AcDbEntity
  8
RBAR-T8-A
100
AcDb3dPolyline
 66
1
 10
0.0
 20
0.0
 30
0.0
 70
8
  0
VERTEX
  5
125C
330
17
100
AcDbEntity
  8
RBAR-T8-A
100
AcDbVertex
100
AcDb3dPolylineVertex
 10
3384.0
 20
34.0
 30
2296.0
 70
32
  0
VERTEX
  5
125D
330
17
100
AcDbEntity
  8
RBAR-T8-A
100
AcDbVertex
100
AcDb3dPolylineVertex
 10
3384.0
 20
34.0
 30
2896.0
 70
32
  0
SEQEND
  5
125B
330
125A
100
AcDbEntity
  8
RBAR-T8-A
  0
POLYLINE
  5
125E
330
17
100
AcDbEntity
  8
RBAR-T8-A
100
AcDb3dPolyline
 66
1
 10
0.0
 20
0.0
 30
0.0
 70
8
  0
VERTEX
  5
1260
330
17
100
AcDbEntity
  8
RBAR-T8-A
100
AcDbVertex
100
AcDb3dPolylineVertex
 10
3634.7
 20
34.0
 30
2296.0
 70
32
  0
VERTEX
  5
1261
330
17
100
AcDbEntity
  8
RBAR-T8-A
100
AcDbVertex
100
AcDb3dPolylineVertex
 10
3634.7
 20
34.0
 30
2896.0
 70
32
  0
SEQEND
  5
125F
330
125E
100
AcDbEntity
  8
RBAR-T8-A
  0
POLYLINE
  5
1263
330
17
100
AcDbEntity
  8
RBAR-T10-H
100
AcDb3dPolyline
 66
1
 10
0.0
 20
0.0
 30
0.0
 70
8
  0
VERTEX
  5
1265
330
17
100
AcDbEntity
  8
RBAR-T10-H
100
AcDbVertex
100
AcDb3dPolylineVertex
 10
3221.6
 20
35.0
 30
450.0
 70
32
  0
VERTEX
  5
1266
330
17
100
AcDbEntity
  8
RBAR-T10-H
100
AcDbVertex
100
AcDb3dPolylineVertex
 10
3221.6
 20
35.0
 30
738.3
 70
32
  0
VERTEX
  5
1267
330
17
100
AcDbEntity
  8
RBAR-T10-H
100
AcDbVertex
100
AcDb3dPolylineVertex
 10
3221.2
 20
35.0
 30
742.2
 70
32
  0
VERTEX
  5
1268
330
17
100
AcDbEntity
  8
RBAR-T10-H
100
AcDbVertex
100
AcDb3dPolylineVertex
 10
3220.1
 20
35.0
 30
746.0
 70
32
  0
VERTEX
  5
1269
330
17
100
AcDbEntity
  8
RBAR-T10-H
100
AcDbVertex
100
AcDb3dPolylineVertex
 10
3218.2
 20
35.0
 30
749.4
 70
32
  0
VERTEX
  5
126A
330
17
100
AcDbEntity
  8
RBAR-T10-H
100
AcDbVertex
100
AcDb3dPolylineVertex
 10
3215.7
 20
35.0
 30
752.4
 70
32
  0
VERTEX
  5
126B
330
17
100
AcDbEntity
  8
RBAR-T10-H
100
AcDbVertex
100
AcDb3dPolylineVertex
 10
3212.7
 20
35.0
 30
754.9
 70
32
  0
VERTEX
  5
126C
330
17
100
AcDbEntity
  8
RBAR-T10-H
100
AcDbVertex
100
AcDb3dPolylineVertex
 10
3209.3
 20
35.0
 30
756.7
 70
32
  0
VERTEX
  5
126D
330
17
100
AcDbEntity
  8
RBAR-T10-H
100
AcDbVertex
100
AcDb3dPolylineVertex
 10
3205.6
 20
35.0
 30
757.8
 70
32
  0
VERTEX
  5
126E
330
17
100
AcDbEntity
  8
RBAR-T10-H
100
AcDbVertex
100
AcDb3dPolylineVertex
 10
3201.7
 20
35.0
 30
758.2
 70
32
  0
VERTEX
  5
126F
330
17
100
AcDbEntity
  8
RBAR-T10-H
100
AcDbVertex
100
AcDb3dPolylineVertex
 10
2977.9
 20
35.0
 30
758.2
 70
32
  0
VERTEX
  5
1270
330
17
100
AcDbEntity
  8
RBAR-T10-H
100
AcDbVertex
100
AcDb3dPolylineVertex
 10
2974.1
 20
35.0
 30
757.8
 70
32
  0
VERTEX
  5
1271
330
17
100
AcDbEntity
  8
RBAR-T10-H
100
AcDbVertex
100
AcDb3dPolylineVertex
 10
2970.3
 20
35.0
 30
756.7
 70
32
  0
VERTEX
  5
1272
330
17
100
AcDbEntity
  8
RBAR-T10-H
100
AcDbVertex
100
AcDb3dPolylineVertex
 10
2966.9
 20
35.0
 30
754.9
 70
32
  0
VERTEX
  5
1273
330
17
100
AcDbEntity
  8
RBAR-T10-H
100
AcDbVertex
100
AcDb3dPolylineVertex
 10
2963.9
 20
35.0
 30
752.4
 70
32
  0
VERTEX
  5
1274
330
17
100
AcDbEntity
  8
RBAR-T10-H
100
AcDbVertex
100
AcDb3dPolylineVertex
 10
2961.4
 20
35.0
 30
749.4
 70
32
  0
VERTEX
  5
1275
330
17
100
AcDbEntity
  8
RBAR-T10-H
100
AcDbVertex
100
AcDb3dPolylineVertex
 10
2959.6
 20
35.0
 30
746.0
 70
32
  0
VERTEX
  5
1276
330
17
100
AcDbEntity
  8
RBAR-T10-H
100
AcDbVertex
100
AcDb3dPolylineVertex
 10
2958.4
 20
35.0
 30
742.2
 70
32
  0
VERTEX
  5
1277
330
17
100
AcDbEntity
  8
RBAR-T10-H
100
AcDbVertex
100
AcDb3dPolylineVertex
 10
2958.1
 20
35.0
 30
738.3
 70
32
  0
VERTEX
  5
1278
330
17
100
AcDbEntity
  8
RBAR-T10-H
100
AcDbVertex
100
AcDb3dPolylineVertex
 10
2958.1
 20
35.0
 30
67.1
 70
32
  0
VERTEX
  5
1279
330
17
100
AcDbEntity
  8
RBAR-T10-H
100
AcDbVertex
100
AcDb3dPolylineVertex
 10
2958.4
 20
35.0
 30
63.3
 70
32
  0
VERTEX
  5
127A
330
17
100
AcDbEntity
  8
RBAR-T10-H
100
AcDbVertex
100
AcDb3dPolylineVertex
 10
2959.6
 20
35.0
 30
59.5
 70
32
  0
VERTEX
  5
127B
330
17
100
AcDbEntity
  8
RBAR-T10-H
100
AcDbVertex
100
AcDb3dPolylineVertex
 10
2961.4
 20
35.0
 30
56.1
 70
32
  0
VERTEX
  5
127C
330
17
100
AcDbEntity
  8
RBAR-T10-H
100
AcDbVertex
100
AcDb3dPolylineVertex
 10
2963.9
 20
35.0
 30
53.1
 70
32
  0
VERTEX
  5
127D
330
17
100
AcDbEntity
  8
RBAR-T10-H
100
AcDbVertex
100
AcDb3dPolylineVertex
 10
2966.9
 20
35.0
 30
50.6
 70
32
  0
VERTEX
  5
127E
330
17
100
AcDbEntity
  8
RBAR-T10-H
100
AcDbVertex
100
AcDb3dPolylineVertex
 10
2970.3
 20
35.0
 30
48.8
 70
32
  0
VERTEX
  5
127F
330
17
100
AcDbEntity
  8
RBAR-T10-H
100
AcDbVertex
100
AcDb3dPolylineVertex
 10
2974.1
 20
35.0
 30
47.6
 70
32
  0
VERTEX
  5
1280
330
17
100
AcDbEntity
  8
RBAR-T10-H
100
AcDbVertex
100
AcDb3dPolylineVertex
 10
2977.9
 20
35.0
 30
47.3
 70
32
  0
VERTEX
  5
1281
330
17
100
AcDbEntity
  8
RBAR-T10-H
100
AcDbVertex
100
AcDb3dPolylineVertex
 10
3181.8
 20
35.0
 30
47.3
 70
32
  0
VERTEX
  5
1282
330
17
100
AcDbEntity
  8
RBAR-T10-H
100
AcDbVertex
100
AcDb3dPolylineVertex
 10
3185.7
 20
35.0
 30
47.6
 70
32
  0
VERTEX
  5
1283
330
17
100
AcDbEntity
  8
RBAR-T10-H
100
AcDbVertex
100
AcDb3dPolylineVertex
 10
3189.4
 20
35.0
 30
48.8
 70
32
  0
VERTEX
  5
1284
330
17
100
AcDbEntity
  8
RBAR-T10-H
100
AcDbVertex
100
AcDb3dPolylineVertex
 10
3192.8
 20
35.0
 30
50.6
 70
32
  0
VERTEX
  5
1285
330
17
100
AcDbEntity
  8
RBAR-T10-H
100
AcDbVertex
100
AcDb3dPolylineVertex
 10
3195.9
 20
35.0
 30
53.1
 70
32
  0
VERTEX
  5
1286
330
17
100
AcDbEntity
  8
RBAR-T10-H
100
AcDbVertex
100
AcDb3dPolylineVertex
 10
3198.3
 20
35.0
 30
56.1
 70
32
  0
VERTEX
  5
1287
330
17
100
AcDbEntity
  8
RBAR-T10-H
100
AcDbVertex
100
AcDb3dPolylineVertex
 10
3200.2
 20
35.0
 30
59.5
 70
32
  0
VERTEX
  5
1288
330
17
100
AcDbEntity
  8
RBAR-T10-H
100
AcDbVertex
100
AcDb3dPolylineVertex
 10
3201.3
 20
35.0
 30
63.3
 70
32
  0
VERTEX
  5
1289
330
17
100
AcDbEntity
  8
RBAR-T10-H
100
AcDbVertex
100
AcDb3dPolylineVertex
 10
3201.7
 20
35.0
 30
67.1
 70
32
  0
VERTEX
  5
128A
330
17
100
AcDbEntity
  8
RBAR-T10-H
100
AcDbVertex
100
AcDb3dPolylineVertex
 10
3201.7
 20
35.0
 30
405.2
 70
32
  0
SEQEND
  5
1264
330
1263
100
AcDbEntity
  8
RBAR-T10-H
  0
POLYLINE
  5
128B
330
17
100
AcDbEntity
  8
RBAR-T10-H
100
AcDb3dPolyline
 66
1
 10
0.0
 20
0.0
 30
0.0
 70
8
  0
VERTEX
  5
128D
330
17
100
AcDbEntity
  8
RBAR-T10-H
100
AcDbVertex
100
AcDb3dPolylineVertex
 10
2143.5
 20
35.0
 30
1512.2
 70
32
  0
VERTEX
  5
128E
330
17
100
AcDbEntity
  8
RBAR-T10-H
100
AcDbVertex
100
AcDb3dPolylineVertex
 10
2143.5
 20
35.0
 30
1800.6
 70
32
  0
VERTEX
  5
128F
330
17
100
AcDbEntity
  8
RBAR-T10-H
100
AcDbVertex
100
AcDb3dPolylineVertex
 10
2143.1
 20
35.0
 30
1804.5
 70
32
  0
VERTEX
  5
1290
330
17
100
AcDbEntity
  8
RBAR-T10-H
100
AcDbVertex
100
AcDb3dPolylineVertex
 10
2142.0
 20
35.0
 30
1808.2
 70
32
  0
VERTEX
  5
1291
330
17
100
AcDbEntity
  8
RBAR-T10-H
100
AcDbVertex
100
AcDb3dPolylineVertex
 10
2140.2
 20
35.0
 30
1811.7
 70
32
  0
VERTEX
  5
1292
330
17
100
AcDbEntity
  8
RBAR-T10-H
100
AcDbVertex
100
AcDb3dPolylineVertex
 10
2137.7
 20
35.0
 30
1814.7
 70
32
  0
VERTEX
  5
1293
330
17
100
AcDbEntity
  8
RBAR-T10-H
100
AcDbVertex
100
AcDb3dPolylineVertex
 10
2134.7
 20
35.0
 30
1817.1
 70
32
  0
VERTEX
  5
1294
330
17
100
AcDbEntity
  8
RBAR-T10-H
100
AcDbVertex
100
AcDb3dPolylineVertex
 10
2131.2
 20
35.0
 30
1819.0
 70
32
  0
VERTEX
  5
1295
330
17
100
AcDbEntity
  8
RBAR-T10-H
100
AcDbVertex
100
AcDb3dPolylineVertex
 10
2127.5
 20
35.0
 30
1820.1
 70
32
  0
VERTEX
  5
1296
330
17
100
AcDbEntity
  8
RBAR-T10-H
100
AcDbVertex
100
AcDb3dPolylineVertex
 10
2123.6
 20
35.0
 30
1820.5
 70
32
  0
VERTEX
  5
1297
330
17
100
AcDbEntity
  8
RBAR-T10-H
100
AcDbVertex
100
AcDb3dPolylineVertex
 10
1899.9
 20
35.0
 30
1820.5
 70
32
  0
VERTEX
  5
1298
330
17
100
AcDbEntity
  8
RBAR-T10-H
100
AcDbVertex
100
AcDb3dPolylineVertex
 10
1896.0
 20
35.0
 30
1820.1
 70
32
  0
VERTEX
  5
1299
330
17
100
AcDbEntity
  8
RBAR-T10-H
100
AcDbVertex
100
AcDb3dPolylineVertex
 10
1892.3
 20
35.0
 30
1819.0
 70
32
  0
VERTEX
  5
129A
330
17
100
AcDbEntity
  8
RBAR-T10-H
100
AcDbVertex
100
AcDb3dPolylineVertex
 10
1888.8
 20
35.0
 30
1817.1
 70
32
  0
VERTEX
  5
129B
330
17
100
AcDbEntity
  8
RBAR-T10-H
100
AcDbVertex
100
AcDb3dPolylineVertex
 10
1885.8
 20
35.0
 30
1814.7
 70
32
  0
VERTEX
  5
129C
330
17
100
AcDbEntity
  8
RBAR-T10-H
100
AcDbVertex
100
AcDb3dPolylineVertex
 10
1883.4
 20
35.0
 30
1811.7
 70
32
  0
VERTEX
  5
129D
330
17
100
AcDbEntity
  8
RBAR-T10-H
100
AcDbVertex
100
AcDb3dPolylineVertex
 10
1881.5
 20
35.0
 30
1808.2
 70
32
  0
VERTEX
  5
129E
330
17
100
AcDbEntity
  8
RBAR-T10-H
100
AcDbVertex
100
AcDb3dPolylineVertex
 10
1880.4
 20
35.0
 30
1804.5
 70
32
  0
VERTEX
  5
129F
330
17
100
AcDbEntity
  8
RBAR-T10-H
100
AcDbVertex
100
AcDb3dPolylineVertex
 10
1880.0
 20
35.0
 30
1800.6
 70
32
  0
VERTEX
  5
12A0
330
17
100
AcDbEntity
  8
RBAR-T10-H
100
AcDbVertex
100
AcDb3dPolylineVertex
 10
1880.0
 20
35.0
 30
1129.4
 70
32
  0
VERTEX
  5
12A1
330
17
100
AcDbEntity
  8
RBAR-T10-H
100
AcDbVertex
100
AcDb3dPolylineVertex
 10
1880.4
 20
35.0
 30
1125.5
 70
32
  0
VERTEX
  5
12A2
330
17
100
AcDbEntity
  8
RBAR-T10-H
100
AcDbVertex
100
AcDb3dPolylineVertex
 10
1881.5
 20
35.0
 30
1121.8
 70
32
  0
VERTEX
  5
12A3
330
17
100
AcDbEntity
  8
RBAR-T10-H
100
AcDbVertex
100
AcDb3dPolylineVertex
 10
1883.4
 20
35.0
 30
1118.3
 70
32
  0
VERTEX
  5
12A4
330
17
100
AcDbEntity
  8
RBAR-T10-H
100
AcDbVertex
100
AcDb3dPolylineVertex
 10
1885.8
 20
35.0
 30
1115.3
 70
32
  0
VERTEX
  5
12A5
330
17
100
AcDbEntity
  8
RBAR-T10-H
100
AcDbVertex
100
AcDb3dPolylineVertex
 10
1888.8
 20
35.0
 30
1112.9
 70
32
  0
VERTEX
  5
12A6
330
17
100
AcDbEntity
  8
RBAR-T10-H
100
AcDbVertex
100
AcDb3dPolylineVertex
 10
1892.3
 20
35.0
 30
1111.0
 70
32
  0
VERTEX
  5
12A7
330
17
100
AcDbEntity
  8
RBAR-T10-H
100
AcDbVertex
100
AcDb3dPolylineVertex
 10
1896.0
 20
35.0
 30
1109.9
 70
32
  0
VERTEX
  5
12A8
330
17
100
AcDbEntity
  8
RBAR-T10-H
100
AcDbVertex
100
AcDb3dPolylineVertex
 10
1899.9
 20
35.0
 30
1109.5
 70
32
  0
VERTEX
  5
12A9
330
17
100
AcDbEntity
  8
RBAR-T10-H
100
AcDbVertex
100
AcDb3dPolylineVertex
 10
2103.7
 20
35.0
 30
1109.5
 70
32
  0
VERTEX
  5
12AA
330
17
100
AcDbEntity
  8
RBAR-T10-H
100
AcDbVertex
100
AcDb3dPolylineVertex
 10
2107.6
 20
35.0
 30
1109.9
 70
32
  0
VERTEX
  5
12AB
330
17
100
AcDbEntity
  8
RBAR-T10-H
100
AcDbVertex
100
AcDb3dPolylineVertex
 10
2111.3
 20
35.0
 30
1111.0
 70
32
  0
VERTEX
  5
12AC
330
17
100
AcDbEntity
  8
RBAR-T10-H
100
AcDbVertex
100
AcDb3dPolylineVertex
 10
2114.8
 20
35.0
 30
1112.9
 70
32
  0
VERTEX
  5
12AD
330
17
100
AcDbEntity
  8
RBAR-T10-H
100
AcDbVertex
100
AcDb3dPolylineVertex
 10
2117.8
 20
35.0
 30
1115.3
 70
32
  0
VERTEX
  5
12AE
330
17
100
AcDbEntity
  8
RBAR-T10-H
100
AcDbVertex
100
AcDb3dPolylineVertex
 10
2120.3
 20
35.0
 30
1118.3
 70
32
  0
VERTEX
  5
12AF
330
17
100
AcDbEntity
  8
RBAR-T10-H
100
AcDbVertex
100
AcDb3dPolylineVertex
 10
2122.1
 20
35.0
 30
1121.8
 70
32
  0
VERTEX
  5
12B0
330
17
100
AcDbEntity
  8
RBAR-T10-H
100
AcDbVertex
100
AcDb3dPolylineVertex
 10
2123.2
 20
35.0
 30
1125.5
 70
32
  0
VERTEX
  5
12B1
330
17
100
AcDbEntity
  8
RBAR-T10-H
100
AcDbVertex
100
AcDb3dPolylineVertex
 10
2123.6
 20
35.0
 30
1129.4
 70
32
  0
VERTEX
  5
12B2
330
17
100
AcDbEntity
  8
RBAR-T10-H
100
AcDbVertex
100
AcDb3dPolylineVertex
 10
2123.6
 20
35.0
 30
1467.5
 70
32
  0
SEQEND
  5
128C
330
128B
100
AcDbEntity
  8
RBAR-T10-H
  0
POLYLINE
  5
12B3
330
17
100
AcDbEntity
  8
RBAR-T10-H
100
AcDb3dPolyline
 66
1
 10
0.0
 20
0.0
 30
0.0
 70
8
  0
VERTEX
  5
12B5
330
17
100
AcDbEntity
  8
RBAR-T10-H
100
AcDbVertex
100
AcDb3dPolylineVertex
 10
2143.5
 20
35.0
 30
2586.7
 70
32
  0
VERTEX
  5
12B6
330
17
100
AcDbEntity
  8
RBAR-T10-H
100
AcDbVertex
100
AcDb3dPolylineVertex
 10
2143.5
 20
35.0
 30
2875.1
 70
32
  0
VERTEX
  5
12B7
330
17
100
AcDbEntity
  8
RBAR-T10-H
100
AcDbVertex
100
AcDb3dPolylineVertex
 10
2143.1
 20
35.0
 30
2879.0
 70
32
  0
VERTEX
  5
12B8
330
17
100
AcDbEntity
  8
RBAR-T10-H
100
AcDbVertex
100
AcDb3dPolylineVertex
 10
2142.0
 20
35.0
 30
2882.7
 70
32
  0
VERTEX
  5
12B9
330
17
100
AcDbEntity
  8
RBAR-T10-H
100
AcDbVertex
100
AcDb3dPolylineVertex
 10
2140.2
 20
35.0
 30
2886.2
 70
32
  0
VERTEX
  5
12BA
330
17
100
AcDbEntity
  8
RBAR-T10-H
100
AcDbVertex
100
AcDb3dPolylineVertex
 10
2137.7
 20
35.0
 30
2889.2
 70
32
  0
VERTEX
  5
12BB
330
17
100
AcDbEntity
  8
RBAR-T10-H
100
AcDbVertex
100
AcDb3dPolylineVertex
 10
2134.7
 20
35.0
 30
2891.6
 70
32
  0
VERTEX
  5
12BC
330
17
100
AcDbEntity
  8
RBAR-T10-H
100
AcDbVertex
100
AcDb3dPolylineVertex
 10
2131.2
 20
35.0
 30
2893.5
 70
32
  0
VERTEX
  5
12BD
330
17
100
AcDbEntity
  8
RBAR-T10-H
100
AcDbVertex
100
AcDb3dPolylineVertex
 10
2127.5
 20
35.0
 30
2894.6
 70
32
  0
VERTEX
  5
12BE
330
17
100
AcDbEntity
  8
RBAR-T10-H
100
AcDbVertex
100
AcDb3dPolylineVertex
 10
2123.6
 20
35.0
 30
2895.0
 70
32
  0
VERTEX
  5
12BF
330
17
100
AcDbEntity
  8
RBAR-T10-H
100
AcDbVertex
100
AcDb3dPolylineVertex
 10
1899.9
 20
35.0
 30
2895.0
 70
32
  0
VERTEX
  5
12C0
330
17
100
AcDbEntity
  8
RBAR-T10-H
100
AcDbVertex
100
AcDb3dPolylineVertex
 10
1896.0
 20
35.0
 30
2894.6
 70
32
  0
VERTEX
  5
12C1
330
17
100
AcDbEntity
  8
RBAR-T10-H
100
AcDbVertex
100
AcDb3dPolylineVertex
 10
1892.3
 20
35.0
 30
2893.5
 70
32
  0
VERTEX
  5
12C2
330
17
100
AcDbEntity
  8
RBAR-T10-H
100
AcDbVertex
100
AcDb3dPolylineVertex
 10
1888.8
 20
35.0
 30
2891.6
 70
32
  0
VERTEX
  5
12C3
330
17
100
AcDbEntity
  8
RBAR-T10-H
100
AcDbVertex
100
AcDb3dPolylineVertex
 10
1885.8
 20
35.0
 30
2889.2
 70
32
  0
VERTEX
  5
12C4
330
17
100
AcDbEntity
  8
RBAR-T10-H
100
AcDbVertex
100
AcDb3dPolylineVertex
 10
1883.4
 20
35.0
 30
2886.2
 70
32
  0
VERTEX
  5
12C5
330
17
100
AcDbEntity
  8
RBAR-T10-H
100
AcDbVertex
100
AcDb3dPolylineVertex
 10
1881.5
 20
35.0
 30
2882.7
 70
32
  0
VERTEX
  5
12C6
330
17
100
AcDbEntity
  8
RBAR-T10-H
100
AcDbVertex
100
AcDb3dPolylineVertex
 10
1880.4
 20
35.0
 30
2879.0
 70
32
  0
VERTEX
  5
12C7
330
17
100
AcDbEntity
  8
RBAR-T10-H
100
AcDbVertex
100
AcDb3dPolylineVertex
 10
1880.0
 20
35.0
 30
2875.1
 70
32
  0
VERTEX
  5
12C8
330
17
100
AcDbEntity
  8
RBAR-T10-H
100
AcDbVertex
100
AcDb3dPolylineVertex
 10
1880.0
 20
35.0
 30
2203.9
 70
32
  0
VERTEX
  5
12C9
330
17
100
AcDbEntity
  8
RBAR-T10-H
100
AcDbVertex
100
AcDb3dPolylineVertex
 10
1880.4
 20
35.0
 30
2200.0
 70
32
  0
VERTEX
  5
12CA
330
17
100
AcDbEntity
  8
RBAR-T10-H
100
AcDbVertex
100
AcDb3dPolylineVertex
 10
1881.5
 20
35.0
 30
2196.3
 70
32
  0
VERTEX
  5
12CB
330
17
100
AcDbEntity
  8
RBAR-T10-H
100
AcDbVertex
100
AcDb3dPolylineVertex
 10
1883.4
 20
35.0
 30
2192.9
 70
32
  0
VERTEX
  5
12CC
330
17
100
AcDbEntity
  8
RBAR-T10-H
100
AcDbVertex
100
AcDb3dPolylineVertex
 10
1885.8
 20
35.0
 30
2189.8
 70
32
  0
VERTEX
  5
12CD
330
17
100
AcDbEntity
  8
RBAR-T10-H
100
AcDbVertex
100
AcDb3dPolylineVertex
 10
1888.8
 20
35.0
 30
2187.4
 70
32
  0
VERTEX
  5
12CE
330
17
100
AcDbEntity
  8
RBAR-T10-H
100
AcDbVertex
100
AcDb3dPolylineVertex
 10
1892.3
 20
35.0
 30
2185.5
 70
32
  0
VERTEX
  5
12CF
330
17
100
AcDbEntity
  8
RBAR-T10-H
100
AcDbVertex
100
AcDb3dPolylineVertex
 10
1896.0
 20
35.0
 30
2184.4
 70
32
  0
VERTEX
  5
12D0
330
17
100
AcDbEntity
  8
RBAR-T10-H
100
AcDbVertex
100
AcDb3dPolylineVertex
 10
1899.9
 20
35.0
 30
2184.0
 70
32
  0
VERTEX
  5
12D1
330
17
100
AcDbEntity
  8
RBAR-T10-H
100
AcDbVertex
100
AcDb3dPolylineVertex
 10
2103.7
 20
35.0
 30
2184.0
 70
32
  0
VERTEX
  5
12D2
330
17
100
AcDbEntity
  8
RBAR-T10-H
100
AcDbVertex
100
AcDb3dPolylineVertex
 10
2107.6
 20
35.0
 30
2184.4
 70
32
  0
VERTEX
  5
12D3
330
17
100
AcDbEntity
  8
RBAR-T10-H
100
AcDbVertex
100
AcDb3dPolylineVertex
 10
2111.3
 20
35.0
 30
2185.5
 70
32
  0
VERTEX
  5
12D4
330
17
100
AcDbEntity
  8
RBAR-T10-H
100
AcDbVertex
100
AcDb3dPolylineVertex
 10
2114.8
 20
35.0
 30
2187.4
 70
32
  0
VERTEX
  5
12D5
330
17
100
AcDbEntity
  8
RBAR-T10-H
100
AcDbVertex
100
AcDb3dPolylineVertex
 10
2117.8
 20
35.0
 30
2189.8
 70
32
  0
VERTEX
  5
12D6
330
17
100
AcDbEntity
  8
RBAR-T10-H
100
AcDbVertex
100
AcDb3dPolylineVertex
 10
2120.3
 20
35.0
 30
2192.9
 70
32
  0
VERTEX
  5
12D7
330
17
100
AcDbEntity
  8
RBAR-T10-H
100
AcDbVertex
100
AcDb3dPolylineVertex
 10
2122.1
 20
35.0
 30
2196.3
 70
32
  0
VERTEX
  5
12D8
330
17
100
AcDbEntity
  8
RBAR-T10-H
100
AcDbVertex
100
AcDb3dPolylineVertex
 10
2123.2
 20
35.0
 30
2200.0
 70
32
  0
VERTEX
  5
12D9
330
17
100
AcDbEntity
  8
RBAR-T10-H
100
AcDbVertex
100
AcDb3dPolylineVertex
 10
2123.6
 20
35.0
 30
2203.9
 70
32
  0
VERTEX
  5
12DA
330
17
100
AcDbEntity
  8
RBAR-T10-H
100
AcDbVertex
100
AcDb3dPolylineVertex
 10
2123.6
 20
35.0
 30
2542.0
 70
32
  0
SEQEND
  5
12B4
330
12B3
100
AcDbEntity
  8
RBAR-T10-H
  0
POLYLINE
  5
12DC
330
17
100
AcDbEntity
  8
RBAR-T8-G
100
AcDb3dPolyline
 66
1
 10
0.0
 20
0.0
 30
0.0
 70
8
  0
VERTEX
  5
12DE
330
17
100
AcDbEntity
  8
RBAR-T8-G
100
AcDbVertex
100
AcDb3dPolylineVertex
 10
2283.7
 20
34.0
 30
2423.0
 70
32
  0
VERTEX
  5
12DF
330
17
100
AcDbEntity
  8
RBAR-T8-G
100
AcDbVertex
100
AcDb3dPolylineVertex
 10
2283.7
 20
34.0
 30
2494.6
 70
32
  0
VERTEX
  5
12E0
330
17
100
AcDbEntity
  8
RBAR-T8-G
100
AcDbVertex
100
AcDb3dPolylineVertex
 10
2283.4
 20
34.0
 30
2497.8
 70
32
  0
VERTEX
  5
12E1
330
17
100
AcDbEntity
  8
RBAR-T8-G
100
AcDbVertex
100
AcDb3dPolylineVertex
 10
2282.5
 20
34.0
 30
2500.9
 70
32
  0
VERTEX
  5
12E2
330
17
100
AcDbEntity
  8
RBAR-T8-G
100
AcDbVertex
100
AcDb3dPolylineVertex
 10
2281.0
 20
34.0
 30
2503.7
 70
32
  0
VERTEX
  5
12E3
330
17
100
AcDbEntity
  8
RBAR-T8-G
100
AcDbVertex
100
AcDb3dPolylineVertex
 10
2278.9
 20
34.0
 30
2506.2
 70
32
  0
VERTEX
  5
12E4
330
17
100
AcDbEntity
  8
RBAR-T8-G
100
AcDbVertex
100
AcDb3dPolylineVertex
 10
2276.5
 20
34.0
 30
2508.2
 70
32
  0
VERTEX
  5
12E5
330
17
100
AcDbEntity
  8
RBAR-T8-G
100
AcDbVertex
100
AcDb3dPolylineVertex
 10
2273.6
 20
34.0
 30
2509.7
 70
32
  0
VERTEX
  5
12E6
330
17
100
AcDbEntity
  8
RBAR-T8-G
100
AcDbVertex
100
AcDb3dPolylineVertex
 10
2270.6
 20
34.0
 30
2510.7
 70
32
  0
VERTEX
  5
12E7
330
17
100
AcDbEntity
  8
RBAR-T8-G
100
AcDbVertex
100
AcDb3dPolylineVertex
 10
2267.4
 20
34.0
 30
2511.0
 70
32
  0
VERTEX
  5
12E8
330
17
100
AcDbEntity
  8
RBAR-T8-G
100
AcDbVertex
100
AcDb3dPolylineVertex
 10
2134.4
 20
34.0
 30
2511.0
 70
32
  0
VERTEX
  5
12E9
330
17
100
AcDbEntity
  8
RBAR-T8-G
100
AcDbVertex
100
AcDb3dPolylineVertex
 10
2131.2
 20
34.0
 30
2510.7
 70
32
  0
VERTEX
  5
12EA
330
17
100
AcDbEntity
  8
RBAR-T8-G
100
AcDbVertex
100
AcDb3dPolylineVertex
 10
2128.1
 20
34.0
 30
2509.7
 70
32
  0
VERTEX
  5
12EB
330
17
100
AcDbEntity
  8
RBAR-T8-G
100
AcDbVertex
100
AcDb3dPolylineVertex
 10
2125.3
 20
34.0
 30
2508.2
 70
32
  0
VERTEX
  5
12EC
330
17
100
AcDbEntity
  8
RBAR-T8-G
100
AcDbVertex
100
AcDb3dPolylineVertex
 10
2122.8
 20
34.0
 30
2506.2
 70
32
  0
VERTEX
  5
12ED
330
17
100
AcDbEntity
  8
RBAR-T8-G
100
AcDbVertex
100
AcDb3dPolylineVertex
 10
2120.8
 20
34.0
 30
2503.7
 70
32
  0
VERTEX
  5
12EE
330
17
100
AcDbEntity
  8
RBAR-T8-G
100
AcDbVertex
100
AcDb3dPolylineVertex
 10
2119.3
 20
34.0
 30
2500.9
 70
32
  0
VERTEX
  5
12EF
330
17
100
AcDbEntity
  8
RBAR-T8-G
100
AcDbVertex
100
AcDb3dPolylineVertex
 10
2118.3
 20
34.0
 30
2497.8
 70
32
  0
VERTEX
  5
12F0
330
17
100
AcDbEntity
  8
RBAR-T8-G
100
AcDbVertex
100
AcDb3dPolylineVertex
 10
2118.0
 20
34.0
 30
2494.6
 70
32
  0
VERTEX
  5
12F1
330
17
100
AcDbEntity
  8
RBAR-T8-G
100
AcDbVertex
100
AcDb3dPolylineVertex
 10
2118.0
 20
34.0
 30
2126.4
 70
32
  0
VERTEX
  5
12F2
330
17
100
AcDbEntity
  8
RBAR-T8-G
100
AcDbVertex
100
AcDb3dPolylineVertex
 10
2118.3
 20
34.0
 30
2123.2
 70
32
  0
VERTEX
  5
12F3
330
17
100
AcDbEntity
  8
RBAR-T8-G
100
AcDbVertex
100
AcDb3dPolylineVertex
 10
2119.3
 20
34.0
 30
2120.1
 70
32
  0
VERTEX
  5
12F4
330
17
100
AcDbEntity
  8
RBAR-T8-G
100
AcDbVertex
100
AcDb3dPolylineVertex
 10
2120.8
 20
34.0
 30
2117.3
 70
32
  0
VERTEX
  5
12F5
330
17
100
AcDbEntity
  8
RBAR-T8-G
100
AcDbVertex
100
AcDb3dPolylineVertex
 10
2122.8
 20
34.0
 30
2114.8
 70
32
  0
VERTEX
  5
12F6
330
17
100
AcDbEntity
  8
RBAR-T8-G
100
AcDbVertex
100
AcDb3dPolylineVertex
 10
2125.3
 20
34.0
 30
2112.8
 70
32
  0
VERTEX
  5
12F7
330
17
100
AcDbEntity
  8
RBAR-T8-G
100
AcDbVertex
100
AcDb3dPolylineVertex
 10
2128.1
 20
34.0
 30
2111.2
 70
32
  0
VERTEX
  5
12F8
330
17
100
AcDbEntity
  8
RBAR-T8-G
100
AcDbVertex
100
AcDb3dPolylineVertex
 10
2131.2
 20
34.0
 30
2110.3
 70
32
  0
VERTEX
  5
12F9
330
17
100
AcDbEntity
  8
RBAR-T8-G
100
AcDbVertex
100
AcDb3dPolylineVertex
 10
2134.4
 20
34.0
 30
2110.0
 70
32
  0
VERTEX
  5
12FA
330
17
100
AcDbEntity
  8
RBAR-T8-G
100
AcDbVertex
100
AcDb3dPolylineVertex
 10
2241.8
 20
34.0
 30
2110.0
 70
32
  0
VERTEX
  5
12FB
330
17
100
AcDbEntity
  8
RBAR-T8-G
100
AcDbVertex
100
AcDb3dPolylineVertex
 10
2245.0
 20
34.0
 30
2110.3
 70
32
  0
VERTEX
  5
12FC
330
17
100
AcDbEntity
  8
RBAR-T8-G
100
AcDbVertex
100
AcDb3dPolylineVertex
 10
2248.1
 20
34.0
 30
2111.2
 70
32
  0
VERTEX
  5
12FD
330
17
100
AcDbEntity
  8
RBAR-T8-G
100
AcDbVertex
100
AcDb3dPolylineVertex
 10
2250.9
 20
34.0
 30
2112.8
 70
32
  0
VERTEX
  5
12FE
330
17
100
AcDbEntity
  8
RBAR-T8-G
100
AcDbVertex
100
AcDb3dPolylineVertex
 10
2253.4
 20
34.0
 30
2114.8
 70
32
  0
VERTEX
  5
12FF
330
17
100
AcDbEntity
  8
RBAR-T8-G
100
AcDbVertex
100
AcDb3dPolylineVertex
 10
2255.4
 20
34.0
 30
2117.3
 70
32
  0
VERTEX
  5
1300
330
17
100
AcDbEntity
  8
RBAR-T8-G
100
AcDbVertex
100
AcDb3dPolylineVertex
 10
2256.9
 20
34.0
 30
2120.1
 70
32
  0
VERTEX
  5
1301
330
17
100
AcDbEntity
  8
RBAR-T8-G
100
AcDbVertex
100
AcDb3dPolylineVertex
 10
2257.9
 20
34.0
 30
2123.2
 70
32
  0
VERTEX
  5
1302
330
17
100
AcDbEntity
  8
RBAR-T8-G
100
AcDbVertex
100
AcDb3dPolylineVertex
 10
2258.2
 20
34.0
 30
2126.4
 70
32
  0
VERTEX
  5
1303
330
17
100
AcDbEntity
  8
RBAR-T8-G
100
AcDbVertex
100
AcDb3dPolylineVertex
 10
2258.2
 20
34.0
 30
2443.5
 70
32
  0
SEQEND
  5
12DD
330
12DC
100
AcDbEntity
  8
RBAR-T8-G
  0
POLYLINE
  5
1304
330
17
100
AcDbEntity
  8
RBAR-T8-G
100
AcDb3dPolyline
 66
1
 10
0.0
 20
0.0
 30
0.0
 70
8
  0
VERTEX
  5
1306
330
17
100
AcDbEntity
  8
RBAR-T8-G
100
AcDbVertex
100
AcDb3dPolylineVertex
 10
870.7
 20
34.0
 30
347.0
 70
32
  0
VERTEX
  5
1307
330
17
100
AcDbEntity
  8
RBAR-T8-G
100
AcDbVertex
100
AcDb3dPolylineVertex
 10
870.7
 20
34.0
 30
418.6
 70
32
  0
VERTEX
  5
1308
330
17
100
AcDbEntity
  8
RBAR-T8-G
100
AcDbVertex
100
AcDb3dPolylineVertex
 10
870.4
 20
34.0
 30
421.8
 70
32
  0
VERTEX
  5
1309
330
17
100
AcDbEntity
  8
RBAR-T8-G
100
AcDbVertex
100
AcDb3dPolylineVertex
 10
869.5
 20
34.0
 30
424.9
 70
32
  0
VERTEX
  5
130A
330
17
100
AcDbEntity
  8
RBAR-T8-G
100
AcDbVertex
100
AcDb3dPolylineVertex
 10
868.0
 20
34.0
 30
427.7
 70
32
  0
VERTEX
  5
130B
330
17
100
AcDbEntity
  8
RBAR-T8-G
100
AcDbVertex
100
AcDb3dPolylineVertex
 10
865.9
 20
34.0
 30
430.2
 70
32
  0
VERTEX
  5
130C
330
17
100
AcDbEntity
  8
RBAR-T8-G
100
AcDbVertex
100
AcDb3dPolylineVertex
 10
863.4
 20
34.0
 30
432.2
 70
32
  0
VERTEX
  5
130D
330
17
100
AcDbEntity
  8
RBAR-T8-G
100
AcDbVertex
100
AcDb3dPolylineVertex
 10
860.6
 20
34.0
 30
433.7
 70
32
  0
VERTEX
  5
130E
330
17
100
AcDbEntity
  8
RBAR-T8-G
100
AcDbVertex
100
AcDb3dPolylineVertex
 10
857.5
 20
34.0
 30
434.7
 70
32
  0
VERTEX
  5
130F
330
17
100
AcDbEntity
  8
RBAR-T8-G
100
AcDbVertex
100
AcDb3dPolylineVertex
 10
854.3
 20
34.0
 30
435.0
 70
32
  0
VERTEX
  5
1310
330
17
100
AcDbEntity
  8
RBAR-T8-G
100
AcDbVertex
100
AcDb3dPolylineVertex
 10
721.4
 20
34.0
 30
435.0
 70
32
  0
VERTEX
  5
1311
330
17
100
AcDbEntity
  8
RBAR-T8-G
100
AcDbVertex
100
AcDb3dPolylineVertex
 10
718.2
 20
34.0
 30
434.7
 70
32
  0
VERTEX
  5
1312
330
17
100
AcDbEntity
  8
RBAR-T8-G
100
AcDbVertex
100
AcDb3dPolylineVertex
 10
715.1
 20
34.0
 30
433.7
 70
32
  0
VERTEX
  5
1313
330
17
100
AcDbEntity
  8
RBAR-T8-G
100
AcDbVertex
100
AcDb3dPolylineVertex
 10
712.3
 20
34.0
 30
432.2
 70
32
  0
VERTEX
  5
1314
330
17
100
AcDbEntity
  8
RBAR-T8-G
100
AcDbVertex
100
AcDb3dPolylineVertex
 10
709.8
 20
34.0
 30
430.2
 70
32
  0
VERTEX
  5
1315
330
17
100
AcDbEntity
  8
RBAR-T8-G
100
AcDbVertex
100
AcDb3dPolylineVertex
 10
707.8
 20
34.0
 30
427.7
 70
32
  0
VERTEX
  5
1316
330
17
100
AcDbEntity
  8
RBAR-T8-G
100
AcDbVertex
100
AcDb3dPolylineVertex
 10
706.2
 20
34.0
 30
424.9
 70
32
  0
VERTEX
  5
1317
330
17
100
AcDbEntity
  8
RBAR-T8-G
100
AcDbVertex
100
AcDb3dPolylineVertex
 10
705.3
 20
34.0
 30
421.8
 70
32
  0
VERTEX
  5
1318
330
17
100
AcDbEntity
  8
RBAR-T8-G
100
AcDbVertex
100
AcDb3dPolylineVertex
 10
705.0
 20
34.0
 30
418.6
 70
32
  0
VERTEX
  5
1319
330
17
100
AcDbEntity
  8
RBAR-T8-G
100
AcDbVertex
100
AcDb3dPolylineVertex
 10
705.0
 20
34.0
 30
50.4
 70
32
  0
VERTEX
  5
131A
330
17
100
AcDbEntity
  8
RBAR-T8-G
100
AcDbVertex
100
AcDb3dPolylineVertex
 10
705.3
 20
34.0
 30
47.2
 70
32
  0
VERTEX
  5
131B
330
17
100
AcDbEntity
  8
RBAR-T8-G
100
AcDbVertex
100
AcDb3dPolylineVertex
 10
706.2
 20
34.0
 30
44.1
 70
32
  0
VERTEX
  5
131C
330
17
100
AcDbEntity
  8
RBAR-T8-G
100
AcDbVertex
100
AcDb3dPolylineVertex
 10
707.8
 20
34.0
 30
41.3
 70
32
  0
VERTEX
  5
131D
330
17
100
AcDbEntity
  8
RBAR-T8-G
100
AcDbVertex
100
AcDb3dPolylineVertex
 10
709.8
 20
34.0
 30
38.8
 70
32
  0
VERTEX
  5
131E
330
17
100
AcDbEntity
  8
RBAR-T8-G
100
AcDbVertex
100
AcDb3dPolylineVertex
 10
712.3
 20
34.0
 30
36.8
 70
32
  0
VERTEX
  5
131F
330
17
100
AcDbEntity
  8
RBAR-T8-G
100
AcDbVertex
100
AcDb3dPolylineVertex
 10
715.1
 20
34.0
 30
35.2
 70
32
  0
VERTEX
  5
1320
330
17
100
AcDbEntity
  8
RBAR-T8-G
100
AcDbVertex
100
AcDb3dPolylineVertex
 10
718.2
 20
34.0
 30
34.3
 70
32
  0
VERTEX
  5
1321
330
17
100
AcDbEntity
  8
RBAR-T8-G
100
AcDbVertex
100
AcDb3dPolylineVertex
 10
721.4
 20
34.0
 30
34.0
 70
32
  0
VERTEX
  5
1322
330
17
100
AcDbEntity
  8
RBAR-T8-G
100
AcDbVertex
100
AcDb3dPolylineVertex
 10
828.8
 20
34.0
 30
34.0
 70
32
  0
VERTEX
  5
1323
330
17
100
AcDbEntity
  8
RBAR-T8-G
100
AcDbVertex
100
AcDb3dPolylineVertex
 10
832.0
 20
34.0
 30
34.3
 70
32
  0
VERTEX
  5
1324
330
17
100
AcDbEntity
  8
RBAR-T8-G
100
AcDbVertex
100
AcDb3dPolylineVertex
 10
835.0
 20
34.0
 30
35.2
 70
32
  0
VERTEX
  5
1325
330
17
100
AcDbEntity
  8
RBAR-T8-G
100
AcDbVertex
100
AcDb3dPolylineVertex
 10
837.9
 20
34.0
 30
36.8
 70
32
  0
VERTEX
  5
1326
330
17
100
AcDbEntity
  8
RBAR-T8-G
100
AcDbVertex
100
AcDb3dPolylineVertex
 10
840.3
 20
34.0
 30
38.8
 70
32
  0
VERTEX
  5
1327
330
17
100
AcDbEntity
  8
RBAR-T8-G
100
AcDbVertex
100
AcDb3dPolylineVertex
 10
842.4
 20
34.0
 30
41.3
 70
32
  0
VERTEX
  5
1328
330
17
100
AcDbEntity
  8
RBAR-T8-G
100
AcDbVertex
100
AcDb3dPolylineVertex
 10
843.9
 20
34.0
 30
44.1
 70
32
  0
VERTEX
  5
1329
330
17
100
AcDbEntity
  8
RBAR-T8-G
100
AcDbVertex
100
AcDb3dPolylineVertex
 10
844.8
 20
34.0
 30
47.2
 70
32
  0
VERTEX
  5
132A
330
17
100
AcDbEntity
  8
RBAR-T8-G
100
AcDbVertex
100
AcDb3dPolylineVertex
 10
845.1
 20
34.0
 30
50.4
 70
32
  0
VERTEX
  5
132B
330
17
100
AcDbEntity
  8
RBAR-T8-G
100
AcDbVertex
100
AcDb3dPolylineVertex
 10
845.1
 20
34.0
 30
367.5
 70
32
  0
SEQEND
  5
1305
330
1304
100
AcDbEntity
  8
RBAR-T8-G
  0
POLYLINE
  5
132C
330
17
100
AcDbEntity
  8
RBAR-T8-G
100
AcDb3dPolyline
 66
1
 10
0.0
 20
0.0
 30
0.0
 70
8
  0
VERTEX
  5
132E
330
17
100
AcDbEntity
  8
RBAR-T8-G
100
AcDbVertex
100
AcDb3dPolylineVertex
 10
1340.7
 20
34.0
 30
347.0
 70
32
  0
VERTEX
  5
132F
330
17
100
AcDbEntity
  8
RBAR-T8-G
100
AcDbVertex
100
AcDb3dPolylineVertex
 10
1340.7
 20
34.0
 30
418.6
 70
32
  0
VERTEX
  5
1330
330
17
100
AcDbEntity
  8
RBAR-T8-G
100
AcDbVertex
100
AcDb3dPolylineVertex
 10
1340.4
 20
34.0
 30
421.8
 70
32
  0
VERTEX
  5
1331
330
17
100
AcDbEntity
  8
RBAR-T8-G
100
AcDbVertex
100
AcDb3dPolylineVertex
 10
1339.5
 20
34.0
 30
424.9
 70
32
  0
VERTEX
  5
1332
330
17
100
AcDbEntity
  8
RBAR-T8-G
100
AcDbVertex
100
AcDb3dPolylineVertex
 10
1338.0
 20
34.0
 30
427.7
 70
32
  0
VERTEX
  5
1333
330
17
100
AcDbEntity
  8
RBAR-T8-G
100
AcDbVertex
100
AcDb3dPolylineVertex
 10
1335.9
 20
34.0
 30
430.2
 70
32
  0
VERTEX
  5
1334
330
17
100
AcDbEntity
  8
RBAR-T8-G
100
AcDbVertex
100
AcDb3dPolylineVertex
 10
1333.4
 20
34.0
 30
432.2
 70
32
  0
VERTEX
  5
1335
330
17
100
AcDbEntity
  8
RBAR-T8-G
100
AcDbVertex
100
AcDb3dPolylineVertex
 10
1330.6
 20
34.0
 30
433.7
 70
32
  0
VERTEX
  5
1336
330
17
100
AcDbEntity
  8
RBAR-T8-G
100
AcDbVertex
100
AcDb3dPolylineVertex
 10
1327.5
 20
34.0
 30
434.7
 70
32
  0
VERTEX
  5
1337
330
17
100
AcDbEntity
  8
RBAR-T8-G
100
AcDbVertex
100
AcDb3dPolylineVertex
 10
1324.3
 20
34.0
 30
435.0
 70
32
  0
VERTEX
  5
1338
330
17
100
AcDbEntity
  8
RBAR-T8-G
100
AcDbVertex
100
AcDb3dPolylineVertex
 10
1191.4
 20
34.0
 30
435.0
 70
32
  0
VERTEX
  5
1339
330
17
100
AcDbEntity
  8
RBAR-T8-G
100
AcDbVertex
100
AcDb3dPolylineVertex
 10
1188.2
 20
34.0
 30
434.7
 70
32
  0
VERTEX
  5
133A
330
17
100
AcDbEntity
  8
RBAR-T8-G
100
AcDbVertex
100
AcDb3dPolylineVertex
 10
1185.1
 20
34.0
 30
433.7
 70
32
  0
VERTEX
  5
133B
330
17
100
AcDbEntity
  8
RBAR-T8-G
100
AcDbVertex
100
AcDb3dPolylineVertex
 10
1182.3
 20
34.0
 30
432.2
 70
32
  0
VERTEX
  5
133C
330
17
100
AcDbEntity
  8
RBAR-T8-G
100
AcDbVertex
100
AcDb3dPolylineVertex
 10
1179.8
 20
34.0
 30
430.2
 70
32
  0
VERTEX
  5
133D
330
17
100
AcDbEntity
  8
RBAR-T8-G
100
AcDbVertex
100
AcDb3dPolylineVertex
 10
1177.8
 20
34.0
 30
427.7
 70
32
  0
VERTEX
  5
133E
330
17
100
AcDbEntity
  8
RBAR-T8-G
100
AcDbVertex
100
AcDb3dPolylineVertex
 10
1176.2
 20
34.0
 30
424.9
 70
32
  0
VERTEX
  5
133F
330
17
100
AcDbEntity
  8
RBAR-T8-G
100
AcDbVertex
100
AcDb3dPolylineVertex
 10
1175.3
 20
34.0
 30
421.8
 70
32
  0
VERTEX
  5
1340
330
17
100
AcDbEntity
  8
RBAR-T8-G
100
AcDbVertex
100
AcDb3dPolylineVertex
 10
1175.0
 20
34.0
 30
418.6
 70
32
  0
VERTEX
  5
1341
330
17
100
AcDbEntity
  8
RBAR-T8-G
100
AcDbVertex
100
AcDb3dPolylineVertex
 10
1175.0
 20
34.0
 30
50.4
 70
32
  0
VERTEX
  5
1342
330
17
100
AcDbEntity
  8
RBAR-T8-G
100
AcDbVertex
100
AcDb3dPolylineVertex
 10
1175.3
 20
34.0
 30
47.2
 70
32
  0
VERTEX
  5
1343
330
17
100
AcDbEntity
  8
RBAR-T8-G
100
AcDbVertex
100
AcDb3dPolylineVertex
 10
1176.2
 20
34.0
 30
44.1
 70
32
  0
VERTEX
  5
1344
330
17
100
AcDbEntity
  8
RBAR-T8-G
100
AcDbVertex
100
AcDb3dPolylineVertex
 10
1177.8
 20
34.0
 30
41.3
 70
32
  0
VERTEX
  5
1345
330
17
100
AcDbEntity
  8
RBAR-T8-G
100
AcDbVertex
100
AcDb3dPolylineVertex
 10
1179.8
 20
34.0
 30
38.8
 70
32
  0
VERTEX
  5
1346
330
17
100
AcDbEntity
  8
RBAR-T8-G
100
AcDbVertex
100
AcDb3dPolylineVertex
 10
1182.3
 20
34.0
 30
36.8
 70
32
  0
VERTEX
  5
1347
330
17
100
AcDbEntity
  8
RBAR-T8-G
100
AcDbVertex
100
AcDb3dPolylineVertex
 10
1185.1
 20
34.0
 30
35.2
 70
32
  0
VERTEX
  5
1348
330
17
100
AcDbEntity
  8
RBAR-T8-G
100
AcDbVertex
100
AcDb3dPolylineVertex
 10
1188.2
 20
34.0
 30
34.3
 70
32
  0
VERTEX
  5
1349
330
17
100
AcDbEntity
  8
RBAR-T8-G
100
AcDbVertex
100
AcDb3dPolylineVertex
 10
1191.4
 20
34.0
 30
34.0
 70
32
  0
VERTEX
  5
134A
330
17
100
AcDbEntity
  8
RBAR-T8-G
100
AcDbVertex
100
AcDb3dPolylineVertex
 10
1298.8
 20
34.0
 30
34.0
 70
32
  0
VERTEX
  5
134B
330
17
100
AcDbEntity
  8
RBAR-T8-G
100
AcDbVertex
100
AcDb3dPolylineVertex
 10
1302.0
 20
34.0
 30
34.3
 70
32
  0
VERTEX
  5
134C
330
17
100
AcDbEntity
  8
RBAR-T8-G
100
AcDbVertex
100
AcDb3dPolylineVertex
 10
1305.0
 20
34.0
 30
35.2
 70
32
  0
VERTEX
  5
134D
330
17
100
AcDbEntity
  8
RBAR-T8-G
100
AcDbVertex
100
AcDb3dPolylineVertex
 10
1307.9
 20
34.0
 30
36.8
 70
32
  0
VERTEX
  5
134E
330
17
100
AcDbEntity
  8
RBAR-T8-G
100
AcDbVertex
100
AcDb3dPolylineVertex
 10
1310.3
 20
34.0
 30
38.8
 70
32
  0
VERTEX
  5
134F
330
17
100
AcDbEntity
  8
RBAR-T8-G
100
AcDbVertex
100
AcDb3dPolylineVertex
 10
1312.4
 20
34.0
 30
41.3
 70
32
  0
VERTEX
  5
1350
330
17
100
AcDbEntity
  8
RBAR-T8-G
100
AcDbVertex
100
AcDb3dPolylineVertex
 10
1313.9
 20
34.0
 30
44.1
 70
32
  0
VERTEX
  5
1351
330
17
100
AcDbEntity
  8
RBAR-T8-G
100
AcDbVertex
100
AcDb3dPolylineVertex
 10
1314.8
 20
34.0
 30
47.2
 70
32
  0
VERTEX
  5
1352
330
17
100
AcDbEntity
  8
RBAR-T8-G
100
AcDbVertex
100
AcDb3dPolylineVertex
 10
1315.1
 20
34.0
 30
50.4
 70
32
  0
VERTEX
  5
1353
330
17
100
AcDbEntity
  8
RBAR-T8-G
100
AcDbVertex
100
AcDb3dPolylineVertex
 10
1315.1
 20
34.0
 30
367.5
 70
32
  0
SEQEND
  5
132D
330
132C
100
AcDbEntity
  8
RBAR-T8-G
  0
POLYLINE
  5
1354
330
17
100
AcDbEntity
  8
RBAR-T8-G
100
AcDb3dPolyline
 66
1
 10
0.0
 20
0.0
 30
0.0
 70
8
  0
VERTEX
  5
1356
330
17
100
AcDbEntity
  8
RBAR-T8-G
100
AcDbVertex
100
AcDb3dPolylineVertex
 10
1810.7
 20
34.0
 30
347.0
 70
32
  0
VERTEX
  5
1357
330
17
100
AcDbEntity
  8
RBAR-T8-G
100
AcDbVertex
100
AcDb3dPolylineVertex
 10
1810.7
 20
34.0
 30
418.6
 70
32
  0
VERTEX
  5
1358
330
17
100
AcDbEntity
  8
RBAR-T8-G
100
AcDbVertex
100
AcDb3dPolylineVertex
 10
1810.4
 20
34.0
 30
421.8
 70
32
  0
VERTEX
  5
1359
330
17
100
AcDbEntity
  8
RBAR-T8-G
100
AcDbVertex
100
AcDb3dPolylineVertex
 10
1809.5
 20
34.0
 30
424.9
 70
32
  0
VERTEX
  5
135A
330
17
100
AcDbEntity
  8
RBAR-T8-G
100
AcDbVertex
100
AcDb3dPolylineVertex
 10
1808.0
 20
34.0
 30
427.7
 70
32
  0
VERTEX
  5
135B
330
17
100
AcDbEntity
  8
RBAR-T8-G
100
AcDbVertex
100
AcDb3dPolylineVertex
 10
1805.9
 20
34.0
 30
430.2
 70
32
  0
VERTEX
  5
135C
330
17
100
AcDbEntity
  8
RBAR-T8-G
100
AcDbVertex
100
AcDb3dPolylineVertex
 10
1803.4
 20
34.0
 30
432.2
 70
32
  0
VERTEX
  5
135D
330
17
100
AcDbEntity
  8
RBAR-T8-G
100
AcDbVertex
100
AcDb3dPolylineVertex
 10
1800.6
 20
34.0
 30
433.7
 70
32
  0
VERTEX
  5
135E
330
17
100
AcDbEntity
  8
RBAR-T8-G
100
AcDbVertex
100
AcDb3dPolylineVertex
 10
1797.5
 20
34.0
 30
434.7
 70
32
  0
VERTEX
  5
135F
330
17
100
AcDbEntity
  8
RBAR-T8-G
100
AcDbVertex
100
AcDb3dPolylineVertex
 10
1794.3
 20
34.0
 30
435.0
 70
32
  0
VERTEX
  5
1360
330
17
100
AcDbEntity
  8
RBAR-T8-G
100
AcDbVertex
100
AcDb3dPolylineVertex
 10
1661.4
 20
34.0
 30
435.0
 70
32
  0
VERTEX
  5
1361
330
17
100
AcDbEntity
  8
RBAR-T8-G
100
AcDbVertex
100
AcDb3dPolylineVertex
 10
1658.2
 20
34.0
 30
434.7
 70
32
  0
VERTEX
  5
1362
330
17
100
AcDbEntity
  8
RBAR-T8-G
100
AcDbVertex
100
AcDb3dPolylineVertex
 10
1655.1
 20
34.0
 30
433.7
 70
32
  0
VERTEX
  5
1363
330
17
100
AcDbEntity
  8
RBAR-T8-G
100
AcDbVertex
100
AcDb3dPolylineVertex
 10
1652.3
 20
34.0
 30
432.2
 70
32
  0
VERTEX
  5
1364
330
17
100
AcDbEntity
  8
RBAR-T8-G
100
AcDbVertex
100
AcDb3dPolylineVertex
 10
1649.8
 20
34.0
 30
430.2
 70
32
  0
VERTEX
  5
1365
330
17
100
AcDbEntity
  8
RBAR-T8-G
100
AcDbVertex
100
AcDb3dPolylineVertex
 10
1647.8
 20
34.0
 30
427.7
 70
32
  0
VERTEX
  5
1366
330
17
100
AcDbEntity
  8
RBAR-T8-G
100
AcDbVertex
100
AcDb3dPolylineVertex
 10
1646.2
 20
34.0
 30
424.9
 70
32
  0
VERTEX
  5
1367
330
17
100
AcDbEntity
  8
RBAR-T8-G
100
AcDbVertex
100
AcDb3dPolylineVertex
 10
1645.3
 20
34.0
 30
421.8
 70
32
  0
VERTEX
  5
1368
330
17
100
AcDbEntity
  8
RBAR-T8-G
100
AcDbVertex
100
AcDb3dPolylineVertex
 10
1645.0
 20
34.0
 30
418.6
 70
32
  0
VERTEX
  5
1369
330
17
100
AcDbEntity
  8
RBAR-T8-G
100
AcDbVertex
100
AcDb3dPolylineVertex
 10
1645.0
 20
34.0
 30
50.4
 70
32
  0
VERTEX
  5
136A
330
17
100
AcDbEntity
  8
RBAR-T8-G
100
AcDbVertex
100
AcDb3dPolylineVertex
 10
1645.3
 20
34.0
 30
47.2
 70
32
  0
VERTEX
  5
136B
330
17
100
AcDbEntity
  8
RBAR-T8-G
100
AcDbVertex
100
AcDb3dPolylineVertex
 10
1646.2
 20
34.0
 30
44.1
 70
32
  0
VERTEX
  5
136C
330
17
100
AcDbEntity
  8
RBAR-T8-G
100
AcDbVertex
100
AcDb3dPolylineVertex
 10
1647.8
 20
34.0
 30
41.3
 70
32
  0
VERTEX
  5
136D
330
17
100
AcDbEntity
  8
RBAR-T8-G
100
AcDbVertex
100
AcDb3dPolylineVertex
 10
1649.8
 20
34.0
 30
38.8
 70
32
  0
VERTEX
  5
136E
330
17
100
AcDbEntity
  8
RBAR-T8-G
100
AcDbVertex
100
AcDb3dPolylineVertex
 10
1652.3
 20
34.0
 30
36.8
 70
32
  0
VERTEX
  5
136F
330
17
100
AcDbEntity
  8
RBAR-T8-G
100
AcDbVertex
100
AcDb3dPolylineVertex
 10
1655.1
 20
34.0
 30
35.2
 70
32
  0
VERTEX
  5
1370
330
17
100
AcDbEntity
  8
RBAR-T8-G
100
AcDbVertex
100
AcDb3dPolylineVertex
 10
1658.2
 20
34.0
 30
34.3
 70
32
  0
VERTEX
  5
1371
330
17
100
AcDbEntity
  8
RBAR-T8-G
100
AcDbVertex
100
AcDb3dPolylineVertex
 10
1661.4
 20
34.0
 30
34.0
 70
32
  0
VERTEX
  5
1372
330
17
100
AcDbEntity
  8
RBAR-T8-G
100
AcDbVertex
100
AcDb3dPolylineVertex
 10
1768.8
 20
34.0
 30
34.0
 70
32
  0
VERTEX
  5
1373
330
17
100
AcDbEntity
  8
RBAR-T8-G
100
AcDbVertex
100
AcDb3dPolylineVertex
 10
1772.0
 20
34.0
 30
34.3
 70
32
  0
VERTEX
  5
1374
330
17
100
AcDbEntity
  8
RBAR-T8-G
100
AcDbVertex
100
AcDb3dPolylineVertex
 10
1775.0
 20
34.0
 30
35.2
 70
32
  0
VERTEX
  5
1375
330
17
100
AcDbEntity
  8
RBAR-T8-G
100
AcDbVertex
100
AcDb3dPolylineVertex
 10
1777.9
 20
34.0
 30
36.8
 70
32
  0
VERTEX
  5
1376
330
17
100
AcDbEntity
  8
RBAR-T8-G
100
AcDbVertex
100
AcDb3dPolylineVertex
 10
1780.3
 20
34.0
 30
38.8
 70
32
  0
VERTEX
  5
1377
330
17
100
AcDbEntity
  8
RBAR-T8-G
100
AcDbVertex
100
AcDb3dPolylineVertex
 10
1782.4
 20
34.0
 30
41.3
 70
32
  0
VERTEX
  5
1378
330
17
100
AcDbEntity
  8
RBAR-T8-G
100
AcDbVertex
100
AcDb3dPolylineVertex
 10
1783.9
 20
34.0
 30
44.1
 70
32
  0
VERTEX
  5
1379
330
17
100
AcDbEntity
  8
RBAR-T8-G
100
AcDbVertex
100
AcDb3dPolylineVertex
 10
1784.8
 20
34.0
 30
47.2
 70
32
  0
VERTEX
  5
137A
330
17
100
AcDbEntity
  8
RBAR-T8-G
100
AcDbVertex
100
AcDb3dPolylineVertex
 10
1785.1
 20
34.0
 30
50.4
 70
32
  0
VERTEX
  5
137B
330
17
100
AcDbEntity
  8
RBAR-T8-G
100
AcDbVertex
100
AcDb3dPolylineVertex
 10
1785.1
 20
34.0
 30
367.5
 70
32
  0
SEQEND
  5
1355
330
1354
100
AcDbEntity
  8
RBAR-T8-G
  0
POLYLINE
  5
137C
330
17
100
AcDbEntity
  8
RBAR-T8-G
100
AcDb3dPolyline
 66
1
 10
0.0
 20
0.0
 30
0.0
 70
8
  0
VERTEX
  5
137E
330
17
100
AcDbEntity
  8
RBAR-T8-G
100
AcDbVertex
100
AcDb3dPolylineVertex
 10
2280.7
 20
34.0
 30
347.0
 70
32
  0
VERTEX
  5
137F
330
17
100
AcDbEntity
  8
RBAR-T8-G
100
AcDbVertex
100
AcDb3dPolylineVertex
 10
2280.7
 20
34.0
 30
418.6
 70
32
  0
VERTEX
  5
1380
330
17
100
AcDbEntity
  8
RBAR-T8-G
100
AcDbVertex
100
AcDb3dPolylineVertex
 10
2280.4
 20
34.0
 30
421.8
 70
32
  0
VERTEX
  5
1381
330
17
100
AcDbEntity
  8
RBAR-T8-G
100
AcDbVertex
100
AcDb3dPolylineVertex
 10
2279.5
 20
34.0
 30
424.9
 70
32
  0
VERTEX
  5
1382
330
17
100
AcDbEntity
  8
RBAR-T8-G
100
AcDbVertex
100
AcDb3dPolylineVertex
 10
2278.0
 20
34.0
 30
427.7
 70
32
  0
VERTEX
  5
1383
330
17
100
AcDbEntity
  8
RBAR-T8-G
100
AcDbVertex
100
AcDb3dPolylineVertex
 10
2275.9
 20
34.0
 30
430.2
 70
32
  0
VERTEX
  5
1384
330
17
100
AcDbEntity
  8
RBAR-T8-G
100
AcDbVertex
100
AcDb3dPolylineVertex
 10
2273.4
 20
34.0
 30
432.2
 70
32
  0
VERTEX
  5
1385
330
17
100
AcDbEntity
  8
RBAR-T8-G
100
AcDbVertex
100
AcDb3dPolylineVertex
 10
2270.6
 20
34.0
 30
433.7
 70
32
  0
VERTEX
  5
1386
330
17
100
AcDbEntity
  8
RBAR-T8-G
100
AcDbVertex
100
AcDb3dPolylineVertex
 10
2267.5
 20
34.0
 30
434.7
 70
32
  0
VERTEX
  5
1387
330
17
100
AcDbEntity
  8
RBAR-T8-G
100
AcDbVertex
100
AcDb3dPolylineVertex
 10
2264.3
 20
34.0
 30
435.0
 70
32
  0
VERTEX
  5
1388
330
17
100
AcDbEntity
  8
RBAR-T8-G
100
AcDbVertex
100
AcDb3dPolylineVertex
 10
2131.4
 20
34.0
 30
435.0
 70
32
  0
VERTEX
  5
1389
330
17
100
AcDbEntity
  8
RBAR-T8-G
100
AcDbVertex
100
AcDb3dPolylineVertex
 10
2128.2
 20
34.0
 30
434.7
 70
32
  0
VERTEX
  5
138A
330
17
100
AcDbEntity
  8
RBAR-T8-G
100
AcDbVertex
100
AcDb3dPolylineVertex
 10
2125.1
 20
34.0
 30
433.7
 70
32
  0
VERTEX
  5
138B
330
17
100
AcDbEntity
  8
RBAR-T8-G
100
AcDbVertex
100
AcDb3dPolylineVertex
 10
2122.3
 20
34.0
 30
432.2
 70
32
  0
VERTEX
  5
138C
330
17
100
AcDbEntity
  8
RBAR-T8-G
100
AcDbVertex
100
AcDb3dPolylineVertex
 10
2119.8
 20
34.0
 30
430.2
 70
32
  0
VERTEX
  5
138D
330
17
100
AcDbEntity
  8
RBAR-T8-G
100
AcDbVertex
100
AcDb3dPolylineVertex
 10
2117.8
 20
34.0
 30
427.7
 70
32
  0
VERTEX
  5
138E
330
17
100
AcDbEntity
  8
RBAR-T8-G
100
AcDbVertex
100
AcDb3dPolylineVertex
 10
2116.2
 20
34.0
 30
424.9
 70
32
  0
VERTEX
  5
138F
330
17
100
AcDbEntity
  8
RBAR-T8-G
100
AcDbVertex
100
AcDb3dPolylineVertex
 10
2115.3
 20
34.0
 30
421.8
 70
32
  0
VERTEX
  5
1390
330
17
100
AcDbEntity
  8
RBAR-T8-G
100
AcDbVertex
100
AcDb3dPolylineVertex
 10
2115.0
 20
34.0
 30
418.6
 70
32
  0
VERTEX
  5
1391
330
17
100
AcDbEntity
  8
RBAR-T8-G
100
AcDbVertex
100
AcDb3dPolylineVertex
 10
2115.0
 20
34.0
 30
50.4
 70
32
  0
VERTEX
  5
1392
330
17
100
AcDbEntity
  8
RBAR-T8-G
100
AcDbVertex
100
AcDb3dPolylineVertex
 10
2115.3
 20
34.0
 30
47.2
 70
32
  0
VERTEX
  5
1393
330
17
100
AcDbEntity
  8
RBAR-T8-G
100
AcDbVertex
100
AcDb3dPolylineVertex
 10
2116.2
 20
34.0
 30
44.1
 70
32
  0
VERTEX
  5
1394
330
17
100
AcDbEntity
  8
RBAR-T8-G
100
AcDbVertex
100
AcDb3dPolylineVertex
 10
2117.8
 20
34.0
 30
41.3
 70
32
  0
VERTEX
  5
1395
330
17
100
AcDbEntity
  8
RBAR-T8-G
100
AcDbVertex
100
AcDb3dPolylineVertex
 10
2119.8
 20
34.0
 30
38.8
 70
32
  0
VERTEX
  5
1396
330
17
100
AcDbEntity
  8
RBAR-T8-G
100
AcDbVertex
100
AcDb3dPolylineVertex
 10
2122.3
 20
34.0
 30
36.8
 70
32
  0
VERTEX
  5
1397
330
17
100
AcDbEntity
  8
RBAR-T8-G
100
AcDbVertex
100
AcDb3dPolylineVertex
 10
2125.1
 20
34.0
 30
35.2
 70
32
  0
VERTEX
  5
1398
330
17
100
AcDbEntity
  8
RBAR-T8-G
100
AcDbVertex
100
AcDb3dPolylineVertex
 10
2128.2
 20
34.0
 30
34.3
 70
32
  0
VERTEX
  5
1399
330
17
100
AcDbEntity
  8
RBAR-T8-G
100
AcDbVertex
100
AcDb3dPolylineVertex
 10
2131.4
 20
34.0
 30
34.0
 70
32
  0
VERTEX
  5
139A
330
17
100
AcDbEntity
  8
RBAR-T8-G
100
AcDbVertex
100
AcDb3dPolylineVertex
 10
2238.8
 20
34.0
 30
34.0
 70
32
  0
VERTEX
  5
139B
330
17
100
AcDbEntity
  8
RBAR-T8-G
100
AcDbVertex
100
AcDb3dPolylineVertex
 10
2242.0
 20
34.0
 30
34.3
 70
32
  0
VERTEX
  5
139C
330
17
100
AcDbEntity
  8
RBAR-T8-G
100
AcDbVertex
100
AcDb3dPolylineVertex
 10
2245.0
 20
34.0
 30
35.2
 70
32
  0
VERTEX
  5
139D
330
17
100
AcDbEntity
  8
RBAR-T8-G
100
AcDbVertex
100
AcDb3dPolylineVertex
 10
2247.9
 20
34.0
 30
36.8
 70
32
  0
VERTEX
  5
139E
330
17
100
AcDbEntity
  8
RBAR-T8-G
100
AcDbVertex
100
AcDb3dPolylineVertex
 10
2250.3
 20
34.0
 30
38.8
 70
32
  0
VERTEX
  5
139F
330
17
100
AcDbEntity
  8
RBAR-T8-G
100
AcDbVertex
100
AcDb3dPolylineVertex
 10
2252.4
 20
34.0
 30
41.3
 70
32
  0
VERTEX
  5
13A0
330
17
100
AcDbEntity
  8
RBAR-T8-G
100
AcDbVertex
100
AcDb3dPolylineVertex
 10
2253.9
 20
34.0
 30
44.1
 70
32
  0
VERTEX
  5
13A1
330
17
100
AcDbEntity
  8
RBAR-T8-G
100
AcDbVertex
100
AcDb3dPolylineVertex
 10
2254.8
 20
34.0
 30
47.2
 70
32
  0
VERTEX
  5
13A2
330
17
100
AcDbEntity
  8
RBAR-T8-G
100
AcDbVertex
100
AcDb3dPolylineVertex
 10
2255.1
 20
34.0
 30
50.4
 70
32
  0
VERTEX
  5
13A3
330
17
100
AcDbEntity
  8
RBAR-T8-G
100
AcDbVertex
100
AcDb3dPolylineVertex
 10
2255.1
 20
34.0
 30
367.5
 70
32
  0
SEQEND
  5
137D
330
137C
100
AcDbEntity
  8
RBAR-T8-G
  0
POLYLINE
  5
13A4
330
17
100
AcDbEntity
  8
RBAR-T8-G
100
AcDb3dPolyline
 66
1
 10
0.0
 20
0.0
 30
0.0
 70
8
  0
VERTEX
  5
13A6
330
17
100
AcDbEntity
  8
RBAR-T8-G
100
AcDbVertex
100
AcDb3dPolylineVertex
 10
2750.7
 20
34.0
 30
347.0
 70
32
  0
VERTEX
  5
13A7
330
17
100
AcDbEntity
  8
RBAR-T8-G
100
AcDbVertex
100
AcDb3dPolylineVertex
 10
2750.7
 20
34.0
 30
418.6
 70
32
  0
VERTEX
  5
13A8
330
17
100
AcDbEntity
  8
RBAR-T8-G
100
AcDbVertex
100
AcDb3dPolylineVertex
 10
2750.4
 20
34.0
 30
421.8
 70
32
  0
VERTEX
  5
13A9
330
17
100
AcDbEntity
  8
RBAR-T8-G
100
AcDbVertex
100
AcDb3dPolylineVertex
 10
2749.5
 20
34.0
 30
424.9
 70
32
  0
VERTEX
  5
13AA
330
17
100
AcDbEntity
  8
RBAR-T8-G
100
AcDbVertex
100
AcDb3dPolylineVertex
 10
2748.0
 20
34.0
 30
427.7
 70
32
  0
VERTEX
  5
13AB
330
17
100
AcDbEntity
  8
RBAR-T8-G
100
AcDbVertex
100
AcDb3dPolylineVertex
 10
2745.9
 20
34.0
 30
430.2
 70
32
  0
VERTEX
  5
13AC
330
17
100
AcDbEntity
  8
RBAR-T8-G
100
AcDbVertex
100
AcDb3dPolylineVertex
 10
2743.4
 20
34.0
 30
432.2
 70
32
  0
VERTEX
  5
13AD
330
17
100
AcDbEntity
  8
RBAR-T8-G
100
AcDbVertex
100
AcDb3dPolylineVertex
 10
2740.6
 20
34.0
 30
433.7
 70
32
  0
VERTEX
  5
13AE
330
17
100
AcDbEntity
  8
RBAR-T8-G
100
AcDbVertex
100
AcDb3dPolylineVertex
 10
2737.5
 20
34.0
 30
434.7
 70
32
  0
VERTEX
  5
13AF
330
17
100
AcDbEntity
  8
RBAR-T8-G
100
AcDbVertex
100
AcDb3dPolylineVertex
 10
2734.3
 20
34.0
 30
435.0
 70
32
  0
VERTEX
  5
13B0
330
17
100
AcDbEntity
  8
RBAR-T8-G
100
AcDbVertex
100
AcDb3dPolylineVertex
 10
2601.4
 20
34.0
 30
435.0
 70
32
  0
VERTEX
  5
13B1
330
17
100
AcDbEntity
  8
RBAR-T8-G
100
AcDbVertex
100
AcDb3dPolylineVertex
 10
2598.2
 20
34.0
 30
434.7
 70
32
  0
VERTEX
  5
13B2
330
17
100
AcDbEntity
  8
RBAR-T8-G
100
AcDbVertex
100
AcDb3dPolylineVertex
 10
2595.1
 20
34.0
 30
433.7
 70
32
  0
VERTEX
  5
13B3
330
17
100
AcDbEntity
  8
RBAR-T8-G
100
AcDbVertex
100
AcDb3dPolylineVertex
 10
2592.3
 20
34.0
 30
432.2
 70
32
  0
VERTEX
  5
13B4
330
17
100
AcDbEntity
  8
RBAR-T8-G
100
AcDbVertex
100
AcDb3dPolylineVertex
 10
2589.8
 20
34.0
 30
430.2
 70
32
  0
VERTEX
  5
13B5
330
17
100
AcDbEntity
  8
RBAR-T8-G
100
AcDbVertex
100
AcDb3dPolylineVertex
 10
2587.8
 20
34.0
 30
427.7
 70
32
  0
VERTEX
  5
13B6
330
17
100
AcDbEntity
  8
RBAR-T8-G
100
AcDbVertex
100
AcDb3dPolylineVertex
 10
2586.2
 20
34.0
 30
424.9
 70
32
  0
VERTEX
  5
13B7
330
17
100
AcDbEntity
  8
RBAR-T8-G
100
AcDbVertex
100
AcDb3dPolylineVertex
 10
2585.3
 20
34.0
 30
421.8
 70
32
  0
VERTEX
  5
13B8
330
17
100
AcDbEntity
  8
RBAR-T8-G
100
AcDbVertex
100
AcDb3dPolylineVertex
 10
2585.0
 20
34.0
 30
418.6
 70
32
  0
VERTEX
  5
13B9
330
17
100
AcDbEntity
  8
RBAR-T8-G
100
AcDbVertex
100
AcDb3dPolylineVertex
 10
2585.0
 20
34.0
 30
50.4
 70
32
  0
VERTEX
  5
13BA
330
17
100
AcDbEntity
  8
RBAR-T8-G
100
AcDbVertex
100
AcDb3dPolylineVertex
 10
2585.3
 20
34.0
 30
47.2
 70
32
  0
VERTEX
  5
13BB
330
17
100
AcDbEntity
  8
RBAR-T8-G
100
AcDbVertex
100
AcDb3dPolylineVertex
 10
2586.2
 20
34.0
 30
44.1
 70
32
  0
VERTEX
  5
13BC
330
17
100
AcDbEntity
  8
RBAR-T8-G
100
AcDbVertex
100
AcDb3dPolylineVertex
 10
2587.8
 20
34.0
 30
41.3
 70
32
  0
VERTEX
  5
13BD
330
17
100
AcDbEntity
  8
RBAR-T8-G
100
AcDbVertex
100
AcDb3dPolylineVertex
 10
2589.8
 20
34.0
 30
38.8
 70
32
  0
VERTEX
  5
13BE
330
17
100
AcDbEntity
  8
RBAR-T8-G
100
AcDbVertex
100
AcDb3dPolylineVertex
 10
2592.3
 20
34.0
 30
36.8
 70
32
  0
VERTEX
  5
13BF
330
17
100
AcDbEntity
  8
RBAR-T8-G
100
AcDbVertex
100
AcDb3dPolylineVertex
 10
2595.1
 20
34.0
 30
35.2
 70
32
  0
VERTEX
  5
13C0
330
17
100
AcDbEntity
  8
RBAR-T8-G
100
AcDbVertex
100
AcDb3dPolylineVertex
 10
2598.2
 20
34.0
 30
34.3
 70
32
  0
VERTEX
  5
13C1
330
17
100
AcDbEntity
  8
RBAR-T8-G
100
AcDbVertex
100
AcDb3dPolylineVertex
 10
2601.4
 20
34.0
 30
34.0
 70
32
  0
VERTEX
  5
13C2
330
17
100
AcDbEntity
  8
RBAR-T8-G
100
AcDbVertex
100
AcDb3dPolylineVertex
 10
2708.8
 20
34.0
 30
34.0
 70
32
  0
VERTEX
  5
13C3
330
17
100
AcDbEntity
  8
RBAR-T8-G
100
AcDbVertex
100
AcDb3dPolylineVertex
 10
2712.0
 20
34.0
 30
34.3
 70
32
  0
VERTEX
  5
13C4
330
17
100
AcDbEntity
  8
RBAR-T8-G
100
AcDbVertex
100
AcDb3dPolylineVertex
 10
2715.0
 20
34.0
 30
35.2
 70
32
  0
VERTEX
  5
13C5
330
17
100
AcDbEntity
  8
RBAR-T8-G
100
AcDbVertex
100
AcDb3dPolylineVertex
 10
2717.9
 20
34.0
 30
36.8
 70
32
  0
VERTEX
  5
13C6
330
17
100
AcDbEntity
  8
RBAR-T8-G
100
AcDbVertex
100
AcDb3dPolylineVertex
 10
2720.3
 20
34.0
 30
38.8
 70
32
  0
VERTEX
  5
13C7
330
17
100
AcDbEntity
  8
RBAR-T8-G
100
AcDbVertex
100
AcDb3dPolylineVertex
 10
2722.4
 20
34.0
 30
41.3
 70
32
  0
VERTEX
  5
13C8
330
17
100
AcDbEntity
  8
RBAR-T8-G
100
AcDbVertex
100
AcDb3dPolylineVertex
 10
2723.9
 20
34.0
 30
44.1
 70
32
  0
VERTEX
  5
13C9
330
17
100
AcDbEntity
  8
RBAR-T8-G
100
AcDbVertex
100
AcDb3dPolylineVertex
 10
2724.8
 20
34.0
 30
47.2
 70
32
  0
VERTEX
  5
13CA
330
17
100
AcDbEntity
  8
RBAR-T8-G
100
AcDbVertex
100
AcDb3dPolylineVertex
 10
2725.1
 20
34.0
 30
50.4
 70
32
  0
VERTEX
  5
13CB
330
17
100
AcDbEntity
  8
RBAR-T8-G
100
AcDbVertex
100
AcDb3dPolylineVertex
 10
2725.1
 20
34.0
 30
367.5
 70
32
  0
SEQEND
  5
13A5
330
13A4
100
AcDbEntity
  8
RBAR-T8-G
  0
POLYLINE
  5
13CC
330
17
100
AcDbEntity
  8
RBAR-T8-G
100
AcDb3dPolyline
 66
1
 10
0.0
 20
0.0
 30
0.0
 70
8
  0
VERTEX
  5
13CE
330
17
100
AcDbEntity
  8
RBAR-T8-G
100
AcDbVertex
100
AcDb3dPolylineVertex
 10
3220.7
 20
34.0
 30
347.0
 70
32
  0
VERTEX
  5
13CF
330
17
100
AcDbEntity
  8
RBAR-T8-G
100
AcDbVertex
100
AcDb3dPolylineVertex
 10
3220.7
 20
34.0
 30
418.6
 70
32
  0
VERTEX
  5
13D0
330
17
100
AcDbEntity
  8
RBAR-T8-G
100
AcDbVertex
100
AcDb3dPolylineVertex
 10
3220.4
 20
34.0
 30
421.8
 70
32
  0
VERTEX
  5
13D1
330
17
100
AcDbEntity
  8
RBAR-T8-G
100
AcDbVertex
100
AcDb3dPolylineVertex
 10
3219.5
 20
34.0
 30
424.9
 70
32
  0
VERTEX
  5
13D2
330
17
100
AcDbEntity
  8
RBAR-T8-G
100
AcDbVertex
100
AcDb3dPolylineVertex
 10
3218.0
 20
34.0
 30
427.7
 70
32
  0
VERTEX
  5
13D3
330
17
100
AcDbEntity
  8
RBAR-T8-G
100
AcDbVertex
100
AcDb3dPolylineVertex
 10
3215.9
 20
34.0
 30
430.2
 70
32
  0
VERTEX
  5
13D4
330
17
100
AcDbEntity
  8
RBAR-T8-G
100
AcDbVertex
100
AcDb3dPolylineVertex
 10
3213.4
 20
34.0
 30
432.2
 70
32
  0
VERTEX
  5
13D5
330
17
100
AcDbEntity
  8
RBAR-T8-G
100
AcDbVertex
100
AcDb3dPolylineVertex
 10
3210.6
 20
34.0
 30
433.7
 70
32
  0
VERTEX
  5
13D6
330
17
100
AcDbEntity
  8
RBAR-T8-G
100
AcDbVertex
100
AcDb3dPolylineVertex
 10
3207.5
 20
34.0
 30
434.7
 70
32
  0
VERTEX
  5
13D7
330
17
100
AcDbEntity
  8
RBAR-T8-G
100
AcDbVertex
100
AcDb3dPolylineVertex
 10
3204.3
 20
34.0
 30
435.0
 70
32
  0
VERTEX
  5
13D8
330
17
100
AcDbEntity
  8
RBAR-T8-G
100
AcDbVertex
100
AcDb3dPolylineVertex
 10
3071.4
 20
34.0
 30
435.0
 70
32
  0
VERTEX
  5
13D9
330
17
100
AcDbEntity
  8
RBAR-T8-G
100
AcDbVertex
100
AcDb3dPolylineVertex
 10
3068.2
 20
34.0
 30
434.7
 70
32
  0
VERTEX
  5
13DA
330
17
100
AcDbEntity
  8
RBAR-T8-G
100
AcDbVertex
100
AcDb3dPolylineVertex
 10
3065.1
 20
34.0
 30
433.7
 70
32
  0
VERTEX
  5
13DB
330
17
100
AcDbEntity
  8
RBAR-T8-G
100
AcDbVertex
100
AcDb3dPolylineVertex
 10
3062.3
 20
34.0
 30
432.2
 70
32
  0
VERTEX
  5
13DC
330
17
100
AcDbEntity
  8
RBAR-T8-G
100
AcDbVertex
100
AcDb3dPolylineVertex
 10
3059.8
 20
34.0
 30
430.2
 70
32
  0
VERTEX
  5
13DD
330
17
100
AcDbEntity
  8
RBAR-T8-G
100
AcDbVertex
100
AcDb3dPolylineVertex
 10
3057.8
 20
34.0
 30
427.7
 70
32
  0
VERTEX
  5
13DE
330
17
100
AcDbEntity
  8
RBAR-T8-G
100
AcDbVertex
100
AcDb3dPolylineVertex
 10
3056.2
 20
34.0
 30
424.9
 70
32
  0
VERTEX
  5
13DF
330
17
100
AcDbEntity
  8
RBAR-T8-G
100
AcDbVertex
100
AcDb3dPolylineVertex
 10
3055.3
 20
34.0
 30
421.8
 70
32
  0
VERTEX
  5
13E0
330
17
100
AcDbEntity
  8
RBAR-T8-G
100
AcDbVertex
100
AcDb3dPolylineVertex
 10
3055.0
 20
34.0
 30
418.6
 70
32
  0
VERTEX
  5
13E1
330
17
100
AcDbEntity
  8
RBAR-T8-G
100
AcDbVertex
100
AcDb3dPolylineVertex
 10
3055.0
 20
34.0
 30
50.4
 70
32
  0
VERTEX
  5
13E2
330
17
100
AcDbEntity
  8
RBAR-T8-G
100
AcDbVertex
100
AcDb3dPolylineVertex
 10
3055.3
 20
34.0
 30
47.2
 70
32
  0
VERTEX
  5
13E3
330
17
100
AcDbEntity
  8
RBAR-T8-G
100
AcDbVertex
100
AcDb3dPolylineVertex
 10
3056.2
 20
34.0
 30
44.1
 70
32
  0
VERTEX
  5
13E4
330
17
100
AcDbEntity
  8
RBAR-T8-G
100
AcDbVertex
100
AcDb3dPolylineVertex
 10
3057.8
 20
34.0
 30
41.3
 70
32
  0
VERTEX
  5
13E5
330
17
100
AcDbEntity
  8
RBAR-T8-G
100
AcDbVertex
100
AcDb3dPolylineVertex
 10
3059.8
 20
34.0
 30
38.8
 70
32
  0
VERTEX
  5
13E6
330
17
100
AcDbEntity
  8
RBAR-T8-G
100
AcDbVertex
100
AcDb3dPolylineVertex
 10
3062.3
 20
34.0
 30
36.8
 70
32
  0
VERTEX
  5
13E7
330
17
100
AcDbEntity
  8
RBAR-T8-G
100
AcDbVertex
100
AcDb3dPolylineVertex
 10
3065.1
 20
34.0
 30
35.2
 70
32
  0
VERTEX
  5
13E8
330
17
100
AcDbEntity
  8
RBAR-T8-G
100
AcDbVertex
100
AcDb3dPolylineVertex
 10
3068.2
 20
34.0
 30
34.3
 70
32
  0
VERTEX
  5
13E9
330
17
100
AcDbEntity
  8
RBAR-T8-G
100
AcDbVertex
100
AcDb3dPolylineVertex
 10
3071.4
 20
34.0
 30
34.0
 70
32
  0
VERTEX
  5
13EA
330
17
100
AcDbEntity
  8
RBAR-T8-G
100
AcDbVertex
100
AcDb3dPolylineVertex
 10
3178.8
 20
34.0
 30
34.0
 70
32
  0
VERTEX
  5
13EB
330
17
100
AcDbEntity
  8
RBAR-T8-G
100
AcDbVertex
100
AcDb3dPolylineVertex
 10
3182.0
 20
34.0
 30
34.3
 70
32
  0
VERTEX
  5
13EC
330
17
100
AcDbEntity
  8
RBAR-T8-G
100
AcDbVertex
100
AcDb3dPolylineVertex
 10
3185.0
 20
34.0
 30
35.2
 70
32
  0
VERTEX
  5
13ED
330
17
100
AcDbEntity
  8
RBAR-T8-G
100
AcDbVertex
100
AcDb3dPolylineVertex
 10
3187.9
 20
34.0
 30
36.8
 70
32
  0
VERTEX
  5
13EE
330
17
100
AcDbEntity
  8
RBAR-T8-G
100
AcDbVertex
100
AcDb3dPolylineVertex
 10
3190.3
 20
34.0
 30
38.8
 70
32
  0
VERTEX
  5
13EF
330
17
100
AcDbEntity
  8
RBAR-T8-G
100
AcDbVertex
100
AcDb3dPolylineVertex
 10
3192.4
 20
34.0
 30
41.3
 70
32
  0
VERTEX
  5
13F0
330
17
100
AcDbEntity
  8
RBAR-T8-G
100
AcDbVertex
100
AcDb3dPolylineVertex
 10
3193.9
 20
34.0
 30
44.1
 70
32
  0
VERTEX
  5
13F1
330
17
100
AcDbEntity
  8
RBAR-T8-G
100
AcDbVertex
100
AcDb3dPolylineVertex
 10
3194.8
 20
34.0
 30
47.2
 70
32
  0
VERTEX
  5
13F2
330
17
100
AcDbEntity
  8
RBAR-T8-G
100
AcDbVertex
100
AcDb3dPolylineVertex
 10
3195.1
 20
34.0
 30
50.4
 70
32
  0
VERTEX
  5
13F3
330
17
100
AcDbEntity
  8
RBAR-T8-G
100
AcDbVertex
100
AcDb3dPolylineVertex
 10
3195.1
 20
34.0
 30
367.5
 70
32
  0
SEQEND
  5
13CD
330
13CC
100
AcDbEntity
  8
RBAR-T8-G
  0
POLYLINE
  5
13F4
330
17
100
AcDbEntity
  8
RBAR-T8-G
100
AcDb3dPolyline
 66
1
 10
0.0
 20
0.0
 30
0.0
 70
8
  0
VERTEX
  5
13F6
330
17
100
AcDbEntity
  8
RBAR-T8-G
100
AcDbVertex
100
AcDb3dPolylineVertex
 10
3690.7
 20
34.0
 30
347.0
 70
32
  0
VERTEX
  5
13F7
330
17
100
AcDbEntity
  8
RBAR-T8-G
100
AcDbVertex
100
AcDb3dPolylineVertex
 10
3690.7
 20
34.0
 30
418.6
 70
32
  0
VERTEX
  5
13F8
330
17
100
AcDbEntity
  8
RBAR-T8-G
100
AcDbVertex
100
AcDb3dPolylineVertex
 10
3690.4
 20
34.0
 30
421.8
 70
32
  0
VERTEX
  5
13F9
330
17
100
AcDbEntity
  8
RBAR-T8-G
100
AcDbVertex
100
AcDb3dPolylineVertex
 10
3689.5
 20
34.0
 30
424.9
 70
32
  0
VERTEX
  5
13FA
330
17
100
AcDbEntity
  8
RBAR-T8-G
100
AcDbVertex
100
AcDb3dPolylineVertex
 10
3688.0
 20
34.0
 30
427.7
 70
32
  0
VERTEX
  5
13FB
330
17
100
AcDbEntity
  8
RBAR-T8-G
100
AcDbVertex
100
AcDb3dPolylineVertex
 10
3685.9
 20
34.0
 30
430.2
 70
32
  0
VERTEX
  5
13FC
330
17
100
AcDbEntity
  8
RBAR-T8-G
100
AcDbVertex
100
AcDb3dPolylineVertex
 10
3683.4
 20
34.0
 30
432.2
 70
32
  0
VERTEX
  5
13FD
330
17
100
AcDbEntity
  8
RBAR-T8-G
100
AcDbVertex
100
AcDb3dPolylineVertex
 10
3680.6
 20
34.0
 30
433.7
 70
32
  0
VERTEX
  5
13FE
330
17
100
AcDbEntity
  8
RBAR-T8-G
100
AcDbVertex
100
AcDb3dPolylineVertex
 10
3677.5
 20
34.0
 30
434.7
 70
32
  0
VERTEX
  5
13FF
330
17
100
AcDbEntity
  8
RBAR-T8-G
100
AcDbVertex
100
AcDb3dPolylineVertex
 10
3674.3
 20
34.0
 30
435.0
 70
32
  0
VERTEX
  5
1400
330
17
100
AcDbEntity
  8
RBAR-T8-G
100
AcDbVertex
100
AcDb3dPolylineVertex
 10
3541.4
 20
34.0
 30
435.0
 70
32
  0
VERTEX
  5
1401
330
17
100
AcDbEntity
  8
RBAR-T8-G
100
AcDbVertex
100
AcDb3dPolylineVertex
 10
3538.2
 20
34.0
 30
434.7
 70
32
  0
VERTEX
  5
1402
330
17
100
AcDbEntity
  8
RBAR-T8-G
100
AcDbVertex
100
AcDb3dPolylineVertex
 10
3535.1
 20
34.0
 30
433.7
 70
32
  0
VERTEX
  5
1403
330
17
100
AcDbEntity
  8
RBAR-T8-G
100
AcDbVertex
100
AcDb3dPolylineVertex
 10
3532.3
 20
34.0
 30
432.2
 70
32
  0
VERTEX
  5
1404
330
17
100
AcDbEntity
  8
RBAR-T8-G
100
AcDbVertex
100
AcDb3dPolylineVertex
 10
3529.8
 20
34.0
 30
430.2
 70
32
  0
VERTEX
  5
1405
330
17
100
AcDbEntity
  8
RBAR-T8-G
100
AcDbVertex
100
AcDb3dPolylineVertex
 10
3527.8
 20
34.0
 30
427.7
 70
32
  0
VERTEX
  5
1406
330
17
100
AcDbEntity
  8
RBAR-T8-G
100
AcDbVertex
100
AcDb3dPolylineVertex
 10
3526.2
 20
34.0
 30
424.9
 70
32
  0
VERTEX
  5
1407
330
17
100
AcDbEntity
  8
RBAR-T8-G
100
AcDbVertex
100
AcDb3dPolylineVertex
 10
3525.3
 20
34.0
 30
421.8
 70
32
  0
VERTEX
  5
1408
330
17
100
AcDbEntity
  8
RBAR-T8-G
100
AcDbVertex
100
AcDb3dPolylineVertex
 10
3525.0
 20
34.0
 30
418.6
 70
32
  0
VERTEX
  5
1409
330
17
100
AcDbEntity
  8
RBAR-T8-G
100
AcDbVertex
100
AcDb3dPolylineVertex
 10
3525.0
 20
34.0
 30
50.4
 70
32
  0
VERTEX
  5
140A
330
17
100
AcDbEntity
  8
RBAR-T8-G
100
AcDbVertex
100
AcDb3dPolylineVertex
 10
3525.3
 20
34.0
 30
47.2
 70
32
  0
VERTEX
  5
140B
330
17
100
AcDbEntity
  8
RBAR-T8-G
100
AcDbVertex
100
AcDb3dPolylineVertex
 10
3526.2
 20
34.0
 30
44.1
 70
32
  0
VERTEX
  5
140C
330
17
100
AcDbEntity
  8
RBAR-T8-G
100
AcDbVertex
100
AcDb3dPolylineVertex
 10
3527.8
 20
34.0
 30
41.3
 70
32
  0
VERTEX
  5
140D
330
17
100
AcDbEntity
  8
RBAR-T8-G
100
AcDbVertex
100
AcDb3dPolylineVertex
 10
3529.8
 20
34.0
 30
38.8
 70
32
  0
VERTEX
  5
140E
330
17
100
AcDbEntity
  8
RBAR-T8-G
100
AcDbVertex
100
AcDb3dPolylineVertex
 10
3532.3
 20
34.0
 30
36.8
 70
32
  0
VERTEX
  5
140F
330
17
100
AcDbEntity
  8
RBAR-T8-G
100
AcDbVertex
100
AcDb3dPolylineVertex
 10
3535.1
 20
34.0
 30
35.2
 70
32
  0
VERTEX
  5
1410
330
17
100
AcDbEntity
  8
RBAR-T8-G
100
AcDbVertex
100
AcDb3dPolylineVertex
 10
3538.2
 20
34.0
 30
34.3
 70
32
  0
VERTEX
  5
1411
330
17
100
AcDbEntity
  8
RBAR-T8-G
100
AcDbVertex
100
AcDb3dPolylineVertex
 10
3541.4
 20
34.0
 30
34.0
 70
32
  0
VERTEX
  5
1412
330
17
100
AcDbEntity
  8
RBAR-T8-G
100
AcDbVertex
100
AcDb3dPolylineVertex
 10
3648.8
 20
34.0
 30
34.0
 70
32
  0
VERTEX
  5
1413
330
17
100
AcDbEntity
  8
RBAR-T8-G
100
AcDbVertex
100
AcDb3dPolylineVertex
 10
3652.0
 20
34.0
 30
34.3
 70
32
  0
VERTEX
  5
1414
330
17
100
AcDbEntity
  8
RBAR-T8-G
100
AcDbVertex
100
AcDb3dPolylineVertex
 10
3655.0
 20
34.0
 30
35.2
 70
32
  0
VERTEX
  5
1415
330
17
100
AcDbEntity
  8
RBAR-T8-G
100
AcDbVertex
100
AcDb3dPolylineVertex
 10
3657.9
 20
34.0
 30
36.8
 70
32
  0
VERTEX
  5
1416
330
17
100
AcDbEntity
  8
RBAR-T8-G
100
AcDbVertex
100
AcDb3dPolylineVertex
 10
3660.3
 20
34.0
 30
38.8
 70
32
  0
VERTEX
  5
1417
330
17
100
AcDbEntity
  8
RBAR-T8-G
100
AcDbVertex
100
AcDb3dPolylineVertex
 10
3662.4
 20
34.0
 30
41.3
 70
32
  0
VERTEX
  5
1418
330
17
100
AcDbEntity
  8
RBAR-T8-G
100
AcDbVertex
100
AcDb3dPolylineVertex
 10
3663.9
 20
34.0
 30
44.1
 70
32
  0
VERTEX
  5
1419
330
17
100
AcDbEntity
  8
RBAR-T8-G
100
AcDbVertex
100
AcDb3dPolylineVertex
 10
3664.8
 20
34.0
 30
47.2
 70
32
  0
VERTEX
  5
141A
330
17
100
AcDbEntity
  8
RBAR-T8-G
100
AcDbVertex
100
AcDb3dPolylineVertex
 10
3665.1
 20
34.0
 30
50.4
 70
32
  0
VERTEX
  5
141B
330
17
100
AcDbEntity
  8
RBAR-T8-G
100
AcDbVertex
100
AcDb3dPolylineVertex
 10
3665.1
 20
34.0
 30
367.5
 70
32
  0
SEQEND
  5
13F5
330
13F4
100
AcDbEntity
  8
RBAR-T8-G
  0
POLYLINE
  5
141C
330
17
100
AcDbEntity
  8
RBAR-T8-G
100
AcDb3dPolyline
 66
1
 10
0.0
 20
0.0
 30
0.0
 70
8
  0
VERTEX
  5
141E
330
17
100
AcDbEntity
  8
RBAR-T8-G
100
AcDbVertex
100
AcDb3dPolylineVertex
 10
400.7
 20
34.0
 30
839.2
 70
32
  0
VERTEX
  5
141F
330
17
100
AcDbEntity
  8
RBAR-T8-G
100
AcDbVertex
100
AcDb3dPolylineVertex
 10
400.7
 20
34.0
 30
910.8
 70
32
  0
VERTEX
  5
1420
330
17
100
AcDbEntity
  8
RBAR-T8-G
100
AcDbVertex
100
AcDb3dPolylineVertex
 10
400.4
 20
34.0
 30
914.0
 70
32
  0
VERTEX
  5
1421
330
17
100
AcDbEntity
  8
RBAR-T8-G
100
AcDbVertex
100
AcDb3dPolylineVertex
 10
399.5
 20
34.0
 30
917.1
 70
32
  0
VERTEX
  5
1422
330
17
100
AcDbEntity
  8
RBAR-T8-G
100
AcDbVertex
100
AcDb3dPolylineVertex
 10
398.0
 20
34.0
 30
919.9
 70
32
  0
VERTEX
  5
1423
330
17
100
AcDbEntity
  8
RBAR-T8-G
100
AcDbVertex
100
AcDb3dPolylineVertex
 10
395.9
 20
34.0
 30
922.4
 70
32
  0
VERTEX
  5
1424
330
17
100
AcDbEntity
  8
RBAR-T8-G
100
AcDbVertex
100
AcDb3dPolylineVertex
 10
393.4
 20
34.0
 30
924.4
 70
32
  0
VERTEX
  5
1425
330
17
100
AcDbEntity
  8
RBAR-T8-G
100
AcDbVertex
100
AcDb3dPolylineVertex
 10
390.6
 20
34.0
 30
925.9
 70
32
  0
VERTEX
  5
1426
330
17
100
AcDbEntity
  8
RBAR-T8-G
100
AcDbVertex
100
AcDb3dPolylineVertex
 10
387.5
 20
34.0
 30
926.9
 70
32
  0
VERTEX
  5
1427
330
17
100
AcDbEntity
  8
RBAR-T8-G
100
AcDbVertex
100
AcDb3dPolylineVertex
 10
384.3
 20
34.0
 30
927.2
 70
32
  0
VERTEX
  5
1428
330
17
100
AcDbEntity
  8
RBAR-T8-G
100
AcDbVertex
100
AcDb3dPolylineVertex
 10
251.4
 20
34.0
 30
927.2
 70
32
  0
VERTEX
  5
1429
330
17
100
AcDbEntity
  8
RBAR-T8-G
100
AcDbVertex
100
AcDb3dPolylineVertex
 10
248.2
 20
34.0
 30
926.9
 70
32
  0
VERTEX
  5
142A
330
17
100
AcDbEntity
  8
RBAR-T8-G
100
AcDbVertex
100
AcDb3dPolylineVertex
 10
245.1
 20
34.0
 30
925.9
 70
32
  0
VERTEX
  5
142B
330
17
100
AcDbEntity
  8
RBAR-T8-G
100
AcDbVertex
100
AcDb3dPolylineVertex
 10
242.3
 20
34.0
 30
924.4
 70
32
  0
VERTEX
  5
142C
330
17
100
AcDbEntity
  8
RBAR-T8-G
100
AcDbVertex
100
AcDb3dPolylineVertex
 10
239.8
 20
34.0
 30
922.4
 70
32
  0
VERTEX
  5
142D
330
17
100
AcDbEntity
  8
RBAR-T8-G
100
AcDbVertex
100
AcDb3dPolylineVertex
 10
237.8
 20
34.0
 30
919.9
 70
32
  0
VERTEX
  5
142E
330
17
100
AcDbEntity
  8
RBAR-T8-G
100
AcDbVertex
100
AcDb3dPolylineVertex
 10
236.2
 20
34.0
 30
917.1
 70
32
  0
VERTEX
  5
142F
330
17
100
AcDbEntity
  8
RBAR-T8-G
100
AcDbVertex
100
AcDb3dPolylineVertex
 10
235.3
 20
34.0
 30
914.0
 70
32
  0
VERTEX
  5
1430
330
17
100
AcDbEntity
  8
RBAR-T8-G
100
AcDbVertex
100
AcDb3dPolylineVertex
 10
235.0
 20
34.0
 30
910.8
 70
32
  0
VERTEX
  5
1431
330
17
100
AcDbEntity
  8
RBAR-T8-G
100
AcDbVertex
100
AcDb3dPolylineVertex
 10
235.0
 20
34.0
 30
542.6
 70
32
  0
VERTEX
  5
1432
330
17
100
AcDbEntity
  8
RBAR-T8-G
100
AcDbVertex
100
AcDb3dPolylineVertex
 10
235.3
 20
34.0
 30
539.4
 70
32
  0
VERTEX
  5
1433
330
17
100
AcDbEntity
  8
RBAR-T8-G
100
AcDbVertex
100
AcDb3dPolylineVertex
 10
236.2
 20
34.0
 30
536.3
 70
32
  0
VERTEX
  5
1434
330
17
100
AcDbEntity
  8
RBAR-T8-G
100
AcDbVertex
100
AcDb3dPolylineVertex
 10
237.8
 20
34.0
 30
533.5
 70
32
  0
VERTEX
  5
1435
330
17
100
AcDbEntity
  8
RBAR-T8-G
100
AcDbVertex
100
AcDb3dPolylineVertex
 10
239.8
 20
34.0
 30
531.0
 70
32
  0
VERTEX
  5
1436
330
17
100
AcDbEntity
  8
RBAR-T8-G
100
AcDbVertex
100
AcDb3dPolylineVertex
 10
242.3
 20
34.0
 30
529.0
 70
32
  0
VERTEX
  5
1437
330
17
100
AcDbEntity
  8
RBAR-T8-G
100
AcDbVertex
100
AcDb3dPolylineVertex
 10
245.1
 20
34.0
 30
527.5
 70
32
  0
VERTEX
  5
1438
330
17
100
AcDbEntity
  8
RBAR-T8-G
100
AcDbVertex
100
AcDb3dPolylineVertex
 10
248.2
 20
34.0
 30
526.5
 70
32
  0
VERTEX
  5
1439
330
17
100
AcDbEntity
  8
RBAR-T8-G
100
AcDbVertex
100
AcDb3dPolylineVertex
 10
251.4
 20
34.0
 30
526.2
 70
32
  0
VERTEX
  5
143A
330
17
100
AcDbEntity
  8
RBAR-T8-G
100
AcDbVertex
100
AcDb3dPolylineVertex
 10
358.8
 20
34.0
 30
526.2
 70
32
  0
VERTEX
  5
143B
330
17
100
AcDbEntity
  8
RBAR-T8-G
100
AcDbVertex
100
AcDb3dPolylineVertex
 10
362.0
 20
34.0
 30
526.5
 70
32
  0
VERTEX
  5
143C
330
17
100
AcDbEntity
  8
RBAR-T8-G
100
AcDbVertex
100
AcDb3dPolylineVertex
 10
365.0
 20
34.0
 30
527.5
 70
32
  0
VERTEX
  5
143D
330
17
100
AcDbEntity
  8
RBAR-T8-G
100
AcDbVertex
100
AcDb3dPolylineVertex
 10
367.9
 20
34.0
 30
529.0
 70
32
  0
VERTEX
  5
143E
330
17
100
AcDbEntity
  8
RBAR-T8-G
100
AcDbVertex
100
AcDb3dPolylineVertex
 10
370.3
 20
34.0
 30
531.0
 70
32
  0
VERTEX
  5
143F
330
17
100
AcDbEntity
  8
RBAR-T8-G
100
AcDbVertex
100
AcDb3dPolylineVertex
 10
372.4
 20
34.0
 30
533.5
 70
32
  0
VERTEX
  5
1440
330
17
100
AcDbEntity
  8
RBAR-T8-G
100
AcDbVertex
100
AcDb3dPolylineVertex
 10
373.9
 20
34.0
 30
536.3
 70
32
  0
VERTEX
  5
1441
330
17
100
AcDbEntity
  8
RBAR-T8-G
100
AcDbVertex
100
AcDb3dPolylineVertex
 10
374.8
 20
34.0
 30
539.4
 70
32
  0
VERTEX
  5
1442
330
17
100
AcDbEntity
  8
RBAR-T8-G
100
AcDbVertex
100
AcDb3dPolylineVertex
 10
375.1
 20
34.0
 30
542.6
 70
32
  0
VERTEX
  5
1443
330
17
100
AcDbEntity
  8
RBAR-T8-G
100
AcDbVertex
100
AcDb3dPolylineVertex
 10
375.1
 20
34.0
 30
859.7
 70
32
  0
SEQEND
  5
141D
330
141C
100
AcDbEntity
  8
RBAR-T8-G
  0
POLYLINE
  5
1444
330
17
100
AcDbEntity
  8
RBAR-T8-G
100
AcDb3dPolyline
 66
1
 10
0.0
 20
0.0
 30
0.0
 70
8
  0
VERTEX
  5
1446
330
17
100
AcDbEntity
  8
RBAR-T8-G
100
AcDbVertex
100
AcDb3dPolylineVertex
 10
870.7
 20
34.0
 30
839.2
 70
32
  0
VERTEX
  5
1447
330
17
100
AcDbEntity
  8
RBAR-T8-G
100
AcDbVertex
100
AcDb3dPolylineVertex
 10
870.7
 20
34.0
 30
910.8
 70
32
  0
VERTEX
  5
1448
330
17
100
AcDbEntity
  8
RBAR-T8-G
100
AcDbVertex
100
AcDb3dPolylineVertex
 10
870.4
 20
34.0
 30
914.0
 70
32
  0
VERTEX
  5
1449
330
17
100
AcDbEntity
  8
RBAR-T8-G
100
AcDbVertex
100
AcDb3dPolylineVertex
 10
869.5
 20
34.0
 30
917.1
 70
32
  0
VERTEX
  5
144A
330
17
100
AcDbEntity
  8
RBAR-T8-G
100
AcDbVertex
100
AcDb3dPolylineVertex
 10
868.0
 20
34.0
 30
919.9
 70
32
  0
VERTEX
  5
144B
330
17
100
AcDbEntity
  8
RBAR-T8-G
100
AcDbVertex
100
AcDb3dPolylineVertex
 10
865.9
 20
34.0
 30
922.4
 70
32
  0
VERTEX
  5
144C
330
17
100
AcDbEntity
  8
RBAR-T8-G
100
AcDbVertex
100
AcDb3dPolylineVertex
 10
863.4
 20
34.0
 30
924.4
 70
32
  0
VERTEX
  5
144D
330
17
100
AcDbEntity
  8
RBAR-T8-G
100
AcDbVertex
100
AcDb3dPolylineVertex
 10
860.6
 20
34.0
 30
925.9
 70
32
  0
VERTEX
  5
144E
330
17
100
AcDbEntity
  8
RBAR-T8-G
100
AcDbVertex
100
AcDb3dPolylineVertex
 10
857.5
 20
34.0
 30
926.9
 70
32
  0
VERTEX
  5
144F
330
17
100
AcDbEntity
  8
RBAR-T8-G
100
AcDbVertex
100
AcDb3dPolylineVertex
 10
854.3
 20
34.0
 30
927.2
 70
32
  0
VERTEX
  5
1450
330
17
100
AcDbEntity
  8
RBAR-T8-G
100
AcDbVertex
100
AcDb3dPolylineVertex
 10
721.4
 20
34.0
 30
927.2
 70
32
  0
VERTEX
  5
1451
330
17
100
AcDbEntity
  8
RBAR-T8-G
100
AcDbVertex
100
AcDb3dPolylineVertex
 10
718.2
 20
34.0
 30
926.9
 70
32
  0
VERTEX
  5
1452
330
17
100
AcDbEntity
  8
RBAR-T8-G
100
AcDbVertex
100
AcDb3dPolylineVertex
 10
715.1
 20
34.0
 30
925.9
 70
32
  0
VERTEX
  5
1453
330
17
100
AcDbEntity
  8
RBAR-T8-G
100
AcDbVertex
100
AcDb3dPolylineVertex
 10
712.3
 20
34.0
 30
924.4
 70
32
  0
VERTEX
  5
1454
330
17
100
AcDbEntity
  8
RBAR-T8-G
100
AcDbVertex
100
AcDb3dPolylineVertex
 10
709.8
 20
34.0
 30
922.4
 70
32
  0
VERTEX
  5
1455
330
17
100
AcDbEntity
  8
RBAR-T8-G
100
AcDbVertex
100
AcDb3dPolylineVertex
 10
707.8
 20
34.0
 30
919.9
 70
32
  0
VERTEX
  5
1456
330
17
100
AcDbEntity
  8
RBAR-T8-G
100
AcDbVertex
100
AcDb3dPolylineVertex
 10
706.2
 20
34.0
 30
917.1
 70
32
  0
VERTEX
  5
1457
330
17
100
AcDbEntity
  8
RBAR-T8-G
100
AcDbVertex
100
AcDb3dPolylineVertex
 10
705.3
 20
34.0
 30
914.0
 70
32
  0
VERTEX
  5
1458
330
17
100
AcDbEntity
  8
RBAR-T8-G
100
AcDbVertex
100
AcDb3dPolylineVertex
 10
705.0
 20
34.0
 30
910.8
 70
32
  0
VERTEX
  5
1459
330
17
100
AcDbEntity
  8
RBAR-T8-G
100
AcDbVertex
100
AcDb3dPolylineVertex
 10
705.0
 20
34.0
 30
542.6
 70
32
  0
VERTEX
  5
145A
330
17
100
AcDbEntity
  8
RBAR-T8-G
100
AcDbVertex
100
AcDb3dPolylineVertex
 10
705.3
 20
34.0
 30
539.4
 70
32
  0
VERTEX
  5
145B
330
17
100
AcDbEntity
  8
RBAR-T8-G
100
AcDbVertex
100
AcDb3dPolylineVertex
 10
706.2
 20
34.0
 30
536.3
 70
32
  0
VERTEX
  5
145C
330
17
100
AcDbEntity
  8
RBAR-T8-G
100
AcDbVertex
100
AcDb3dPolylineVertex
 10
707.8
 20
34.0
 30
533.5
 70
32
  0
VERTEX
  5
145D
330
17
100
AcDbEntity
  8
RBAR-T8-G
100
AcDbVertex
100
AcDb3dPolylineVertex
 10
709.8
 20
34.0
 30
531.0
 70
32
  0
VERTEX
  5
145E
330
17
100
AcDbEntity
  8
RBAR-T8-G
100
AcDbVertex
100
AcDb3dPolylineVertex
 10
712.3
 20
34.0
 30
529.0
 70
32
  0
VERTEX
  5
145F
330
17
100
AcDbEntity
  8
RBAR-T8-G
100
AcDbVertex
100
AcDb3dPolylineVertex
 10
715.1
 20
34.0
 30
527.5
 70
32
  0
VERTEX
  5
1460
330
17
100
AcDbEntity
  8
RBAR-T8-G
100
AcDbVertex
100
AcDb3dPolylineVertex
 10
718.2
 20
34.0
 30
526.5
 70
32
  0
VERTEX
  5
1461
330
17
100
AcDbEntity
  8
RBAR-T8-G
100
AcDbVertex
100
AcDb3dPolylineVertex
 10
721.4
 20
34.0
 30
526.2
 70
32
  0
VERTEX
  5
1462
330
17
100
AcDbEntity
  8
RBAR-T8-G
100
AcDbVertex
100
AcDb3dPolylineVertex
 10
828.8
 20
34.0
 30
526.2
 70
32
  0
VERTEX
  5
1463
330
17
100
AcDbEntity
  8
RBAR-T8-G
100
AcDbVertex
100
AcDb3dPolylineVertex
 10
832.0
 20
34.0
 30
526.5
 70
32
  0
VERTEX
  5
1464
330
17
100
AcDbEntity
  8
RBAR-T8-G
100
AcDbVertex
100
AcDb3dPolylineVertex
 10
835.0
 20
34.0
 30
527.5
 70
32
  0
VERTEX
  5
1465
330
17
100
AcDbEntity
  8
RBAR-T8-G
100
AcDbVertex
100
AcDb3dPolylineVertex
 10
837.9
 20
34.0
 30
529.0
 70
32
  0
VERTEX
  5
1466
330
17
100
AcDbEntity
  8
RBAR-T8-G
100
AcDbVertex
100
AcDb3dPolylineVertex
 10
840.3
 20
34.0
 30
531.0
 70
32
  0
VERTEX
  5
1467
330
17
100
AcDbEntity
  8
RBAR-T8-G
100
AcDbVertex
100
AcDb3dPolylineVertex
 10
842.4
 20
34.0
 30
533.5
 70
32
  0
VERTEX
  5
1468
330
17
100
AcDbEntity
  8
RBAR-T8-G
100
AcDbVertex
100
AcDb3dPolylineVertex
 10
843.9
 20
34.0
 30
536.3
 70
32
  0
VERTEX
  5
1469
330
17
100
AcDbEntity
  8
RBAR-T8-G
100
AcDbVertex
100
AcDb3dPolylineVertex
 10
844.8
 20
34.0
 30
539.4
 70
32
  0
VERTEX
  5
146A
330
17
100
AcDbEntity
  8
RBAR-T8-G
100
AcDbVertex
100
AcDb3dPolylineVertex
 10
845.1
 20
34.0
 30
542.6
 70
32
  0
VERTEX
  5
146B
330
17
100
AcDbEntity
  8
RBAR-T8-G
100
AcDbVertex
100
AcDb3dPolylineVertex
 10
845.1
 20
34.0
 30
859.7
 70
32
  0
SEQEND
  5
1445
330
1444
100
AcDbEntity
  8
RBAR-T8-G
  0
POLYLINE
  5
146C
330
17
100
AcDbEntity
  8
RBAR-T8-G
100
AcDb3dPolyline
 66
1
 10
0.0
 20
0.0
 30
0.0
 70
8
  0
VERTEX
  5
146E
330
17
100
AcDbEntity
  8
RBAR-T8-G
100
AcDbVertex
100
AcDb3dPolylineVertex
 10
1340.7
 20
34.0
 30
839.2
 70
32
  0
VERTEX
  5
146F
330
17
100
AcDbEntity
  8
RBAR-T8-G
100
AcDbVertex
100
AcDb3dPolylineVertex
 10
1340.7
 20
34.0
 30
910.8
 70
32
  0
VERTEX
  5
1470
330
17
100
AcDbEntity
  8
RBAR-T8-G
100
AcDbVertex
100
AcDb3dPolylineVertex
 10
1340.4
 20
34.0
 30
914.0
 70
32
  0
VERTEX
  5
1471
330
17
100
AcDbEntity
  8
RBAR-T8-G
100
AcDbVertex
100
AcDb3dPolylineVertex
 10
1339.5
 20
34.0
 30
917.1
 70
32
  0
VERTEX
  5
1472
330
17
100
AcDbEntity
  8
RBAR-T8-G
100
AcDbVertex
100
AcDb3dPolylineVertex
 10
1338.0
 20
34.0
 30
919.9
 70
32
  0
VERTEX
  5
1473
330
17
100
AcDbEntity
  8
RBAR-T8-G
100
AcDbVertex
100
AcDb3dPolylineVertex
 10
1335.9
 20
34.0
 30
922.4
 70
32
  0
VERTEX
  5
1474
330
17
100
AcDbEntity
  8
RBAR-T8-G
100
AcDbVertex
100
AcDb3dPolylineVertex
 10
1333.4
 20
34.0
 30
924.4
 70
32
  0
VERTEX
  5
1475
330
17
100
AcDbEntity
  8
RBAR-T8-G
100
AcDbVertex
100
AcDb3dPolylineVertex
 10
1330.6
 20
34.0
 30
925.9
 70
32
  0
VERTEX
  5
1476
330
17
100
AcDbEntity
  8
RBAR-T8-G
100
AcDbVertex
100
AcDb3dPolylineVertex
 10
1327.5
 20
34.0
 30
926.9
 70
32
  0
VERTEX
  5
1477
330
17
100
AcDbEntity
  8
RBAR-T8-G
100
AcDbVertex
100
AcDb3dPolylineVertex
 10
1324.3
 20
34.0
 30
927.2
 70
32
  0
VERTEX
  5
1478
330
17
100
AcDbEntity
  8
RBAR-T8-G
100
AcDbVertex
100
AcDb3dPolylineVertex
 10
1191.4
 20
34.0
 30
927.2
 70
32
  0
VERTEX
  5
1479
330
17
100
AcDbEntity
  8
RBAR-T8-G
100
AcDbVertex
100
AcDb3dPolylineVertex
 10
1188.2
 20
34.0
 30
926.9
 70
32
  0
VERTEX
  5
147A
330
17
100
AcDbEntity
  8
RBAR-T8-G
100
AcDbVertex
100
AcDb3dPolylineVertex
 10
1185.1
 20
34.0
 30
925.9
 70
32
  0
VERTEX
  5
147B
330
17
100
AcDbEntity
  8
RBAR-T8-G
100
AcDbVertex
100
AcDb3dPolylineVertex
 10
1182.3
 20
34.0
 30
924.4
 70
32
  0
VERTEX
  5
147C
330
17
100
AcDbEntity
  8
RBAR-T8-G
100
AcDbVertex
100
AcDb3dPolylineVertex
 10
1179.8
 20
34.0
 30
922.4
 70
32
  0
VERTEX
  5
147D
330
17
100
AcDbEntity
  8
RBAR-T8-G
100
AcDbVertex
100
AcDb3dPolylineVertex
 10
1177.8
 20
34.0
 30
919.9
 70
32
  0
VERTEX
  5
147E
330
17
100
AcDbEntity
  8
RBAR-T8-G
100
AcDbVertex
100
AcDb3dPolylineVertex
 10
1176.2
 20
34.0
 30
917.1
 70
32
  0
VERTEX
  5
147F
330
17
100
AcDbEntity
  8
RBAR-T8-G
100
AcDbVertex
100
AcDb3dPolylineVertex
 10
1175.3
 20
34.0
 30
914.0
 70
32
  0
VERTEX
  5
1480
330
17
100
AcDbEntity
  8
RBAR-T8-G
100
AcDbVertex
100
AcDb3dPolylineVertex
 10
1175.0
 20
34.0
 30
910.8
 70
32
  0
VERTEX
  5
1481
330
17
100
AcDbEntity
  8
RBAR-T8-G
100
AcDbVertex
100
AcDb3dPolylineVertex
 10
1175.0
 20
34.0
 30
542.6
 70
32
  0
VERTEX
  5
1482
330
17
100
AcDbEntity
  8
RBAR-T8-G
100
AcDbVertex
100
AcDb3dPolylineVertex
 10
1175.3
 20
34.0
 30
539.4
 70
32
  0
VERTEX
  5
1483
330
17
100
AcDbEntity
  8
RBAR-T8-G
100
AcDbVertex
100
AcDb3dPolylineVertex
 10
1176.2
 20
34.0
 30
536.3
 70
32
  0
VERTEX
  5
1484
330
17
100
AcDbEntity
  8
RBAR-T8-G
100
AcDbVertex
100
AcDb3dPolylineVertex
 10
1177.8
 20
34.0
 30
533.5
 70
32
  0
VERTEX
  5
1485
330
17
100
AcDbEntity
  8
RBAR-T8-G
100
AcDbVertex
100
AcDb3dPolylineVertex
 10
1179.8
 20
34.0
 30
531.0
 70
32
  0
VERTEX
  5
1486
330
17
100
AcDbEntity
  8
RBAR-T8-G
100
AcDbVertex
100
AcDb3dPolylineVertex
 10
1182.3
 20
34.0
 30
529.0
 70
32
  0
VERTEX
  5
1487
330
17
100
AcDbEntity
  8
RBAR-T8-G
100
AcDbVertex
100
AcDb3dPolylineVertex
 10
1185.1
 20
34.0
 30
527.5
 70
32
  0
VERTEX
  5
1488
330
17
100
AcDbEntity
  8
RBAR-T8-G
100
AcDbVertex
100
AcDb3dPolylineVertex
 10
1188.2
 20
34.0
 30
526.5
 70
32
  0
VERTEX
  5
1489
330
17
100
AcDbEntity
  8
RBAR-T8-G
100
AcDbVertex
100
AcDb3dPolylineVertex
 10
1191.4
 20
34.0
 30
526.2
 70
32
  0
VERTEX
  5
148A
330
17
100
AcDbEntity
  8
RBAR-T8-G
100
AcDbVertex
100
AcDb3dPolylineVertex
 10
1298.8
 20
34.0
 30
526.2
 70
32
  0
VERTEX
  5
148B
330
17
100
AcDbEntity
  8
RBAR-T8-G
100
AcDbVertex
100
AcDb3dPolylineVertex
 10
1302.0
 20
34.0
 30
526.5
 70
32
  0
VERTEX
  5
148C
330
17
100
AcDbEntity
  8
RBAR-T8-G
100
AcDbVertex
100
AcDb3dPolylineVertex
 10
1305.0
 20
34.0
 30
527.5
 70
32
  0
VERTEX
  5
148D
330
17
100
AcDbEntity
  8
RBAR-T8-G
100
AcDbVertex
100
AcDb3dPolylineVertex
 10
1307.9
 20
34.0
 30
529.0
 70
32
  0
VERTEX
  5
148E
330
17
100
AcDbEntity
  8
RBAR-T8-G
100
AcDbVertex
100
AcDb3dPolylineVertex
 10
1310.3
 20
34.0
 30
531.0
 70
32
  0
VERTEX
  5
148F
330
17
100
AcDbEntity
  8
RBAR-T8-G
100
AcDbVertex
100
AcDb3dPolylineVertex
 10
1312.4
 20
34.0
 30
533.5
 70
32
  0
VERTEX
  5
1490
330
17
100
AcDbEntity
  8
RBAR-T8-G
100
AcDbVertex
100
AcDb3dPolylineVertex
 10
1313.9
 20
34.0
 30
536.3
 70
32
  0
VERTEX
  5
1491
330
17
100
AcDbEntity
  8
RBAR-T8-G
100
AcDbVertex
100
AcDb3dPolylineVertex
 10
1314.8
 20
34.0
 30
539.4
 70
32
  0
VERTEX
  5
1492
330
17
100
AcDbEntity
  8
RBAR-T8-G
100
AcDbVertex
100
AcDb3dPolylineVertex
 10
1315.1
 20
34.0
 30
542.6
 70
32
  0
VERTEX
  5
1493
330
17
100
AcDbEntity
  8
RBAR-T8-G
100
AcDbVertex
100
AcDb3dPolylineVertex
 10
1315.1
 20
34.0
 30
859.7
 70
32
  0
SEQEND
  5
146D
330
146C
100
AcDbEntity
  8
RBAR-T8-G
  0
POLYLINE
  5
1494
330
17
100
AcDbEntity
  8
RBAR-T8-G
100
AcDb3dPolyline
 66
1
 10
0.0
 20
0.0
 30
0.0
 70
8
  0
VERTEX
  5
1496
330
17
100
AcDbEntity
  8
RBAR-T8-G
100
AcDbVertex
100
AcDb3dPolylineVertex
 10
1810.7
 20
34.0
 30
839.2
 70
32
  0
VERTEX
  5
1497
330
17
100
AcDbEntity
  8
RBAR-T8-G
100
AcDbVertex
100
AcDb3dPolylineVertex
 10
1810.7
 20
34.0
 30
910.8
 70
32
  0
VERTEX
  5
1498
330
17
100
AcDbEntity
  8
RBAR-T8-G
100
AcDbVertex
100
AcDb3dPolylineVertex
 10
1810.4
 20
34.0
 30
914.0
 70
32
  0
VERTEX
  5
1499
330
17
100
AcDbEntity
  8
RBAR-T8-G
100
AcDbVertex
100
AcDb3dPolylineVertex
 10
1809.5
 20
34.0
 30
917.1
 70
32
  0
VERTEX
  5
149A
330
17
100
AcDbEntity
  8
RBAR-T8-G
100
AcDbVertex
100
AcDb3dPolylineVertex
 10
1808.0
 20
34.0
 30
919.9
 70
32
  0
VERTEX
  5
149B
330
17
100
AcDbEntity
  8
RBAR-T8-G
100
AcDbVertex
100
AcDb3dPolylineVertex
 10
1805.9
 20
34.0
 30
922.4
 70
32
  0
VERTEX
  5
149C
330
17
100
AcDbEntity
  8
RBAR-T8-G
100
AcDbVertex
100
AcDb3dPolylineVertex
 10
1803.4
 20
34.0
 30
924.4
 70
32
  0
VERTEX
  5
149D
330
17
100
AcDbEntity
  8
RBAR-T8-G
100
AcDbVertex
100
AcDb3dPolylineVertex
 10
1800.6
 20
34.0
 30
925.9
 70
32
  0
VERTEX
  5
149E
330
17
100
AcDbEntity
  8
RBAR-T8-G
100
AcDbVertex
100
AcDb3dPolylineVertex
 10
1797.5
 20
34.0
 30
926.9
 70
32
  0
VERTEX
  5
149F
330
17
100
AcDbEntity
  8
RBAR-T8-G
100
AcDbVertex
100
AcDb3dPolylineVertex
 10
1794.3
 20
34.0
 30
927.2
 70
32
  0
VERTEX
  5
14A0
330
17
100
AcDbEntity
  8
RBAR-T8-G
100
AcDbVertex
100
AcDb3dPolylineVertex
 10
1661.4
 20
34.0
 30
927.2
 70
32
  0
VERTEX
  5
14A1
330
17
100
AcDbEntity
  8
RBAR-T8-G
100
AcDbVertex
100
AcDb3dPolylineVertex
 10
1658.2
 20
34.0
 30
926.9
 70
32
  0
VERTEX
  5
14A2
330
17
100
AcDbEntity
  8
RBAR-T8-G
100
AcDbVertex
100
AcDb3dPolylineVertex
 10
1655.1
 20
34.0
 30
925.9
 70
32
  0
VERTEX
  5
14A3
330
17
100
AcDbEntity
  8
RBAR-T8-G
100
AcDbVertex
100
AcDb3dPolylineVertex
 10
1652.3
 20
34.0
 30
924.4
 70
32
  0
VERTEX
  5
14A4
330
17
100
AcDbEntity
  8
RBAR-T8-G
100
AcDbVertex
100
AcDb3dPolylineVertex
 10
1649.8
 20
34.0
 30
922.4
 70
32
  0
VERTEX
  5
14A5
330
17
100
AcDbEntity
  8
RBAR-T8-G
100
AcDbVertex
100
AcDb3dPolylineVertex
 10
1647.8
 20
34.0
 30
919.9
 70
32
  0
VERTEX
  5
14A6
330
17
100
AcDbEntity
  8
RBAR-T8-G
100
AcDbVertex
100
AcDb3dPolylineVertex
 10
1646.2
 20
34.0
 30
917.1
 70
32
  0
VERTEX
  5
14A7
330
17
100
AcDbEntity
  8
RBAR-T8-G
100
AcDbVertex
100
AcDb3dPolylineVertex
 10
1645.3
 20
34.0
 30
914.0
 70
32
  0
VERTEX
  5
14A8
330
17
100
AcDbEntity
  8
RBAR-T8-G
100
AcDbVertex
100
AcDb3dPolylineVertex
 10
1645.0
 20
34.0
 30
910.8
 70
32
  0
VERTEX
  5
14A9
330
17
100
AcDbEntity
  8
RBAR-T8-G
100
AcDbVertex
100
AcDb3dPolylineVertex
 10
1645.0
 20
34.0
 30
542.6
 70
32
  0
VERTEX
  5
14AA
330
17
100
AcDbEntity
  8
RBAR-T8-G
100
AcDbVertex
100
AcDb3dPolylineVertex
 10
1645.3
 20
34.0
 30
539.4
 70
32
  0
VERTEX
  5
14AB
330
17
100
AcDbEntity
  8
RBAR-T8-G
100
AcDbVertex
100
AcDb3dPolylineVertex
 10
1646.2
 20
34.0
 30
536.3
 70
32
  0
VERTEX
  5
14AC
330
17
100
AcDbEntity
  8
RBAR-T8-G
100
AcDbVertex
100
AcDb3dPolylineVertex
 10
1647.8
 20
34.0
 30
533.5
 70
32
  0
VERTEX
  5
14AD
330
17
100
AcDbEntity
  8
RBAR-T8-G
100
AcDbVertex
100
AcDb3dPolylineVertex
 10
1649.8
 20
34.0
 30
531.0
 70
32
  0
VERTEX
  5
14AE
330
17
100
AcDbEntity
  8
RBAR-T8-G
100
AcDbVertex
100
AcDb3dPolylineVertex
 10
1652.3
 20
34.0
 30
529.0
 70
32
  0
VERTEX
  5
14AF
330
17
100
AcDbEntity
  8
RBAR-T8-G
100
AcDbVertex
100
AcDb3dPolylineVertex
 10
1655.1
 20
34.0
 30
527.5
 70
32
  0
VERTEX
  5
14B0
330
17
100
AcDbEntity
  8
RBAR-T8-G
100
AcDbVertex
100
AcDb3dPolylineVertex
 10
1658.2
 20
34.0
 30
526.5
 70
32
  0
VERTEX
  5
14B1
330
17
100
AcDbEntity
  8
RBAR-T8-G
100
AcDbVertex
100
AcDb3dPolylineVertex
 10
1661.4
 20
34.0
 30
526.2
 70
32
  0
VERTEX
  5
14B2
330
17
100
AcDbEntity
  8
RBAR-T8-G
100
AcDbVertex
100
AcDb3dPolylineVertex
 10
1768.8
 20
34.0
 30
526.2
 70
32
  0
VERTEX
  5
14B3
330
17
100
AcDbEntity
  8
RBAR-T8-G
100
AcDbVertex
100
AcDb3dPolylineVertex
 10
1772.0
 20
34.0
 30
526.5
 70
32
  0
VERTEX
  5
14B4
330
17
100
AcDbEntity
  8
RBAR-T8-G
100
AcDbVertex
100
AcDb3dPolylineVertex
 10
1775.0
 20
34.0
 30
527.5
 70
32
  0
VERTEX
  5
14B5
330
17
100
AcDbEntity
  8
RBAR-T8-G
100
AcDbVertex
100
AcDb3dPolylineVertex
 10
1777.9
 20
34.0
 30
529.0
 70
32
  0
VERTEX
  5
14B6
330
17
100
AcDbEntity
  8
RBAR-T8-G
100
AcDbVertex
100
AcDb3dPolylineVertex
 10
1780.3
 20
34.0
 30
531.0
 70
32
  0
VERTEX
  5
14B7
330
17
100
AcDbEntity
  8
RBAR-T8-G
100
AcDbVertex
100
AcDb3dPolylineVertex
 10
1782.4
 20
34.0
 30
533.5
 70
32
  0
VERTEX
  5
14B8
330
17
100
AcDbEntity
  8
RBAR-T8-G
100
AcDbVertex
100
AcDb3dPolylineVertex
 10
1783.9
 20
34.0
 30
536.3
 70
32
  0
VERTEX
  5
14B9
330
17
100
AcDbEntity
  8
RBAR-T8-G
100
AcDbVertex
100
AcDb3dPolylineVertex
 10
1784.8
 20
34.0
 30
539.4
 70
32
  0
VERTEX
  5
14BA
330
17
100
AcDbEntity
  8
RBAR-T8-G
100
AcDbVertex
100
AcDb3dPolylineVertex
 10
1785.1
 20
34.0
 30
542.6
 70
32
  0
VERTEX
  5
14BB
330
17
100
AcDbEntity
  8
RBAR-T8-G
100
AcDbVertex
100
AcDb3dPolylineVertex
 10
1785.1
 20
34.0
 30
859.7
 70
32
  0
SEQEND
  5
1495
330
1494
100
AcDbEntity
  8
RBAR-T8-G
  0
POLYLINE
  5
14BC
330
17
100
AcDbEntity
  8
RBAR-T8-G
100
AcDb3dPolyline
 66
1
 10
0.0
 20
0.0
 30
0.0
 70
8
  0
VERTEX
  5
14BE
330
17
100
AcDbEntity
  8
RBAR-T8-G
100
AcDbVertex
100
AcDb3dPolylineVertex
 10
2280.7
 20
34.0
 30
839.2
 70
32
  0
VERTEX
  5
14BF
330
17
100
AcDbEntity
  8
RBAR-T8-G
100
AcDbVertex
100
AcDb3dPolylineVertex
 10
2280.7
 20
34.0
 30
910.8
 70
32
  0
VERTEX
  5
14C0
330
17
100
AcDbEntity
  8
RBAR-T8-G
100
AcDbVertex
100
AcDb3dPolylineVertex
 10
2280.4
 20
34.0
 30
914.0
 70
32
  0
VERTEX
  5
14C1
330
17
100
AcDbEntity
  8
RBAR-T8-G
100
AcDbVertex
100
AcDb3dPolylineVertex
 10
2279.5
 20
34.0
 30
917.1
 70
32
  0
VERTEX
  5
14C2
330
17
100
AcDbEntity
  8
RBAR-T8-G
100
AcDbVertex
100
AcDb3dPolylineVertex
 10
2278.0
 20
34.0
 30
919.9
 70
32
  0
VERTEX
  5
14C3
330
17
100
AcDbEntity
  8
RBAR-T8-G
100
AcDbVertex
100
AcDb3dPolylineVertex
 10
2275.9
 20
34.0
 30
922.4
 70
32
  0
VERTEX
  5
14C4
330
17
100
AcDbEntity
  8
RBAR-T8-G
100
AcDbVertex
100
AcDb3dPolylineVertex
 10
2273.4
 20
34.0
 30
924.4
 70
32
  0
VERTEX
  5
14C5
330
17
100
AcDbEntity
  8
RBAR-T8-G
100
AcDbVertex
100
AcDb3dPolylineVertex
 10
2270.6
 20
34.0
 30
925.9
 70
32
  0
VERTEX
  5
14C6
330
17
100
AcDbEntity
  8
RBAR-T8-G
100
AcDbVertex
100
AcDb3dPolylineVertex
 10
2267.5
 20
34.0
 30
926.9
 70
32
  0
VERTEX
  5
14C7
330
17
100
AcDbEntity
  8
RBAR-T8-G
100
AcDbVertex
100
AcDb3dPolylineVertex
 10
2264.3
 20
34.0
 30
927.2
 70
32
  0
VERTEX
  5
14C8
330
17
100
AcDbEntity
  8
RBAR-T8-G
100
AcDbVertex
100
AcDb3dPolylineVertex
 10
2131.4
 20
34.0
 30
927.2
 70
32
  0
VERTEX
  5
14C9
330
17
100
AcDbEntity
  8
RBAR-T8-G
100
AcDbVertex
100
AcDb3dPolylineVertex
 10
2128.2
 20
34.0
 30
926.9
 70
32
  0
VERTEX
  5
14CA
330
17
100
AcDbEntity
  8
RBAR-T8-G
100
AcDbVertex
100
AcDb3dPolylineVertex
 10
2125.1
 20
34.0
 30
925.9
 70
32
  0
VERTEX
  5
14CB
330
17
100
AcDbEntity
  8
RBAR-T8-G
100
AcDbVertex
100
AcDb3dPolylineVertex
 10
2122.3
 20
34.0
 30
924.4
 70
32
  0
VERTEX
  5
14CC
330
17
100
AcDbEntity
  8
RBAR-T8-G
100
AcDbVertex
100
AcDb3dPolylineVertex
 10
2119.8
 20
34.0
 30
922.4
 70
32
  0
VERTEX
  5
14CD
330
17
100
AcDbEntity
  8
RBAR-T8-G
100
AcDbVertex
100
AcDb3dPolylineVertex
 10
2117.8
 20
34.0
 30
919.9
 70
32
  0
VERTEX
  5
14CE
330
17
100
AcDbEntity
  8
RBAR-T8-G
100
AcDbVertex
100
AcDb3dPolylineVertex
 10
2116.2
 20
34.0
 30
917.1
 70
32
  0
VERTEX
  5
14CF
330
17
100
AcDbEntity
  8
RBAR-T8-G
100
AcDbVertex
100
AcDb3dPolylineVertex
 10
2115.3
 20
34.0
 30
914.0
 70
32
  0
VERTEX
  5
14D0
330
17
100
AcDbEntity
  8
RBAR-T8-G
100
AcDbVertex
100
AcDb3dPolylineVertex
 10
2115.0
 20
34.0
 30
910.8
 70
32
  0
VERTEX
  5
14D1
330
17
100
AcDbEntity
  8
RBAR-T8-G
100
AcDbVertex
100
AcDb3dPolylineVertex
 10
2115.0
 20
34.0
 30
542.6
 70
32
  0
VERTEX
  5
14D2
330
17
100
AcDbEntity
  8
RBAR-T8-G
100
AcDbVertex
100
AcDb3dPolylineVertex
 10
2115.3
 20
34.0
 30
539.4
 70
32
  0
VERTEX
  5
14D3
330
17
100
AcDbEntity
  8
RBAR-T8-G
100
AcDbVertex
100
AcDb3dPolylineVertex
 10
2116.2
 20
34.0
 30
536.3
 70
32
  0
VERTEX
  5
14D4
330
17
100
AcDbEntity
  8
RBAR-T8-G
100
AcDbVertex
100
AcDb3dPolylineVertex
 10
2117.8
 20
34.0
 30
533.5
 70
32
  0
VERTEX
  5
14D5
330
17
100
AcDbEntity
  8
RBAR-T8-G
100
AcDbVertex
100
AcDb3dPolylineVertex
 10
2119.8
 20
34.0
 30
531.0
 70
32
  0
VERTEX
  5
14D6
330
17
100
AcDbEntity
  8
RBAR-T8-G
100
AcDbVertex
100
AcDb3dPolylineVertex
 10
2122.3
 20
34.0
 30
529.0
 70
32
  0
VERTEX
  5
14D7
330
17
100
AcDbEntity
  8
RBAR-T8-G
100
AcDbVertex
100
AcDb3dPolylineVertex
 10
2125.1
 20
34.0
 30
527.5
 70
32
  0
VERTEX
  5
14D8
330
17
100
AcDbEntity
  8
RBAR-T8-G
100
AcDbVertex
100
AcDb3dPolylineVertex
 10
2128.2
 20
34.0
 30
526.5
 70
32
  0
VERTEX
  5
14D9
330
17
100
AcDbEntity
  8
RBAR-T8-G
100
AcDbVertex
100
AcDb3dPolylineVertex
 10
2131.4
 20
34.0
 30
526.2
 70
32
  0
VERTEX
  5
14DA
330
17
100
AcDbEntity
  8
RBAR-T8-G
100
AcDbVertex
100
AcDb3dPolylineVertex
 10
2238.8
 20
34.0
 30
526.2
 70
32
  0
VERTEX
  5
14DB
330
17
100
AcDbEntity
  8
RBAR-T8-G
100
AcDbVertex
100
AcDb3dPolylineVertex
 10
2242.0
 20
34.0
 30
526.5
 70
32
  0
VERTEX
  5
14DC
330
17
100
AcDbEntity
  8
RBAR-T8-G
100
AcDbVertex
100
AcDb3dPolylineVertex
 10
2245.0
 20
34.0
 30
527.5
 70
32
  0
VERTEX
  5
14DD
330
17
100
AcDbEntity
  8
RBAR-T8-G
100
AcDbVertex
100
AcDb3dPolylineVertex
 10
2247.9
 20
34.0
 30
529.0
 70
32
  0
VERTEX
  5
14DE
330
17
100
AcDbEntity
  8
RBAR-T8-G
100
AcDbVertex
100
AcDb3dPolylineVertex
 10
2250.3
 20
34.0
 30
531.0
 70
32
  0
VERTEX
  5
14DF
330
17
100
AcDbEntity
  8
RBAR-T8-G
100
AcDbVertex
100
AcDb3dPolylineVertex
 10
2252.4
 20
34.0
 30
533.5
 70
32
  0
VERTEX
  5
14E0
330
17
100
AcDbEntity
  8
RBAR-T8-G
100
AcDbVertex
100
AcDb3dPolylineVertex
 10
2253.9
 20
34.0
 30
536.3
 70
32
  0
VERTEX
  5
14E1
330
17
100
AcDbEntity
  8
RBAR-T8-G
100
AcDbVertex
100
AcDb3dPolylineVertex
 10
2254.8
 20
34.0
 30
539.4
 70
32
  0
VERTEX
  5
14E2
330
17
100
AcDbEntity
  8
RBAR-T8-G
100
AcDbVertex
100
AcDb3dPolylineVertex
 10
2255.1
 20
34.0
 30
542.6
 70
32
  0
VERTEX
  5
14E3
330
17
100
AcDbEntity
  8
RBAR-T8-G
100
AcDbVertex
100
AcDb3dPolylineVertex
 10
2255.1
 20
34.0
 30
859.7
 70
32
  0
SEQEND
  5
14BD
330
14BC
100
AcDbEntity
  8
RBAR-T8-G
  0
POLYLINE
  5
14E4
330
17
100
AcDbEntity
  8
RBAR-T8-G
100
AcDb3dPolyline
 66
1
 10
0.0
 20
0.0
 30
0.0
 70
8
  0
VERTEX
  5
14E6
330
17
100
AcDbEntity
  8
RBAR-T8-G
100
AcDbVertex
100
AcDb3dPolylineVertex
 10
2750.7
 20
34.0
 30
839.2
 70
32
  0
VERTEX
  5
14E7
330
17
100
AcDbEntity
  8
RBAR-T8-G
100
AcDbVertex
100
AcDb3dPolylineVertex
 10
2750.7
 20
34.0
 30
910.8
 70
32
  0
VERTEX
  5
14E8
330
17
100
AcDbEntity
  8
RBAR-T8-G
100
AcDbVertex
100
AcDb3dPolylineVertex
 10
2750.4
 20
34.0
 30
914.0
 70
32
  0
VERTEX
  5
14E9
330
17
100
AcDbEntity
  8
RBAR-T8-G
100
AcDbVertex
100
AcDb3dPolylineVertex
 10
2749.5
 20
34.0
 30
917.1
 70
32
  0
VERTEX
  5
14EA
330
17
100
AcDbEntity
  8
RBAR-T8-G
100
AcDbVertex
100
AcDb3dPolylineVertex
 10
2748.0
 20
34.0
 30
919.9
 70
32
  0
VERTEX
  5
14EB
330
17
100
AcDbEntity
  8
RBAR-T8-G
100
AcDbVertex
100
AcDb3dPolylineVertex
 10
2745.9
 20
34.0
 30
922.4
 70
32
  0
VERTEX
  5
14EC
330
17
100
AcDbEntity
  8
RBAR-T8-G
100
AcDbVertex
100
AcDb3dPolylineVertex
 10
2743.4
 20
34.0
 30
924.4
 70
32
  0
VERTEX
  5
14ED
330
17
100
AcDbEntity
  8
RBAR-T8-G
100
AcDbVertex
100
AcDb3dPolylineVertex
 10
2740.6
 20
34.0
 30
925.9
 70
32
  0
VERTEX
  5
14EE
330
17
100
AcDbEntity
  8
RBAR-T8-G
100
AcDbVertex
100
AcDb3dPolylineVertex
 10
2737.5
 20
34.0
 30
926.9
 70
32
  0
VERTEX
  5
14EF
330
17
100
AcDbEntity
  8
RBAR-T8-G
100
AcDbVertex
100
AcDb3dPolylineVertex
 10
2734.3
 20
34.0
 30
927.2
 70
32
  0
VERTEX
  5
14F0
330
17
100
AcDbEntity
  8
RBAR-T8-G
100
AcDbVertex
100
AcDb3dPolylineVertex
 10
2601.4
 20
34.0
 30
927.2
 70
32
  0
VERTEX
  5
14F1
330
17
100
AcDbEntity
  8
RBAR-T8-G
100
AcDbVertex
100
AcDb3dPolylineVertex
 10
2598.2
 20
34.0
 30
926.9
 70
32
  0
VERTEX
  5
14F2
330
17
100
AcDbEntity
  8
RBAR-T8-G
100
AcDbVertex
100
AcDb3dPolylineVertex
 10
2595.1
 20
34.0
 30
925.9
 70
32
  0
VERTEX
  5
14F3
330
17
100
AcDbEntity
  8
RBAR-T8-G
100
AcDbVertex
100
AcDb3dPolylineVertex
 10
2592.3
 20
34.0
 30
924.4
 70
32
  0
VERTEX
  5
14F4
330
17
100
AcDbEntity
  8
RBAR-T8-G
100
AcDbVertex
100
AcDb3dPolylineVertex
 10
2589.8
 20
34.0
 30
922.4
 70
32
  0
VERTEX
  5
14F5
330
17
100
AcDbEntity
  8
RBAR-T8-G
100
AcDbVertex
100
AcDb3dPolylineVertex
 10
2587.8
 20
34.0
 30
919.9
 70
32
  0
VERTEX
  5
14F6
330
17
100
AcDbEntity
  8
RBAR-T8-G
100
AcDbVertex
100
AcDb3dPolylineVertex
 10
2586.2
 20
34.0
 30
917.1
 70
32
  0
VERTEX
  5
14F7
330
17
100
AcDbEntity
  8
RBAR-T8-G
100
AcDbVertex
100
AcDb3dPolylineVertex
 10
2585.3
 20
34.0
 30
914.0
 70
32
  0
VERTEX
  5
14F8
330
17
100
AcDbEntity
  8
RBAR-T8-G
100
AcDbVertex
100
AcDb3dPolylineVertex
 10
2585.0
 20
34.0
 30
910.8
 70
32
  0
VERTEX
  5
14F9
330
17
100
AcDbEntity
  8
RBAR-T8-G
100
AcDbVertex
100
AcDb3dPolylineVertex
 10
2585.0
 20
34.0
 30
542.6
 70
32
  0
VERTEX
  5
14FA
330
17
100
AcDbEntity
  8
RBAR-T8-G
100
AcDbVertex
100
AcDb3dPolylineVertex
 10
2585.3
 20
34.0
 30
539.4
 70
32
  0
VERTEX
  5
14FB
330
17
100
AcDbEntity
  8
RBAR-T8-G
100
AcDbVertex
100
AcDb3dPolylineVertex
 10
2586.2
 20
34.0
 30
536.3
 70
32
  0
VERTEX
  5
14FC
330
17
100
AcDbEntity
  8
RBAR-T8-G
100
AcDbVertex
100
AcDb3dPolylineVertex
 10
2587.8
 20
34.0
 30
533.5
 70
32
  0
VERTEX
  5
14FD
330
17
100
AcDbEntity
  8
RBAR-T8-G
100
AcDbVertex
100
AcDb3dPolylineVertex
 10
2589.8
 20
34.0
 30
531.0
 70
32
  0
VERTEX
  5
14FE
330
17
100
AcDbEntity
  8
RBAR-T8-G
100
AcDbVertex
100
AcDb3dPolylineVertex
 10
2592.3
 20
34.0
 30
529.0
 70
32
  0
VERTEX
  5
14FF
330
17
100
AcDbEntity
  8
RBAR-T8-G
100
AcDbVertex
100
AcDb3dPolylineVertex
 10
2595.1
 20
34.0
 30
527.5
 70
32
  0
VERTEX
  5
1500
330
17
100
AcDbEntity
  8
RBAR-T8-G
100
AcDbVertex
100
AcDb3dPolylineVertex
 10
2598.2
 20
34.0
 30
526.5
 70
32
  0
VERTEX
  5
1501
330
17
100
AcDbEntity
  8
RBAR-T8-G
100
AcDbVertex
100
AcDb3dPolylineVertex
 10
2601.4
 20
34.0
 30
526.2
 70
32
  0
VERTEX
  5
1502
330
17
100
AcDbEntity
  8
RBAR-T8-G
100
AcDbVertex
100
AcDb3dPolylineVertex
 10
2708.8
 20
34.0
 30
526.2
 70
32
  0
VERTEX
  5
1503
330
17
100
AcDbEntity
  8
RBAR-T8-G
100
AcDbVertex
100
AcDb3dPolylineVertex
 10
2712.0
 20
34.0
 30
526.5
 70
32
  0
VERTEX
  5
1504
330
17
100
AcDbEntity
  8
RBAR-T8-G
100
AcDbVertex
100
AcDb3dPolylineVertex
 10
2715.0
 20
34.0
 30
527.5
 70
32
  0
VERTEX
  5
1505
330
17
100
AcDbEntity
  8
RBAR-T8-G
100
AcDbVertex
100
AcDb3dPolylineVertex
 10
2717.9
 20
34.0
 30
529.0
 70
32
  0
VERTEX
  5
1506
330
17
100
AcDbEntity
  8
RBAR-T8-G
100
AcDbVertex
100
AcDb3dPolylineVertex
 10
2720.3
 20
34.0
 30
531.0
 70
32
  0
VERTEX
  5
1507
330
17
100
AcDbEntity
  8
RBAR-T8-G
100
AcDbVertex
100
AcDb3dPolylineVertex
 10
2722.4
 20
34.0
 30
533.5
 70
32
  0
VERTEX
  5
1508
330
17
100
AcDbEntity
  8
RBAR-T8-G
100
AcDbVertex
100
AcDb3dPolylineVertex
 10
2723.9
 20
34.0
 30
536.3
 70
32
  0
VERTEX
  5
1509
330
17
100
AcDbEntity
  8
RBAR-T8-G
100
AcDbVertex
100
AcDb3dPolylineVertex
 10
2724.8
 20
34.0
 30
539.4
 70
32
  0
VERTEX
  5
150A
330
17
100
AcDbEntity
  8
RBAR-T8-G
100
AcDbVertex
100
AcDb3dPolylineVertex
 10
2725.1
 20
34.0
 30
542.6
 70
32
  0
VERTEX
  5
150B
330
17
100
AcDbEntity
  8
RBAR-T8-G
100
AcDbVertex
100
AcDb3dPolylineVertex
 10
2725.1
 20
34.0
 30
859.7
 70
32
  0
SEQEND
  5
14E5
330
14E4
100
AcDbEntity
  8
RBAR-T8-G
  0
POLYLINE
  5
150C
330
17
100
AcDbEntity
  8
RBAR-T8-G
100
AcDb3dPolyline
 66
1
 10
0.0
 20
0.0
 30
0.0
 70
8
  0
VERTEX
  5
150E
330
17
100
AcDbEntity
  8
RBAR-T8-G
100
AcDbVertex
100
AcDb3dPolylineVertex
 10
3220.7
 20
34.0
 30
839.2
 70
32
  0
VERTEX
  5
150F
330
17
100
AcDbEntity
  8
RBAR-T8-G
100
AcDbVertex
100
AcDb3dPolylineVertex
 10
3220.7
 20
34.0
 30
910.8
 70
32
  0
VERTEX
  5
1510
330
17
100
AcDbEntity
  8
RBAR-T8-G
100
AcDbVertex
100
AcDb3dPolylineVertex
 10
3220.4
 20
34.0
 30
914.0
 70
32
  0
VERTEX
  5
1511
330
17
100
AcDbEntity
  8
RBAR-T8-G
100
AcDbVertex
100
AcDb3dPolylineVertex
 10
3219.5
 20
34.0
 30
917.1
 70
32
  0
VERTEX
  5
1512
330
17
100
AcDbEntity
  8
RBAR-T8-G
100
AcDbVertex
100
AcDb3dPolylineVertex
 10
3218.0
 20
34.0
 30
919.9
 70
32
  0
VERTEX
  5
1513
330
17
100
AcDbEntity
  8
RBAR-T8-G
100
AcDbVertex
100
AcDb3dPolylineVertex
 10
3215.9
 20
34.0
 30
922.4
 70
32
  0
VERTEX
  5
1514
330
17
100
AcDbEntity
  8
RBAR-T8-G
100
AcDbVertex
100
AcDb3dPolylineVertex
 10
3213.4
 20
34.0
 30
924.4
 70
32
  0
VERTEX
  5
1515
330
17
100
AcDbEntity
  8
RBAR-T8-G
100
AcDbVertex
100
AcDb3dPolylineVertex
 10
3210.6
 20
34.0
 30
925.9
 70
32
  0
VERTEX
  5
1516
330
17
100
AcDbEntity
  8
RBAR-T8-G
100
AcDbVertex
100
AcDb3dPolylineVertex
 10
3207.5
 20
34.0
 30
926.9
 70
32
  0
VERTEX
  5
1517
330
17
100
AcDbEntity
  8
RBAR-T8-G
100
AcDbVertex
100
AcDb3dPolylineVertex
 10
3204.3
 20
34.0
 30
927.2
 70
32
  0
VERTEX
  5
1518
330
17
100
AcDbEntity
  8
RBAR-T8-G
100
AcDbVertex
100
AcDb3dPolylineVertex
 10
3071.4
 20
34.0
 30
927.2
 70
32
  0
VERTEX
  5
1519
330
17
100
AcDbEntity
  8
RBAR-T8-G
100
AcDbVertex
100
AcDb3dPolylineVertex
 10
3068.2
 20
34.0
 30
926.9
 70
32
  0
VERTEX
  5
151A
330
17
100
AcDbEntity
  8
RBAR-T8-G
100
AcDbVertex
100
AcDb3dPolylineVertex
 10
3065.1
 20
34.0
 30
925.9
 70
32
  0
VERTEX
  5
151B
330
17
100
AcDbEntity
  8
RBAR-T8-G
100
AcDbVertex
100
AcDb3dPolylineVertex
 10
3062.3
 20
34.0
 30
924.4
 70
32
  0
VERTEX
  5
151C
330
17
100
AcDbEntity
  8
RBAR-T8-G
100
AcDbVertex
100
AcDb3dPolylineVertex
 10
3059.8
 20
34.0
 30
922.4
 70
32
  0
VERTEX
  5
151D
330
17
100
AcDbEntity
  8
RBAR-T8-G
100
AcDbVertex
100
AcDb3dPolylineVertex
 10
3057.8
 20
34.0
 30
919.9
 70
32
  0
VERTEX
  5
151E
330
17
100
AcDbEntity
  8
RBAR-T8-G
100
AcDbVertex
100
AcDb3dPolylineVertex
 10
3056.2
 20
34.0
 30
917.1
 70
32
  0
VERTEX
  5
151F
330
17
100
AcDbEntity
  8
RBAR-T8-G
100
AcDbVertex
100
AcDb3dPolylineVertex
 10
3055.3
 20
34.0
 30
914.0
 70
32
  0
VERTEX
  5
1520
330
17
100
AcDbEntity
  8
RBAR-T8-G
100
AcDbVertex
100
AcDb3dPolylineVertex
 10
3055.0
 20
34.0
 30
910.8
 70
32
  0
VERTEX
  5
1521
330
17
100
AcDbEntity
  8
RBAR-T8-G
100
AcDbVertex
100
AcDb3dPolylineVertex
 10
3055.0
 20
34.0
 30
542.6
 70
32
  0
VERTEX
  5
1522
330
17
100
AcDbEntity
  8
RBAR-T8-G
100
AcDbVertex
100
AcDb3dPolylineVertex
 10
3055.3
 20
34.0
 30
539.4
 70
32
  0
VERTEX
  5
1523
330
17
100
AcDbEntity
  8
RBAR-T8-G
100
AcDbVertex
100
AcDb3dPolylineVertex
 10
3056.2
 20
34.0
 30
536.3
 70
32
  0
VERTEX
  5
1524
330
17
100
AcDbEntity
  8
RBAR-T8-G
100
AcDbVertex
100
AcDb3dPolylineVertex
 10
3057.8
 20
34.0
 30
533.5
 70
32
  0
VERTEX
  5
1525
330
17
100
AcDbEntity
  8
RBAR-T8-G
100
AcDbVertex
100
AcDb3dPolylineVertex
 10
3059.8
 20
34.0
 30
531.0
 70
32
  0
VERTEX
  5
1526
330
17
100
AcDbEntity
  8
RBAR-T8-G
100
AcDbVertex
100
AcDb3dPolylineVertex
 10
3062.3
 20
34.0
 30
529.0
 70
32
  0
VERTEX
  5
1527
330
17
100
AcDbEntity
  8
RBAR-T8-G
100
AcDbVertex
100
AcDb3dPolylineVertex
 10
3065.1
 20
34.0
 30
527.5
 70
32
  0
VERTEX
  5
1528
330
17
100
AcDbEntity
  8
RBAR-T8-G
100
AcDbVertex
100
AcDb3dPolylineVertex
 10
3068.2
 20
34.0
 30
526.5
 70
32
  0
VERTEX
  5
1529
330
17
100
AcDbEntity
  8
RBAR-T8-G
100
AcDbVertex
100
AcDb3dPolylineVertex
 10
3071.4
 20
34.0
 30
526.2
 70
32
  0
VERTEX
  5
152A
330
17
100
AcDbEntity
  8
RBAR-T8-G
100
AcDbVertex
100
AcDb3dPolylineVertex
 10
3178.8
 20
34.0
 30
526.2
 70
32
  0
VERTEX
  5
152B
330
17
100
AcDbEntity
  8
RBAR-T8-G
100
AcDbVertex
100
AcDb3dPolylineVertex
 10
3182.0
 20
34.0
 30
526.5
 70
32
  0
VERTEX
  5
152C
330
17
100
AcDbEntity
  8
RBAR-T8-G
100
AcDbVertex
100
AcDb3dPolylineVertex
 10
3185.0
 20
34.0
 30
527.5
 70
32
  0
VERTEX
  5
152D
330
17
100
AcDbEntity
  8
RBAR-T8-G
100
AcDbVertex
100
AcDb3dPolylineVertex
 10
3187.9
 20
34.0
 30
529.0
 70
32
  0
VERTEX
  5
152E
330
17
100
AcDbEntity
  8
RBAR-T8-G
100
AcDbVertex
100
AcDb3dPolylineVertex
 10
3190.3
 20
34.0
 30
531.0
 70
32
  0
VERTEX
  5
152F
330
17
100
AcDbEntity
  8
RBAR-T8-G
100
AcDbVertex
100
AcDb3dPolylineVertex
 10
3192.4
 20
34.0
 30
533.5
 70
32
  0
VERTEX
  5
1530
330
17
100
AcDbEntity
  8
RBAR-T8-G
100
AcDbVertex
100
AcDb3dPolylineVertex
 10
3193.9
 20
34.0
 30
536.3
 70
32
  0
VERTEX
  5
1531
330
17
100
AcDbEntity
  8
RBAR-T8-G
100
AcDbVertex
100
AcDb3dPolylineVertex
 10
3194.8
 20
34.0
 30
539.4
 70
32
  0
VERTEX
  5
1532
330
17
100
AcDbEntity
  8
RBAR-T8-G
100
AcDbVertex
100
AcDb3dPolylineVertex
 10
3195.1
 20
34.0
 30
542.6
 70
32
  0
VERTEX
  5
1533
330
17
100
AcDbEntity
  8
RBAR-T8-G
100
AcDbVertex
100
AcDb3dPolylineVertex
 10
3195.1
 20
34.0
 30
859.7
 70
32
  0
SEQEND
  5
150D
330
150C
100
AcDbEntity
  8
RBAR-T8-G
  0
POLYLINE
  5
1534
330
17
100
AcDbEntity
  8
RBAR-T8-G
100
AcDb3dPolyline
 66
1
 10
0.0
 20
0.0
 30
0.0
 70
8
  0
VERTEX
  5
1536
330
17
100
AcDbEntity
  8
RBAR-T8-G
100
AcDbVertex
100
AcDb3dPolylineVertex
 10
3690.7
 20
34.0
 30
839.2
 70
32
  0
VERTEX
  5
1537
330
17
100
AcDbEntity
  8
RBAR-T8-G
100
AcDbVertex
100
AcDb3dPolylineVertex
 10
3690.7
 20
34.0
 30
910.8
 70
32
  0
VERTEX
  5
1538
330
17
100
AcDbEntity
  8
RBAR-T8-G
100
AcDbVertex
100
AcDb3dPolylineVertex
 10
3690.4
 20
34.0
 30
914.0
 70
32
  0
VERTEX
  5
1539
330
17
100
AcDbEntity
  8
RBAR-T8-G
100
AcDbVertex
100
AcDb3dPolylineVertex
 10
3689.5
 20
34.0
 30
917.1
 70
32
  0
VERTEX
  5
153A
330
17
100
AcDbEntity
  8
RBAR-T8-G
100
AcDbVertex
100
AcDb3dPolylineVertex
 10
3688.0
 20
34.0
 30
919.9
 70
32
  0
VERTEX
  5
153B
330
17
100
AcDbEntity
  8
RBAR-T8-G
100
AcDbVertex
100
AcDb3dPolylineVertex
 10
3685.9
 20
34.0
 30
922.4
 70
32
  0
VERTEX
  5
153C
330
17
100
AcDbEntity
  8
RBAR-T8-G
100
AcDbVertex
100
AcDb3dPolylineVertex
 10
3683.4
 20
34.0
 30
924.4
 70
32
  0
VERTEX
  5
153D
330
17
100
AcDbEntity
  8
RBAR-T8-G
100
AcDbVertex
100
AcDb3dPolylineVertex
 10
3680.6
 20
34.0
 30
925.9
 70
32
  0
VERTEX
  5
153E
330
17
100
AcDbEntity
  8
RBAR-T8-G
100
AcDbVertex
100
AcDb3dPolylineVertex
 10
3677.5
 20
34.0
 30
926.9
 70
32
  0
VERTEX
  5
153F
330
17
100
AcDbEntity
  8
RBAR-T8-G
100
AcDbVertex
100
AcDb3dPolylineVertex
 10
3674.3
 20
34.0
 30
927.2
 70
32
  0
VERTEX
  5
1540
330
17
100
AcDbEntity
  8
RBAR-T8-G
100
AcDbVertex
100
AcDb3dPolylineVertex
 10
3541.4
 20
34.0
 30
927.2
 70
32
  0
VERTEX
  5
1541
330
17
100
AcDbEntity
  8
RBAR-T8-G
100
AcDbVertex
100
AcDb3dPolylineVertex
 10
3538.2
 20
34.0
 30
926.9
 70
32
  0
VERTEX
  5
1542
330
17
100
AcDbEntity
  8
RBAR-T8-G
100
AcDbVertex
100
AcDb3dPolylineVertex
 10
3535.1
 20
34.0
 30
925.9
 70
32
  0
VERTEX
  5
1543
330
17
100
AcDbEntity
  8
RBAR-T8-G
100
AcDbVertex
100
AcDb3dPolylineVertex
 10
3532.3
 20
34.0
 30
924.4
 70
32
  0
VERTEX
  5
1544
330
17
100
AcDbEntity
  8
RBAR-T8-G
100
AcDbVertex
100
AcDb3dPolylineVertex
 10
3529.8
 20
34.0
 30
922.4
 70
32
  0
VERTEX
  5
1545
330
17
100
AcDbEntity
  8
RBAR-T8-G
100
AcDbVertex
100
AcDb3dPolylineVertex
 10
3527.8
 20
34.0
 30
919.9
 70
32
  0
VERTEX
  5
1546
330
17
100
AcDbEntity
  8
RBAR-T8-G
100
AcDbVertex
100
AcDb3dPolylineVertex
 10
3526.2
 20
34.0
 30
917.1
 70
32
  0
VERTEX
  5
1547
330
17
100
AcDbEntity
  8
RBAR-T8-G
100
AcDbVertex
100
AcDb3dPolylineVertex
 10
3525.3
 20
34.0
 30
914.0
 70
32
  0
VERTEX
  5
1548
330
17
100
AcDbEntity
  8
RBAR-T8-G
100
AcDbVertex
100
AcDb3dPolylineVertex
 10
3525.0
 20
34.0
 30
910.8
 70
32
  0
VERTEX
  5
1549
330
17
100
AcDbEntity
  8
RBAR-T8-G
100
AcDbVertex
100
AcDb3dPolylineVertex
 10
3525.0
 20
34.0
 30
542.6
 70
32
  0
VERTEX
  5
154A
330
17
100
AcDbEntity
  8
RBAR-T8-G
100
AcDbVertex
100
AcDb3dPolylineVertex
 10
3525.3
 20
34.0
 30
539.4
 70
32
  0
VERTEX
  5
154B
330
17
100
AcDbEntity
  8
RBAR-T8-G
100
AcDbVertex
100
AcDb3dPolylineVertex
 10
3526.2
 20
34.0
 30
536.3
 70
32
  0
VERTEX
  5
154C
330
17
100
AcDbEntity
  8
RBAR-T8-G
100
AcDbVertex
100
AcDb3dPolylineVertex
 10
3527.8
 20
34.0
 30
533.5
 70
32
  0
VERTEX
  5
154D
330
17
100
AcDbEntity
  8
RBAR-T8-G
100
AcDbVertex
100
AcDb3dPolylineVertex
 10
3529.8
 20
34.0
 30
531.0
 70
32
  0
VERTEX
  5
154E
330
17
100
AcDbEntity
  8
RBAR-T8-G
100
AcDbVertex
100
AcDb3dPolylineVertex
 10
3532.3
 20
34.0
 30
529.0
 70
32
  0
VERTEX
  5
154F
330
17
100
AcDbEntity
  8
RBAR-T8-G
100
AcDbVertex
100
AcDb3dPolylineVertex
 10
3535.1
 20
34.0
 30
527.5
 70
32
  0
VERTEX
  5
1550
330
17
100
AcDbEntity
  8
RBAR-T8-G
100
AcDbVertex
100
AcDb3dPolylineVertex
 10
3538.2
 20
34.0
 30
526.5
 70
32
  0
VERTEX
  5
1551
330
17
100
AcDbEntity
  8
RBAR-T8-G
100
AcDbVertex
100
AcDb3dPolylineVertex
 10
3541.4
 20
34.0
 30
526.2
 70
32
  0
VERTEX
  5
1552
330
17
100
AcDbEntity
  8
RBAR-T8-G
100
AcDbVertex
100
AcDb3dPolylineVertex
 10
3648.8
 20
34.0
 30
526.2
 70
32
  0
VERTEX
  5
1553
330
17
100
AcDbEntity
  8
RBAR-T8-G
100
AcDbVertex
100
AcDb3dPolylineVertex
 10
3652.0
 20
34.0
 30
526.5
 70
32
  0
VERTEX
  5
1554
330
17
100
AcDbEntity
  8
RBAR-T8-G
100
AcDbVertex
100
AcDb3dPolylineVertex
 10
3655.0
 20
34.0
 30
527.5
 70
32
  0
VERTEX
  5
1555
330
17
100
AcDbEntity
  8
RBAR-T8-G
100
AcDbVertex
100
AcDb3dPolylineVertex
 10
3657.9
 20
34.0
 30
529.0
 70
32
  0
VERTEX
  5
1556
330
17
100
AcDbEntity
  8
RBAR-T8-G
100
AcDbVertex
100
AcDb3dPolylineVertex
 10
3660.3
 20
34.0
 30
531.0
 70
32
  0
VERTEX
  5
1557
330
17
100
AcDbEntity
  8
RBAR-T8-G
100
AcDbVertex
100
AcDb3dPolylineVertex
 10
3662.4
 20
34.0
 30
533.5
 70
32
  0
VERTEX
  5
1558
330
17
100
AcDbEntity
  8
RBAR-T8-G
100
AcDbVertex
100
AcDb3dPolylineVertex
 10
3663.9
 20
34.0
 30
536.3
 70
32
  0
VERTEX
  5
1559
330
17
100
AcDbEntity
  8
RBAR-T8-G
100
AcDbVertex
100
AcDb3dPolylineVertex
 10
3664.8
 20
34.0
 30
539.4
 70
32
  0
VERTEX
  5
155A
330
17
100
AcDbEntity
  8
RBAR-T8-G
100
AcDbVertex
100
AcDb3dPolylineVertex
 10
3665.1
 20
34.0
 30
542.6
 70
32
  0
VERTEX
  5
155B
330
17
100
AcDbEntity
  8
RBAR-T8-G
100
AcDbVertex
100
AcDb3dPolylineVertex
 10
3665.1
 20
34.0
 30
859.7
 70
32
  0
SEQEND
  5
1535
330
1534
100
AcDbEntity
  8
RBAR-T8-G
  0
POLYLINE
  5
155C
330
17
100
AcDbEntity
  8
RBAR-T8-G
100
AcDb3dPolyline
 66
1
 10
0.0
 20
0.0
 30
0.0
 70
8
  0
VERTEX
  5
155E
330
17
100
AcDbEntity
  8
RBAR-T8-G
100
AcDbVertex
100
AcDb3dPolylineVertex
 10
400.7
 20
34.0
 30
1331.4
 70
32
  0
VERTEX
  5
155F
330
17
100
AcDbEntity
  8
RBAR-T8-G
100
AcDbVertex
100
AcDb3dPolylineVertex
 10
400.7
 20
34.0
 30
1403.0
 70
32
  0
VERTEX
  5
1560
330
17
100
AcDbEntity
  8
RBAR-T8-G
100
AcDbVertex
100
AcDb3dPolylineVertex
 10
400.4
 20
34.0
 30
1406.2
 70
32
  0
VERTEX
  5
1561
330
17
100
AcDbEntity
  8
RBAR-T8-G
100
AcDbVertex
100
AcDb3dPolylineVertex
 10
399.5
 20
34.0
 30
1409.3
 70
32
  0
VERTEX
  5
1562
330
17
100
AcDbEntity
  8
RBAR-T8-G
100
AcDbVertex
100
AcDb3dPolylineVertex
 10
398.0
 20
34.0
 30
1412.1
 70
32
  0
VERTEX
  5
1563
330
17
100
AcDbEntity
  8
RBAR-T8-G
100
AcDbVertex
100
AcDb3dPolylineVertex
 10
395.9
 20
34.0
 30
1414.6
 70
32
  0
VERTEX
  5
1564
330
17
100
AcDbEntity
  8
RBAR-T8-G
100
AcDbVertex
100
AcDb3dPolylineVertex
 10
393.4
 20
34.0
 30
1416.6
 70
32
  0
VERTEX
  5
1565
330
17
100
AcDbEntity
  8
RBAR-T8-G
100
AcDbVertex
100
AcDb3dPolylineVertex
 10
390.6
 20
34.0
 30
1418.1
 70
32
  0
VERTEX
  5
1566
330
17
100
AcDbEntity
  8
RBAR-T8-G
100
AcDbVertex
100
AcDb3dPolylineVertex
 10
387.5
 20
34.0
 30
1419.1
 70
32
  0
VERTEX
  5
1567
330
17
100
AcDbEntity
  8
RBAR-T8-G
100
AcDbVertex
100
AcDb3dPolylineVertex
 10
384.3
 20
34.0
 30
1419.4
 70
32
  0
VERTEX
  5
1568
330
17
100
AcDbEntity
  8
RBAR-T8-G
100
AcDbVertex
100
AcDb3dPolylineVertex
 10
251.4
 20
34.0
 30
1419.4
 70
32
  0
VERTEX
  5
1569
330
17
100
AcDbEntity
  8
RBAR-T8-G
100
AcDbVertex
100
AcDb3dPolylineVertex
 10
248.2
 20
34.0
 30
1419.1
 70
32
  0
VERTEX
  5
156A
330
17
100
AcDbEntity
  8
RBAR-T8-G
100
AcDbVertex
100
AcDb3dPolylineVertex
 10
245.1
 20
34.0
 30
1418.1
 70
32
  0
VERTEX
  5
156B
330
17
100
AcDbEntity
  8
RBAR-T8-G
100
AcDbVertex
100
AcDb3dPolylineVertex
 10
242.3
 20
34.0
 30
1416.6
 70
32
  0
VERTEX
  5
156C
330
17
100
AcDbEntity
  8
RBAR-T8-G
100
AcDbVertex
100
AcDb3dPolylineVertex
 10
239.8
 20
34.0
 30
1414.6
 70
32
  0
VERTEX
  5
156D
330
17
100
AcDbEntity
  8
RBAR-T8-G
100
AcDbVertex
100
AcDb3dPolylineVertex
 10
237.8
 20
34.0
 30
1412.1
 70
32
  0
VERTEX
  5
156E
330
17
100
AcDbEntity
  8
RBAR-T8-G
100
AcDbVertex
100
AcDb3dPolylineVertex
 10
236.2
 20
34.0
 30
1409.3
 70
32
  0
VERTEX
  5
156F
330
17
100
AcDbEntity
  8
RBAR-T8-G
100
AcDbVertex
100
AcDb3dPolylineVertex
 10
235.3
 20
34.0
 30
1406.2
 70
32
  0
VERTEX
  5
1570
330
17
100
AcDbEntity
  8
RBAR-T8-G
100
AcDbVertex
100
AcDb3dPolylineVertex
 10
235.0
 20
34.0
 30
1403.0
 70
32
  0
VERTEX
  5
1571
330
17
100
AcDbEntity
  8
RBAR-T8-G
100
AcDbVertex
100
AcDb3dPolylineVertex
 10
235.0
 20
34.0
 30
1034.8
 70
32
  0
VERTEX
  5
1572
330
17
100
AcDbEntity
  8
RBAR-T8-G
100
AcDbVertex
100
AcDb3dPolylineVertex
 10
235.3
 20
34.0
 30
1031.6
 70
32
  0
VERTEX
  5
1573
330
17
100
AcDbEntity
  8
RBAR-T8-G
100
AcDbVertex
100
AcDb3dPolylineVertex
 10
236.2
 20
34.0
 30
1028.5
 70
32
  0
VERTEX
  5
1574
330
17
100
AcDbEntity
  8
RBAR-T8-G
100
AcDbVertex
100
AcDb3dPolylineVertex
 10
237.8
 20
34.0
 30
1025.7
 70
32
  0
VERTEX
  5
1575
330
17
100
AcDbEntity
  8
RBAR-T8-G
100
AcDbVertex
100
AcDb3dPolylineVertex
 10
239.8
 20
34.0
 30
1023.2
 70
32
  0
VERTEX
  5
1576
330
17
100
AcDbEntity
  8
RBAR-T8-G
100
AcDbVertex
100
AcDb3dPolylineVertex
 10
242.3
 20
34.0
 30
1021.2
 70
32
  0
VERTEX
  5
1577
330
17
100
AcDbEntity
  8
RBAR-T8-G
100
AcDbVertex
100
AcDb3dPolylineVertex
 10
245.1
 20
34.0
 30
1019.7
 70
32
  0
VERTEX
  5
1578
330
17
100
AcDbEntity
  8
RBAR-T8-G
100
AcDbVertex
100
AcDb3dPolylineVertex
 10
248.2
 20
34.0
 30
1018.7
 70
32
  0
VERTEX
  5
1579
330
17
100
AcDbEntity
  8
RBAR-T8-G
100
AcDbVertex
100
AcDb3dPolylineVertex
 10
251.4
 20
34.0
 30
1018.4
 70
32
  0
VERTEX
  5
157A
330
17
100
AcDbEntity
  8
RBAR-T8-G
100
AcDbVertex
100
AcDb3dPolylineVertex
 10
358.8
 20
34.0
 30
1018.4
 70
32
  0
VERTEX
  5
157B
330
17
100
AcDbEntity
  8
RBAR-T8-G
100
AcDbVertex
100
AcDb3dPolylineVertex
 10
362.0
 20
34.0
 30
1018.7
 70
32
  0
VERTEX
  5
157C
330
17
100
AcDbEntity
  8
RBAR-T8-G
100
AcDbVertex
100
AcDb3dPolylineVertex
 10
365.0
 20
34.0
 30
1019.7
 70
32
  0
VERTEX
  5
157D
330
17
100
AcDbEntity
  8
RBAR-T8-G
100
AcDbVertex
100
AcDb3dPolylineVertex
 10
367.9
 20
34.0
 30
1021.2
 70
32
  0
VERTEX
  5
157E
330
17
100
AcDbEntity
  8
RBAR-T8-G
100
AcDbVertex
100
AcDb3dPolylineVertex
 10
370.3
 20
34.0
 30
1023.2
 70
32
  0
VERTEX
  5
157F
330
17
100
AcDbEntity
  8
RBAR-T8-G
100
AcDbVertex
100
AcDb3dPolylineVertex
 10
372.4
 20
34.0
 30
1025.7
 70
32
  0
VERTEX
  5
1580
330
17
100
AcDbEntity
  8
RBAR-T8-G
100
AcDbVertex
100
AcDb3dPolylineVertex
 10
373.9
 20
34.0
 30
1028.5
 70
32
  0
VERTEX
  5
1581
330
17
100
AcDbEntity
  8
RBAR-T8-G
100
AcDbVertex
100
AcDb3dPolylineVertex
 10
374.8
 20
34.0
 30
1031.6
 70
32
  0
VERTEX
  5
1582
330
17
100
AcDbEntity
  8
RBAR-T8-G
100
AcDbVertex
100
AcDb3dPolylineVertex
 10
375.1
 20
34.0
 30
1034.8
 70
32
  0
VERTEX
  5
1583
330
17
100
AcDbEntity
  8
RBAR-T8-G
100
AcDbVertex
100
AcDb3dPolylineVertex
 10
375.1
 20
34.0
 30
1351.9
 70
32
  0
SEQEND
  5
155D
330
155C
100
AcDbEntity
  8
RBAR-T8-G
  0
POLYLINE
  5
1584
330
17
100
AcDbEntity
  8
RBAR-T8-G
100
AcDb3dPolyline
 66
1
 10
0.0
 20
0.0
 30
0.0
 70
8
  0
VERTEX
  5
1586
330
17
100
AcDbEntity
  8
RBAR-T8-G
100
AcDbVertex
100
AcDb3dPolylineVertex
 10
870.7
 20
34.0
 30
1331.4
 70
32
  0
VERTEX
  5
1587
330
17
100
AcDbEntity
  8
RBAR-T8-G
100
AcDbVertex
100
AcDb3dPolylineVertex
 10
870.7
 20
34.0
 30
1403.0
 70
32
  0
VERTEX
  5
1588
330
17
100
AcDbEntity
  8
RBAR-T8-G
100
AcDbVertex
100
AcDb3dPolylineVertex
 10
870.4
 20
34.0
 30
1406.2
 70
32
  0
VERTEX
  5
1589
330
17
100
AcDbEntity
  8
RBAR-T8-G
100
AcDbVertex
100
AcDb3dPolylineVertex
 10
869.5
 20
34.0
 30
1409.3
 70
32
  0
VERTEX
  5
158A
330
17
100
AcDbEntity
  8
RBAR-T8-G
100
AcDbVertex
100
AcDb3dPolylineVertex
 10
868.0
 20
34.0
 30
1412.1
 70
32
  0
VERTEX
  5
158B
330
17
100
AcDbEntity
  8
RBAR-T8-G
100
AcDbVertex
100
AcDb3dPolylineVertex
 10
865.9
 20
34.0
 30
1414.6
 70
32
  0
VERTEX
  5
158C
330
17
100
AcDbEntity
  8
RBAR-T8-G
100
AcDbVertex
100
AcDb3dPolylineVertex
 10
863.4
 20
34.0
 30
1416.6
 70
32
  0
VERTEX
  5
158D
330
17
100
AcDbEntity
  8
RBAR-T8-G
100
AcDbVertex
100
AcDb3dPolylineVertex
 10
860.6
 20
34.0
 30
1418.1
 70
32
  0
VERTEX
  5
158E
330
17
100
AcDbEntity
  8
RBAR-T8-G
100
AcDbVertex
100
AcDb3dPolylineVertex
 10
857.5
 20
34.0
 30
1419.1
 70
32
  0
VERTEX
  5
158F
330
17
100
AcDbEntity
  8
RBAR-T8-G
100
AcDbVertex
100
AcDb3dPolylineVertex
 10
854.3
 20
34.0
 30
1419.4
 70
32
  0
VERTEX
  5
1590
330
17
100
AcDbEntity
  8
RBAR-T8-G
100
AcDbVertex
100
AcDb3dPolylineVertex
 10
721.4
 20
34.0
 30
1419.4
 70
32
  0
VERTEX
  5
1591
330
17
100
AcDbEntity
  8
RBAR-T8-G
100
AcDbVertex
100
AcDb3dPolylineVertex
 10
718.2
 20
34.0
 30
1419.1
 70
32
  0
VERTEX
  5
1592
330
17
100
AcDbEntity
  8
RBAR-T8-G
100
AcDbVertex
100
AcDb3dPolylineVertex
 10
715.1
 20
34.0
 30
1418.1
 70
32
  0
VERTEX
  5
1593
330
17
100
AcDbEntity
  8
RBAR-T8-G
100
AcDbVertex
100
AcDb3dPolylineVertex
 10
712.3
 20
34.0
 30
1416.6
 70
32
  0
VERTEX
  5
1594
330
17
100
AcDbEntity
  8
RBAR-T8-G
100
AcDbVertex
100
AcDb3dPolylineVertex
 10
709.8
 20
34.0
 30
1414.6
 70
32
  0
VERTEX
  5
1595
330
17
100
AcDbEntity
  8
RBAR-T8-G
100
AcDbVertex
100
AcDb3dPolylineVertex
 10
707.8
 20
34.0
 30
1412.1
 70
32
  0
VERTEX
  5
1596
330
17
100
AcDbEntity
  8
RBAR-T8-G
100
AcDbVertex
100
AcDb3dPolylineVertex
 10
706.2
 20
34.0
 30
1409.3
 70
32
  0
VERTEX
  5
1597
330
17
100
AcDbEntity
  8
RBAR-T8-G
100
AcDbVertex
100
AcDb3dPolylineVertex
 10
705.3
 20
34.0
 30
1406.2
 70
32
  0
VERTEX
  5
1598
330
17
100
AcDbEntity
  8
RBAR-T8-G
100
AcDbVertex
100
AcDb3dPolylineVertex
 10
705.0
 20
34.0
 30
1403.0
 70
32
  0
VERTEX
  5
1599
330
17
100
AcDbEntity
  8
RBAR-T8-G
100
AcDbVertex
100
AcDb3dPolylineVertex
 10
705.0
 20
34.0
 30
1034.8
 70
32
  0
VERTEX
  5
159A
330
17
100
AcDbEntity
  8
RBAR-T8-G
100
AcDbVertex
100
AcDb3dPolylineVertex
 10
705.3
 20
34.0
 30
1031.6
 70
32
  0
VERTEX
  5
159B
330
17
100
AcDbEntity
  8
RBAR-T8-G
100
AcDbVertex
100
AcDb3dPolylineVertex
 10
706.2
 20
34.0
 30
1028.5
 70
32
  0
VERTEX
  5
159C
330
17
100
AcDbEntity
  8
RBAR-T8-G
100
AcDbVertex
100
AcDb3dPolylineVertex
 10
707.8
 20
34.0
 30
1025.7
 70
32
  0
VERTEX
  5
159D
330
17
100
AcDbEntity
  8
RBAR-T8-G
100
AcDbVertex
100
AcDb3dPolylineVertex
 10
709.8
 20
34.0
 30
1023.2
 70
32
  0
VERTEX
  5
159E
330
17
100
AcDbEntity
  8
RBAR-T8-G
100
AcDbVertex
100
AcDb3dPolylineVertex
 10
712.3
 20
34.0
 30
1021.2
 70
32
  0
VERTEX
  5
159F
330
17
100
AcDbEntity
  8
RBAR-T8-G
100
AcDbVertex
100
AcDb3dPolylineVertex
 10
715.1
 20
34.0
 30
1019.7
 70
32
  0
VERTEX
  5
15A0
330
17
100
AcDbEntity
  8
RBAR-T8-G
100
AcDbVertex
100
AcDb3dPolylineVertex
 10
718.2
 20
34.0
 30
1018.7
 70
32
  0
VERTEX
  5
15A1
330
17
100
AcDbEntity
  8
RBAR-T8-G
100
AcDbVertex
100
AcDb3dPolylineVertex
 10
721.4
 20
34.0
 30
1018.4
 70
32
  0
VERTEX
  5
15A2
330
17
100
AcDbEntity
  8
RBAR-T8-G
100
AcDbVertex
100
AcDb3dPolylineVertex
 10
828.8
 20
34.0
 30
1018.4
 70
32
  0
VERTEX
  5
15A3
330
17
100
AcDbEntity
  8
RBAR-T8-G
100
AcDbVertex
100
AcDb3dPolylineVertex
 10
832.0
 20
34.0
 30
1018.7
 70
32
  0
VERTEX
  5
15A4
330
17
100
AcDbEntity
  8
RBAR-T8-G
100
AcDbVertex
100
AcDb3dPolylineVertex
 10
835.0
 20
34.0
 30
1019.7
 70
32
  0
VERTEX
  5
15A5
330
17
100
AcDbEntity
  8
RBAR-T8-G
100
AcDbVertex
100
AcDb3dPolylineVertex
 10
837.9
 20
34.0
 30
1021.2
 70
32
  0
VERTEX
  5
15A6
330
17
100
AcDbEntity
  8
RBAR-T8-G
100
AcDbVertex
100
AcDb3dPolylineVertex
 10
840.3
 20
34.0
 30
1023.2
 70
32
  0
VERTEX
  5
15A7
330
17
100
AcDbEntity
  8
RBAR-T8-G
100
AcDbVertex
100
AcDb3dPolylineVertex
 10
842.4
 20
34.0
 30
1025.7
 70
32
  0
VERTEX
  5
15A8
330
17
100
AcDbEntity
  8
RBAR-T8-G
100
AcDbVertex
100
AcDb3dPolylineVertex
 10
843.9
 20
34.0
 30
1028.5
 70
32
  0
VERTEX
  5
15A9
330
17
100
AcDbEntity
  8
RBAR-T8-G
100
AcDbVertex
100
AcDb3dPolylineVertex
 10
844.8
 20
34.0
 30
1031.6
 70
32
  0
VERTEX
  5
15AA
330
17
100
AcDbEntity
  8
RBAR-T8-G
100
AcDbVertex
100
AcDb3dPolylineVertex
 10
845.1
 20
34.0
 30
1034.8
 70
32
  0
VERTEX
  5
15AB
330
17
100
AcDbEntity
  8
RBAR-T8-G
100
AcDbVertex
100
AcDb3dPolylineVertex
 10
845.1
 20
34.0
 30
1351.9
 70
32
  0
SEQEND
  5
1585
330
1584
100
AcDbEntity
  8
RBAR-T8-G
  0
POLYLINE
  5
15AC
330
17
100
AcDbEntity
  8
RBAR-T8-G
100
AcDb3dPolyline
 66
1
 10
0.0
 20
0.0
 30
0.0
 70
8
  0
VERTEX
  5
15AE
330
17
100
AcDbEntity
  8
RBAR-T8-G
100
AcDbVertex
100
AcDb3dPolylineVertex
 10
1340.7
 20
34.0
 30
1331.4
 70
32
  0
VERTEX
  5
15AF
330
17
100
AcDbEntity
  8
RBAR-T8-G
100
AcDbVertex
100
AcDb3dPolylineVertex
 10
1340.7
 20
34.0
 30
1403.0
 70
32
  0
VERTEX
  5
15B0
330
17
100
AcDbEntity
  8
RBAR-T8-G
100
AcDbVertex
100
AcDb3dPolylineVertex
 10
1340.4
 20
34.0
 30
1406.2
 70
32
  0
VERTEX
  5
15B1
330
17
100
AcDbEntity
  8
RBAR-T8-G
100
AcDbVertex
100
AcDb3dPolylineVertex
 10
1339.5
 20
34.0
 30
1409.3
 70
32
  0
VERTEX
  5
15B2
330
17
100
AcDbEntity
  8
RBAR-T8-G
100
AcDbVertex
100
AcDb3dPolylineVertex
 10
1338.0
 20
34.0
 30
1412.1
 70
32
  0
VERTEX
  5
15B3
330
17
100
AcDbEntity
  8
RBAR-T8-G
100
AcDbVertex
100
AcDb3dPolylineVertex
 10
1335.9
 20
34.0
 30
1414.6
 70
32
  0
VERTEX
  5
15B4
330
17
100
AcDbEntity
  8
RBAR-T8-G
100
AcDbVertex
100
AcDb3dPolylineVertex
 10
1333.4
 20
34.0
 30
1416.6
 70
32
  0
VERTEX
  5
15B5
330
17
100
AcDbEntity
  8
RBAR-T8-G
100
AcDbVertex
100
AcDb3dPolylineVertex
 10
1330.6
 20
34.0
 30
1418.1
 70
32
  0
VERTEX
  5
15B6
330
17
100
AcDbEntity
  8
RBAR-T8-G
100
AcDbVertex
100
AcDb3dPolylineVertex
 10
1327.5
 20
34.0
 30
1419.1
 70
32
  0
VERTEX
  5
15B7
330
17
100
AcDbEntity
  8
RBAR-T8-G
100
AcDbVertex
100
AcDb3dPolylineVertex
 10
1324.3
 20
34.0
 30
1419.4
 70
32
  0
VERTEX
  5
15B8
330
17
100
AcDbEntity
  8
RBAR-T8-G
100
AcDbVertex
100
AcDb3dPolylineVertex
 10
1191.4
 20
34.0
 30
1419.4
 70
32
  0
VERTEX
  5
15B9
330
17
100
AcDbEntity
  8
RBAR-T8-G
100
AcDbVertex
100
AcDb3dPolylineVertex
 10
1188.2
 20
34.0
 30
1419.1
 70
32
  0
VERTEX
  5
15BA
330
17
100
AcDbEntity
  8
RBAR-T8-G
100
AcDbVertex
100
AcDb3dPolylineVertex
 10
1185.1
 20
34.0
 30
1418.1
 70
32
  0
VERTEX
  5
15BB
330
17
100
AcDbEntity
  8
RBAR-T8-G
100
AcDbVertex
100
AcDb3dPolylineVertex
 10
1182.3
 20
34.0
 30
1416.6
 70
32
  0
VERTEX
  5
15BC
330
17
100
AcDbEntity
  8
RBAR-T8-G
100
AcDbVertex
100
AcDb3dPolylineVertex
 10
1179.8
 20
34.0
 30
1414.6
 70
32
  0
VERTEX
  5
15BD
330
17
100
AcDbEntity
  8
RBAR-T8-G
100
AcDbVertex
100
AcDb3dPolylineVertex
 10
1177.8
 20
34.0
 30
1412.1
 70
32
  0
VERTEX
  5
15BE
330
17
100
AcDbEntity
  8
RBAR-T8-G
100
AcDbVertex
100
AcDb3dPolylineVertex
 10
1176.2
 20
34.0
 30
1409.3
 70
32
  0
VERTEX
  5
15BF
330
17
100
AcDbEntity
  8
RBAR-T8-G
100
AcDbVertex
100
AcDb3dPolylineVertex
 10
1175.3
 20
34.0
 30
1406.2
 70
32
  0
VERTEX
  5
15C0
330
17
100
AcDbEntity
  8
RBAR-T8-G
100
AcDbVertex
100
AcDb3dPolylineVertex
 10
1175.0
 20
34.0
 30
1403.0
 70
32
  0
VERTEX
  5
15C1
330
17
100
AcDbEntity
  8
RBAR-T8-G
100
AcDbVertex
100
AcDb3dPolylineVertex
 10
1175.0
 20
34.0
 30
1034.8
 70
32
  0
VERTEX
  5
15C2
330
17
100
AcDbEntity
  8
RBAR-T8-G
100
AcDbVertex
100
AcDb3dPolylineVertex
 10
1175.3
 20
34.0
 30
1031.6
 70
32
  0
VERTEX
  5
15C3
330
17
100
AcDbEntity
  8
RBAR-T8-G
100
AcDbVertex
100
AcDb3dPolylineVertex
 10
1176.2
 20
34.0
 30
1028.5
 70
32
  0
VERTEX
  5
15C4
330
17
100
AcDbEntity
  8
RBAR-T8-G
100
AcDbVertex
100
AcDb3dPolylineVertex
 10
1177.8
 20
34.0
 30
1025.7
 70
32
  0
VERTEX
  5
15C5
330
17
100
AcDbEntity
  8
RBAR-T8-G
100
AcDbVertex
100
AcDb3dPolylineVertex
 10
1179.8
 20
34.0
 30
1023.2
 70
32
  0
VERTEX
  5
15C6
330
17
100
AcDbEntity
  8
RBAR-T8-G
100
AcDbVertex
100
AcDb3dPolylineVertex
 10
1182.3
 20
34.0
 30
1021.2
 70
32
  0
VERTEX
  5
15C7
330
17
100
AcDbEntity
  8
RBAR-T8-G
100
AcDbVertex
100
AcDb3dPolylineVertex
 10
1185.1
 20
34.0
 30
1019.7
 70
32
  0
VERTEX
  5
15C8
330
17
100
AcDbEntity
  8
RBAR-T8-G
100
AcDbVertex
100
AcDb3dPolylineVertex
 10
1188.2
 20
34.0
 30
1018.7
 70
32
  0
VERTEX
  5
15C9
330
17
100
AcDbEntity
  8
RBAR-T8-G
100
AcDbVertex
100
AcDb3dPolylineVertex
 10
1191.4
 20
34.0
 30
1018.4
 70
32
  0
VERTEX
  5
15CA
330
17
100
AcDbEntity
  8
RBAR-T8-G
100
AcDbVertex
100
AcDb3dPolylineVertex
 10
1298.8
 20
34.0
 30
1018.4
 70
32
  0
VERTEX
  5
15CB
330
17
100
AcDbEntity
  8
RBAR-T8-G
100
AcDbVertex
100
AcDb3dPolylineVertex
 10
1302.0
 20
34.0
 30
1018.7
 70
32
  0
VERTEX
  5
15CC
330
17
100
AcDbEntity
  8
RBAR-T8-G
100
AcDbVertex
100
AcDb3dPolylineVertex
 10
1305.0
 20
34.0
 30
1019.7
 70
32
  0
VERTEX
  5
15CD
330
17
100
AcDbEntity
  8
RBAR-T8-G
100
AcDbVertex
100
AcDb3dPolylineVertex
 10
1307.9
 20
34.0
 30
1021.2
 70
32
  0
VERTEX
  5
15CE
330
17
100
AcDbEntity
  8
RBAR-T8-G
100
AcDbVertex
100
AcDb3dPolylineVertex
 10
1310.3
 20
34.0
 30
1023.2
 70
32
  0
VERTEX
  5
15CF
330
17
100
AcDbEntity
  8
RBAR-T8-G
100
AcDbVertex
100
AcDb3dPolylineVertex
 10
1312.4
 20
34.0
 30
1025.7
 70
32
  0
VERTEX
  5
15D0
330
17
100
AcDbEntity
  8
RBAR-T8-G
100
AcDbVertex
100
AcDb3dPolylineVertex
 10
1313.9
 20
34.0
 30
1028.5
 70
32
  0
VERTEX
  5
15D1
330
17
100
AcDbEntity
  8
RBAR-T8-G
100
AcDbVertex
100
AcDb3dPolylineVertex
 10
1314.8
 20
34.0
 30
1031.6
 70
32
  0
VERTEX
  5
15D2
330
17
100
AcDbEntity
  8
RBAR-T8-G
100
AcDbVertex
100
AcDb3dPolylineVertex
 10
1315.1
 20
34.0
 30
1034.8
 70
32
  0
VERTEX
  5
15D3
330
17
100
AcDbEntity
  8
RBAR-T8-G
100
AcDbVertex
100
AcDb3dPolylineVertex
 10
1315.1
 20
34.0
 30
1351.9
 70
32
  0
SEQEND
  5
15AD
330
15AC
100
AcDbEntity
  8
RBAR-T8-G
  0
POLYLINE
  5
15D4
330
17
100
AcDbEntity
  8
RBAR-T8-G
100
AcDb3dPolyline
 66
1
 10
0.0
 20
0.0
 30
0.0
 70
8
  0
VERTEX
  5
15D6
330
17
100
AcDbEntity
  8
RBAR-T8-G
100
AcDbVertex
100
AcDb3dPolylineVertex
 10
1810.7
 20
34.0
 30
1331.4
 70
32
  0
VERTEX
  5
15D7
330
17
100
AcDbEntity
  8
RBAR-T8-G
100
AcDbVertex
100
AcDb3dPolylineVertex
 10
1810.7
 20
34.0
 30
1403.0
 70
32
  0
VERTEX
  5
15D8
330
17
100
AcDbEntity
  8
RBAR-T8-G
100
AcDbVertex
100
AcDb3dPolylineVertex
 10
1810.4
 20
34.0
 30
1406.2
 70
32
  0
VERTEX
  5
15D9
330
17
100
AcDbEntity
  8
RBAR-T8-G
100
AcDbVertex
100
AcDb3dPolylineVertex
 10
1809.5
 20
34.0
 30
1409.3
 70
32
  0
VERTEX
  5
15DA
330
17
100
AcDbEntity
  8
RBAR-T8-G
100
AcDbVertex
100
AcDb3dPolylineVertex
 10
1808.0
 20
34.0
 30
1412.1
 70
32
  0
VERTEX
  5
15DB
330
17
100
AcDbEntity
  8
RBAR-T8-G
100
AcDbVertex
100
AcDb3dPolylineVertex
 10
1805.9
 20
34.0
 30
1414.6
 70
32
  0
VERTEX
  5
15DC
330
17
100
AcDbEntity
  8
RBAR-T8-G
100
AcDbVertex
100
AcDb3dPolylineVertex
 10
1803.4
 20
34.0
 30
1416.6
 70
32
  0
VERTEX
  5
15DD
330
17
100
AcDbEntity
  8
RBAR-T8-G
100
AcDbVertex
100
AcDb3dPolylineVertex
 10
1800.6
 20
34.0
 30
1418.1
 70
32
  0
VERTEX
  5
15DE
330
17
100
AcDbEntity
  8
RBAR-T8-G
100
AcDbVertex
100
AcDb3dPolylineVertex
 10
1797.5
 20
34.0
 30
1419.1
 70
32
  0
VERTEX
  5
15DF
330
17
100
AcDbEntity
  8
RBAR-T8-G
100
AcDbVertex
100
AcDb3dPolylineVertex
 10
1794.3
 20
34.0
 30
1419.4
 70
32
  0
VERTEX
  5
15E0
330
17
100
AcDbEntity
  8
RBAR-T8-G
100
AcDbVertex
100
AcDb3dPolylineVertex
 10
1661.4
 20
34.0
 30
1419.4
 70
32
  0
VERTEX
  5
15E1
330
17
100
AcDbEntity
  8
RBAR-T8-G
100
AcDbVertex
100
AcDb3dPolylineVertex
 10
1658.2
 20
34.0
 30
1419.1
 70
32
  0
VERTEX
  5
15E2
330
17
100
AcDbEntity
  8
RBAR-T8-G
100
AcDbVertex
100
AcDb3dPolylineVertex
 10
1655.1
 20
34.0
 30
1418.1
 70
32
  0
VERTEX
  5
15E3
330
17
100
AcDbEntity
  8
RBAR-T8-G
100
AcDbVertex
100
AcDb3dPolylineVertex
 10
1652.3
 20
34.0
 30
1416.6
 70
32
  0
VERTEX
  5
15E4
330
17
100
AcDbEntity
  8
RBAR-T8-G
100
AcDbVertex
100
AcDb3dPolylineVertex
 10
1649.8
 20
34.0
 30
1414.6
 70
32
  0
VERTEX
  5
15E5
330
17
100
AcDbEntity
  8
RBAR-T8-G
100
AcDbVertex
100
AcDb3dPolylineVertex
 10
1647.8
 20
34.0
 30
1412.1
 70
32
  0
VERTEX
  5
15E6
330
17
100
AcDbEntity
  8
RBAR-T8-G
100
AcDbVertex
100
AcDb3dPolylineVertex
 10
1646.2
 20
34.0
 30
1409.3
 70
32
  0
VERTEX
  5
15E7
330
17
100
AcDbEntity
  8
RBAR-T8-G
100
AcDbVertex
100
AcDb3dPolylineVertex
 10
1645.3
 20
34.0
 30
1406.2
 70
32
  0
VERTEX
  5
15E8
330
17
100
AcDbEntity
  8
RBAR-T8-G
100
AcDbVertex
100
AcDb3dPolylineVertex
 10
1645.0
 20
34.0
 30
1403.0
 70
32
  0
VERTEX
  5
15E9
330
17
100
AcDbEntity
  8
RBAR-T8-G
100
AcDbVertex
100
AcDb3dPolylineVertex
 10
1645.0
 20
34.0
 30
1034.8
 70
32
  0
VERTEX
  5
15EA
330
17
100
AcDbEntity
  8
RBAR-T8-G
100
AcDbVertex
100
AcDb3dPolylineVertex
 10
1645.3
 20
34.0
 30
1031.6
 70
32
  0
VERTEX
  5
15EB
330
17
100
AcDbEntity
  8
RBAR-T8-G
100
AcDbVertex
100
AcDb3dPolylineVertex
 10
1646.2
 20
34.0
 30
1028.5
 70
32
  0
VERTEX
  5
15EC
330
17
100
AcDbEntity
  8
RBAR-T8-G
100
AcDbVertex
100
AcDb3dPolylineVertex
 10
1647.8
 20
34.0
 30
1025.7
 70
32
  0
VERTEX
  5
15ED
330
17
100
AcDbEntity
  8
RBAR-T8-G
100
AcDbVertex
100
AcDb3dPolylineVertex
 10
1649.8
 20
34.0
 30
1023.2
 70
32
  0
VERTEX
  5
15EE
330
17
100
AcDbEntity
  8
RBAR-T8-G
100
AcDbVertex
100
AcDb3dPolylineVertex
 10
1652.3
 20
34.0
 30
1021.2
 70
32
  0
VERTEX
  5
15EF
330
17
100
AcDbEntity
  8
RBAR-T8-G
100
AcDbVertex
100
AcDb3dPolylineVertex
 10
1655.1
 20
34.0
 30
1019.7
 70
32
  0
VERTEX
  5
15F0
330
17
100
AcDbEntity
  8
RBAR-T8-G
100
AcDbVertex
100
AcDb3dPolylineVertex
 10
1658.2
 20
34.0
 30
1018.7
 70
32
  0
VERTEX
  5
15F1
330
17
100
AcDbEntity
  8
RBAR-T8-G
100
AcDbVertex
100
AcDb3dPolylineVertex
 10
1661.4
 20
34.0
 30
1018.4
 70
32
  0
VERTEX
  5
15F2
330
17
100
AcDbEntity
  8
RBAR-T8-G
100
AcDbVertex
100
AcDb3dPolylineVertex
 10
1768.8
 20
34.0
 30
1018.4
 70
32
  0
VERTEX
  5
15F3
330
17
100
AcDbEntity
  8
RBAR-T8-G
100
AcDbVertex
100
AcDb3dPolylineVertex
 10
1772.0
 20
34.0
 30
1018.7
 70
32
  0
VERTEX
  5
15F4
330
17
100
AcDbEntity
  8
RBAR-T8-G
100
AcDbVertex
100
AcDb3dPolylineVertex
 10
1775.0
 20
34.0
 30
1019.7
 70
32
  0
VERTEX
  5
15F5
330
17
100
AcDbEntity
  8
RBAR-T8-G
100
AcDbVertex
100
AcDb3dPolylineVertex
 10
1777.9
 20
34.0
 30
1021.2
 70
32
  0
VERTEX
  5
15F6
330
17
100
AcDbEntity
  8
RBAR-T8-G
100
AcDbVertex
100
AcDb3dPolylineVertex
 10
1780.3
 20
34.0
 30
1023.2
 70
32
  0
VERTEX
  5
15F7
330
17
100
AcDbEntity
  8
RBAR-T8-G
100
AcDbVertex
100
AcDb3dPolylineVertex
 10
1782.4
 20
34.0
 30
1025.7
 70
32
  0
VERTEX
  5
15F8
330
17
100
AcDbEntity
  8
RBAR-T8-G
100
AcDbVertex
100
AcDb3dPolylineVertex
 10
1783.9
 20
34.0
 30
1028.5
 70
32
  0
VERTEX
  5
15F9
330
17
100
AcDbEntity
  8
RBAR-T8-G
100
AcDbVertex
100
AcDb3dPolylineVertex
 10
1784.8
 20
34.0
 30
1031.6
 70
32
  0
VERTEX
  5
15FA
330
17
100
AcDbEntity
  8
RBAR-T8-G
100
AcDbVertex
100
AcDb3dPolylineVertex
 10
1785.1
 20
34.0
 30
1034.8
 70
32
  0
VERTEX
  5
15FB
330
17
100
AcDbEntity
  8
RBAR-T8-G
100
AcDbVertex
100
AcDb3dPolylineVertex
 10
1785.1
 20
34.0
 30
1351.9
 70
32
  0
SEQEND
  5
15D5
330
15D4
100
AcDbEntity
  8
RBAR-T8-G
  0
POLYLINE
  5
15FC
330
17
100
AcDbEntity
  8
RBAR-T8-G
100
AcDb3dPolyline
 66
1
 10
0.0
 20
0.0
 30
0.0
 70
8
  0
VERTEX
  5
15FE
330
17
100
AcDbEntity
  8
RBAR-T8-G
100
AcDbVertex
100
AcDb3dPolylineVertex
 10
2280.7
 20
34.0
 30
1331.4
 70
32
  0
VERTEX
  5
15FF
330
17
100
AcDbEntity
  8
RBAR-T8-G
100
AcDbVertex
100
AcDb3dPolylineVertex
 10
2280.7
 20
34.0
 30
1403.0
 70
32
  0
VERTEX
  5
1600
330
17
100
AcDbEntity
  8
RBAR-T8-G
100
AcDbVertex
100
AcDb3dPolylineVertex
 10
2280.4
 20
34.0
 30
1406.2
 70
32
  0
VERTEX
  5
1601
330
17
100
AcDbEntity
  8
RBAR-T8-G
100
AcDbVertex
100
AcDb3dPolylineVertex
 10
2279.5
 20
34.0
 30
1409.3
 70
32
  0
VERTEX
  5
1602
330
17
100
AcDbEntity
  8
RBAR-T8-G
100
AcDbVertex
100
AcDb3dPolylineVertex
 10
2278.0
 20
34.0
 30
1412.1
 70
32
  0
VERTEX
  5
1603
330
17
100
AcDbEntity
  8
RBAR-T8-G
100
AcDbVertex
100
AcDb3dPolylineVertex
 10
2275.9
 20
34.0
 30
1414.6
 70
32
  0
VERTEX
  5
1604
330
17
100
AcDbEntity
  8
RBAR-T8-G
100
AcDbVertex
100
AcDb3dPolylineVertex
 10
2273.4
 20
34.0
 30
1416.6
 70
32
  0
VERTEX
  5
1605
330
17
100
AcDbEntity
  8
RBAR-T8-G
100
AcDbVertex
100
AcDb3dPolylineVertex
 10
2270.6
 20
34.0
 30
1418.1
 70
32
  0
VERTEX
  5
1606
330
17
100
AcDbEntity
  8
RBAR-T8-G
100
AcDbVertex
100
AcDb3dPolylineVertex
 10
2267.5
 20
34.0
 30
1419.1
 70
32
  0
VERTEX
  5
1607
330
17
100
AcDbEntity
  8
RBAR-T8-G
100
AcDbVertex
100
AcDb3dPolylineVertex
 10
2264.3
 20
34.0
 30
1419.4
 70
32
  0
VERTEX
  5
1608
330
17
100
AcDbEntity
  8
RBAR-T8-G
100
AcDbVertex
100
AcDb3dPolylineVertex
 10
2131.4
 20
34.0
 30
1419.4
 70
32
  0
VERTEX
  5
1609
330
17
100
AcDbEntity
  8
RBAR-T8-G
100
AcDbVertex
100
AcDb3dPolylineVertex
 10
2128.2
 20
34.0
 30
1419.1
 70
32
  0
VERTEX
  5
160A
330
17
100
AcDbEntity
  8
RBAR-T8-G
100
AcDbVertex
100
AcDb3dPolylineVertex
 10
2125.1
 20
34.0
 30
1418.1
 70
32
  0
VERTEX
  5
160B
330
17
100
AcDbEntity
  8
RBAR-T8-G
100
AcDbVertex
100
AcDb3dPolylineVertex
 10
2122.3
 20
34.0
 30
1416.6
 70
32
  0
VERTEX
  5
160C
330
17
100
AcDbEntity
  8
RBAR-T8-G
100
AcDbVertex
100
AcDb3dPolylineVertex
 10
2119.8
 20
34.0
 30
1414.6
 70
32
  0
VERTEX
  5
160D
330
17
100
AcDbEntity
  8
RBAR-T8-G
100
AcDbVertex
100
AcDb3dPolylineVertex
 10
2117.8
 20
34.0
 30
1412.1
 70
32
  0
VERTEX
  5
160E
330
17
100
AcDbEntity
  8
RBAR-T8-G
100
AcDbVertex
100
AcDb3dPolylineVertex
 10
2116.2
 20
34.0
 30
1409.3
 70
32
  0
VERTEX
  5
160F
330
17
100
AcDbEntity
  8
RBAR-T8-G
100
AcDbVertex
100
AcDb3dPolylineVertex
 10
2115.3
 20
34.0
 30
1406.2
 70
32
  0
VERTEX
  5
1610
330
17
100
AcDbEntity
  8
RBAR-T8-G
100
AcDbVertex
100
AcDb3dPolylineVertex
 10
2115.0
 20
34.0
 30
1403.0
 70
32
  0
VERTEX
  5
1611
330
17
100
AcDbEntity
  8
RBAR-T8-G
100
AcDbVertex
100
AcDb3dPolylineVertex
 10
2115.0
 20
34.0
 30
1034.8
 70
32
  0
VERTEX
  5
1612
330
17
100
AcDbEntity
  8
RBAR-T8-G
100
AcDbVertex
100
AcDb3dPolylineVertex
 10
2115.3
 20
34.0
 30
1031.6
 70
32
  0
VERTEX
  5
1613
330
17
100
AcDbEntity
  8
RBAR-T8-G
100
AcDbVertex
100
AcDb3dPolylineVertex
 10
2116.2
 20
34.0
 30
1028.5
 70
32
  0
VERTEX
  5
1614
330
17
100
AcDbEntity
  8
RBAR-T8-G
100
AcDbVertex
100
AcDb3dPolylineVertex
 10
2117.8
 20
34.0
 30
1025.7
 70
32
  0
VERTEX
  5
1615
330
17
100
AcDbEntity
  8
RBAR-T8-G
100
AcDbVertex
100
AcDb3dPolylineVertex
 10
2119.8
 20
34.0
 30
1023.2
 70
32
  0
VERTEX
  5
1616
330
17
100
AcDbEntity
  8
RBAR-T8-G
100
AcDbVertex
100
AcDb3dPolylineVertex
 10
2122.3
 20
34.0
 30
1021.2
 70
32
  0
VERTEX
  5
1617
330
17
100
AcDbEntity
  8
RBAR-T8-G
100
AcDbVertex
100
AcDb3dPolylineVertex
 10
2125.1
 20
34.0
 30
1019.7
 70
32
  0
VERTEX
  5
1618
330
17
100
AcDbEntity
  8
RBAR-T8-G
100
AcDbVertex
100
AcDb3dPolylineVertex
 10
2128.2
 20
34.0
 30
1018.7
 70
32
  0
VERTEX
  5
1619
330
17
100
AcDbEntity
  8
RBAR-T8-G
100
AcDbVertex
100
AcDb3dPolylineVertex
 10
2131.4
 20
34.0
 30
1018.4
 70
32
  0
VERTEX
  5
161A
330
17
100
AcDbEntity
  8
RBAR-T8-G
100
AcDbVertex
100
AcDb3dPolylineVertex
 10
2238.8
 20
34.0
 30
1018.4
 70
32
  0
VERTEX
  5
161B
330
17
100
AcDbEntity
  8
RBAR-T8-G
100
AcDbVertex
100
AcDb3dPolylineVertex
 10
2242.0
 20
34.0
 30
1018.7
 70
32
  0
VERTEX
  5
161C
330
17
100
AcDbEntity
  8
RBAR-T8-G
100
AcDbVertex
100
AcDb3dPolylineVertex
 10
2245.0
 20
34.0
 30
1019.7
 70
32
  0
VERTEX
  5
161D
330
17
100
AcDbEntity
  8
RBAR-T8-G
100
AcDbVertex
100
AcDb3dPolylineVertex
 10
2247.9
 20
34.0
 30
1021.2
 70
32
  0
VERTEX
  5
161E
330
17
100
AcDbEntity
  8
RBAR-T8-G
100
AcDbVertex
100
AcDb3dPolylineVertex
 10
2250.3
 20
34.0
 30
1023.2
 70
32
  0
VERTEX
  5
161F
330
17
100
AcDbEntity
  8
RBAR-T8-G
100
AcDbVertex
100
AcDb3dPolylineVertex
 10
2252.4
 20
34.0
 30
1025.7
 70
32
  0
VERTEX
  5
1620
330
17
100
AcDbEntity
  8
RBAR-T8-G
100
AcDbVertex
100
AcDb3dPolylineVertex
 10
2253.9
 20
34.0
 30
1028.5
 70
32
  0
VERTEX
  5
1621
330
17
100
AcDbEntity
  8
RBAR-T8-G
100
AcDbVertex
100
AcDb3dPolylineVertex
 10
2254.8
 20
34.0
 30
1031.6
 70
32
  0
VERTEX
  5
1622
330
17
100
AcDbEntity
  8
RBAR-T8-G
100
AcDbVertex
100
AcDb3dPolylineVertex
 10
2255.1
 20
34.0
 30
1034.8
 70
32
  0
VERTEX
  5
1623
330
17
100
AcDbEntity
  8
RBAR-T8-G
100
AcDbVertex
100
AcDb3dPolylineVertex
 10
2255.1
 20
34.0
 30
1351.9
 70
32
  0
SEQEND
  5
15FD
330
15FC
100
AcDbEntity
  8
RBAR-T8-G
  0
POLYLINE
  5
1624
330
17
100
AcDbEntity
  8
RBAR-T8-G
100
AcDb3dPolyline
 66
1
 10
0.0
 20
0.0
 30
0.0
 70
8
  0
VERTEX
  5
1626
330
17
100
AcDbEntity
  8
RBAR-T8-G
100
AcDbVertex
100
AcDb3dPolylineVertex
 10
2750.7
 20
34.0
 30
1331.4
 70
32
  0
VERTEX
  5
1627
330
17
100
AcDbEntity
  8
RBAR-T8-G
100
AcDbVertex
100
AcDb3dPolylineVertex
 10
2750.7
 20
34.0
 30
1403.0
 70
32
  0
VERTEX
  5
1628
330
17
100
AcDbEntity
  8
RBAR-T8-G
100
AcDbVertex
100
AcDb3dPolylineVertex
 10
2750.4
 20
34.0
 30
1406.2
 70
32
  0
VERTEX
  5
1629
330
17
100
AcDbEntity
  8
RBAR-T8-G
100
AcDbVertex
100
AcDb3dPolylineVertex
 10
2749.5
 20
34.0
 30
1409.3
 70
32
  0
VERTEX
  5
162A
330
17
100
AcDbEntity
  8
RBAR-T8-G
100
AcDbVertex
100
AcDb3dPolylineVertex
 10
2748.0
 20
34.0
 30
1412.1
 70
32
  0
VERTEX
  5
162B
330
17
100
AcDbEntity
  8
RBAR-T8-G
100
AcDbVertex
100
AcDb3dPolylineVertex
 10
2745.9
 20
34.0
 30
1414.6
 70
32
  0
VERTEX
  5
162C
330
17
100
AcDbEntity
  8
RBAR-T8-G
100
AcDbVertex
100
AcDb3dPolylineVertex
 10
2743.4
 20
34.0
 30
1416.6
 70
32
  0
VERTEX
  5
162D
330
17
100
AcDbEntity
  8
RBAR-T8-G
100
AcDbVertex
100
AcDb3dPolylineVertex
 10
2740.6
 20
34.0
 30
1418.1
 70
32
  0
VERTEX
  5
162E
330
17
100
AcDbEntity
  8
RBAR-T8-G
100
AcDbVertex
100
AcDb3dPolylineVertex
 10
2737.5
 20
34.0
 30
1419.1
 70
32
  0
VERTEX
  5
162F
330
17
100
AcDbEntity
  8
RBAR-T8-G
100
AcDbVertex
100
AcDb3dPolylineVertex
 10
2734.3
 20
34.0
 30
1419.4
 70
32
  0
VERTEX
  5
1630
330
17
100
AcDbEntity
  8
RBAR-T8-G
100
AcDbVertex
100
AcDb3dPolylineVertex
 10
2601.4
 20
34.0
 30
1419.4
 70
32
  0
VERTEX
  5
1631
330
17
100
AcDbEntity
  8
RBAR-T8-G
100
AcDbVertex
100
AcDb3dPolylineVertex
 10
2598.2
 20
34.0
 30
1419.1
 70
32
  0
VERTEX
  5
1632
330
17
100
AcDbEntity
  8
RBAR-T8-G
100
AcDbVertex
100
AcDb3dPolylineVertex
 10
2595.1
 20
34.0
 30
1418.1
 70
32
  0
VERTEX
  5
1633
330
17
100
AcDbEntity
  8
RBAR-T8-G
100
AcDbVertex
100
AcDb3dPolylineVertex
 10
2592.3
 20
34.0
 30
1416.6
 70
32
  0
VERTEX
  5
1634
330
17
100
AcDbEntity
  8
RBAR-T8-G
100
AcDbVertex
100
AcDb3dPolylineVertex
 10
2589.8
 20
34.0
 30
1414.6
 70
32
  0
VERTEX
  5
1635
330
17
100
AcDbEntity
  8
RBAR-T8-G
100
AcDbVertex
100
AcDb3dPolylineVertex
 10
2587.8
 20
34.0
 30
1412.1
 70
32
  0
VERTEX
  5
1636
330
17
100
AcDbEntity
  8
RBAR-T8-G
100
AcDbVertex
100
AcDb3dPolylineVertex
 10
2586.2
 20
34.0
 30
1409.3
 70
32
  0
VERTEX
  5
1637
330
17
100
AcDbEntity
  8
RBAR-T8-G
100
AcDbVertex
100
AcDb3dPolylineVertex
 10
2585.3
 20
34.0
 30
1406.2
 70
32
  0
VERTEX
  5
1638
330
17
100
AcDbEntity
  8
RBAR-T8-G
100
AcDbVertex
100
AcDb3dPolylineVertex
 10
2585.0
 20
34.0
 30
1403.0
 70
32
  0
VERTEX
  5
1639
330
17
100
AcDbEntity
  8
RBAR-T8-G
100
AcDbVertex
100
AcDb3dPolylineVertex
 10
2585.0
 20
34.0
 30
1034.8
 70
32
  0
VERTEX
  5
163A
330
17
100
AcDbEntity
  8
RBAR-T8-G
100
AcDbVertex
100
AcDb3dPolylineVertex
 10
2585.3
 20
34.0
 30
1031.6
 70
32
  0
VERTEX
  5
163B
330
17
100
AcDbEntity
  8
RBAR-T8-G
100
AcDbVertex
100
AcDb3dPolylineVertex
 10
2586.2
 20
34.0
 30
1028.5
 70
32
  0
VERTEX
  5
163C
330
17
100
AcDbEntity
  8
RBAR-T8-G
100
AcDbVertex
100
AcDb3dPolylineVertex
 10
2587.8
 20
34.0
 30
1025.7
 70
32
  0
VERTEX
  5
163D
330
17
100
AcDbEntity
  8
RBAR-T8-G
100
AcDbVertex
100
AcDb3dPolylineVertex
 10
2589.8
 20
34.0
 30
1023.2
 70
32
  0
VERTEX
  5
163E
330
17
100
AcDbEntity
  8
RBAR-T8-G
100
AcDbVertex
100
AcDb3dPolylineVertex
 10
2592.3
 20
34.0
 30
1021.2
 70
32
  0
VERTEX
  5
163F
330
17
100
AcDbEntity
  8
RBAR-T8-G
100
AcDbVertex
100
AcDb3dPolylineVertex
 10
2595.1
 20
34.0
 30
1019.7
 70
32
  0
VERTEX
  5
1640
330
17
100
AcDbEntity
  8
RBAR-T8-G
100
AcDbVertex
100
AcDb3dPolylineVertex
 10
2598.2
 20
34.0
 30
1018.7
 70
32
  0
VERTEX
  5
1641
330
17
100
AcDbEntity
  8
RBAR-T8-G
100
AcDbVertex
100
AcDb3dPolylineVertex
 10
2601.4
 20
34.0
 30
1018.4
 70
32
  0
VERTEX
  5
1642
330
17
100
AcDbEntity
  8
RBAR-T8-G
100
AcDbVertex
100
AcDb3dPolylineVertex
 10
2708.8
 20
34.0
 30
1018.4
 70
32
  0
VERTEX
  5
1643
330
17
100
AcDbEntity
  8
RBAR-T8-G
100
AcDbVertex
100
AcDb3dPolylineVertex
 10
2712.0
 20
34.0
 30
1018.7
 70
32
  0
VERTEX
  5
1644
330
17
100
AcDbEntity
  8
RBAR-T8-G
100
AcDbVertex
100
AcDb3dPolylineVertex
 10
2715.0
 20
34.0
 30
1019.7
 70
32
  0
VERTEX
  5
1645
330
17
100
AcDbEntity
  8
RBAR-T8-G
100
AcDbVertex
100
AcDb3dPolylineVertex
 10
2717.9
 20
34.0
 30
1021.2
 70
32
  0
VERTEX
  5
1646
330
17
100
AcDbEntity
  8
RBAR-T8-G
100
AcDbVertex
100
AcDb3dPolylineVertex
 10
2720.3
 20
34.0
 30
1023.2
 70
32
  0
VERTEX
  5
1647
330
17
100
AcDbEntity
  8
RBAR-T8-G
100
AcDbVertex
100
AcDb3dPolylineVertex
 10
2722.4
 20
34.0
 30
1025.7
 70
32
  0
VERTEX
  5
1648
330
17
100
AcDbEntity
  8
RBAR-T8-G
100
AcDbVertex
100
AcDb3dPolylineVertex
 10
2723.9
 20
34.0
 30
1028.5
 70
32
  0
VERTEX
  5
1649
330
17
100
AcDbEntity
  8
RBAR-T8-G
100
AcDbVertex
100
AcDb3dPolylineVertex
 10
2724.8
 20
34.0
 30
1031.6
 70
32
  0
VERTEX
  5
164A
330
17
100
AcDbEntity
  8
RBAR-T8-G
100
AcDbVertex
100
AcDb3dPolylineVertex
 10
2725.1
 20
34.0
 30
1034.8
 70
32
  0
VERTEX
  5
164B
330
17
100
AcDbEntity
  8
RBAR-T8-G
100
AcDbVertex
100
AcDb3dPolylineVertex
 10
2725.1
 20
34.0
 30
1351.9
 70
32
  0
SEQEND
  5
1625
330
1624
100
AcDbEntity
  8
RBAR-T8-G
  0
POLYLINE
  5
164C
330
17
100
AcDbEntity
  8
RBAR-T8-G
100
AcDb3dPolyline
 66
1
 10
0.0
 20
0.0
 30
0.0
 70
8
  0
VERTEX
  5
164E
330
17
100
AcDbEntity
  8
RBAR-T8-G
100
AcDbVertex
100
AcDb3dPolylineVertex
 10
3220.7
 20
34.0
 30
1331.4
 70
32
  0
VERTEX
  5
164F
330
17
100
AcDbEntity
  8
RBAR-T8-G
100
AcDbVertex
100
AcDb3dPolylineVertex
 10
3220.7
 20
34.0
 30
1403.0
 70
32
  0
VERTEX
  5
1650
330
17
100
AcDbEntity
  8
RBAR-T8-G
100
AcDbVertex
100
AcDb3dPolylineVertex
 10
3220.4
 20
34.0
 30
1406.2
 70
32
  0
VERTEX
  5
1651
330
17
100
AcDbEntity
  8
RBAR-T8-G
100
AcDbVertex
100
AcDb3dPolylineVertex
 10
3219.5
 20
34.0
 30
1409.3
 70
32
  0
VERTEX
  5
1652
330
17
100
AcDbEntity
  8
RBAR-T8-G
100
AcDbVertex
100
AcDb3dPolylineVertex
 10
3218.0
 20
34.0
 30
1412.1
 70
32
  0
VERTEX
  5
1653
330
17
100
AcDbEntity
  8
RBAR-T8-G
100
AcDbVertex
100
AcDb3dPolylineVertex
 10
3215.9
 20
34.0
 30
1414.6
 70
32
  0
VERTEX
  5
1654
330
17
100
AcDbEntity
  8
RBAR-T8-G
100
AcDbVertex
100
AcDb3dPolylineVertex
 10
3213.4
 20
34.0
 30
1416.6
 70
32
  0
VERTEX
  5
1655
330
17
100
AcDbEntity
  8
RBAR-T8-G
100
AcDbVertex
100
AcDb3dPolylineVertex
 10
3210.6
 20
34.0
 30
1418.1
 70
32
  0
VERTEX
  5
1656
330
17
100
AcDbEntity
  8
RBAR-T8-G
100
AcDbVertex
100
AcDb3dPolylineVertex
 10
3207.5
 20
34.0
 30
1419.1
 70
32
  0
VERTEX
  5
1657
330
17
100
AcDbEntity
  8
RBAR-T8-G
100
AcDbVertex
100
AcDb3dPolylineVertex
 10
3204.3
 20
34.0
 30
1419.4
 70
32
  0
VERTEX
  5
1658
330
17
100
AcDbEntity
  8
RBAR-T8-G
100
AcDbVertex
100
AcDb3dPolylineVertex
 10
3071.4
 20
34.0
 30
1419.4
 70
32
  0
VERTEX
  5
1659
330
17
100
AcDbEntity
  8
RBAR-T8-G
100
AcDbVertex
100
AcDb3dPolylineVertex
 10
3068.2
 20
34.0
 30
1419.1
 70
32
  0
VERTEX
  5
165A
330
17
100
AcDbEntity
  8
RBAR-T8-G
100
AcDbVertex
100
AcDb3dPolylineVertex
 10
3065.1
 20
34.0
 30
1418.1
 70
32
  0
VERTEX
  5
165B
330
17
100
AcDbEntity
  8
RBAR-T8-G
100
AcDbVertex
100
AcDb3dPolylineVertex
 10
3062.3
 20
34.0
 30
1416.6
 70
32
  0
VERTEX
  5
165C
330
17
100
AcDbEntity
  8
RBAR-T8-G
100
AcDbVertex
100
AcDb3dPolylineVertex
 10
3059.8
 20
34.0
 30
1414.6
 70
32
  0
VERTEX
  5
165D
330
17
100
AcDbEntity
  8
RBAR-T8-G
100
AcDbVertex
100
AcDb3dPolylineVertex
 10
3057.8
 20
34.0
 30
1412.1
 70
32
  0
VERTEX
  5
165E
330
17
100
AcDbEntity
  8
RBAR-T8-G
100
AcDbVertex
100
AcDb3dPolylineVertex
 10
3056.2
 20
34.0
 30
1409.3
 70
32
  0
VERTEX
  5
165F
330
17
100
AcDbEntity
  8
RBAR-T8-G
100
AcDbVertex
100
AcDb3dPolylineVertex
 10
3055.3
 20
34.0
 30
1406.2
 70
32
  0
VERTEX
  5
1660
330
17
100
AcDbEntity
  8
RBAR-T8-G
100
AcDbVertex
100
AcDb3dPolylineVertex
 10
3055.0
 20
34.0
 30
1403.0
 70
32
  0
VERTEX
  5
1661
330
17
100
AcDbEntity
  8
RBAR-T8-G
100
AcDbVertex
100
AcDb3dPolylineVertex
 10
3055.0
 20
34.0
 30
1034.8
 70
32
  0
VERTEX
  5
1662
330
17
100
AcDbEntity
  8
RBAR-T8-G
100
AcDbVertex
100
AcDb3dPolylineVertex
 10
3055.3
 20
34.0
 30
1031.6
 70
32
  0
VERTEX
  5
1663
330
17
100
AcDbEntity
  8
RBAR-T8-G
100
AcDbVertex
100
AcDb3dPolylineVertex
 10
3056.2
 20
34.0
 30
1028.5
 70
32
  0
VERTEX
  5
1664
330
17
100
AcDbEntity
  8
RBAR-T8-G
100
AcDbVertex
100
AcDb3dPolylineVertex
 10
3057.8
 20
34.0
 30
1025.7
 70
32
  0
VERTEX
  5
1665
330
17
100
AcDbEntity
  8
RBAR-T8-G
100
AcDbVertex
100
AcDb3dPolylineVertex
 10
3059.8
 20
34.0
 30
1023.2
 70
32
  0
VERTEX
  5
1666
330
17
100
AcDbEntity
  8
RBAR-T8-G
100
AcDbVertex
100
AcDb3dPolylineVertex
 10
3062.3
 20
34.0
 30
1021.2
 70
32
  0
VERTEX
  5
1667
330
17
100
AcDbEntity
  8
RBAR-T8-G
100
AcDbVertex
100
AcDb3dPolylineVertex
 10
3065.1
 20
34.0
 30
1019.7
 70
32
  0
VERTEX
  5
1668
330
17
100
AcDbEntity
  8
RBAR-T8-G
100
AcDbVertex
100
AcDb3dPolylineVertex
 10
3068.2
 20
34.0
 30
1018.7
 70
32
  0
VERTEX
  5
1669
330
17
100
AcDbEntity
  8
RBAR-T8-G
100
AcDbVertex
100
AcDb3dPolylineVertex
 10
3071.4
 20
34.0
 30
1018.4
 70
32
  0
VERTEX
  5
166A
330
17
100
AcDbEntity
  8
RBAR-T8-G
100
AcDbVertex
100
AcDb3dPolylineVertex
 10
3178.8
 20
34.0
 30
1018.4
 70
32
  0
VERTEX
  5
166B
330
17
100
AcDbEntity
  8
RBAR-T8-G
100
AcDbVertex
100
AcDb3dPolylineVertex
 10
3182.0
 20
34.0
 30
1018.7
 70
32
  0
VERTEX
  5
166C
330
17
100
AcDbEntity
  8
RBAR-T8-G
100
AcDbVertex
100
AcDb3dPolylineVertex
 10
3185.0
 20
34.0
 30
1019.7
 70
32
  0
VERTEX
  5
166D
330
17
100
AcDbEntity
  8
RBAR-T8-G
100
AcDbVertex
100
AcDb3dPolylineVertex
 10
3187.9
 20
34.0
 30
1021.2
 70
32
  0
VERTEX
  5
166E
330
17
100
AcDbEntity
  8
RBAR-T8-G
100
AcDbVertex
100
AcDb3dPolylineVertex
 10
3190.3
 20
34.0
 30
1023.2
 70
32
  0
VERTEX
  5
166F
330
17
100
AcDbEntity
  8
RBAR-T8-G
100
AcDbVertex
100
AcDb3dPolylineVertex
 10
3192.4
 20
34.0
 30
1025.7
 70
32
  0
VERTEX
  5
1670
330
17
100
AcDbEntity
  8
RBAR-T8-G
100
AcDbVertex
100
AcDb3dPolylineVertex
 10
3193.9
 20
34.0
 30
1028.5
 70
32
  0
VERTEX
  5
1671
330
17
100
AcDbEntity
  8
RBAR-T8-G
100
AcDbVertex
100
AcDb3dPolylineVertex
 10
3194.8
 20
34.0
 30
1031.6
 70
32
  0
VERTEX
  5
1672
330
17
100
AcDbEntity
  8
RBAR-T8-G
100
AcDbVertex
100
AcDb3dPolylineVertex
 10
3195.1
 20
34.0
 30
1034.8
 70
32
  0
VERTEX
  5
1673
330
17
100
AcDbEntity
  8
RBAR-T8-G
100
AcDbVertex
100
AcDb3dPolylineVertex
 10
3195.1
 20
34.0
 30
1351.9
 70
32
  0
SEQEND
  5
164D
330
164C
100
AcDbEntity
  8
RBAR-T8-G
  0
POLYLINE
  5
1674
330
17
100
AcDbEntity
  8
RBAR-T8-G
100
AcDb3dPolyline
 66
1
 10
0.0
 20
0.0
 30
0.0
 70
8
  0
VERTEX
  5
1676
330
17
100
AcDbEntity
  8
RBAR-T8-G
100
AcDbVertex
100
AcDb3dPolylineVertex
 10
3690.7
 20
34.0
 30
1331.4
 70
32
  0
VERTEX
  5
1677
330
17
100
AcDbEntity
  8
RBAR-T8-G
100
AcDbVertex
100
AcDb3dPolylineVertex
 10
3690.7
 20
34.0
 30
1403.0
 70
32
  0
VERTEX
  5
1678
330
17
100
AcDbEntity
  8
RBAR-T8-G
100
AcDbVertex
100
AcDb3dPolylineVertex
 10
3690.4
 20
34.0
 30
1406.2
 70
32
  0
VERTEX
  5
1679
330
17
100
AcDbEntity
  8
RBAR-T8-G
100
AcDbVertex
100
AcDb3dPolylineVertex
 10
3689.5
 20
34.0
 30
1409.3
 70
32
  0
VERTEX
  5
167A
330
17
100
AcDbEntity
  8
RBAR-T8-G
100
AcDbVertex
100
AcDb3dPolylineVertex
 10
3688.0
 20
34.0
 30
1412.1
 70
32
  0
VERTEX
  5
167B
330
17
100
AcDbEntity
  8
RBAR-T8-G
100
AcDbVertex
100
AcDb3dPolylineVertex
 10
3685.9
 20
34.0
 30
1414.6
 70
32
  0
VERTEX
  5
167C
330
17
100
AcDbEntity
  8
RBAR-T8-G
100
AcDbVertex
100
AcDb3dPolylineVertex
 10
3683.4
 20
34.0
 30
1416.6
 70
32
  0
VERTEX
  5
167D
330
17
100
AcDbEntity
  8
RBAR-T8-G
100
AcDbVertex
100
AcDb3dPolylineVertex
 10
3680.6
 20
34.0
 30
1418.1
 70
32
  0
VERTEX
  5
167E
330
17
100
AcDbEntity
  8
RBAR-T8-G
100
AcDbVertex
100
AcDb3dPolylineVertex
 10
3677.5
 20
34.0
 30
1419.1
 70
32
  0
VERTEX
  5
167F
330
17
100
AcDbEntity
  8
RBAR-T8-G
100
AcDbVertex
100
AcDb3dPolylineVertex
 10
3674.3
 20
34.0
 30
1419.4
 70
32
  0
VERTEX
  5
1680
330
17
100
AcDbEntity
  8
RBAR-T8-G
100
AcDbVertex
100
AcDb3dPolylineVertex
 10
3541.4
 20
34.0
 30
1419.4
 70
32
  0
VERTEX
  5
1681
330
17
100
AcDbEntity
  8
RBAR-T8-G
100
AcDbVertex
100
AcDb3dPolylineVertex
 10
3538.2
 20
34.0
 30
1419.1
 70
32
  0
VERTEX
  5
1682
330
17
100
AcDbEntity
  8
RBAR-T8-G
100
AcDbVertex
100
AcDb3dPolylineVertex
 10
3535.1
 20
34.0
 30
1418.1
 70
32
  0
VERTEX
  5
1683
330
17
100
AcDbEntity
  8
RBAR-T8-G
100
AcDbVertex
100
AcDb3dPolylineVertex
 10
3532.3
 20
34.0
 30
1416.6
 70
32
  0
VERTEX
  5
1684
330
17
100
AcDbEntity
  8
RBAR-T8-G
100
AcDbVertex
100
AcDb3dPolylineVertex
 10
3529.8
 20
34.0
 30
1414.6
 70
32
  0
VERTEX
  5
1685
330
17
100
AcDbEntity
  8
RBAR-T8-G
100
AcDbVertex
100
AcDb3dPolylineVertex
 10
3527.8
 20
34.0
 30
1412.1
 70
32
  0
VERTEX
  5
1686
330
17
100
AcDbEntity
  8
RBAR-T8-G
100
AcDbVertex
100
AcDb3dPolylineVertex
 10
3526.2
 20
34.0
 30
1409.3
 70
32
  0
VERTEX
  5
1687
330
17
100
AcDbEntity
  8
RBAR-T8-G
100
AcDbVertex
100
AcDb3dPolylineVertex
 10
3525.3
 20
34.0
 30
1406.2
 70
32
  0
VERTEX
  5
1688
330
17
100
AcDbEntity
  8
RBAR-T8-G
100
AcDbVertex
100
AcDb3dPolylineVertex
 10
3525.0
 20
34.0
 30
1403.0
 70
32
  0
VERTEX
  5
1689
330
17
100
AcDbEntity
  8
RBAR-T8-G
100
AcDbVertex
100
AcDb3dPolylineVertex
 10
3525.0
 20
34.0
 30
1034.8
 70
32
  0
VERTEX
  5
168A
330
17
100
AcDbEntity
  8
RBAR-T8-G
100
AcDbVertex
100
AcDb3dPolylineVertex
 10
3525.3
 20
34.0
 30
1031.6
 70
32
  0
VERTEX
  5
168B
330
17
100
AcDbEntity
  8
RBAR-T8-G
100
AcDbVertex
100
AcDb3dPolylineVertex
 10
3526.2
 20
34.0
 30
1028.5
 70
32
  0
VERTEX
  5
168C
330
17
100
AcDbEntity
  8
RBAR-T8-G
100
AcDbVertex
100
AcDb3dPolylineVertex
 10
3527.8
 20
34.0
 30
1025.7
 70
32
  0
VERTEX
  5
168D
330
17
100
AcDbEntity
  8
RBAR-T8-G
100
AcDbVertex
100
AcDb3dPolylineVertex
 10
3529.8
 20
34.0
 30
1023.2
 70
32
  0
VERTEX
  5
168E
330
17
100
AcDbEntity
  8
RBAR-T8-G
100
AcDbVertex
100
AcDb3dPolylineVertex
 10
3532.3
 20
34.0
 30
1021.2
 70
32
  0
VERTEX
  5
168F
330
17
100
AcDbEntity
  8
RBAR-T8-G
100
AcDbVertex
100
AcDb3dPolylineVertex
 10
3535.1
 20
34.0
 30
1019.7
 70
32
  0
VERTEX
  5
1690
330
17
100
AcDbEntity
  8
RBAR-T8-G
100
AcDbVertex
100
AcDb3dPolylineVertex
 10
3538.2
 20
34.0
 30
1018.7
 70
32
  0
VERTEX
  5
1691
330
17
100
AcDbEntity
  8
RBAR-T8-G
100
AcDbVertex
100
AcDb3dPolylineVertex
 10
3541.4
 20
34.0
 30
1018.4
 70
32
  0
VERTEX
  5
1692
330
17
100
AcDbEntity
  8
RBAR-T8-G
100
AcDbVertex
100
AcDb3dPolylineVertex
 10
3648.8
 20
34.0
 30
1018.4
 70
32
  0
VERTEX
  5
1693
330
17
100
AcDbEntity
  8
RBAR-T8-G
100
AcDbVertex
100
AcDb3dPolylineVertex
 10
3652.0
 20
34.0
 30
1018.7
 70
32
  0
VERTEX
  5
1694
330
17
100
AcDbEntity
  8
RBAR-T8-G
100
AcDbVertex
100
AcDb3dPolylineVertex
 10
3655.0
 20
34.0
 30
1019.7
 70
32
  0
VERTEX
  5
1695
330
17
100
AcDbEntity
  8
RBAR-T8-G
100
AcDbVertex
100
AcDb3dPolylineVertex
 10
3657.9
 20
34.0
 30
1021.2
 70
32
  0
VERTEX
  5
1696
330
17
100
AcDbEntity
  8
RBAR-T8-G
100
AcDbVertex
100
AcDb3dPolylineVertex
 10
3660.3
 20
34.0
 30
1023.2
 70
32
  0
VERTEX
  5
1697
330
17
100
AcDbEntity
  8
RBAR-T8-G
100
AcDbVertex
100
AcDb3dPolylineVertex
 10
3662.4
 20
34.0
 30
1025.7
 70
32
  0
VERTEX
  5
1698
330
17
100
AcDbEntity
  8
RBAR-T8-G
100
AcDbVertex
100
AcDb3dPolylineVertex
 10
3663.9
 20
34.0
 30
1028.5
 70
32
  0
VERTEX
  5
1699
330
17
100
AcDbEntity
  8
RBAR-T8-G
100
AcDbVertex
100
AcDb3dPolylineVertex
 10
3664.8
 20
34.0
 30
1031.6
 70
32
  0
VERTEX
  5
169A
330
17
100
AcDbEntity
  8
RBAR-T8-G
100
AcDbVertex
100
AcDb3dPolylineVertex
 10
3665.1
 20
34.0
 30
1034.8
 70
32
  0
VERTEX
  5
169B
330
17
100
AcDbEntity
  8
RBAR-T8-G
100
AcDbVertex
100
AcDb3dPolylineVertex
 10
3665.1
 20
34.0
 30
1351.9
 70
32
  0
SEQEND
  5
1675
330
1674
100
AcDbEntity
  8
RBAR-T8-G
  0
POLYLINE
  5
169C
330
17
100
AcDbEntity
  8
RBAR-T8-G
100
AcDb3dPolyline
 66
1
 10
0.0
 20
0.0
 30
0.0
 70
8
  0
VERTEX
  5
169E
330
17
100
AcDbEntity
  8
RBAR-T8-G
100
AcDbVertex
100
AcDb3dPolylineVertex
 10
434.3
 20
34.0
 30
1823.6
 70
32
  0
VERTEX
  5
169F
330
17
100
AcDbEntity
  8
RBAR-T8-G
100
AcDbVertex
100
AcDb3dPolylineVertex
 10
434.3
 20
34.0
 30
1895.2
 70
32
  0
VERTEX
  5
16A0
330
17
100
AcDbEntity
  8
RBAR-T8-G
100
AcDbVertex
100
AcDb3dPolylineVertex
 10
434.0
 20
34.0
 30
1898.4
 70
32
  0
VERTEX
  5
16A1
330
17
100
AcDbEntity
  8
RBAR-T8-G
100
AcDbVertex
100
AcDb3dPolylineVertex
 10
433.0
 20
34.0
 30
1901.5
 70
32
  0
VERTEX
  5
16A2
330
17
100
AcDbEntity
  8
RBAR-T8-G
100
AcDbVertex
100
AcDb3dPolylineVertex
 10
431.5
 20
34.0
 30
1904.3
 70
32
  0
VERTEX
  5
16A3
330
17
100
AcDbEntity
  8
RBAR-T8-G
100
AcDbVertex
100
AcDb3dPolylineVertex
 10
429.5
 20
34.0
 30
1906.8
 70
32
  0
VERTEX
  5
16A4
330
17
100
AcDbEntity
  8
RBAR-T8-G
100
AcDbVertex
100
AcDb3dPolylineVertex
 10
427.0
 20
34.0
 30
1908.8
 70
32
  0
VERTEX
  5
16A5
330
17
100
AcDbEntity
  8
RBAR-T8-G
100
AcDbVertex
100
AcDb3dPolylineVertex
 10
424.2
 20
34.0
 30
1910.3
 70
32
  0
VERTEX
  5
16A6
330
17
100
AcDbEntity
  8
RBAR-T8-G
100
AcDbVertex
100
AcDb3dPolylineVertex
 10
421.1
 20
34.0
 30
1911.3
 70
32
  0
VERTEX
  5
16A7
330
17
100
AcDbEntity
  8
RBAR-T8-G
100
AcDbVertex
100
AcDb3dPolylineVertex
 10
417.9
 20
34.0
 30
1911.6
 70
32
  0
VERTEX
  5
16A8
330
17
100
AcDbEntity
  8
RBAR-T8-G
100
AcDbVertex
100
AcDb3dPolylineVertex
 10
284.9
 20
34.0
 30
1911.6
 70
32
  0
VERTEX
  5
16A9
330
17
100
AcDbEntity
  8
RBAR-T8-G
100
AcDbVertex
100
AcDb3dPolylineVertex
 10
281.7
 20
34.0
 30
1911.3
 70
32
  0
VERTEX
  5
16AA
330
17
100
AcDbEntity
  8
RBAR-T8-G
100
AcDbVertex
100
AcDb3dPolylineVertex
 10
278.7
 20
34.0
 30
1910.3
 70
32
  0
VERTEX
  5
16AB
330
17
100
AcDbEntity
  8
RBAR-T8-G
100
AcDbVertex
100
AcDb3dPolylineVertex
 10
275.8
 20
34.0
 30
1908.8
 70
32
  0
VERTEX
  5
16AC
330
17
100
AcDbEntity
  8
RBAR-T8-G
100
AcDbVertex
100
AcDb3dPolylineVertex
 10
273.4
 20
34.0
 30
1906.8
 70
32
  0
VERTEX
  5
16AD
330
17
100
AcDbEntity
  8
RBAR-T8-G
100
AcDbVertex
100
AcDb3dPolylineVertex
 10
271.3
 20
34.0
 30
1904.3
 70
32
  0
VERTEX
  5
16AE
330
17
100
AcDbEntity
  8
RBAR-T8-G
100
AcDbVertex
100
AcDb3dPolylineVertex
 10
269.8
 20
34.0
 30
1901.5
 70
32
  0
VERTEX
  5
16AF
330
17
100
AcDbEntity
  8
RBAR-T8-G
100
AcDbVertex
100
AcDb3dPolylineVertex
 10
268.9
 20
34.0
 30
1898.4
 70
32
  0
VERTEX
  5
16B0
330
17
100
AcDbEntity
  8
RBAR-T8-G
100
AcDbVertex
100
AcDb3dPolylineVertex
 10
268.6
 20
34.0
 30
1895.2
 70
32
  0
VERTEX
  5
16B1
330
17
100
AcDbEntity
  8
RBAR-T8-G
100
AcDbVertex
100
AcDb3dPolylineVertex
 10
268.6
 20
34.0
 30
1527.0
 70
32
  0
VERTEX
  5
16B2
330
17
100
AcDbEntity
  8
RBAR-T8-G
100
AcDbVertex
100
AcDb3dPolylineVertex
 10
268.9
 20
34.0
 30
1523.8
 70
32
  0
VERTEX
  5
16B3
330
17
100
AcDbEntity
  8
RBAR-T8-G
100
AcDbVertex
100
AcDb3dPolylineVertex
 10
269.8
 20
34.0
 30
1520.7
 70
32
  0
VERTEX
  5
16B4
330
17
100
AcDbEntity
  8
RBAR-T8-G
100
AcDbVertex
100
AcDb3dPolylineVertex
 10
271.3
 20
34.0
 30
1517.9
 70
32
  0
VERTEX
  5
16B5
330
17
100
AcDbEntity
  8
RBAR-T8-G
100
AcDbVertex
100
AcDb3dPolylineVertex
 10
273.4
 20
34.0
 30
1515.4
 70
32
  0
VERTEX
  5
16B6
330
17
100
AcDbEntity
  8
RBAR-T8-G
100
AcDbVertex
100
AcDb3dPolylineVertex
 10
275.8
 20
34.0
 30
1513.4
 70
32
  0
VERTEX
  5
16B7
330
17
100
AcDbEntity
  8
RBAR-T8-G
100
AcDbVertex
100
AcDb3dPolylineVertex
 10
278.7
 20
34.0
 30
1511.9
 70
32
  0
VERTEX
  5
16B8
330
17
100
AcDbEntity
  8
RBAR-T8-G
100
AcDbVertex
100
AcDb3dPolylineVertex
 10
281.7
 20
34.0
 30
1510.9
 70
32
  0
VERTEX
  5
16B9
330
17
100
AcDbEntity
  8
RBAR-T8-G
100
AcDbVertex
100
AcDb3dPolylineVertex
 10
284.9
 20
34.0
 30
1510.6
 70
32
  0
VERTEX
  5
16BA
330
17
100
AcDbEntity
  8
RBAR-T8-G
100
AcDbVertex
100
AcDb3dPolylineVertex
 10
392.3
 20
34.0
 30
1510.6
 70
32
  0
VERTEX
  5
16BB
330
17
100
AcDbEntity
  8
RBAR-T8-G
100
AcDbVertex
100
AcDb3dPolylineVertex
 10
395.5
 20
34.0
 30
1510.9
 70
32
  0
VERTEX
  5
16BC
330
17
100
AcDbEntity
  8
RBAR-T8-G
100
AcDbVertex
100
AcDb3dPolylineVertex
 10
398.6
 20
34.0
 30
1511.9
 70
32
  0
VERTEX
  5
16BD
330
17
100
AcDbEntity
  8
RBAR-T8-G
100
AcDbVertex
100
AcDb3dPolylineVertex
 10
401.4
 20
34.0
 30
1513.4
 70
32
  0
VERTEX
  5
16BE
330
17
100
AcDbEntity
  8
RBAR-T8-G
100
AcDbVertex
100
AcDb3dPolylineVertex
 10
403.9
 20
34.0
 30
1515.4
 70
32
  0
VERTEX
  5
16BF
330
17
100
AcDbEntity
  8
RBAR-T8-G
100
AcDbVertex
100
AcDb3dPolylineVertex
 10
406.0
 20
34.0
 30
1517.9
 70
32
  0
VERTEX
  5
16C0
330
17
100
AcDbEntity
  8
RBAR-T8-G
100
AcDbVertex
100
AcDb3dPolylineVertex
 10
407.5
 20
34.0
 30
1520.7
 70
32
  0
VERTEX
  5
16C1
330
17
100
AcDbEntity
  8
RBAR-T8-G
100
AcDbVertex
100
AcDb3dPolylineVertex
 10
408.4
 20
34.0
 30
1523.8
 70
32
  0
VERTEX
  5
16C2
330
17
100
AcDbEntity
  8
RBAR-T8-G
100
AcDbVertex
100
AcDb3dPolylineVertex
 10
408.7
 20
34.0
 30
1527.0
 70
32
  0
VERTEX
  5
16C3
330
17
100
AcDbEntity
  8
RBAR-T8-G
100
AcDbVertex
100
AcDb3dPolylineVertex
 10
408.7
 20
34.0
 30
1844.1
 70
32
  0
SEQEND
  5
169D
330
169C
100
AcDbEntity
  8
RBAR-T8-G
  0
POLYLINE
  5
16C4
330
17
100
AcDbEntity
  8
RBAR-T8-G
100
AcDb3dPolyline
 66
1
 10
0.0
 20
0.0
 30
0.0
 70
8
  0
VERTEX
  5
16C6
330
17
100
AcDbEntity
  8
RBAR-T8-G
100
AcDbVertex
100
AcDb3dPolylineVertex
 10
971.4
 20
34.0
 30
1823.6
 70
32
  0
VERTEX
  5
16C7
330
17
100
AcDbEntity
  8
RBAR-T8-G
100
AcDbVertex
100
AcDb3dPolylineVertex
 10
971.4
 20
34.0
 30
1895.2
 70
32
  0
VERTEX
  5
16C8
330
17
100
AcDbEntity
  8
RBAR-T8-G
100
AcDbVertex
100
AcDb3dPolylineVertex
 10
971.1
 20
34.0
 30
1898.4
 70
32
  0
VERTEX
  5
16C9
330
17
100
AcDbEntity
  8
RBAR-T8-G
100
AcDbVertex
100
AcDb3dPolylineVertex
 10
970.2
 20
34.0
 30
1901.5
 70
32
  0
VERTEX
  5
16CA
330
17
100
AcDbEntity
  8
RBAR-T8-G
100
AcDbVertex
100
AcDb3dPolylineVertex
 10
968.7
 20
34.0
 30
1904.3
 70
32
  0
VERTEX
  5
16CB
330
17
100
AcDbEntity
  8
RBAR-T8-G
100
AcDbVertex
100
AcDb3dPolylineVertex
 10
966.6
 20
34.0
 30
1906.8
 70
32
  0
VERTEX
  5
16CC
330
17
100
AcDbEntity
  8
RBAR-T8-G
100
AcDbVertex
100
AcDb3dPolylineVertex
 10
964.2
 20
34.0
 30
1908.8
 70
32
  0
VERTEX
  5
16CD
330
17
100
AcDbEntity
  8
RBAR-T8-G
100
AcDbVertex
100
AcDb3dPolylineVertex
 10
961.3
 20
34.0
 30
1910.3
 70
32
  0
VERTEX
  5
16CE
330
17
100
AcDbEntity
  8
RBAR-T8-G
100
AcDbVertex
100
AcDb3dPolylineVertex
 10
958.3
 20
34.0
 30
1911.3
 70
32
  0
VERTEX
  5
16CF
330
17
100
AcDbEntity
  8
RBAR-T8-G
100
AcDbVertex
100
AcDb3dPolylineVertex
 10
955.1
 20
34.0
 30
1911.6
 70
32
  0
VERTEX
  5
16D0
330
17
100
AcDbEntity
  8
RBAR-T8-G
100
AcDbVertex
100
AcDb3dPolylineVertex
 10
822.1
 20
34.0
 30
1911.6
 70
32
  0
VERTEX
  5
16D1
330
17
100
AcDbEntity
  8
RBAR-T8-G
100
AcDbVertex
100
AcDb3dPolylineVertex
 10
818.9
 20
34.0
 30
1911.3
 70
32
  0
VERTEX
  5
16D2
330
17
100
AcDbEntity
  8
RBAR-T8-G
100
AcDbVertex
100
AcDb3dPolylineVertex
 10
815.8
 20
34.0
 30
1910.3
 70
32
  0
VERTEX
  5
16D3
330
17
100
AcDbEntity
  8
RBAR-T8-G
100
AcDbVertex
100
AcDb3dPolylineVertex
 10
813.0
 20
34.0
 30
1908.8
 70
32
  0
VERTEX
  5
16D4
330
17
100
AcDbEntity
  8
RBAR-T8-G
100
AcDbVertex
100
AcDb3dPolylineVertex
 10
810.5
 20
34.0
 30
1906.8
 70
32
  0
VERTEX
  5
16D5
330
17
100
AcDbEntity
  8
RBAR-T8-G
100
AcDbVertex
100
AcDb3dPolylineVertex
 10
808.5
 20
34.0
 30
1904.3
 70
32
  0
VERTEX
  5
16D6
330
17
100
AcDbEntity
  8
RBAR-T8-G
100
AcDbVertex
100
AcDb3dPolylineVertex
 10
807.0
 20
34.0
 30
1901.5
 70
32
  0
VERTEX
  5
16D7
330
17
100
AcDbEntity
  8
RBAR-T8-G
100
AcDbVertex
100
AcDb3dPolylineVertex
 10
806.0
 20
34.0
 30
1898.4
 70
32
  0
VERTEX
  5
16D8
330
17
100
AcDbEntity
  8
RBAR-T8-G
100
AcDbVertex
100
AcDb3dPolylineVertex
 10
805.7
 20
34.0
 30
1895.2
 70
32
  0
VERTEX
  5
16D9
330
17
100
AcDbEntity
  8
RBAR-T8-G
100
AcDbVertex
100
AcDb3dPolylineVertex
 10
805.7
 20
34.0
 30
1527.0
 70
32
  0
VERTEX
  5
16DA
330
17
100
AcDbEntity
  8
RBAR-T8-G
100
AcDbVertex
100
AcDb3dPolylineVertex
 10
806.0
 20
34.0
 30
1523.8
 70
32
  0
VERTEX
  5
16DB
330
17
100
AcDbEntity
  8
RBAR-T8-G
100
AcDbVertex
100
AcDb3dPolylineVertex
 10
807.0
 20
34.0
 30
1520.7
 70
32
  0
VERTEX
  5
16DC
330
17
100
AcDbEntity
  8
RBAR-T8-G
100
AcDbVertex
100
AcDb3dPolylineVertex
 10
808.5
 20
34.0
 30
1517.9
 70
32
  0
VERTEX
  5
16DD
330
17
100
AcDbEntity
  8
RBAR-T8-G
100
AcDbVertex
100
AcDb3dPolylineVertex
 10
810.5
 20
34.0
 30
1515.4
 70
32
  0
VERTEX
  5
16DE
330
17
100
AcDbEntity
  8
RBAR-T8-G
100
AcDbVertex
100
AcDb3dPolylineVertex
 10
813.0
 20
34.0
 30
1513.4
 70
32
  0
VERTEX
  5
16DF
330
17
100
AcDbEntity
  8
RBAR-T8-G
100
AcDbVertex
100
AcDb3dPolylineVertex
 10
815.8
 20
34.0
 30
1511.9
 70
32
  0
VERTEX
  5
16E0
330
17
100
AcDbEntity
  8
RBAR-T8-G
100
AcDbVertex
100
AcDb3dPolylineVertex
 10
818.9
 20
34.0
 30
1510.9
 70
32
  0
VERTEX
  5
16E1
330
17
100
AcDbEntity
  8
RBAR-T8-G
100
AcDbVertex
100
AcDb3dPolylineVertex
 10
822.1
 20
34.0
 30
1510.6
 70
32
  0
VERTEX
  5
16E2
330
17
100
AcDbEntity
  8
RBAR-T8-G
100
AcDbVertex
100
AcDb3dPolylineVertex
 10
929.5
 20
34.0
 30
1510.6
 70
32
  0
VERTEX
  5
16E3
330
17
100
AcDbEntity
  8
RBAR-T8-G
100
AcDbVertex
100
AcDb3dPolylineVertex
 10
932.7
 20
34.0
 30
1510.9
 70
32
  0
VERTEX
  5
16E4
330
17
100
AcDbEntity
  8
RBAR-T8-G
100
AcDbVertex
100
AcDb3dPolylineVertex
 10
935.7
 20
34.0
 30
1511.9
 70
32
  0
VERTEX
  5
16E5
330
17
100
AcDbEntity
  8
RBAR-T8-G
100
AcDbVertex
100
AcDb3dPolylineVertex
 10
938.6
 20
34.0
 30
1513.4
 70
32
  0
VERTEX
  5
16E6
330
17
100
AcDbEntity
  8
RBAR-T8-G
100
AcDbVertex
100
AcDb3dPolylineVertex
 10
941.1
 20
34.0
 30
1515.4
 70
32
  0
VERTEX
  5
16E7
330
17
100
AcDbEntity
  8
RBAR-T8-G
100
AcDbVertex
100
AcDb3dPolylineVertex
 10
943.1
 20
34.0
 30
1517.9
 70
32
  0
VERTEX
  5
16E8
330
17
100
AcDbEntity
  8
RBAR-T8-G
100
AcDbVertex
100
AcDb3dPolylineVertex
 10
944.6
 20
34.0
 30
1520.7
 70
32
  0
VERTEX
  5
16E9
330
17
100
AcDbEntity
  8
RBAR-T8-G
100
AcDbVertex
100
AcDb3dPolylineVertex
 10
945.5
 20
34.0
 30
1523.8
 70
32
  0
VERTEX
  5
16EA
330
17
100
AcDbEntity
  8
RBAR-T8-G
100
AcDbVertex
100
AcDb3dPolylineVertex
 10
945.9
 20
34.0
 30
1527.0
 70
32
  0
VERTEX
  5
16EB
330
17
100
AcDbEntity
  8
RBAR-T8-G
100
AcDbVertex
100
AcDb3dPolylineVertex
 10
945.9
 20
34.0
 30
1844.1
 70
32
  0
SEQEND
  5
16C5
330
16C4
100
AcDbEntity
  8
RBAR-T8-G
  0
POLYLINE
  5
16EC
330
17
100
AcDbEntity
  8
RBAR-T8-G
100
AcDb3dPolyline
 66
1
 10
0.0
 20
0.0
 30
0.0
 70
8
  0
VERTEX
  5
16EE
330
17
100
AcDbEntity
  8
RBAR-T8-G
100
AcDbVertex
100
AcDb3dPolylineVertex
 10
1508.6
 20
34.0
 30
1823.6
 70
32
  0
VERTEX
  5
16EF
330
17
100
AcDbEntity
  8
RBAR-T8-G
100
AcDbVertex
100
AcDb3dPolylineVertex
 10
1508.6
 20
34.0
 30
1895.2
 70
32
  0
VERTEX
  5
16F0
330
17
100
AcDbEntity
  8
RBAR-T8-G
100
AcDbVertex
100
AcDb3dPolylineVertex
 10
1508.3
 20
34.0
 30
1898.4
 70
32
  0
VERTEX
  5
16F1
330
17
100
AcDbEntity
  8
RBAR-T8-G
100
AcDbVertex
100
AcDb3dPolylineVertex
 10
1507.3
 20
34.0
 30
1901.5
 70
32
  0
VERTEX
  5
16F2
330
17
100
AcDbEntity
  8
RBAR-T8-G
100
AcDbVertex
100
AcDb3dPolylineVertex
 10
1505.8
 20
34.0
 30
1904.3
 70
32
  0
VERTEX
  5
16F3
330
17
100
AcDbEntity
  8
RBAR-T8-G
100
AcDbVertex
100
AcDb3dPolylineVertex
 10
1503.8
 20
34.0
 30
1906.8
 70
32
  0
VERTEX
  5
16F4
330
17
100
AcDbEntity
  8
RBAR-T8-G
100
AcDbVertex
100
AcDb3dPolylineVertex
 10
1501.3
 20
34.0
 30
1908.8
 70
32
  0
VERTEX
  5
16F5
330
17
100
AcDbEntity
  8
RBAR-T8-G
100
AcDbVertex
100
AcDb3dPolylineVertex
 10
1498.5
 20
34.0
 30
1910.3
 70
32
  0
VERTEX
  5
16F6
330
17
100
AcDbEntity
  8
RBAR-T8-G
100
AcDbVertex
100
AcDb3dPolylineVertex
 10
1495.4
 20
34.0
 30
1911.3
 70
32
  0
VERTEX
  5
16F7
330
17
100
AcDbEntity
  8
RBAR-T8-G
100
AcDbVertex
100
AcDb3dPolylineVertex
 10
1492.2
 20
34.0
 30
1911.6
 70
32
  0
VERTEX
  5
16F8
330
17
100
AcDbEntity
  8
RBAR-T8-G
100
AcDbVertex
100
AcDb3dPolylineVertex
 10
1359.2
 20
34.0
 30
1911.6
 70
32
  0
VERTEX
  5
16F9
330
17
100
AcDbEntity
  8
RBAR-T8-G
100
AcDbVertex
100
AcDb3dPolylineVertex
 10
1356.0
 20
34.0
 30
1911.3
 70
32
  0
VERTEX
  5
16FA
330
17
100
AcDbEntity
  8
RBAR-T8-G
100
AcDbVertex
100
AcDb3dPolylineVertex
 10
1353.0
 20
34.0
 30
1910.3
 70
32
  0
VERTEX
  5
16FB
330
17
100
AcDbEntity
  8
RBAR-T8-G
100
AcDbVertex
100
AcDb3dPolylineVertex
 10
1350.1
 20
34.0
 30
1908.8
 70
32
  0
VERTEX
  5
16FC
330
17
100
AcDbEntity
  8
RBAR-T8-G
100
AcDbVertex
100
AcDb3dPolylineVertex
 10
1347.7
 20
34.0
 30
1906.8
 70
32
  0
VERTEX
  5
16FD
330
17
100
AcDbEntity
  8
RBAR-T8-G
100
AcDbVertex
100
AcDb3dPolylineVertex
 10
1345.6
 20
34.0
 30
1904.3
 70
32
  0
VERTEX
  5
16FE
330
17
100
AcDbEntity
  8
RBAR-T8-G
100
AcDbVertex
100
AcDb3dPolylineVertex
 10
1344.1
 20
34.0
 30
1901.5
 70
32
  0
VERTEX
  5
16FF
330
17
100
AcDbEntity
  8
RBAR-T8-G
100
AcDbVertex
100
AcDb3dPolylineVertex
 10
1343.2
 20
34.0
 30
1898.4
 70
32
  0
VERTEX
  5
1700
330
17
100
AcDbEntity
  8
RBAR-T8-G
100
AcDbVertex
100
AcDb3dPolylineVertex
 10
1342.9
 20
34.0
 30
1895.2
 70
32
  0
VERTEX
  5
1701
330
17
100
AcDbEntity
  8
RBAR-T8-G
100
AcDbVertex
100
AcDb3dPolylineVertex
 10
1342.9
 20
34.0
 30
1527.0
 70
32
  0
VERTEX
  5
1702
330
17
100
AcDbEntity
  8
RBAR-T8-G
100
AcDbVertex
100
AcDb3dPolylineVertex
 10
1343.2
 20
34.0
 30
1523.8
 70
32
  0
VERTEX
  5
1703
330
17
100
AcDbEntity
  8
RBAR-T8-G
100
AcDbVertex
100
AcDb3dPolylineVertex
 10
1344.1
 20
34.0
 30
1520.7
 70
32
  0
VERTEX
  5
1704
330
17
100
AcDbEntity
  8
RBAR-T8-G
100
AcDbVertex
100
AcDb3dPolylineVertex
 10
1345.6
 20
34.0
 30
1517.9
 70
32
  0
VERTEX
  5
1705
330
17
100
AcDbEntity
  8
RBAR-T8-G
100
AcDbVertex
100
AcDb3dPolylineVertex
 10
1347.7
 20
34.0
 30
1515.4
 70
32
  0
VERTEX
  5
1706
330
17
100
AcDbEntity
  8
RBAR-T8-G
100
AcDbVertex
100
AcDb3dPolylineVertex
 10
1350.1
 20
34.0
 30
1513.4
 70
32
  0
VERTEX
  5
1707
330
17
100
AcDbEntity
  8
RBAR-T8-G
100
AcDbVertex
100
AcDb3dPolylineVertex
 10
1353.0
 20
34.0
 30
1511.9
 70
32
  0
VERTEX
  5
1708
330
17
100
AcDbEntity
  8
RBAR-T8-G
100
AcDbVertex
100
AcDb3dPolylineVertex
 10
1356.0
 20
34.0
 30
1510.9
 70
32
  0
VERTEX
  5
1709
330
17
100
AcDbEntity
  8
RBAR-T8-G
100
AcDbVertex
100
AcDb3dPolylineVertex
 10
1359.2
 20
34.0
 30
1510.6
 70
32
  0
VERTEX
  5
170A
330
17
100
AcDbEntity
  8
RBAR-T8-G
100
AcDbVertex
100
AcDb3dPolylineVertex
 10
1466.6
 20
34.0
 30
1510.6
 70
32
  0
VERTEX
  5
170B
330
17
100
AcDbEntity
  8
RBAR-T8-G
100
AcDbVertex
100
AcDb3dPolylineVertex
 10
1469.8
 20
34.0
 30
1510.9
 70
32
  0
VERTEX
  5
170C
330
17
100
AcDbEntity
  8
RBAR-T8-G
100
AcDbVertex
100
AcDb3dPolylineVertex
 10
1472.9
 20
34.0
 30
1511.9
 70
32
  0
VERTEX
  5
170D
330
17
100
AcDbEntity
  8
RBAR-T8-G
100
AcDbVertex
100
AcDb3dPolylineVertex
 10
1475.7
 20
34.0
 30
1513.4
 70
32
  0
VERTEX
  5
170E
330
17
100
AcDbEntity
  8
RBAR-T8-G
100
AcDbVertex
100
AcDb3dPolylineVertex
 10
1478.2
 20
34.0
 30
1515.4
 70
32
  0
VERTEX
  5
170F
330
17
100
AcDbEntity
  8
RBAR-T8-G
100
AcDbVertex
100
AcDb3dPolylineVertex
 10
1480.2
 20
34.0
 30
1517.9
 70
32
  0
VERTEX
  5
1710
330
17
100
AcDbEntity
  8
RBAR-T8-G
100
AcDbVertex
100
AcDb3dPolylineVertex
 10
1481.7
 20
34.0
 30
1520.7
 70
32
  0
VERTEX
  5
1711
330
17
100
AcDbEntity
  8
RBAR-T8-G
100
AcDbVertex
100
AcDb3dPolylineVertex
 10
1482.7
 20
34.0
 30
1523.8
 70
32
  0
VERTEX
  5
1712
330
17
100
AcDbEntity
  8
RBAR-T8-G
100
AcDbVertex
100
AcDb3dPolylineVertex
 10
1483.0
 20
34.0
 30
1527.0
 70
32
  0
VERTEX
  5
1713
330
17
100
AcDbEntity
  8
RBAR-T8-G
100
AcDbVertex
100
AcDb3dPolylineVertex
 10
1483.0
 20
34.0
 30
1844.1
 70
32
  0
SEQEND
  5
16ED
330
16EC
100
AcDbEntity
  8
RBAR-T8-G
  0
POLYLINE
  5
1714
330
17
100
AcDbEntity
  8
RBAR-T8-G
100
AcDb3dPolyline
 66
1
 10
0.0
 20
0.0
 30
0.0
 70
8
  0
VERTEX
  5
1716
330
17
100
AcDbEntity
  8
RBAR-T8-G
100
AcDbVertex
100
AcDb3dPolylineVertex
 10
2045.7
 20
34.0
 30
1823.6
 70
32
  0
VERTEX
  5
1717
330
17
100
AcDbEntity
  8
RBAR-T8-G
100
AcDbVertex
100
AcDb3dPolylineVertex
 10
2045.7
 20
34.0
 30
1895.2
 70
32
  0
VERTEX
  5
1718
330
17
100
AcDbEntity
  8
RBAR-T8-G
100
AcDbVertex
100
AcDb3dPolylineVertex
 10
2045.4
 20
34.0
 30
1898.4
 70
32
  0
VERTEX
  5
1719
330
17
100
AcDbEntity
  8
RBAR-T8-G
100
AcDbVertex
100
AcDb3dPolylineVertex
 10
2044.5
 20
34.0
 30
1901.5
 70
32
  0
VERTEX
  5
171A
330
17
100
AcDbEntity
  8
RBAR-T8-G
100
AcDbVertex
100
AcDb3dPolylineVertex
 10
2043.0
 20
34.0
 30
1904.3
 70
32
  0
VERTEX
  5
171B
330
17
100
AcDbEntity
  8
RBAR-T8-G
100
AcDbVertex
100
AcDb3dPolylineVertex
 10
2040.9
 20
34.0
 30
1906.8
 70
32
  0
VERTEX
  5
171C
330
17
100
AcDbEntity
  8
RBAR-T8-G
100
AcDbVertex
100
AcDb3dPolylineVertex
 10
2038.4
 20
34.0
 30
1908.8
 70
32
  0
VERTEX
  5
171D
330
17
100
AcDbEntity
  8
RBAR-T8-G
100
AcDbVertex
100
AcDb3dPolylineVertex
 10
2035.6
 20
34.0
 30
1910.3
 70
32
  0
VERTEX
  5
171E
330
17
100
AcDbEntity
  8
RBAR-T8-G
100
AcDbVertex
100
AcDb3dPolylineVertex
 10
2032.5
 20
34.0
 30
1911.3
 70
32
  0
VERTEX
  5
171F
330
17
100
AcDbEntity
  8
RBAR-T8-G
100
AcDbVertex
100
AcDb3dPolylineVertex
 10
2029.3
 20
34.0
 30
1911.6
 70
32
  0
VERTEX
  5
1720
330
17
100
AcDbEntity
  8
RBAR-T8-G
100
AcDbVertex
100
AcDb3dPolylineVertex
 10
1896.4
 20
34.0
 30
1911.6
 70
32
  0
VERTEX
  5
1721
330
17
100
AcDbEntity
  8
RBAR-T8-G
100
AcDbVertex
100
AcDb3dPolylineVertex
 10
1893.2
 20
34.0
 30
1911.3
 70
32
  0
VERTEX
  5
1722
330
17
100
AcDbEntity
  8
RBAR-T8-G
100
AcDbVertex
100
AcDb3dPolylineVertex
 10
1890.1
 20
34.0
 30
1910.3
 70
32
  0
VERTEX
  5
1723
330
17
100
AcDbEntity
  8
RBAR-T8-G
100
AcDbVertex
100
AcDb3dPolylineVertex
 10
1887.3
 20
34.0
 30
1908.8
 70
32
  0
VERTEX
  5
1724
330
17
100
AcDbEntity
  8
RBAR-T8-G
100
AcDbVertex
100
AcDb3dPolylineVertex
 10
1884.8
 20
34.0
 30
1906.8
 70
32
  0
VERTEX
  5
1725
330
17
100
AcDbEntity
  8
RBAR-T8-G
100
AcDbVertex
100
AcDb3dPolylineVertex
 10
1882.8
 20
34.0
 30
1904.3
 70
32
  0
VERTEX
  5
1726
330
17
100
AcDbEntity
  8
RBAR-T8-G
100
AcDbVertex
100
AcDb3dPolylineVertex
 10
1881.2
 20
34.0
 30
1901.5
 70
32
  0
VERTEX
  5
1727
330
17
100
AcDbEntity
  8
RBAR-T8-G
100
AcDbVertex
100
AcDb3dPolylineVertex
 10
1880.3
 20
34.0
 30
1898.4
 70
32
  0
VERTEX
  5
1728
330
17
100
AcDbEntity
  8
RBAR-T8-G
100
AcDbVertex
100
AcDb3dPolylineVertex
 10
1880.0
 20
34.0
 30
1895.2
 70
32
  0
VERTEX
  5
1729
330
17
100
AcDbEntity
  8
RBAR-T8-G
100
AcDbVertex
100
AcDb3dPolylineVertex
 10
1880.0
 20
34.0
 30
1527.0
 70
32
  0
VERTEX
  5
172A
330
17
100
AcDbEntity
  8
RBAR-T8-G
100
AcDbVertex
100
AcDb3dPolylineVertex
 10
1880.3
 20
34.0
 30
1523.8
 70
32
  0
VERTEX
  5
172B
330
17
100
AcDbEntity
  8
RBAR-T8-G
100
AcDbVertex
100
AcDb3dPolylineVertex
 10
1881.2
 20
34.0
 30
1520.7
 70
32
  0
VERTEX
  5
172C
330
17
100
AcDbEntity
  8
RBAR-T8-G
100
AcDbVertex
100
AcDb3dPolylineVertex
 10
1882.8
 20
34.0
 30
1517.9
 70
32
  0
VERTEX
  5
172D
330
17
100
AcDbEntity
  8
RBAR-T8-G
100
AcDbVertex
100
AcDb3dPolylineVertex
 10
1884.8
 20
34.0
 30
1515.4
 70
32
  0
VERTEX
  5
172E
330
17
100
AcDbEntity
  8
RBAR-T8-G
100
AcDbVertex
100
AcDb3dPolylineVertex
 10
1887.3
 20
34.0
 30
1513.4
 70
32
  0
VERTEX
  5
172F
330
17
100
AcDbEntity
  8
RBAR-T8-G
100
AcDbVertex
100
AcDb3dPolylineVertex
 10
1890.1
 20
34.0
 30
1511.9
 70
32
  0
VERTEX
  5
1730
330
17
100
AcDbEntity
  8
RBAR-T8-G
100
AcDbVertex
100
AcDb3dPolylineVertex
 10
1893.2
 20
34.0
 30
1510.9
 70
32
  0
VERTEX
  5
1731
330
17
100
AcDbEntity
  8
RBAR-T8-G
100
AcDbVertex
100
AcDb3dPolylineVertex
 10
1896.4
 20
34.0
 30
1510.6
 70
32
  0
VERTEX
  5
1732
330
17
100
AcDbEntity
  8
RBAR-T8-G
100
AcDbVertex
100
AcDb3dPolylineVertex
 10
2003.8
 20
34.0
 30
1510.6
 70
32
  0
VERTEX
  5
1733
330
17
100
AcDbEntity
  8
RBAR-T8-G
100
AcDbVertex
100
AcDb3dPolylineVertex
 10
2007.0
 20
34.0
 30
1510.9
 70
32
  0
VERTEX
  5
1734
330
17
100
AcDbEntity
  8
RBAR-T8-G
100
AcDbVertex
100
AcDb3dPolylineVertex
 10
2010.0
 20
34.0
 30
1511.9
 70
32
  0
VERTEX
  5
1735
330
17
100
AcDbEntity
  8
RBAR-T8-G
100
AcDbVertex
100
AcDb3dPolylineVertex
 10
2012.9
 20
34.0
 30
1513.4
 70
32
  0
VERTEX
  5
1736
330
17
100
AcDbEntity
  8
RBAR-T8-G
100
AcDbVertex
100
AcDb3dPolylineVertex
 10
2015.3
 20
34.0
 30
1515.4
 70
32
  0
VERTEX
  5
1737
330
17
100
AcDbEntity
  8
RBAR-T8-G
100
AcDbVertex
100
AcDb3dPolylineVertex
 10
2017.4
 20
34.0
 30
1517.9
 70
32
  0
VERTEX
  5
1738
330
17
100
AcDbEntity
  8
RBAR-T8-G
100
AcDbVertex
100
AcDb3dPolylineVertex
 10
2018.9
 20
34.0
 30
1520.7
 70
32
  0
VERTEX
  5
1739
330
17
100
AcDbEntity
  8
RBAR-T8-G
100
AcDbVertex
100
AcDb3dPolylineVertex
 10
2019.8
 20
34.0
 30
1523.8
 70
32
  0
VERTEX
  5
173A
330
17
100
AcDbEntity
  8
RBAR-T8-G
100
AcDbVertex
100
AcDb3dPolylineVertex
 10
2020.1
 20
34.0
 30
1527.0
 70
32
  0
VERTEX
  5
173B
330
17
100
AcDbEntity
  8
RBAR-T8-G
100
AcDbVertex
100
AcDb3dPolylineVertex
 10
2020.1
 20
34.0
 30
1844.1
 70
32
  0
SEQEND
  5
1715
330
1714
100
AcDbEntity
  8
RBAR-T8-G
  0
POLYLINE
  5
173C
330
17
100
AcDbEntity
  8
RBAR-T8-G
100
AcDb3dPolyline
 66
1
 10
0.0
 20
0.0
 30
0.0
 70
8
  0
VERTEX
  5
173E
330
17
100
AcDbEntity
  8
RBAR-T8-G
100
AcDbVertex
100
AcDb3dPolylineVertex
 10
2582.9
 20
34.0
 30
1823.6
 70
32
  0
VERTEX
  5
173F
330
17
100
AcDbEntity
  8
RBAR-T8-G
100
AcDbVertex
100
AcDb3dPolylineVertex
 10
2582.9
 20
34.0
 30
1895.2
 70
32
  0
VERTEX
  5
1740
330
17
100
AcDbEntity
  8
RBAR-T8-G
100
AcDbVertex
100
AcDb3dPolylineVertex
 10
2582.5
 20
34.0
 30
1898.4
 70
32
  0
VERTEX
  5
1741
330
17
100
AcDbEntity
  8
RBAR-T8-G
100
AcDbVertex
100
AcDb3dPolylineVertex
 10
2581.6
 20
34.0
 30
1901.5
 70
32
  0
VERTEX
  5
1742
330
17
100
AcDbEntity
  8
RBAR-T8-G
100
AcDbVertex
100
AcDb3dPolylineVertex
 10
2580.1
 20
34.0
 30
1904.3
 70
32
  0
VERTEX
  5
1743
330
17
100
AcDbEntity
  8
RBAR-T8-G
100
AcDbVertex
100
AcDb3dPolylineVertex
 10
2578.1
 20
34.0
 30
1906.8
 70
32
  0
VERTEX
  5
1744
330
17
100
AcDbEntity
  8
RBAR-T8-G
100
AcDbVertex
100
AcDb3dPolylineVertex
 10
2575.6
 20
34.0
 30
1908.8
 70
32
  0
VERTEX
  5
1745
330
17
100
AcDbEntity
  8
RBAR-T8-G
100
AcDbVertex
100
AcDb3dPolylineVertex
 10
2572.8
 20
34.0
 30
1910.3
 70
32
  0
VERTEX
  5
1746
330
17
100
AcDbEntity
  8
RBAR-T8-G
100
AcDbVertex
100
AcDb3dPolylineVertex
 10
2569.7
 20
34.0
 30
1911.3
 70
32
  0
VERTEX
  5
1747
330
17
100
AcDbEntity
  8
RBAR-T8-G
100
AcDbVertex
100
AcDb3dPolylineVertex
 10
2566.5
 20
34.0
 30
1911.6
 70
32
  0
VERTEX
  5
1748
330
17
100
AcDbEntity
  8
RBAR-T8-G
100
AcDbVertex
100
AcDb3dPolylineVertex
 10
2433.5
 20
34.0
 30
1911.6
 70
32
  0
VERTEX
  5
1749
330
17
100
AcDbEntity
  8
RBAR-T8-G
100
AcDbVertex
100
AcDb3dPolylineVertex
 10
2430.3
 20
34.0
 30
1911.3
 70
32
  0
VERTEX
  5
174A
330
17
100
AcDbEntity
  8
RBAR-T8-G
100
AcDbVertex
100
AcDb3dPolylineVertex
 10
2427.2
 20
34.0
 30
1910.3
 70
32
  0
VERTEX
  5
174B
330
17
100
AcDbEntity
  8
RBAR-T8-G
100
AcDbVertex
100
AcDb3dPolylineVertex
 10
2424.4
 20
34.0
 30
1908.8
 70
32
  0
VERTEX
  5
174C
330
17
100
AcDbEntity
  8
RBAR-T8-G
100
AcDbVertex
100
AcDb3dPolylineVertex
 10
2421.9
 20
34.0
 30
1906.8
 70
32
  0
VERTEX
  5
174D
330
17
100
AcDbEntity
  8
RBAR-T8-G
100
AcDbVertex
100
AcDb3dPolylineVertex
 10
2419.9
 20
34.0
 30
1904.3
 70
32
  0
VERTEX
  5
174E
330
17
100
AcDbEntity
  8
RBAR-T8-G
100
AcDbVertex
100
AcDb3dPolylineVertex
 10
2418.4
 20
34.0
 30
1901.5
 70
32
  0
VERTEX
  5
174F
330
17
100
AcDbEntity
  8
RBAR-T8-G
100
AcDbVertex
100
AcDb3dPolylineVertex
 10
2417.5
 20
34.0
 30
1898.4
 70
32
  0
VERTEX
  5
1750
330
17
100
AcDbEntity
  8
RBAR-T8-G
100
AcDbVertex
100
AcDb3dPolylineVertex
 10
2417.1
 20
34.0
 30
1895.2
 70
32
  0
VERTEX
  5
1751
330
17
100
AcDbEntity
  8
RBAR-T8-G
100
AcDbVertex
100
AcDb3dPolylineVertex
 10
2417.1
 20
34.0
 30
1527.0
 70
32
  0
VERTEX
  5
1752
330
17
100
AcDbEntity
  8
RBAR-T8-G
100
AcDbVertex
100
AcDb3dPolylineVertex
 10
2417.5
 20
34.0
 30
1523.8
 70
32
  0
VERTEX
  5
1753
330
17
100
AcDbEntity
  8
RBAR-T8-G
100
AcDbVertex
100
AcDb3dPolylineVertex
 10
2418.4
 20
34.0
 30
1520.7
 70
32
  0
VERTEX
  5
1754
330
17
100
AcDbEntity
  8
RBAR-T8-G
100
AcDbVertex
100
AcDb3dPolylineVertex
 10
2419.9
 20
34.0
 30
1517.9
 70
32
  0
VERTEX
  5
1755
330
17
100
AcDbEntity
  8
RBAR-T8-G
100
AcDbVertex
100
AcDb3dPolylineVertex
 10
2421.9
 20
34.0
 30
1515.4
 70
32
  0
VERTEX
  5
1756
330
17
100
AcDbEntity
  8
RBAR-T8-G
100
AcDbVertex
100
AcDb3dPolylineVertex
 10
2424.4
 20
34.0
 30
1513.4
 70
32
  0
VERTEX
  5
1757
330
17
100
AcDbEntity
  8
RBAR-T8-G
100
AcDbVertex
100
AcDb3dPolylineVertex
 10
2427.2
 20
34.0
 30
1511.9
 70
32
  0
VERTEX
  5
1758
330
17
100
AcDbEntity
  8
RBAR-T8-G
100
AcDbVertex
100
AcDb3dPolylineVertex
 10
2430.3
 20
34.0
 30
1510.9
 70
32
  0
VERTEX
  5
1759
330
17
100
AcDbEntity
  8
RBAR-T8-G
100
AcDbVertex
100
AcDb3dPolylineVertex
 10
2433.5
 20
34.0
 30
1510.6
 70
32
  0
VERTEX
  5
175A
330
17
100
AcDbEntity
  8
RBAR-T8-G
100
AcDbVertex
100
AcDb3dPolylineVertex
 10
2540.9
 20
34.0
 30
1510.6
 70
32
  0
VERTEX
  5
175B
330
17
100
AcDbEntity
  8
RBAR-T8-G
100
AcDbVertex
100
AcDb3dPolylineVertex
 10
2544.1
 20
34.0
 30
1510.9
 70
32
  0
VERTEX
  5
175C
330
17
100
AcDbEntity
  8
RBAR-T8-G
100
AcDbVertex
100
AcDb3dPolylineVertex
 10
2547.2
 20
34.0
 30
1511.9
 70
32
  0
VERTEX
  5
175D
330
17
100
AcDbEntity
  8
RBAR-T8-G
100
AcDbVertex
100
AcDb3dPolylineVertex
 10
2550.0
 20
34.0
 30
1513.4
 70
32
  0
VERTEX
  5
175E
330
17
100
AcDbEntity
  8
RBAR-T8-G
100
AcDbVertex
100
AcDb3dPolylineVertex
 10
2552.5
 20
34.0
 30
1515.4
 70
32
  0
VERTEX
  5
175F
330
17
100
AcDbEntity
  8
RBAR-T8-G
100
AcDbVertex
100
AcDb3dPolylineVertex
 10
2554.5
 20
34.0
 30
1517.9
 70
32
  0
VERTEX
  5
1760
330
17
100
AcDbEntity
  8
RBAR-T8-G
100
AcDbVertex
100
AcDb3dPolylineVertex
 10
2556.0
 20
34.0
 30
1520.7
 70
32
  0
VERTEX
  5
1761
330
17
100
AcDbEntity
  8
RBAR-T8-G
100
AcDbVertex
100
AcDb3dPolylineVertex
 10
2557.0
 20
34.0
 30
1523.8
 70
32
  0
VERTEX
  5
1762
330
17
100
AcDbEntity
  8
RBAR-T8-G
100
AcDbVertex
100
AcDb3dPolylineVertex
 10
2557.3
 20
34.0
 30
1527.0
 70
32
  0
VERTEX
  5
1763
330
17
100
AcDbEntity
  8
RBAR-T8-G
100
AcDbVertex
100
AcDb3dPolylineVertex
 10
2557.3
 20
34.0
 30
1844.1
 70
32
  0
SEQEND
  5
173D
330
173C
100
AcDbEntity
  8
RBAR-T8-G
  0
POLYLINE
  5
1764
330
17
100
AcDbEntity
  8
RBAR-T8-G
100
AcDb3dPolyline
 66
1
 10
0.0
 20
0.0
 30
0.0
 70
8
  0
VERTEX
  5
1766
330
17
100
AcDbEntity
  8
RBAR-T8-G
100
AcDbVertex
100
AcDb3dPolylineVertex
 10
3120.0
 20
34.0
 30
1823.6
 70
32
  0
VERTEX
  5
1767
330
17
100
AcDbEntity
  8
RBAR-T8-G
100
AcDbVertex
100
AcDb3dPolylineVertex
 10
3120.0
 20
34.0
 30
1895.2
 70
32
  0
VERTEX
  5
1768
330
17
100
AcDbEntity
  8
RBAR-T8-G
100
AcDbVertex
100
AcDb3dPolylineVertex
 10
3119.7
 20
34.0
 30
1898.4
 70
32
  0
VERTEX
  5
1769
330
17
100
AcDbEntity
  8
RBAR-T8-G
100
AcDbVertex
100
AcDb3dPolylineVertex
 10
3118.8
 20
34.0
 30
1901.5
 70
32
  0
VERTEX
  5
176A
330
17
100
AcDbEntity
  8
RBAR-T8-G
100
AcDbVertex
100
AcDb3dPolylineVertex
 10
3117.2
 20
34.0
 30
1904.3
 70
32
  0
VERTEX
  5
176B
330
17
100
AcDbEntity
  8
RBAR-T8-G
100
AcDbVertex
100
AcDb3dPolylineVertex
 10
3115.2
 20
34.0
 30
1906.8
 70
32
  0
VERTEX
  5
176C
330
17
100
AcDbEntity
  8
RBAR-T8-G
100
AcDbVertex
100
AcDb3dPolylineVertex
 10
3112.7
 20
34.0
 30
1908.8
 70
32
  0
VERTEX
  5
176D
330
17
100
AcDbEntity
  8
RBAR-T8-G
100
AcDbVertex
100
AcDb3dPolylineVertex
 10
3109.9
 20
34.0
 30
1910.3
 70
32
  0
VERTEX
  5
176E
330
17
100
AcDbEntity
  8
RBAR-T8-G
100
AcDbVertex
100
AcDb3dPolylineVertex
 10
3106.8
 20
34.0
 30
1911.3
 70
32
  0
VERTEX
  5
176F
330
17
100
AcDbEntity
  8
RBAR-T8-G
100
AcDbVertex
100
AcDb3dPolylineVertex
 10
3103.6
 20
34.0
 30
1911.6
 70
32
  0
VERTEX
  5
1770
330
17
100
AcDbEntity
  8
RBAR-T8-G
100
AcDbVertex
100
AcDb3dPolylineVertex
 10
2970.7
 20
34.0
 30
1911.6
 70
32
  0
VERTEX
  5
1771
330
17
100
AcDbEntity
  8
RBAR-T8-G
100
AcDbVertex
100
AcDb3dPolylineVertex
 10
2967.5
 20
34.0
 30
1911.3
 70
32
  0
VERTEX
  5
1772
330
17
100
AcDbEntity
  8
RBAR-T8-G
100
AcDbVertex
100
AcDb3dPolylineVertex
 10
2964.4
 20
34.0
 30
1910.3
 70
32
  0
VERTEX
  5
1773
330
17
100
AcDbEntity
  8
RBAR-T8-G
100
AcDbVertex
100
AcDb3dPolylineVertex
 10
2961.6
 20
34.0
 30
1908.8
 70
32
  0
VERTEX
  5
1774
330
17
100
AcDbEntity
  8
RBAR-T8-G
100
AcDbVertex
100
AcDb3dPolylineVertex
 10
2959.1
 20
34.0
 30
1906.8
 70
32
  0
VERTEX
  5
1775
330
17
100
AcDbEntity
  8
RBAR-T8-G
100
AcDbVertex
100
AcDb3dPolylineVertex
 10
2957.0
 20
34.0
 30
1904.3
 70
32
  0
VERTEX
  5
1776
330
17
100
AcDbEntity
  8
RBAR-T8-G
100
AcDbVertex
100
AcDb3dPolylineVertex
 10
2955.5
 20
34.0
 30
1901.5
 70
32
  0
VERTEX
  5
1777
330
17
100
AcDbEntity
  8
RBAR-T8-G
100
AcDbVertex
100
AcDb3dPolylineVertex
 10
2954.6
 20
34.0
 30
1898.4
 70
32
  0
VERTEX
  5
1778
330
17
100
AcDbEntity
  8
RBAR-T8-G
100
AcDbVertex
100
AcDb3dPolylineVertex
 10
2954.3
 20
34.0
 30
1895.2
 70
32
  0
VERTEX
  5
1779
330
17
100
AcDbEntity
  8
RBAR-T8-G
100
AcDbVertex
100
AcDb3dPolylineVertex
 10
2954.3
 20
34.0
 30
1527.0
 70
32
  0
VERTEX
  5
177A
330
17
100
AcDbEntity
  8
RBAR-T8-G
100
AcDbVertex
100
AcDb3dPolylineVertex
 10
2954.6
 20
34.0
 30
1523.8
 70
32
  0
VERTEX
  5
177B
330
17
100
AcDbEntity
  8
RBAR-T8-G
100
AcDbVertex
100
AcDb3dPolylineVertex
 10
2955.5
 20
34.0
 30
1520.7
 70
32
  0
VERTEX
  5
177C
330
17
100
AcDbEntity
  8
RBAR-T8-G
100
AcDbVertex
100
AcDb3dPolylineVertex
 10
2957.0
 20
34.0
 30
1517.9
 70
32
  0
VERTEX
  5
177D
330
17
100
AcDbEntity
  8
RBAR-T8-G
100
AcDbVertex
100
AcDb3dPolylineVertex
 10
2959.1
 20
34.0
 30
1515.4
 70
32
  0
VERTEX
  5
177E
330
17
100
AcDbEntity
  8
RBAR-T8-G
100
AcDbVertex
100
AcDb3dPolylineVertex
 10
2961.6
 20
34.0
 30
1513.4
 70
32
  0
VERTEX
  5
177F
330
17
100
AcDbEntity
  8
RBAR-T8-G
100
AcDbVertex
100
AcDb3dPolylineVertex
 10
2964.4
 20
34.0
 30
1511.9
 70
32
  0
VERTEX
  5
1780
330
17
100
AcDbEntity
  8
RBAR-T8-G
100
AcDbVertex
100
AcDb3dPolylineVertex
 10
2967.5
 20
34.0
 30
1510.9
 70
32
  0
VERTEX
  5
1781
330
17
100
AcDbEntity
  8
RBAR-T8-G
100
AcDbVertex
100
AcDb3dPolylineVertex
 10
2970.7
 20
34.0
 30
1510.6
 70
32
  0
VERTEX
  5
1782
330
17
100
AcDbEntity
  8
RBAR-T8-G
100
AcDbVertex
100
AcDb3dPolylineVertex
 10
3078.1
 20
34.0
 30
1510.6
 70
32
  0
VERTEX
  5
1783
330
17
100
AcDbEntity
  8
RBAR-T8-G
100
AcDbVertex
100
AcDb3dPolylineVertex
 10
3081.3
 20
34.0
 30
1510.9
 70
32
  0
VERTEX
  5
1784
330
17
100
AcDbEntity
  8
RBAR-T8-G
100
AcDbVertex
100
AcDb3dPolylineVertex
 10
3084.3
 20
34.0
 30
1511.9
 70
32
  0
VERTEX
  5
1785
330
17
100
AcDbEntity
  8
RBAR-T8-G
100
AcDbVertex
100
AcDb3dPolylineVertex
 10
3087.1
 20
34.0
 30
1513.4
 70
32
  0
VERTEX
  5
1786
330
17
100
AcDbEntity
  8
RBAR-T8-G
100
AcDbVertex
100
AcDb3dPolylineVertex
 10
3089.6
 20
34.0
 30
1515.4
 70
32
  0
VERTEX
  5
1787
330
17
100
AcDbEntity
  8
RBAR-T8-G
100
AcDbVertex
100
AcDb3dPolylineVertex
 10
3091.7
 20
34.0
 30
1517.9
 70
32
  0
VERTEX
  5
1788
330
17
100
AcDbEntity
  8
RBAR-T8-G
100
AcDbVertex
100
AcDb3dPolylineVertex
 10
3093.2
 20
34.0
 30
1520.7
 70
32
  0
VERTEX
  5
1789
330
17
100
AcDbEntity
  8
RBAR-T8-G
100
AcDbVertex
100
AcDb3dPolylineVertex
 10
3094.1
 20
34.0
 30
1523.8
 70
32
  0
VERTEX
  5
178A
330
17
100
AcDbEntity
  8
RBAR-T8-G
100
AcDbVertex
100
AcDb3dPolylineVertex
 10
3094.4
 20
34.0
 30
1527.0
 70
32
  0
VERTEX
  5
178B
330
17
100
AcDbEntity
  8
RBAR-T8-G
100
AcDbVertex
100
AcDb3dPolylineVertex
 10
3094.4
 20
34.0
 30
1844.1
 70
32
  0
SEQEND
  5
1765
330
1764
100
AcDbEntity
  8
RBAR-T8-G
  0
POLYLINE
  5
178C
330
17
100
AcDbEntity
  8
RBAR-T8-G
100
AcDb3dPolyline
 66
1
 10
0.0
 20
0.0
 30
0.0
 70
8
  0
VERTEX
  5
178E
330
17
100
AcDbEntity
  8
RBAR-T8-G
100
AcDbVertex
100
AcDb3dPolylineVertex
 10
3657.1
 20
34.0
 30
1823.6
 70
32
  0
VERTEX
  5
178F
330
17
100
AcDbEntity
  8
RBAR-T8-G
100
AcDbVertex
100
AcDb3dPolylineVertex
 10
3657.1
 20
34.0
 30
1895.2
 70
32
  0
VERTEX
  5
1790
330
17
100
AcDbEntity
  8
RBAR-T8-G
100
AcDbVertex
100
AcDb3dPolylineVertex
 10
3656.8
 20
34.0
 30
1898.4
 70
32
  0
VERTEX
  5
1791
330
17
100
AcDbEntity
  8
RBAR-T8-G
100
AcDbVertex
100
AcDb3dPolylineVertex
 10
3655.9
 20
34.0
 30
1901.5
 70
32
  0
VERTEX
  5
1792
330
17
100
AcDbEntity
  8
RBAR-T8-G
100
AcDbVertex
100
AcDb3dPolylineVertex
 10
3654.4
 20
34.0
 30
1904.3
 70
32
  0
VERTEX
  5
1793
330
17
100
AcDbEntity
  8
RBAR-T8-G
100
AcDbVertex
100
AcDb3dPolylineVertex
 10
3652.3
 20
34.0
 30
1906.8
 70
32
  0
VERTEX
  5
1794
330
17
100
AcDbEntity
  8
RBAR-T8-G
100
AcDbVertex
100
AcDb3dPolylineVertex
 10
3649.9
 20
34.0
 30
1908.8
 70
32
  0
VERTEX
  5
1795
330
17
100
AcDbEntity
  8
RBAR-T8-G
100
AcDbVertex
100
AcDb3dPolylineVertex
 10
3647.0
 20
34.0
 30
1910.3
 70
32
  0
VERTEX
  5
1796
330
17
100
AcDbEntity
  8
RBAR-T8-G
100
AcDbVertex
100
AcDb3dPolylineVertex
 10
3644.0
 20
34.0
 30
1911.3
 70
32
  0
VERTEX
  5
1797
330
17
100
AcDbEntity
  8
RBAR-T8-G
100
AcDbVertex
100
AcDb3dPolylineVertex
 10
3640.8
 20
34.0
 30
1911.6
 70
32
  0
VERTEX
  5
1798
330
17
100
AcDbEntity
  8
RBAR-T8-G
100
AcDbVertex
100
AcDb3dPolylineVertex
 10
3507.8
 20
34.0
 30
1911.6
 70
32
  0
VERTEX
  5
1799
330
17
100
AcDbEntity
  8
RBAR-T8-G
100
AcDbVertex
100
AcDb3dPolylineVertex
 10
3504.6
 20
34.0
 30
1911.3
 70
32
  0
VERTEX
  5
179A
330
17
100
AcDbEntity
  8
RBAR-T8-G
100
AcDbVertex
100
AcDb3dPolylineVertex
 10
3501.5
 20
34.0
 30
1910.3
 70
32
  0
VERTEX
  5
179B
330
17
100
AcDbEntity
  8
RBAR-T8-G
100
AcDbVertex
100
AcDb3dPolylineVertex
 10
3498.7
 20
34.0
 30
1908.8
 70
32
  0
VERTEX
  5
179C
330
17
100
AcDbEntity
  8
RBAR-T8-G
100
AcDbVertex
100
AcDb3dPolylineVertex
 10
3496.2
 20
34.0
 30
1906.8
 70
32
  0
VERTEX
  5
179D
330
17
100
AcDbEntity
  8
RBAR-T8-G
100
AcDbVertex
100
AcDb3dPolylineVertex
 10
3494.2
 20
34.0
 30
1904.3
 70
32
  0
VERTEX
  5
179E
330
17
100
AcDbEntity
  8
RBAR-T8-G
100
AcDbVertex
100
AcDb3dPolylineVertex
 10
3492.7
 20
34.0
 30
1901.5
 70
32
  0
VERTEX
  5
179F
330
17
100
AcDbEntity
  8
RBAR-T8-G
100
AcDbVertex
100
AcDb3dPolylineVertex
 10
3491.7
 20
34.0
 30
1898.4
 70
32
  0
VERTEX
  5
17A0
330
17
100
AcDbEntity
  8
RBAR-T8-G
100
AcDbVertex
100
AcDb3dPolylineVertex
 10
3491.4
 20
34.0
 30
1895.2
 70
32
  0
VERTEX
  5
17A1
330
17
100
AcDbEntity
  8
RBAR-T8-G
100
AcDbVertex
100
AcDb3dPolylineVertex
 10
3491.4
 20
34.0
 30
1527.0
 70
32
  0
VERTEX
  5
17A2
330
17
100
AcDbEntity
  8
RBAR-T8-G
100
AcDbVertex
100
AcDb3dPolylineVertex
 10
3491.7
 20
34.0
 30
1523.8
 70
32
  0
VERTEX
  5
17A3
330
17
100
AcDbEntity
  8
RBAR-T8-G
100
AcDbVertex
100
AcDb3dPolylineVertex
 10
3492.7
 20
34.0
 30
1520.7
 70
32
  0
VERTEX
  5
17A4
330
17
100
AcDbEntity
  8
RBAR-T8-G
100
AcDbVertex
100
AcDb3dPolylineVertex
 10
3494.2
 20
34.0
 30
1517.9
 70
32
  0
VERTEX
  5
17A5
330
17
100
AcDbEntity
  8
RBAR-T8-G
100
AcDbVertex
100
AcDb3dPolylineVertex
 10
3496.2
 20
34.0
 30
1515.4
 70
32
  0
VERTEX
  5
17A6
330
17
100
AcDbEntity
  8
RBAR-T8-G
100
AcDbVertex
100
AcDb3dPolylineVertex
 10
3498.7
 20
34.0
 30
1513.4
 70
32
  0
VERTEX
  5
17A7
330
17
100
AcDbEntity
  8
RBAR-T8-G
100
AcDbVertex
100
AcDb3dPolylineVertex
 10
3501.5
 20
34.0
 30
1511.9
 70
32
  0
VERTEX
  5
17A8
330
17
100
AcDbEntity
  8
RBAR-T8-G
100
AcDbVertex
100
AcDb3dPolylineVertex
 10
3504.6
 20
34.0
 30
1510.9
 70
32
  0
VERTEX
  5
17A9
330
17
100
AcDbEntity
  8
RBAR-T8-G
100
AcDbVertex
100
AcDb3dPolylineVertex
 10
3507.8
 20
34.0
 30
1510.6
 70
32
  0
VERTEX
  5
17AA
330
17
100
AcDbEntity
  8
RBAR-T8-G
100
AcDbVertex
100
AcDb3dPolylineVertex
 10
3615.2
 20
34.0
 30
1510.6
 70
32
  0
VERTEX
  5
17AB
330
17
100
AcDbEntity
  8
RBAR-T8-G
100
AcDbVertex
100
AcDb3dPolylineVertex
 10
3618.4
 20
34.0
 30
1510.9
 70
32
  0
VERTEX
  5
17AC
330
17
100
AcDbEntity
  8
RBAR-T8-G
100
AcDbVertex
100
AcDb3dPolylineVertex
 10
3621.5
 20
34.0
 30
1511.9
 70
32
  0
VERTEX
  5
17AD
330
17
100
AcDbEntity
  8
RBAR-T8-G
100
AcDbVertex
100
AcDb3dPolylineVertex
 10
3624.3
 20
34.0
 30
1513.4
 70
32
  0
VERTEX
  5
17AE
330
17
100
AcDbEntity
  8
RBAR-T8-G
100
AcDbVertex
100
AcDb3dPolylineVertex
 10
3626.8
 20
34.0
 30
1515.4
 70
32
  0
VERTEX
  5
17AF
330
17
100
AcDbEntity
  8
RBAR-T8-G
100
AcDbVertex
100
AcDb3dPolylineVertex
 10
3628.8
 20
34.0
 30
1517.9
 70
32
  0
VERTEX
  5
17B0
330
17
100
AcDbEntity
  8
RBAR-T8-G
100
AcDbVertex
100
AcDb3dPolylineVertex
 10
3630.3
 20
34.0
 30
1520.7
 70
32
  0
VERTEX
  5
17B1
330
17
100
AcDbEntity
  8
RBAR-T8-G
100
AcDbVertex
100
AcDb3dPolylineVertex
 10
3631.3
 20
34.0
 30
1523.8
 70
32
  0
VERTEX
  5
17B2
330
17
100
AcDbEntity
  8
RBAR-T8-G
100
AcDbVertex
100
AcDb3dPolylineVertex
 10
3631.6
 20
34.0
 30
1527.0
 70
32
  0
VERTEX
  5
17B3
330
17
100
AcDbEntity
  8
RBAR-T8-G
100
AcDbVertex
100
AcDb3dPolylineVertex
 10
3631.6
 20
34.0
 30
1844.1
 70
32
  0
SEQEND
  5
178D
330
178C
100
AcDbEntity
  8
RBAR-T8-G
  0
POLYLINE
  5
17B4
330
17
100
AcDbEntity
  8
RBAR-T8-G
100
AcDb3dPolyline
 66
1
 10
0.0
 20
0.0
 30
0.0
 70
8
  0
VERTEX
  5
17B6
330
17
100
AcDbEntity
  8
RBAR-T8-G
100
AcDbVertex
100
AcDb3dPolylineVertex
 10
434.3
 20
34.0
 30
2315.8
 70
32
  0
VERTEX
  5
17B7
330
17
100
AcDbEntity
  8
RBAR-T8-G
100
AcDbVertex
100
AcDb3dPolylineVertex
 10
434.3
 20
34.0
 30
2387.4
 70
32
  0
VERTEX
  5
17B8
330
17
100
AcDbEntity
  8
RBAR-T8-G
100
AcDbVertex
100
AcDb3dPolylineVertex
 10
434.0
 20
34.0
 30
2390.6
 70
32
  0
VERTEX
  5
17B9
330
17
100
AcDbEntity
  8
RBAR-T8-G
100
AcDbVertex
100
AcDb3dPolylineVertex
 10
433.0
 20
34.0
 30
2393.7
 70
32
  0
VERTEX
  5
17BA
330
17
100
AcDbEntity
  8
RBAR-T8-G
100
AcDbVertex
100
AcDb3dPolylineVertex
 10
431.5
 20
34.0
 30
2396.5
 70
32
  0
VERTEX
  5
17BB
330
17
100
AcDbEntity
  8
RBAR-T8-G
100
AcDbVertex
100
AcDb3dPolylineVertex
 10
429.5
 20
34.0
 30
2399.0
 70
32
  0
VERTEX
  5
17BC
330
17
100
AcDbEntity
  8
RBAR-T8-G
100
AcDbVertex
100
AcDb3dPolylineVertex
 10
427.0
 20
34.0
 30
2401.0
 70
32
  0
VERTEX
  5
17BD
330
17
100
AcDbEntity
  8
RBAR-T8-G
100
AcDbVertex
100
AcDb3dPolylineVertex
 10
424.2
 20
34.0
 30
2402.5
 70
32
  0
VERTEX
  5
17BE
330
17
100
AcDbEntity
  8
RBAR-T8-G
100
AcDbVertex
100
AcDb3dPolylineVertex
 10
421.1
 20
34.0
 30
2403.5
 70
32
  0
VERTEX
  5
17BF
330
17
100
AcDbEntity
  8
RBAR-T8-G
100
AcDbVertex
100
AcDb3dPolylineVertex
 10
417.9
 20
34.0
 30
2403.8
 70
32
  0
VERTEX
  5
17C0
330
17
100
AcDbEntity
  8
RBAR-T8-G
100
AcDbVertex
100
AcDb3dPolylineVertex
 10
284.9
 20
34.0
 30
2403.8
 70
32
  0
VERTEX
  5
17C1
330
17
100
AcDbEntity
  8
RBAR-T8-G
100
AcDbVertex
100
AcDb3dPolylineVertex
 10
281.7
 20
34.0
 30
2403.5
 70
32
  0
VERTEX
  5
17C2
330
17
100
AcDbEntity
  8
RBAR-T8-G
100
AcDbVertex
100
AcDb3dPolylineVertex
 10
278.7
 20
34.0
 30
2402.5
 70
32
  0
VERTEX
  5
17C3
330
17
100
AcDbEntity
  8
RBAR-T8-G
100
AcDbVertex
100
AcDb3dPolylineVertex
 10
275.8
 20
34.0
 30
2401.0
 70
32
  0
VERTEX
  5
17C4
330
17
100
AcDbEntity
  8
RBAR-T8-G
100
AcDbVertex
100
AcDb3dPolylineVertex
 10
273.4
 20
34.0
 30
2399.0
 70
32
  0
VERTEX
  5
17C5
330
17
100
AcDbEntity
  8
RBAR-T8-G
100
AcDbVertex
100
AcDb3dPolylineVertex
 10
271.3
 20
34.0
 30
2396.5
 70
32
  0
VERTEX
  5
17C6
330
17
100
AcDbEntity
  8
RBAR-T8-G
100
AcDbVertex
100
AcDb3dPolylineVertex
 10
269.8
 20
34.0
 30
2393.7
 70
32
  0
VERTEX
  5
17C7
330
17
100
AcDbEntity
  8
RBAR-T8-G
100
AcDbVertex
100
AcDb3dPolylineVertex
 10
268.9
 20
34.0
 30
2390.6
 70
32
  0
VERTEX
  5
17C8
330
17
100
AcDbEntity
  8
RBAR-T8-G
100
AcDbVertex
100
AcDb3dPolylineVertex
 10
268.6
 20
34.0
 30
2387.4
 70
32
  0
VERTEX
  5
17C9
330
17
100
AcDbEntity
  8
RBAR-T8-G
100
AcDbVertex
100
AcDb3dPolylineVertex
 10
268.6
 20
34.0
 30
2019.2
 70
32
  0
VERTEX
  5
17CA
330
17
100
AcDbEntity
  8
RBAR-T8-G
100
AcDbVertex
100
AcDb3dPolylineVertex
 10
268.9
 20
34.0
 30
2016.0
 70
32
  0
VERTEX
  5
17CB
330
17
100
AcDbEntity
  8
RBAR-T8-G
100
AcDbVertex
100
AcDb3dPolylineVertex
 10
269.8
 20
34.0
 30
2012.9
 70
32
  0
VERTEX
  5
17CC
330
17
100
AcDbEntity
  8
RBAR-T8-G
100
AcDbVertex
100
AcDb3dPolylineVertex
 10
271.3
 20
34.0
 30
2010.1
 70
32
  0
VERTEX
  5
17CD
330
17
100
AcDbEntity
  8
RBAR-T8-G
100
AcDbVertex
100
AcDb3dPolylineVertex
 10
273.4
 20
34.0
 30
2007.6
 70
32
  0
VERTEX
  5
17CE
330
17
100
AcDbEntity
  8
RBAR-T8-G
100
AcDbVertex
100
AcDb3dPolylineVertex
 10
275.8
 20
34.0
 30
2005.6
 70
32
  0
VERTEX
  5
17CF
330
17
100
AcDbEntity
  8
RBAR-T8-G
100
AcDbVertex
100
AcDb3dPolylineVertex
 10
278.7
 20
34.0
 30
2004.1
 70
32
  0
VERTEX
  5
17D0
330
17
100
AcDbEntity
  8
RBAR-T8-G
100
AcDbVertex
100
AcDb3dPolylineVertex
 10
281.7
 20
34.0
 30
2003.1
 70
32
  0
VERTEX
  5
17D1
330
17
100
AcDbEntity
  8
RBAR-T8-G
100
AcDbVertex
100
AcDb3dPolylineVertex
 10
284.9
 20
34.0
 30
2002.8
 70
32
  0
VERTEX
  5
17D2
330
17
100
AcDbEntity
  8
RBAR-T8-G
100
AcDbVertex
100
AcDb3dPolylineVertex
 10
392.3
 20
34.0
 30
2002.8
 70
32
  0
VERTEX
  5
17D3
330
17
100
AcDbEntity
  8
RBAR-T8-G
100
AcDbVertex
100
AcDb3dPolylineVertex
 10
395.5
 20
34.0
 30
2003.1
 70
32
  0
VERTEX
  5
17D4
330
17
100
AcDbEntity
  8
RBAR-T8-G
100
AcDbVertex
100
AcDb3dPolylineVertex
 10
398.6
 20
34.0
 30
2004.1
 70
32
  0
VERTEX
  5
17D5
330
17
100
AcDbEntity
  8
RBAR-T8-G
100
AcDbVertex
100
AcDb3dPolylineVertex
 10
401.4
 20
34.0
 30
2005.6
 70
32
  0
VERTEX
  5
17D6
330
17
100
AcDbEntity
  8
RBAR-T8-G
100
AcDbVertex
100
AcDb3dPolylineVertex
 10
403.9
 20
34.0
 30
2007.6
 70
32
  0
VERTEX
  5
17D7
330
17
100
AcDbEntity
  8
RBAR-T8-G
100
AcDbVertex
100
AcDb3dPolylineVertex
 10
406.0
 20
34.0
 30
2010.1
 70
32
  0
VERTEX
  5
17D8
330
17
100
AcDbEntity
  8
RBAR-T8-G
100
AcDbVertex
100
AcDb3dPolylineVertex
 10
407.5
 20
34.0
 30
2012.9
 70
32
  0
VERTEX
  5
17D9
330
17
100
AcDbEntity
  8
RBAR-T8-G
100
AcDbVertex
100
AcDb3dPolylineVertex
 10
408.4
 20
34.0
 30
2016.0
 70
32
  0
VERTEX
  5
17DA
330
17
100
AcDbEntity
  8
RBAR-T8-G
100
AcDbVertex
100
AcDb3dPolylineVertex
 10
408.7
 20
34.0
 30
2019.2
 70
32
  0
VERTEX
  5
17DB
330
17
100
AcDbEntity
  8
RBAR-T8-G
100
AcDbVertex
100
AcDb3dPolylineVertex
 10
408.7
 20
34.0
 30
2336.3
 70
32
  0
SEQEND
  5
17B5
330
17B4
100
AcDbEntity
  8
RBAR-T8-G
  0
POLYLINE
  5
17DC
330
17
100
AcDbEntity
  8
RBAR-T8-G
100
AcDb3dPolyline
 66
1
 10
0.0
 20
0.0
 30
0.0
 70
8
  0
VERTEX
  5
17DE
330
17
100
AcDbEntity
  8
RBAR-T8-G
100
AcDbVertex
100
AcDb3dPolylineVertex
 10
971.4
 20
34.0
 30
2315.8
 70
32
  0
VERTEX
  5
17DF
330
17
100
AcDbEntity
  8
RBAR-T8-G
100
AcDbVertex
100
AcDb3dPolylineVertex
 10
971.4
 20
34.0
 30
2387.4
 70
32
  0
VERTEX
  5
17E0
330
17
100
AcDbEntity
  8
RBAR-T8-G
100
AcDbVertex
100
AcDb3dPolylineVertex
 10
971.1
 20
34.0
 30
2390.6
 70
32
  0
VERTEX
  5
17E1
330
17
100
AcDbEntity
  8
RBAR-T8-G
100
AcDbVertex
100
AcDb3dPolylineVertex
 10
970.2
 20
34.0
 30
2393.7
 70
32
  0
VERTEX
  5
17E2
330
17
100
AcDbEntity
  8
RBAR-T8-G
100
AcDbVertex
100
AcDb3dPolylineVertex
 10
968.7
 20
34.0
 30
2396.5
 70
32
  0
VERTEX
  5
17E3
330
17
100
AcDbEntity
  8
RBAR-T8-G
100
AcDbVertex
100
AcDb3dPolylineVertex
 10
966.6
 20
34.0
 30
2399.0
 70
32
  0
VERTEX
  5
17E4
330
17
100
AcDbEntity
  8
RBAR-T8-G
100
AcDbVertex
100
AcDb3dPolylineVertex
 10
964.2
 20
34.0
 30
2401.0
 70
32
  0
VERTEX
  5
17E5
330
17
100
AcDbEntity
  8
RBAR-T8-G
100
AcDbVertex
100
AcDb3dPolylineVertex
 10
961.3
 20
34.0
 30
2402.5
 70
32
  0
VERTEX
  5
17E6
330
17
100
AcDbEntity
  8
RBAR-T8-G
100
AcDbVertex
100
AcDb3dPolylineVertex
 10
958.3
 20
34.0
 30
2403.5
 70
32
  0
VERTEX
  5
17E7
330
17
100
AcDbEntity
  8
RBAR-T8-G
100
AcDbVertex
100
AcDb3dPolylineVertex
 10
955.1
 20
34.0
 30
2403.8
 70
32
  0
VERTEX
  5
17E8
330
17
100
AcDbEntity
  8
RBAR-T8-G
100
AcDbVertex
100
AcDb3dPolylineVertex
 10
822.1
 20
34.0
 30
2403.8
 70
32
  0
VERTEX
  5
17E9
330
17
100
AcDbEntity
  8
RBAR-T8-G
100
AcDbVertex
100
AcDb3dPolylineVertex
 10
818.9
 20
34.0
 30
2403.5
 70
32
  0
VERTEX
  5
17EA
330
17
100
AcDbEntity
  8
RBAR-T8-G
100
AcDbVertex
100
AcDb3dPolylineVertex
 10
815.8
 20
34.0
 30
2402.5
 70
32
  0
VERTEX
  5
17EB
330
17
100
AcDbEntity
  8
RBAR-T8-G
100
AcDbVertex
100
AcDb3dPolylineVertex
 10
813.0
 20
34.0
 30
2401.0
 70
32
  0
VERTEX
  5
17EC
330
17
100
AcDbEntity
  8
RBAR-T8-G
100
AcDbVertex
100
AcDb3dPolylineVertex
 10
810.5
 20
34.0
 30
2399.0
 70
32
  0
VERTEX
  5
17ED
330
17
100
AcDbEntity
  8
RBAR-T8-G
100
AcDbVertex
100
AcDb3dPolylineVertex
 10
808.5
 20
34.0
 30
2396.5
 70
32
  0
VERTEX
  5
17EE
330
17
100
AcDbEntity
  8
RBAR-T8-G
100
AcDbVertex
100
AcDb3dPolylineVertex
 10
807.0
 20
34.0
 30
2393.7
 70
32
  0
VERTEX
  5
17EF
330
17
100
AcDbEntity
  8
RBAR-T8-G
100
AcDbVertex
100
AcDb3dPolylineVertex
 10
806.0
 20
34.0
 30
2390.6
 70
32
  0
VERTEX
  5
17F0
330
17
100
AcDbEntity
  8
RBAR-T8-G
100
AcDbVertex
100
AcDb3dPolylineVertex
 10
805.7
 20
34.0
 30
2387.4
 70
32
  0
VERTEX
  5
17F1
330
17
100
AcDbEntity
  8
RBAR-T8-G
100
AcDbVertex
100
AcDb3dPolylineVertex
 10
805.7
 20
34.0
 30
2019.2
 70
32
  0
VERTEX
  5
17F2
330
17
100
AcDbEntity
  8
RBAR-T8-G
100
AcDbVertex
100
AcDb3dPolylineVertex
 10
806.0
 20
34.0
 30
2016.0
 70
32
  0
VERTEX
  5
17F3
330
17
100
AcDbEntity
  8
RBAR-T8-G
100
AcDbVertex
100
AcDb3dPolylineVertex
 10
807.0
 20
34.0
 30
2012.9
 70
32
  0
VERTEX
  5
17F4
330
17
100
AcDbEntity
  8
RBAR-T8-G
100
AcDbVertex
100
AcDb3dPolylineVertex
 10
808.5
 20
34.0
 30
2010.1
 70
32
  0
VERTEX
  5
17F5
330
17
100
AcDbEntity
  8
RBAR-T8-G
100
AcDbVertex
100
AcDb3dPolylineVertex
 10
810.5
 20
34.0
 30
2007.6
 70
32
  0
VERTEX
  5
17F6
330
17
100
AcDbEntity
  8
RBAR-T8-G
100
AcDbVertex
100
AcDb3dPolylineVertex
 10
813.0
 20
34.0
 30
2005.6
 70
32
  0
VERTEX
  5
17F7
330
17
100
AcDbEntity
  8
RBAR-T8-G
100
AcDbVertex
100
AcDb3dPolylineVertex
 10
815.8
 20
34.0
 30
2004.1
 70
32
  0
VERTEX
  5
17F8
330
17
100
AcDbEntity
  8
RBAR-T8-G
100
AcDbVertex
100
AcDb3dPolylineVertex
 10
818.9
 20
34.0
 30
2003.1
 70
32
  0
VERTEX
  5
17F9
330
17
100
AcDbEntity
  8
RBAR-T8-G
100
AcDbVertex
100
AcDb3dPolylineVertex
 10
822.1
 20
34.0
 30
2002.8
 70
32
  0
VERTEX
  5
17FA
330
17
100
AcDbEntity
  8
RBAR-T8-G
100
AcDbVertex
100
AcDb3dPolylineVertex
 10
929.5
 20
34.0
 30
2002.8
 70
32
  0
VERTEX
  5
17FB
330
17
100
AcDbEntity
  8
RBAR-T8-G
100
AcDbVertex
100
AcDb3dPolylineVertex
 10
932.7
 20
34.0
 30
2003.1
 70
32
  0
VERTEX
  5
17FC
330
17
100
AcDbEntity
  8
RBAR-T8-G
100
AcDbVertex
100
AcDb3dPolylineVertex
 10
935.7
 20
34.0
 30
2004.1
 70
32
  0
VERTEX
  5
17FD
330
17
100
AcDbEntity
  8
RBAR-T8-G
100
AcDbVertex
100
AcDb3dPolylineVertex
 10
938.6
 20
34.0
 30
2005.6
 70
32
  0
VERTEX
  5
17FE
330
17
100
AcDbEntity
  8
RBAR-T8-G
100
AcDbVertex
100
AcDb3dPolylineVertex
 10
941.1
 20
34.0
 30
2007.6
 70
32
  0
VERTEX
  5
17FF
330
17
100
AcDbEntity
  8
RBAR-T8-G
100
AcDbVertex
100
AcDb3dPolylineVertex
 10
943.1
 20
34.0
 30
2010.1
 70
32
  0
VERTEX
  5
1800
330
17
100
AcDbEntity
  8
RBAR-T8-G
100
AcDbVertex
100
AcDb3dPolylineVertex
 10
944.6
 20
34.0
 30
2012.9
 70
32
  0
VERTEX
  5
1801
330
17
100
AcDbEntity
  8
RBAR-T8-G
100
AcDbVertex
100
AcDb3dPolylineVertex
 10
945.5
 20
34.0
 30
2016.0
 70
32
  0
VERTEX
  5
1802
330
17
100
AcDbEntity
  8
RBAR-T8-G
100
AcDbVertex
100
AcDb3dPolylineVertex
 10
945.9
 20
34.0
 30
2019.2
 70
32
  0
VERTEX
  5
1803
330
17
100
AcDbEntity
  8
RBAR-T8-G
100
AcDbVertex
100
AcDb3dPolylineVertex
 10
945.9
 20
34.0
 30
2336.3
 70
32
  0
SEQEND
  5
17DD
330
17DC
100
AcDbEntity
  8
RBAR-T8-G
  0
POLYLINE
  5
1804
330
17
100
AcDbEntity
  8
RBAR-T8-G
100
AcDb3dPolyline
 66
1
 10
0.0
 20
0.0
 30
0.0
 70
8
  0
VERTEX
  5
1806
330
17
100
AcDbEntity
  8
RBAR-T8-G
100
AcDbVertex
100
AcDb3dPolylineVertex
 10
1508.6
 20
34.0
 30
2315.8
 70
32
  0
VERTEX
  5
1807
330
17
100
AcDbEntity
  8
RBAR-T8-G
100
AcDbVertex
100
AcDb3dPolylineVertex
 10
1508.6
 20
34.0
 30
2387.4
 70
32
  0
VERTEX
  5
1808
330
17
100
AcDbEntity
  8
RBAR-T8-G
100
AcDbVertex
100
AcDb3dPolylineVertex
 10
1508.3
 20
34.0
 30
2390.6
 70
32
  0
VERTEX
  5
1809
330
17
100
AcDbEntity
  8
RBAR-T8-G
100
AcDbVertex
100
AcDb3dPolylineVertex
 10
1507.3
 20
34.0
 30
2393.7
 70
32
  0
VERTEX
  5
180A
330
17
100
AcDbEntity
  8
RBAR-T8-G
100
AcDbVertex
100
AcDb3dPolylineVertex
 10
1505.8
 20
34.0
 30
2396.5
 70
32
  0
VERTEX
  5
180B
330
17
100
AcDbEntity
  8
RBAR-T8-G
100
AcDbVertex
100
AcDb3dPolylineVertex
 10
1503.8
 20
34.0
 30
2399.0
 70
32
  0
VERTEX
  5
180C
330
17
100
AcDbEntity
  8
RBAR-T8-G
100
AcDbVertex
100
AcDb3dPolylineVertex
 10
1501.3
 20
34.0
 30
2401.0
 70
32
  0
VERTEX
  5
180D
330
17
100
AcDbEntity
  8
RBAR-T8-G
100
AcDbVertex
100
AcDb3dPolylineVertex
 10
1498.5
 20
34.0
 30
2402.5
 70
32
  0
VERTEX
  5
180E
330
17
100
AcDbEntity
  8
RBAR-T8-G
100
AcDbVertex
100
AcDb3dPolylineVertex
 10
1495.4
 20
34.0
 30
2403.5
 70
32
  0
VERTEX
  5
180F
330
17
100
AcDbEntity
  8
RBAR-T8-G
100
AcDbVertex
100
AcDb3dPolylineVertex
 10
1492.2
 20
34.0
 30
2403.8
 70
32
  0
VERTEX
  5
1810
330
17
100
AcDbEntity
  8
RBAR-T8-G
100
AcDbVertex
100
AcDb3dPolylineVertex
 10
1359.2
 20
34.0
 30
2403.8
 70
32
  0
VERTEX
  5
1811
330
17
100
AcDbEntity
  8
RBAR-T8-G
100
AcDbVertex
100
AcDb3dPolylineVertex
 10
1356.0
 20
34.0
 30
2403.5
 70
32
  0
VERTEX
  5
1812
330
17
100
AcDbEntity
  8
RBAR-T8-G
100
AcDbVertex
100
AcDb3dPolylineVertex
 10
1353.0
 20
34.0
 30
2402.5
 70
32
  0
VERTEX
  5
1813
330
17
100
AcDbEntity
  8
RBAR-T8-G
100
AcDbVertex
100
AcDb3dPolylineVertex
 10
1350.1
 20
34.0
 30
2401.0
 70
32
  0
VERTEX
  5
1814
330
17
100
AcDbEntity
  8
RBAR-T8-G
100
AcDbVertex
100
AcDb3dPolylineVertex
 10
1347.7
 20
34.0
 30
2399.0
 70
32
  0
VERTEX
  5
1815
330
17
100
AcDbEntity
  8
RBAR-T8-G
100
AcDbVertex
100
AcDb3dPolylineVertex
 10
1345.6
 20
34.0
 30
2396.5
 70
32
  0
VERTEX
  5
1816
330
17
100
AcDbEntity
  8
RBAR-T8-G
100
AcDbVertex
100
AcDb3dPolylineVertex
 10
1344.1
 20
34.0
 30
2393.7
 70
32
  0
VERTEX
  5
1817
330
17
100
AcDbEntity
  8
RBAR-T8-G
100
AcDbVertex
100
AcDb3dPolylineVertex
 10
1343.2
 20
34.0
 30
2390.6
 70
32
  0
VERTEX
  5
1818
330
17
100
AcDbEntity
  8
RBAR-T8-G
100
AcDbVertex
100
AcDb3dPolylineVertex
 10
1342.9
 20
34.0
 30
2387.4
 70
32
  0
VERTEX
  5
1819
330
17
100
AcDbEntity
  8
RBAR-T8-G
100
AcDbVertex
100
AcDb3dPolylineVertex
 10
1342.9
 20
34.0
 30
2019.2
 70
32
  0
VERTEX
  5
181A
330
17
100
AcDbEntity
  8
RBAR-T8-G
100
AcDbVertex
100
AcDb3dPolylineVertex
 10
1343.2
 20
34.0
 30
2016.0
 70
32
  0
VERTEX
  5
181B
330
17
100
AcDbEntity
  8
RBAR-T8-G
100
AcDbVertex
100
AcDb3dPolylineVertex
 10
1344.1
 20
34.0
 30
2012.9
 70
32
  0
VERTEX
  5
181C
330
17
100
AcDbEntity
  8
RBAR-T8-G
100
AcDbVertex
100
AcDb3dPolylineVertex
 10
1345.6
 20
34.0
 30
2010.1
 70
32
  0
VERTEX
  5
181D
330
17
100
AcDbEntity
  8
RBAR-T8-G
100
AcDbVertex
100
AcDb3dPolylineVertex
 10
1347.7
 20
34.0
 30
2007.6
 70
32
  0
VERTEX
  5
181E
330
17
100
AcDbEntity
  8
RBAR-T8-G
100
AcDbVertex
100
AcDb3dPolylineVertex
 10
1350.1
 20
34.0
 30
2005.6
 70
32
  0
VERTEX
  5
181F
330
17
100
AcDbEntity
  8
RBAR-T8-G
100
AcDbVertex
100
AcDb3dPolylineVertex
 10
1353.0
 20
34.0
 30
2004.1
 70
32
  0
VERTEX
  5
1820
330
17
100
AcDbEntity
  8
RBAR-T8-G
100
AcDbVertex
100
AcDb3dPolylineVertex
 10
1356.0
 20
34.0
 30
2003.1
 70
32
  0
VERTEX
  5
1821
330
17
100
AcDbEntity
  8
RBAR-T8-G
100
AcDbVertex
100
AcDb3dPolylineVertex
 10
1359.2
 20
34.0
 30
2002.8
 70
32
  0
VERTEX
  5
1822
330
17
100
AcDbEntity
  8
RBAR-T8-G
100
AcDbVertex
100
AcDb3dPolylineVertex
 10
1466.6
 20
34.0
 30
2002.8
 70
32
  0
VERTEX
  5
1823
330
17
100
AcDbEntity
  8
RBAR-T8-G
100
AcDbVertex
100
AcDb3dPolylineVertex
 10
1469.8
 20
34.0
 30
2003.1
 70
32
  0
VERTEX
  5
1824
330
17
100
AcDbEntity
  8
RBAR-T8-G
100
AcDbVertex
100
AcDb3dPolylineVertex
 10
1472.9
 20
34.0
 30
2004.1
 70
32
  0
VERTEX
  5
1825
330
17
100
AcDbEntity
  8
RBAR-T8-G
100
AcDbVertex
100
AcDb3dPolylineVertex
 10
1475.7
 20
34.0
 30
2005.6
 70
32
  0
VERTEX
  5
1826
330
17
100
AcDbEntity
  8
RBAR-T8-G
100
AcDbVertex
100
AcDb3dPolylineVertex
 10
1478.2
 20
34.0
 30
2007.6
 70
32
  0
VERTEX
  5
1827
330
17
100
AcDbEntity
  8
RBAR-T8-G
100
AcDbVertex
100
AcDb3dPolylineVertex
 10
1480.2
 20
34.0
 30
2010.1
 70
32
  0
VERTEX
  5
1828
330
17
100
AcDbEntity
  8
RBAR-T8-G
100
AcDbVertex
100
AcDb3dPolylineVertex
 10
1481.7
 20
34.0
 30
2012.9
 70
32
  0
VERTEX
  5
1829
330
17
100
AcDbEntity
  8
RBAR-T8-G
100
AcDbVertex
100
AcDb3dPolylineVertex
 10
1482.7
 20
34.0
 30
2016.0
 70
32
  0
VERTEX
  5
182A
330
17
100
AcDbEntity
  8
RBAR-T8-G
100
AcDbVertex
100
AcDb3dPolylineVertex
 10
1483.0
 20
34.0
 30
2019.2
 70
32
  0
VERTEX
  5
182B
330
17
100
AcDbEntity
  8
RBAR-T8-G
100
AcDbVertex
100
AcDb3dPolylineVertex
 10
1483.0
 20
34.0
 30
2336.3
 70
32
  0
SEQEND
  5
1805
330
1804
100
AcDbEntity
  8
RBAR-T8-G
  0
POLYLINE
  5
182C
330
17
100
AcDbEntity
  8
RBAR-T8-G
100
AcDb3dPolyline
 66
1
 10
0.0
 20
0.0
 30
0.0
 70
8
  0
VERTEX
  5
182E
330
17
100
AcDbEntity
  8
RBAR-T8-G
100
AcDbVertex
100
AcDb3dPolylineVertex
 10
2045.7
 20
34.0
 30
2315.8
 70
32
  0
VERTEX
  5
182F
330
17
100
AcDbEntity
  8
RBAR-T8-G
100
AcDbVertex
100
AcDb3dPolylineVertex
 10
2045.7
 20
34.0
 30
2387.4
 70
32
  0
VERTEX
  5
1830
330
17
100
AcDbEntity
  8
RBAR-T8-G
100
AcDbVertex
100
AcDb3dPolylineVertex
 10
2045.4
 20
34.0
 30
2390.6
 70
32
  0
VERTEX
  5
1831
330
17
100
AcDbEntity
  8
RBAR-T8-G
100
AcDbVertex
100
AcDb3dPolylineVertex
 10
2044.5
 20
34.0
 30
2393.7
 70
32
  0
VERTEX
  5
1832
330
17
100
AcDbEntity
  8
RBAR-T8-G
100
AcDbVertex
100
AcDb3dPolylineVertex
 10
2043.0
 20
34.0
 30
2396.5
 70
32
  0
VERTEX
  5
1833
330
17
100
AcDbEntity
  8
RBAR-T8-G
100
AcDbVertex
100
AcDb3dPolylineVertex
 10
2040.9
 20
34.0
 30
2399.0
 70
32
  0
VERTEX
  5
1834
330
17
100
AcDbEntity
  8
RBAR-T8-G
100
AcDbVertex
100
AcDb3dPolylineVertex
 10
2038.4
 20
34.0
 30
2401.0
 70
32
  0
VERTEX
  5
1835
330
17
100
AcDbEntity
  8
RBAR-T8-G
100
AcDbVertex
100
AcDb3dPolylineVertex
 10
2035.6
 20
34.0
 30
2402.5
 70
32
  0
VERTEX
  5
1836
330
17
100
AcDbEntity
  8
RBAR-T8-G
100
AcDbVertex
100
AcDb3dPolylineVertex
 10
2032.5
 20
34.0
 30
2403.5
 70
32
  0
VERTEX
  5
1837
330
17
100
AcDbEntity
  8
RBAR-T8-G
100
AcDbVertex
100
AcDb3dPolylineVertex
 10
2029.3
 20
34.0
 30
2403.8
 70
32
  0
VERTEX
  5
1838
330
17
100
AcDbEntity
  8
RBAR-T8-G
100
AcDbVertex
100
AcDb3dPolylineVertex
 10
1896.4
 20
34.0
 30
2403.8
 70
32
  0
VERTEX
  5
1839
330
17
100
AcDbEntity
  8
RBAR-T8-G
100
AcDbVertex
100
AcDb3dPolylineVertex
 10
1893.2
 20
34.0
 30
2403.5
 70
32
  0
VERTEX
  5
183A
330
17
100
AcDbEntity
  8
RBAR-T8-G
100
AcDbVertex
100
AcDb3dPolylineVertex
 10
1890.1
 20
34.0
 30
2402.5
 70
32
  0
VERTEX
  5
183B
330
17
100
AcDbEntity
  8
RBAR-T8-G
100
AcDbVertex
100
AcDb3dPolylineVertex
 10
1887.3
 20
34.0
 30
2401.0
 70
32
  0
VERTEX
  5
183C
330
17
100
AcDbEntity
  8
RBAR-T8-G
100
AcDbVertex
100
AcDb3dPolylineVertex
 10
1884.8
 20
34.0
 30
2399.0
 70
32
  0
VERTEX
  5
183D
330
17
100
AcDbEntity
  8
RBAR-T8-G
100
AcDbVertex
100
AcDb3dPolylineVertex
 10
1882.8
 20
34.0
 30
2396.5
 70
32
  0
VERTEX
  5
183E
330
17
100
AcDbEntity
  8
RBAR-T8-G
100
AcDbVertex
100
AcDb3dPolylineVertex
 10
1881.2
 20
34.0
 30
2393.7
 70
32
  0
VERTEX
  5
183F
330
17
100
AcDbEntity
  8
RBAR-T8-G
100
AcDbVertex
100
AcDb3dPolylineVertex
 10
1880.3
 20
34.0
 30
2390.6
 70
32
  0
VERTEX
  5
1840
330
17
100
AcDbEntity
  8
RBAR-T8-G
100
AcDbVertex
100
AcDb3dPolylineVertex
 10
1880.0
 20
34.0
 30
2387.4
 70
32
  0
VERTEX
  5
1841
330
17
100
AcDbEntity
  8
RBAR-T8-G
100
AcDbVertex
100
AcDb3dPolylineVertex
 10
1880.0
 20
34.0
 30
2019.2
 70
32
  0
VERTEX
  5
1842
330
17
100
AcDbEntity
  8
RBAR-T8-G
100
AcDbVertex
100
AcDb3dPolylineVertex
 10
1880.3
 20
34.0
 30
2016.0
 70
32
  0
VERTEX
  5
1843
330
17
100
AcDbEntity
  8
RBAR-T8-G
100
AcDbVertex
100
AcDb3dPolylineVertex
 10
1881.2
 20
34.0
 30
2012.9
 70
32
  0
VERTEX
  5
1844
330
17
100
AcDbEntity
  8
RBAR-T8-G
100
AcDbVertex
100
AcDb3dPolylineVertex
 10
1882.8
 20
34.0
 30
2010.1
 70
32
  0
VERTEX
  5
1845
330
17
100
AcDbEntity
  8
RBAR-T8-G
100
AcDbVertex
100
AcDb3dPolylineVertex
 10
1884.8
 20
34.0
 30
2007.6
 70
32
  0
VERTEX
  5
1846
330
17
100
AcDbEntity
  8
RBAR-T8-G
100
AcDbVertex
100
AcDb3dPolylineVertex
 10
1887.3
 20
34.0
 30
2005.6
 70
32
  0
VERTEX
  5
1847
330
17
100
AcDbEntity
  8
RBAR-T8-G
100
AcDbVertex
100
AcDb3dPolylineVertex
 10
1890.1
 20
34.0
 30
2004.1
 70
32
  0
VERTEX
  5
1848
330
17
100
AcDbEntity
  8
RBAR-T8-G
100
AcDbVertex
100
AcDb3dPolylineVertex
 10
1893.2
 20
34.0
 30
2003.1
 70
32
  0
VERTEX
  5
1849
330
17
100
AcDbEntity
  8
RBAR-T8-G
100
AcDbVertex
100
AcDb3dPolylineVertex
 10
1896.4
 20
34.0
 30
2002.8
 70
32
  0
VERTEX
  5
184A
330
17
100
AcDbEntity
  8
RBAR-T8-G
100
AcDbVertex
100
AcDb3dPolylineVertex
 10
2003.8
 20
34.0
 30
2002.8
 70
32
  0
VERTEX
  5
184B
330
17
100
AcDbEntity
  8
RBAR-T8-G
100
AcDbVertex
100
AcDb3dPolylineVertex
 10
2007.0
 20
34.0
 30
2003.1
 70
32
  0
VERTEX
  5
184C
330
17
100
AcDbEntity
  8
RBAR-T8-G
100
AcDbVertex
100
AcDb3dPolylineVertex
 10
2010.0
 20
34.0
 30
2004.1
 70
32
  0
VERTEX
  5
184D
330
17
100
AcDbEntity
  8
RBAR-T8-G
100
AcDbVertex
100
AcDb3dPolylineVertex
 10
2012.9
 20
34.0
 30
2005.6
 70
32
  0
VERTEX
  5
184E
330
17
100
AcDbEntity
  8
RBAR-T8-G
100
AcDbVertex
100
AcDb3dPolylineVertex
 10
2015.3
 20
34.0
 30
2007.6
 70
32
  0
VERTEX
  5
184F
330
17
100
AcDbEntity
  8
RBAR-T8-G
100
AcDbVertex
100
AcDb3dPolylineVertex
 10
2017.4
 20
34.0
 30
2010.1
 70
32
  0
VERTEX
  5
1850
330
17
100
AcDbEntity
  8
RBAR-T8-G
100
AcDbVertex
100
AcDb3dPolylineVertex
 10
2018.9
 20
34.0
 30
2012.9
 70
32
  0
VERTEX
  5
1851
330
17
100
AcDbEntity
  8
RBAR-T8-G
100
AcDbVertex
100
AcDb3dPolylineVertex
 10
2019.8
 20
34.0
 30
2016.0
 70
32
  0
VERTEX
  5
1852
330
17
100
AcDbEntity
  8
RBAR-T8-G
100
AcDbVertex
100
AcDb3dPolylineVertex
 10
2020.1
 20
34.0
 30
2019.2
 70
32
  0
VERTEX
  5
1853
330
17
100
AcDbEntity
  8
RBAR-T8-G
100
AcDbVertex
100
AcDb3dPolylineVertex
 10
2020.1
 20
34.0
 30
2336.3
 70
32
  0
SEQEND
  5
182D
330
182C
100
AcDbEntity
  8
RBAR-T8-G
  0
POLYLINE
  5
1854
330
17
100
AcDbEntity
  8
RBAR-T8-G
100
AcDb3dPolyline
 66
1
 10
0.0
 20
0.0
 30
0.0
 70
8
  0
VERTEX
  5
1856
330
17
100
AcDbEntity
  8
RBAR-T8-G
100
AcDbVertex
100
AcDb3dPolylineVertex
 10
2582.9
 20
34.0
 30
2315.8
 70
32
  0
VERTEX
  5
1857
330
17
100
AcDbEntity
  8
RBAR-T8-G
100
AcDbVertex
100
AcDb3dPolylineVertex
 10
2582.9
 20
34.0
 30
2387.4
 70
32
  0
VERTEX
  5
1858
330
17
100
AcDbEntity
  8
RBAR-T8-G
100
AcDbVertex
100
AcDb3dPolylineVertex
 10
2582.5
 20
34.0
 30
2390.6
 70
32
  0
VERTEX
  5
1859
330
17
100
AcDbEntity
  8
RBAR-T8-G
100
AcDbVertex
100
AcDb3dPolylineVertex
 10
2581.6
 20
34.0
 30
2393.7
 70
32
  0
VERTEX
  5
185A
330
17
100
AcDbEntity
  8
RBAR-T8-G
100
AcDbVertex
100
AcDb3dPolylineVertex
 10
2580.1
 20
34.0
 30
2396.5
 70
32
  0
VERTEX
  5
185B
330
17
100
AcDbEntity
  8
RBAR-T8-G
100
AcDbVertex
100
AcDb3dPolylineVertex
 10
2578.1
 20
34.0
 30
2399.0
 70
32
  0
VERTEX
  5
185C
330
17
100
AcDbEntity
  8
RBAR-T8-G
100
AcDbVertex
100
AcDb3dPolylineVertex
 10
2575.6
 20
34.0
 30
2401.0
 70
32
  0
VERTEX
  5
185D
330
17
100
AcDbEntity
  8
RBAR-T8-G
100
AcDbVertex
100
AcDb3dPolylineVertex
 10
2572.8
 20
34.0
 30
2402.5
 70
32
  0
VERTEX
  5
185E
330
17
100
AcDbEntity
  8
RBAR-T8-G
100
AcDbVertex
100
AcDb3dPolylineVertex
 10
2569.7
 20
34.0
 30
2403.5
 70
32
  0
VERTEX
  5
185F
330
17
100
AcDbEntity
  8
RBAR-T8-G
100
AcDbVertex
100
AcDb3dPolylineVertex
 10
2566.5
 20
34.0
 30
2403.8
 70
32
  0
VERTEX
  5
1860
330
17
100
AcDbEntity
  8
RBAR-T8-G
100
AcDbVertex
100
AcDb3dPolylineVertex
 10
2433.5
 20
34.0
 30
2403.8
 70
32
  0
VERTEX
  5
1861
330
17
100
AcDbEntity
  8
RBAR-T8-G
100
AcDbVertex
100
AcDb3dPolylineVertex
 10
2430.3
 20
34.0
 30
2403.5
 70
32
  0
VERTEX
  5
1862
330
17
100
AcDbEntity
  8
RBAR-T8-G
100
AcDbVertex
100
AcDb3dPolylineVertex
 10
2427.2
 20
34.0
 30
2402.5
 70
32
  0
VERTEX
  5
1863
330
17
100
AcDbEntity
  8
RBAR-T8-G
100
AcDbVertex
100
AcDb3dPolylineVertex
 10
2424.4
 20
34.0
 30
2401.0
 70
32
  0
VERTEX
  5
1864
330
17
100
AcDbEntity
  8
RBAR-T8-G
100
AcDbVertex
100
AcDb3dPolylineVertex
 10
2421.9
 20
34.0
 30
2399.0
 70
32
  0
VERTEX
  5
1865
330
17
100
AcDbEntity
  8
RBAR-T8-G
100
AcDbVertex
100
AcDb3dPolylineVertex
 10
2419.9
 20
34.0
 30
2396.5
 70
32
  0
VERTEX
  5
1866
330
17
100
AcDbEntity
  8
RBAR-T8-G
100
AcDbVertex
100
AcDb3dPolylineVertex
 10
2418.4
 20
34.0
 30
2393.7
 70
32
  0
VERTEX
  5
1867
330
17
100
AcDbEntity
  8
RBAR-T8-G
100
AcDbVertex
100
AcDb3dPolylineVertex
 10
2417.5
 20
34.0
 30
2390.6
 70
32
  0
VERTEX
  5
1868
330
17
100
AcDbEntity
  8
RBAR-T8-G
100
AcDbVertex
100
AcDb3dPolylineVertex
 10
2417.1
 20
34.0
 30
2387.4
 70
32
  0
VERTEX
  5
1869
330
17
100
AcDbEntity
  8
RBAR-T8-G
100
AcDbVertex
100
AcDb3dPolylineVertex
 10
2417.1
 20
34.0
 30
2019.2
 70
32
  0
VERTEX
  5
186A
330
17
100
AcDbEntity
  8
RBAR-T8-G
100
AcDbVertex
100
AcDb3dPolylineVertex
 10
2417.5
 20
34.0
 30
2016.0
 70
32
  0
VERTEX
  5
186B
330
17
100
AcDbEntity
  8
RBAR-T8-G
100
AcDbVertex
100
AcDb3dPolylineVertex
 10
2418.4
 20
34.0
 30
2012.9
 70
32
  0
VERTEX
  5
186C
330
17
100
AcDbEntity
  8
RBAR-T8-G
100
AcDbVertex
100
AcDb3dPolylineVertex
 10
2419.9
 20
34.0
 30
2010.1
 70
32
  0
VERTEX
  5
186D
330
17
100
AcDbEntity
  8
RBAR-T8-G
100
AcDbVertex
100
AcDb3dPolylineVertex
 10
2421.9
 20
34.0
 30
2007.6
 70
32
  0
VERTEX
  5
186E
330
17
100
AcDbEntity
  8
RBAR-T8-G
100
AcDbVertex
100
AcDb3dPolylineVertex
 10
2424.4
 20
34.0
 30
2005.6
 70
32
  0
VERTEX
  5
186F
330
17
100
AcDbEntity
  8
RBAR-T8-G
100
AcDbVertex
100
AcDb3dPolylineVertex
 10
2427.2
 20
34.0
 30
2004.1
 70
32
  0
VERTEX
  5
1870
330
17
100
AcDbEntity
  8
RBAR-T8-G
100
AcDbVertex
100
AcDb3dPolylineVertex
 10
2430.3
 20
34.0
 30
2003.1
 70
32
  0
VERTEX
  5
1871
330
17
100
AcDbEntity
  8
RBAR-T8-G
100
AcDbVertex
100
AcDb3dPolylineVertex
 10
2433.5
 20
34.0
 30
2002.8
 70
32
  0
VERTEX
  5
1872
330
17
100
AcDbEntity
  8
RBAR-T8-G
100
AcDbVertex
100
AcDb3dPolylineVertex
 10
2540.9
 20
34.0
 30
2002.8
 70
32
  0
VERTEX
  5
1873
330
17
100
AcDbEntity
  8
RBAR-T8-G
100
AcDbVertex
100
AcDb3dPolylineVertex
 10
2544.1
 20
34.0
 30
2003.1
 70
32
  0
VERTEX
  5
1874
330
17
100
AcDbEntity
  8
RBAR-T8-G
100
AcDbVertex
100
AcDb3dPolylineVertex
 10
2547.2
 20
34.0
 30
2004.1
 70
32
  0
VERTEX
  5
1875
330
17
100
AcDbEntity
  8
RBAR-T8-G
100
AcDbVertex
100
AcDb3dPolylineVertex
 10
2550.0
 20
34.0
 30
2005.6
 70
32
  0
VERTEX
  5
1876
330
17
100
AcDbEntity
  8
RBAR-T8-G
100
AcDbVertex
100
AcDb3dPolylineVertex
 10
2552.5
 20
34.0
 30
2007.6
 70
32
  0
VERTEX
  5
1877
330
17
100
AcDbEntity
  8
RBAR-T8-G
100
AcDbVertex
100
AcDb3dPolylineVertex
 10
2554.5
 20
34.0
 30
2010.1
 70
32
  0
VERTEX
  5
1878
330
17
100
AcDbEntity
  8
RBAR-T8-G
100
AcDbVertex
100
AcDb3dPolylineVertex
 10
2556.0
 20
34.0
 30
2012.9
 70
32
  0
VERTEX
  5
1879
330
17
100
AcDbEntity
  8
RBAR-T8-G
100
AcDbVertex
100
AcDb3dPolylineVertex
 10
2557.0
 20
34.0
 30
2016.0
 70
32
  0
VERTEX
  5
187A
330
17
100
AcDbEntity
  8
RBAR-T8-G
100
AcDbVertex
100
AcDb3dPolylineVertex
 10
2557.3
 20
34.0
 30
2019.2
 70
32
  0
VERTEX
  5
187B
330
17
100
AcDbEntity
  8
RBAR-T8-G
100
AcDbVertex
100
AcDb3dPolylineVertex
 10
2557.3
 20
34.0
 30
2336.3
 70
32
  0
SEQEND
  5
1855
330
1854
100
AcDbEntity
  8
RBAR-T8-G
  0
POLYLINE
  5
187C
330
17
100
AcDbEntity
  8
RBAR-T8-G
100
AcDb3dPolyline
 66
1
 10
0.0
 20
0.0
 30
0.0
 70
8
  0
VERTEX
  5
187E
330
17
100
AcDbEntity
  8
RBAR-T8-G
100
AcDbVertex
100
AcDb3dPolylineVertex
 10
3120.0
 20
34.0
 30
2315.8
 70
32
  0
VERTEX
  5
187F
330
17
100
AcDbEntity
  8
RBAR-T8-G
100
AcDbVertex
100
AcDb3dPolylineVertex
 10
3120.0
 20
34.0
 30
2387.4
 70
32
  0
VERTEX
  5
1880
330
17
100
AcDbEntity
  8
RBAR-T8-G
100
AcDbVertex
100
AcDb3dPolylineVertex
 10
3119.7
 20
34.0
 30
2390.6
 70
32
  0
VERTEX
  5
1881
330
17
100
AcDbEntity
  8
RBAR-T8-G
100
AcDbVertex
100
AcDb3dPolylineVertex
 10
3118.8
 20
34.0
 30
2393.7
 70
32
  0
VERTEX
  5
1882
330
17
100
AcDbEntity
  8
RBAR-T8-G
100
AcDbVertex
100
AcDb3dPolylineVertex
 10
3117.2
 20
34.0
 30
2396.5
 70
32
  0
VERTEX
  5
1883
330
17
100
AcDbEntity
  8
RBAR-T8-G
100
AcDbVertex
100
AcDb3dPolylineVertex
 10
3115.2
 20
34.0
 30
2399.0
 70
32
  0
VERTEX
  5
1884
330
17
100
AcDbEntity
  8
RBAR-T8-G
100
AcDbVertex
100
AcDb3dPolylineVertex
 10
3112.7
 20
34.0
 30
2401.0
 70
32
  0
VERTEX
  5
1885
330
17
100
AcDbEntity
  8
RBAR-T8-G
100
AcDbVertex
100
AcDb3dPolylineVertex
 10
3109.9
 20
34.0
 30
2402.5
 70
32
  0
VERTEX
  5
1886
330
17
100
AcDbEntity
  8
RBAR-T8-G
100
AcDbVertex
100
AcDb3dPolylineVertex
 10
3106.8
 20
34.0
 30
2403.5
 70
32
  0
VERTEX
  5
1887
330
17
100
AcDbEntity
  8
RBAR-T8-G
100
AcDbVertex
100
AcDb3dPolylineVertex
 10
3103.6
 20
34.0
 30
2403.8
 70
32
  0
VERTEX
  5
1888
330
17
100
AcDbEntity
  8
RBAR-T8-G
100
AcDbVertex
100
AcDb3dPolylineVertex
 10
2970.7
 20
34.0
 30
2403.8
 70
32
  0
VERTEX
  5
1889
330
17
100
AcDbEntity
  8
RBAR-T8-G
100
AcDbVertex
100
AcDb3dPolylineVertex
 10
2967.5
 20
34.0
 30
2403.5
 70
32
  0
VERTEX
  5
188A
330
17
100
AcDbEntity
  8
RBAR-T8-G
100
AcDbVertex
100
AcDb3dPolylineVertex
 10
2964.4
 20
34.0
 30
2402.5
 70
32
  0
VERTEX
  5
188B
330
17
100
AcDbEntity
  8
RBAR-T8-G
100
AcDbVertex
100
AcDb3dPolylineVertex
 10
2961.6
 20
34.0
 30
2401.0
 70
32
  0
VERTEX
  5
188C
330
17
100
AcDbEntity
  8
RBAR-T8-G
100
AcDbVertex
100
AcDb3dPolylineVertex
 10
2959.1
 20
34.0
 30
2399.0
 70
32
  0
VERTEX
  5
188D
330
17
100
AcDbEntity
  8
RBAR-T8-G
100
AcDbVertex
100
AcDb3dPolylineVertex
 10
2957.0
 20
34.0
 30
2396.5
 70
32
  0
VERTEX
  5
188E
330
17
100
AcDbEntity
  8
RBAR-T8-G
100
AcDbVertex
100
AcDb3dPolylineVertex
 10
2955.5
 20
34.0
 30
2393.7
 70
32
  0
VERTEX
  5
188F
330
17
100
AcDbEntity
  8
RBAR-T8-G
100
AcDbVertex
100
AcDb3dPolylineVertex
 10
2954.6
 20
34.0
 30
2390.6
 70
32
  0
VERTEX
  5
1890
330
17
100
AcDbEntity
  8
RBAR-T8-G
100
AcDbVertex
100
AcDb3dPolylineVertex
 10
2954.3
 20
34.0
 30
2387.4
 70
32
  0
VERTEX
  5
1891
330
17
100
AcDbEntity
  8
RBAR-T8-G
100
AcDbVertex
100
AcDb3dPolylineVertex
 10
2954.3
 20
34.0
 30
2019.2
 70
32
  0
VERTEX
  5
1892
330
17
100
AcDbEntity
  8
RBAR-T8-G
100
AcDbVertex
100
AcDb3dPolylineVertex
 10
2954.6
 20
34.0
 30
2016.0
 70
32
  0
VERTEX
  5
1893
330
17
100
AcDbEntity
  8
RBAR-T8-G
100
AcDbVertex
100
AcDb3dPolylineVertex
 10
2955.5
 20
34.0
 30
2012.9
 70
32
  0
VERTEX
  5
1894
330
17
100
AcDbEntity
  8
RBAR-T8-G
100
AcDbVertex
100
AcDb3dPolylineVertex
 10
2957.0
 20
34.0
 30
2010.1
 70
32
  0
VERTEX
  5
1895
330
17
100
AcDbEntity
  8
RBAR-T8-G
100
AcDbVertex
100
AcDb3dPolylineVertex
 10
2959.1
 20
34.0
 30
2007.6
 70
32
  0
VERTEX
  5
1896
330
17
100
AcDbEntity
  8
RBAR-T8-G
100
AcDbVertex
100
AcDb3dPolylineVertex
 10
2961.6
 20
34.0
 30
2005.6
 70
32
  0
VERTEX
  5
1897
330
17
100
AcDbEntity
  8
RBAR-T8-G
100
AcDbVertex
100
AcDb3dPolylineVertex
 10
2964.4
 20
34.0
 30
2004.1
 70
32
  0
VERTEX
  5
1898
330
17
100
AcDbEntity
  8
RBAR-T8-G
100
AcDbVertex
100
AcDb3dPolylineVertex
 10
2967.5
 20
34.0
 30
2003.1
 70
32
  0
VERTEX
  5
1899
330
17
100
AcDbEntity
  8
RBAR-T8-G
100
AcDbVertex
100
AcDb3dPolylineVertex
 10
2970.7
 20
34.0
 30
2002.8
 70
32
  0
VERTEX
  5
189A
330
17
100
AcDbEntity
  8
RBAR-T8-G
100
AcDbVertex
100
AcDb3dPolylineVertex
 10
3078.1
 20
34.0
 30
2002.8
 70
32
  0
VERTEX
  5
189B
330
17
100
AcDbEntity
  8
RBAR-T8-G
100
AcDbVertex
100
AcDb3dPolylineVertex
 10
3081.3
 20
34.0
 30
2003.1
 70
32
  0
VERTEX
  5
189C
330
17
100
AcDbEntity
  8
RBAR-T8-G
100
AcDbVertex
100
AcDb3dPolylineVertex
 10
3084.3
 20
34.0
 30
2004.1
 70
32
  0
VERTEX
  5
189D
330
17
100
AcDbEntity
  8
RBAR-T8-G
100
AcDbVertex
100
AcDb3dPolylineVertex
 10
3087.1
 20
34.0
 30
2005.6
 70
32
  0
VERTEX
  5
189E
330
17
100
AcDbEntity
  8
RBAR-T8-G
100
AcDbVertex
100
AcDb3dPolylineVertex
 10
3089.6
 20
34.0
 30
2007.6
 70
32
  0
VERTEX
  5
189F
330
17
100
AcDbEntity
  8
RBAR-T8-G
100
AcDbVertex
100
AcDb3dPolylineVertex
 10
3091.7
 20
34.0
 30
2010.1
 70
32
  0
VERTEX
  5
18A0
330
17
100
AcDbEntity
  8
RBAR-T8-G
100
AcDbVertex
100
AcDb3dPolylineVertex
 10
3093.2
 20
34.0
 30
2012.9
 70
32
  0
VERTEX
  5
18A1
330
17
100
AcDbEntity
  8
RBAR-T8-G
100
AcDbVertex
100
AcDb3dPolylineVertex
 10
3094.1
 20
34.0
 30
2016.0
 70
32
  0
VERTEX
  5
18A2
330
17
100
AcDbEntity
  8
RBAR-T8-G
100
AcDbVertex
100
AcDb3dPolylineVertex
 10
3094.4
 20
34.0
 30
2019.2
 70
32
  0
VERTEX
  5
18A3
330
17
100
AcDbEntity
  8
RBAR-T8-G
100
AcDbVertex
100
AcDb3dPolylineVertex
 10
3094.4
 20
34.0
 30
2336.3
 70
32
  0
SEQEND
  5
187D
330
187C
100
AcDbEntity
  8
RBAR-T8-G
  0
POLYLINE
  5
18A4
330
17
100
AcDbEntity
  8
RBAR-T8-G
100
AcDb3dPolyline
 66
1
 10
0.0
 20
0.0
 30
0.0
 70
8
  0
VERTEX
  5
18A6
330
17
100
AcDbEntity
  8
RBAR-T8-G
100
AcDbVertex
100
AcDb3dPolylineVertex
 10
3657.1
 20
34.0
 30
2315.8
 70
32
  0
VERTEX
  5
18A7
330
17
100
AcDbEntity
  8
RBAR-T8-G
100
AcDbVertex
100
AcDb3dPolylineVertex
 10
3657.1
 20
34.0
 30
2387.4
 70
32
  0
VERTEX
  5
18A8
330
17
100
AcDbEntity
  8
RBAR-T8-G
100
AcDbVertex
100
AcDb3dPolylineVertex
 10
3656.8
 20
34.0
 30
2390.6
 70
32
  0
VERTEX
  5
18A9
330
17
100
AcDbEntity
  8
RBAR-T8-G
100
AcDbVertex
100
AcDb3dPolylineVertex
 10
3655.9
 20
34.0
 30
2393.7
 70
32
  0
VERTEX
  5
18AA
330
17
100
AcDbEntity
  8
RBAR-T8-G
100
AcDbVertex
100
AcDb3dPolylineVertex
 10
3654.4
 20
34.0
 30
2396.5
 70
32
  0
VERTEX
  5
18AB
330
17
100
AcDbEntity
  8
RBAR-T8-G
100
AcDbVertex
100
AcDb3dPolylineVertex
 10
3652.3
 20
34.0
 30
2399.0
 70
32
  0
VERTEX
  5
18AC
330
17
100
AcDbEntity
  8
RBAR-T8-G
100
AcDbVertex
100
AcDb3dPolylineVertex
 10
3649.9
 20
34.0
 30
2401.0
 70
32
  0
VERTEX
  5
18AD
330
17
100
AcDbEntity
  8
RBAR-T8-G
100
AcDbVertex
100
AcDb3dPolylineVertex
 10
3647.0
 20
34.0
 30
2402.5
 70
32
  0
VERTEX
  5
18AE
330
17
100
AcDbEntity
  8
RBAR-T8-G
100
AcDbVertex
100
AcDb3dPolylineVertex
 10
3644.0
 20
34.0
 30
2403.5
 70
32
  0
VERTEX
  5
18AF
330
17
100
AcDbEntity
  8
RBAR-T8-G
100
AcDbVertex
100
AcDb3dPolylineVertex
 10
3640.8
 20
34.0
 30
2403.8
 70
32
  0
VERTEX
  5
18B0
330
17
100
AcDbEntity
  8
RBAR-T8-G
100
AcDbVertex
100
AcDb3dPolylineVertex
 10
3507.8
 20
34.0
 30
2403.8
 70
32
  0
VERTEX
  5
18B1
330
17
100
AcDbEntity
  8
RBAR-T8-G
100
AcDbVertex
100
AcDb3dPolylineVertex
 10
3504.6
 20
34.0
 30
2403.5
 70
32
  0
VERTEX
  5
18B2
330
17
100
AcDbEntity
  8
RBAR-T8-G
100
AcDbVertex
100
AcDb3dPolylineVertex
 10
3501.5
 20
34.0
 30
2402.5
 70
32
  0
VERTEX
  5
18B3
330
17
100
AcDbEntity
  8
RBAR-T8-G
100
AcDbVertex
100
AcDb3dPolylineVertex
 10
3498.7
 20
34.0
 30
2401.0
 70
32
  0
VERTEX
  5
18B4
330
17
100
AcDbEntity
  8
RBAR-T8-G
100
AcDbVertex
100
AcDb3dPolylineVertex
 10
3496.2
 20
34.0
 30
2399.0
 70
32
  0
VERTEX
  5
18B5
330
17
100
AcDbEntity
  8
RBAR-T8-G
100
AcDbVertex
100
AcDb3dPolylineVertex
 10
3494.2
 20
34.0
 30
2396.5
 70
32
  0
VERTEX
  5
18B6
330
17
100
AcDbEntity
  8
RBAR-T8-G
100
AcDbVertex
100
AcDb3dPolylineVertex
 10
3492.7
 20
34.0
 30
2393.7
 70
32
  0
VERTEX
  5
18B7
330
17
100
AcDbEntity
  8
RBAR-T8-G
100
AcDbVertex
100
AcDb3dPolylineVertex
 10
3491.7
 20
34.0
 30
2390.6
 70
32
  0
VERTEX
  5
18B8
330
17
100
AcDbEntity
  8
RBAR-T8-G
100
AcDbVertex
100
AcDb3dPolylineVertex
 10
3491.4
 20
34.0
 30
2387.4
 70
32
  0
VERTEX
  5
18B9
330
17
100
AcDbEntity
  8
RBAR-T8-G
100
AcDbVertex
100
AcDb3dPolylineVertex
 10
3491.4
 20
34.0
 30
2019.2
 70
32
  0
VERTEX
  5
18BA
330
17
100
AcDbEntity
  8
RBAR-T8-G
100
AcDbVertex
100
AcDb3dPolylineVertex
 10
3491.7
 20
34.0
 30
2016.0
 70
32
  0
VERTEX
  5
18BB
330
17
100
AcDbEntity
  8
RBAR-T8-G
100
AcDbVertex
100
AcDb3dPolylineVertex
 10
3492.7
 20
34.0
 30
2012.9
 70
32
  0
VERTEX
  5
18BC
330
17
100
AcDbEntity
  8
RBAR-T8-G
100
AcDbVertex
100
AcDb3dPolylineVertex
 10
3494.2
 20
34.0
 30
2010.1
 70
32
  0
VERTEX
  5
18BD
330
17
100
AcDbEntity
  8
RBAR-T8-G
100
AcDbVertex
100
AcDb3dPolylineVertex
 10
3496.2
 20
34.0
 30
2007.6
 70
32
  0
VERTEX
  5
18BE
330
17
100
AcDbEntity
  8
RBAR-T8-G
100
AcDbVertex
100
AcDb3dPolylineVertex
 10
3498.7
 20
34.0
 30
2005.6
 70
32
  0
VERTEX
  5
18BF
330
17
100
AcDbEntity
  8
RBAR-T8-G
100
AcDbVertex
100
AcDb3dPolylineVertex
 10
3501.5
 20
34.0
 30
2004.1
 70
32
  0
VERTEX
  5
18C0
330
17
100
AcDbEntity
  8
RBAR-T8-G
100
AcDbVertex
100
AcDb3dPolylineVertex
 10
3504.6
 20
34.0
 30
2003.1
 70
32
  0
VERTEX
  5
18C1
330
17
100
AcDbEntity
  8
RBAR-T8-G
100
AcDbVertex
100
AcDb3dPolylineVertex
 10
3507.8
 20
34.0
 30
2002.8
 70
32
  0
VERTEX
  5
18C2
330
17
100
AcDbEntity
  8
RBAR-T8-G
100
AcDbVertex
100
AcDb3dPolylineVertex
 10
3615.2
 20
34.0
 30
2002.8
 70
32
  0
VERTEX
  5
18C3
330
17
100
AcDbEntity
  8
RBAR-T8-G
100
AcDbVertex
100
AcDb3dPolylineVertex
 10
3618.4
 20
34.0
 30
2003.1
 70
32
  0
VERTEX
  5
18C4
330
17
100
AcDbEntity
  8
RBAR-T8-G
100
AcDbVertex
100
AcDb3dPolylineVertex
 10
3621.5
 20
34.0
 30
2004.1
 70
32
  0
VERTEX
  5
18C5
330
17
100
AcDbEntity
  8
RBAR-T8-G
100
AcDbVertex
100
AcDb3dPolylineVertex
 10
3624.3
 20
34.0
 30
2005.6
 70
32
  0
VERTEX
  5
18C6
330
17
100
AcDbEntity
  8
RBAR-T8-G
100
AcDbVertex
100
AcDb3dPolylineVertex
 10
3626.8
 20
34.0
 30
2007.6
 70
32
  0
VERTEX
  5
18C7
330
17
100
AcDbEntity
  8
RBAR-T8-G
100
AcDbVertex
100
AcDb3dPolylineVertex
 10
3628.8
 20
34.0
 30
2010.1
 70
32
  0
VERTEX
  5
18C8
330
17
100
AcDbEntity
  8
RBAR-T8-G
100
AcDbVertex
100
AcDb3dPolylineVertex
 10
3630.3
 20
34.0
 30
2012.9
 70
32
  0
VERTEX
  5
18C9
330
17
100
AcDbEntity
  8
RBAR-T8-G
100
AcDbVertex
100
AcDb3dPolylineVertex
 10
3631.3
 20
34.0
 30
2016.0
 70
32
  0
VERTEX
  5
18CA
330
17
100
AcDbEntity
  8
RBAR-T8-G
100
AcDbVertex
100
AcDb3dPolylineVertex
 10
3631.6
 20
34.0
 30
2019.2
 70
32
  0
VERTEX
  5
18CB
330
17
100
AcDbEntity
  8
RBAR-T8-G
100
AcDbVertex
100
AcDb3dPolylineVertex
 10
3631.6
 20
34.0
 30
2336.3
 70
32
  0
SEQEND
  5
18A5
330
18A4
100
AcDbEntity
  8
RBAR-T8-G
  0
POLYLINE
  5
18CC
330
17
100
AcDbEntity
  8
RBAR-T8-G
100
AcDb3dPolyline
 66
1
 10
0.0
 20
0.0
 30
0.0
 70
8
  0
VERTEX
  5
18CE
330
17
100
AcDbEntity
  8
RBAR-T8-G
100
AcDbVertex
100
AcDb3dPolylineVertex
 10
434.3
 20
34.0
 30
2808.0
 70
32
  0
VERTEX
  5
18CF
330
17
100
AcDbEntity
  8
RBAR-T8-G
100
AcDbVertex
100
AcDb3dPolylineVertex
 10
434.3
 20
34.0
 30
2879.6
 70
32
  0
VERTEX
  5
18D0
330
17
100
AcDbEntity
  8
RBAR-T8-G
100
AcDbVertex
100
AcDb3dPolylineVertex
 10
434.0
 20
34.0
 30
2882.8
 70
32
  0
VERTEX
  5
18D1
330
17
100
AcDbEntity
  8
RBAR-T8-G
100
AcDbVertex
100
AcDb3dPolylineVertex
 10
433.0
 20
34.0
 30
2885.9
 70
32
  0
VERTEX
  5
18D2
330
17
100
AcDbEntity
  8
RBAR-T8-G
100
AcDbVertex
100
AcDb3dPolylineVertex
 10
431.5
 20
34.0
 30
2888.7
 70
32
  0
VERTEX
  5
18D3
330
17
100
AcDbEntity
  8
RBAR-T8-G
100
AcDbVertex
100
AcDb3dPolylineVertex
 10
429.5
 20
34.0
 30
2891.2
 70
32
  0
VERTEX
  5
18D4
330
17
100
AcDbEntity
  8
RBAR-T8-G
100
AcDbVertex
100
AcDb3dPolylineVertex
 10
427.0
 20
34.0
 30
2893.2
 70
32
  0
VERTEX
  5
18D5
330
17
100
AcDbEntity
  8
RBAR-T8-G
100
AcDbVertex
100
AcDb3dPolylineVertex
 10
424.2
 20
34.0
 30
2894.8
 70
32
  0
VERTEX
  5
18D6
330
17
100
AcDbEntity
  8
RBAR-T8-G
100
AcDbVertex
100
AcDb3dPolylineVertex
 10
421.1
 20
34.0
 30
2895.7
 70
32
  0
VERTEX
  5
18D7
330
17
100
AcDbEntity
  8
RBAR-T8-G
100
AcDbVertex
100
AcDb3dPolylineVertex
 10
417.9
 20
34.0
 30
2896.0
 70
32
  0
VERTEX
  5
18D8
330
17
100
AcDbEntity
  8
RBAR-T8-G
100
AcDbVertex
100
AcDb3dPolylineVertex
 10
284.9
 20
34.0
 30
2896.0
 70
32
  0
VERTEX
  5
18D9
330
17
100
AcDbEntity
  8
RBAR-T8-G
100
AcDbVertex
100
AcDb3dPolylineVertex
 10
281.7
 20
34.0
 30
2895.7
 70
32
  0
VERTEX
  5
18DA
330
17
100
AcDbEntity
  8
RBAR-T8-G
100
AcDbVertex
100
AcDb3dPolylineVertex
 10
278.7
 20
34.0
 30
2894.8
 70
32
  0
VERTEX
  5
18DB
330
17
100
AcDbEntity
  8
RBAR-T8-G
100
AcDbVertex
100
AcDb3dPolylineVertex
 10
275.8
 20
34.0
 30
2893.2
 70
32
  0
VERTEX
  5
18DC
330
17
100
AcDbEntity
  8
RBAR-T8-G
100
AcDbVertex
100
AcDb3dPolylineVertex
 10
273.4
 20
34.0
 30
2891.2
 70
32
  0
VERTEX
  5
18DD
330
17
100
AcDbEntity
  8
RBAR-T8-G
100
AcDbVertex
100
AcDb3dPolylineVertex
 10
271.3
 20
34.0
 30
2888.7
 70
32
  0
VERTEX
  5
18DE
330
17
100
AcDbEntity
  8
RBAR-T8-G
100
AcDbVertex
100
AcDb3dPolylineVertex
 10
269.8
 20
34.0
 30
2885.9
 70
32
  0
VERTEX
  5
18DF
330
17
100
AcDbEntity
  8
RBAR-T8-G
100
AcDbVertex
100
AcDb3dPolylineVertex
 10
268.9
 20
34.0
 30
2882.8
 70
32
  0
VERTEX
  5
18E0
330
17
100
AcDbEntity
  8
RBAR-T8-G
100
AcDbVertex
100
AcDb3dPolylineVertex
 10
268.6
 20
34.0
 30
2879.6
 70
32
  0
VERTEX
  5
18E1
330
17
100
AcDbEntity
  8
RBAR-T8-G
100
AcDbVertex
100
AcDb3dPolylineVertex
 10
268.6
 20
34.0
 30
2511.4
 70
32
  0
VERTEX
  5
18E2
330
17
100
AcDbEntity
  8
RBAR-T8-G
100
AcDbVertex
100
AcDb3dPolylineVertex
 10
268.9
 20
34.0
 30
2508.2
 70
32
  0
VERTEX
  5
18E3
330
17
100
AcDbEntity
  8
RBAR-T8-G
100
AcDbVertex
100
AcDb3dPolylineVertex
 10
269.8
 20
34.0
 30
2505.1
 70
32
  0
VERTEX
  5
18E4
330
17
100
AcDbEntity
  8
RBAR-T8-G
100
AcDbVertex
100
AcDb3dPolylineVertex
 10
271.3
 20
34.0
 30
2502.3
 70
32
  0
VERTEX
  5
18E5
330
17
100
AcDbEntity
  8
RBAR-T8-G
100
AcDbVertex
100
AcDb3dPolylineVertex
 10
273.4
 20
34.0
 30
2499.8
 70
32
  0
VERTEX
  5
18E6
330
17
100
AcDbEntity
  8
RBAR-T8-G
100
AcDbVertex
100
AcDb3dPolylineVertex
 10
275.8
 20
34.0
 30
2497.8
 70
32
  0
VERTEX
  5
18E7
330
17
100
AcDbEntity
  8
RBAR-T8-G
100
AcDbVertex
100
AcDb3dPolylineVertex
 10
278.7
 20
34.0
 30
2496.3
 70
32
  0
VERTEX
  5
18E8
330
17
100
AcDbEntity
  8
RBAR-T8-G
100
AcDbVertex
100
AcDb3dPolylineVertex
 10
281.7
 20
34.0
 30
2495.3
 70
32
  0
VERTEX
  5
18E9
330
17
100
AcDbEntity
  8
RBAR-T8-G
100
AcDbVertex
100
AcDb3dPolylineVertex
 10
284.9
 20
34.0
 30
2495.0
 70
32
  0
VERTEX
  5
18EA
330
17
100
AcDbEntity
  8
RBAR-T8-G
100
AcDbVertex
100
AcDb3dPolylineVertex
 10
392.3
 20
34.0
 30
2495.0
 70
32
  0
VERTEX
  5
18EB
330
17
100
AcDbEntity
  8
RBAR-T8-G
100
AcDbVertex
100
AcDb3dPolylineVertex
 10
395.5
 20
34.0
 30
2495.3
 70
32
  0
VERTEX
  5
18EC
330
17
100
AcDbEntity
  8
RBAR-T8-G
100
AcDbVertex
100
AcDb3dPolylineVertex
 10
398.6
 20
34.0
 30
2496.3
 70
32
  0
VERTEX
  5
18ED
330
17
100
AcDbEntity
  8
RBAR-T8-G
100
AcDbVertex
100
AcDb3dPolylineVertex
 10
401.4
 20
34.0
 30
2497.8
 70
32
  0
VERTEX
  5
18EE
330
17
100
AcDbEntity
  8
RBAR-T8-G
100
AcDbVertex
100
AcDb3dPolylineVertex
 10
403.9
 20
34.0
 30
2499.8
 70
32
  0
VERTEX
  5
18EF
330
17
100
AcDbEntity
  8
RBAR-T8-G
100
AcDbVertex
100
AcDb3dPolylineVertex
 10
406.0
 20
34.0
 30
2502.3
 70
32
  0
VERTEX
  5
18F0
330
17
100
AcDbEntity
  8
RBAR-T8-G
100
AcDbVertex
100
AcDb3dPolylineVertex
 10
407.5
 20
34.0
 30
2505.1
 70
32
  0
VERTEX
  5
18F1
330
17
100
AcDbEntity
  8
RBAR-T8-G
100
AcDbVertex
100
AcDb3dPolylineVertex
 10
408.4
 20
34.0
 30
2508.2
 70
32
  0
VERTEX
  5
18F2
330
17
100
AcDbEntity
  8
RBAR-T8-G
100
AcDbVertex
100
AcDb3dPolylineVertex
 10
408.7
 20
34.0
 30
2511.4
 70
32
  0
VERTEX
  5
18F3
330
17
100
AcDbEntity
  8
RBAR-T8-G
100
AcDbVertex
100
AcDb3dPolylineVertex
 10
408.7
 20
34.0
 30
2828.5
 70
32
  0
SEQEND
  5
18CD
330
18CC
100
AcDbEntity
  8
RBAR-T8-G
  0
POLYLINE
  5
18F4
330
17
100
AcDbEntity
  8
RBAR-T8-G
100
AcDb3dPolyline
 66
1
 10
0.0
 20
0.0
 30
0.0
 70
8
  0
VERTEX
  5
18F6
330
17
100
AcDbEntity
  8
RBAR-T8-G
100
AcDbVertex
100
AcDb3dPolylineVertex
 10
971.4
 20
34.0
 30
2808.0
 70
32
  0
VERTEX
  5
18F7
330
17
100
AcDbEntity
  8
RBAR-T8-G
100
AcDbVertex
100
AcDb3dPolylineVertex
 10
971.4
 20
34.0
 30
2879.6
 70
32
  0
VERTEX
  5
18F8
330
17
100
AcDbEntity
  8
RBAR-T8-G
100
AcDbVertex
100
AcDb3dPolylineVertex
 10
971.1
 20
34.0
 30
2882.8
 70
32
  0
VERTEX
  5
18F9
330
17
100
AcDbEntity
  8
RBAR-T8-G
100
AcDbVertex
100
AcDb3dPolylineVertex
 10
970.2
 20
34.0
 30
2885.9
 70
32
  0
VERTEX
  5
18FA
330
17
100
AcDbEntity
  8
RBAR-T8-G
100
AcDbVertex
100
AcDb3dPolylineVertex
 10
968.7
 20
34.0
 30
2888.7
 70
32
  0
VERTEX
  5
18FB
330
17
100
AcDbEntity
  8
RBAR-T8-G
100
AcDbVertex
100
AcDb3dPolylineVertex
 10
966.6
 20
34.0
 30
2891.2
 70
32
  0
VERTEX
  5
18FC
330
17
100
AcDbEntity
  8
RBAR-T8-G
100
AcDbVertex
100
AcDb3dPolylineVertex
 10
964.2
 20
34.0
 30
2893.2
 70
32
  0
VERTEX
  5
18FD
330
17
100
AcDbEntity
  8
RBAR-T8-G
100
AcDbVertex
100
AcDb3dPolylineVertex
 10
961.3
 20
34.0
 30
2894.8
 70
32
  0
VERTEX
  5
18FE
330
17
100
AcDbEntity
  8
RBAR-T8-G
100
AcDbVertex
100
AcDb3dPolylineVertex
 10
958.3
 20
34.0
 30
2895.7
 70
32
  0
VERTEX
  5
18FF
330
17
100
AcDbEntity
  8
RBAR-T8-G
100
AcDbVertex
100
AcDb3dPolylineVertex
 10
955.1
 20
34.0
 30
2896.0
 70
32
  0
VERTEX
  5
1900
330
17
100
AcDbEntity
  8
RBAR-T8-G
100
AcDbVertex
100
AcDb3dPolylineVertex
 10
822.1
 20
34.0
 30
2896.0
 70
32
  0
VERTEX
  5
1901
330
17
100
AcDbEntity
  8
RBAR-T8-G
100
AcDbVertex
100
AcDb3dPolylineVertex
 10
818.9
 20
34.0
 30
2895.7
 70
32
  0
VERTEX
  5
1902
330
17
100
AcDbEntity
  8
RBAR-T8-G
100
AcDbVertex
100
AcDb3dPolylineVertex
 10
815.8
 20
34.0
 30
2894.8
 70
32
  0
VERTEX
  5
1903
330
17
100
AcDbEntity
  8
RBAR-T8-G
100
AcDbVertex
100
AcDb3dPolylineVertex
 10
813.0
 20
34.0
 30
2893.2
 70
32
  0
VERTEX
  5
1904
330
17
100
AcDbEntity
  8
RBAR-T8-G
100
AcDbVertex
100
AcDb3dPolylineVertex
 10
810.5
 20
34.0
 30
2891.2
 70
32
  0
VERTEX
  5
1905
330
17
100
AcDbEntity
  8
RBAR-T8-G
100
AcDbVertex
100
AcDb3dPolylineVertex
 10
808.5
 20
34.0
 30
2888.7
 70
32
  0
VERTEX
  5
1906
330
17
100
AcDbEntity
  8
RBAR-T8-G
100
AcDbVertex
100
AcDb3dPolylineVertex
 10
807.0
 20
34.0
 30
2885.9
 70
32
  0
VERTEX
  5
1907
330
17
100
AcDbEntity
  8
RBAR-T8-G
100
AcDbVertex
100
AcDb3dPolylineVertex
 10
806.0
 20
34.0
 30
2882.8
 70
32
  0
VERTEX
  5
1908
330
17
100
AcDbEntity
  8
RBAR-T8-G
100
AcDbVertex
100
AcDb3dPolylineVertex
 10
805.7
 20
34.0
 30
2879.6
 70
32
  0
VERTEX
  5
1909
330
17
100
AcDbEntity
  8
RBAR-T8-G
100
AcDbVertex
100
AcDb3dPolylineVertex
 10
805.7
 20
34.0
 30
2511.4
 70
32
  0
VERTEX
  5
190A
330
17
100
AcDbEntity
  8
RBAR-T8-G
100
AcDbVertex
100
AcDb3dPolylineVertex
 10
806.0
 20
34.0
 30
2508.2
 70
32
  0
VERTEX
  5
190B
330
17
100
AcDbEntity
  8
RBAR-T8-G
100
AcDbVertex
100
AcDb3dPolylineVertex
 10
807.0
 20
34.0
 30
2505.1
 70
32
  0
VERTEX
  5
190C
330
17
100
AcDbEntity
  8
RBAR-T8-G
100
AcDbVertex
100
AcDb3dPolylineVertex
 10
808.5
 20
34.0
 30
2502.3
 70
32
  0
VERTEX
  5
190D
330
17
100
AcDbEntity
  8
RBAR-T8-G
100
AcDbVertex
100
AcDb3dPolylineVertex
 10
810.5
 20
34.0
 30
2499.8
 70
32
  0
VERTEX
  5
190E
330
17
100
AcDbEntity
  8
RBAR-T8-G
100
AcDbVertex
100
AcDb3dPolylineVertex
 10
813.0
 20
34.0
 30
2497.8
 70
32
  0
VERTEX
  5
190F
330
17
100
AcDbEntity
  8
RBAR-T8-G
100
AcDbVertex
100
AcDb3dPolylineVertex
 10
815.8
 20
34.0
 30
2496.3
 70
32
  0
VERTEX
  5
1910
330
17
100
AcDbEntity
  8
RBAR-T8-G
100
AcDbVertex
100
AcDb3dPolylineVertex
 10
818.9
 20
34.0
 30
2495.3
 70
32
  0
VERTEX
  5
1911
330
17
100
AcDbEntity
  8
RBAR-T8-G
100
AcDbVertex
100
AcDb3dPolylineVertex
 10
822.1
 20
34.0
 30
2495.0
 70
32
  0
VERTEX
  5
1912
330
17
100
AcDbEntity
  8
RBAR-T8-G
100
AcDbVertex
100
AcDb3dPolylineVertex
 10
929.5
 20
34.0
 30
2495.0
 70
32
  0
VERTEX
  5
1913
330
17
100
AcDbEntity
  8
RBAR-T8-G
100
AcDbVertex
100
AcDb3dPolylineVertex
 10
932.7
 20
34.0
 30
2495.3
 70
32
  0
VERTEX
  5
1914
330
17
100
AcDbEntity
  8
RBAR-T8-G
100
AcDbVertex
100
AcDb3dPolylineVertex
 10
935.7
 20
34.0
 30
2496.3
 70
32
  0
VERTEX
  5
1915
330
17
100
AcDbEntity
  8
RBAR-T8-G
100
AcDbVertex
100
AcDb3dPolylineVertex
 10
938.6
 20
34.0
 30
2497.8
 70
32
  0
VERTEX
  5
1916
330
17
100
AcDbEntity
  8
RBAR-T8-G
100
AcDbVertex
100
AcDb3dPolylineVertex
 10
941.1
 20
34.0
 30
2499.8
 70
32
  0
VERTEX
  5
1917
330
17
100
AcDbEntity
  8
RBAR-T8-G
100
AcDbVertex
100
AcDb3dPolylineVertex
 10
943.1
 20
34.0
 30
2502.3
 70
32
  0
VERTEX
  5
1918
330
17
100
AcDbEntity
  8
RBAR-T8-G
100
AcDbVertex
100
AcDb3dPolylineVertex
 10
944.6
 20
34.0
 30
2505.1
 70
32
  0
VERTEX
  5
1919
330
17
100
AcDbEntity
  8
RBAR-T8-G
100
AcDbVertex
100
AcDb3dPolylineVertex
 10
945.5
 20
34.0
 30
2508.2
 70
32
  0
VERTEX
  5
191A
330
17
100
AcDbEntity
  8
RBAR-T8-G
100
AcDbVertex
100
AcDb3dPolylineVertex
 10
945.9
 20
34.0
 30
2511.4
 70
32
  0
VERTEX
  5
191B
330
17
100
AcDbEntity
  8
RBAR-T8-G
100
AcDbVertex
100
AcDb3dPolylineVertex
 10
945.9
 20
34.0
 30
2828.5
 70
32
  0
SEQEND
  5
18F5
330
18F4
100
AcDbEntity
  8
RBAR-T8-G
  0
POLYLINE
  5
191C
330
17
100
AcDbEntity
  8
RBAR-T8-G
100
AcDb3dPolyline
 66
1
 10
0.0
 20
0.0
 30
0.0
 70
8
  0
VERTEX
  5
191E
330
17
100
AcDbEntity
  8
RBAR-T8-G
100
AcDbVertex
100
AcDb3dPolylineVertex
 10
1508.6
 20
34.0
 30
2808.0
 70
32
  0
VERTEX
  5
191F
330
17
100
AcDbEntity
  8
RBAR-T8-G
100
AcDbVertex
100
AcDb3dPolylineVertex
 10
1508.6
 20
34.0
 30
2879.6
 70
32
  0
VERTEX
  5
1920
330
17
100
AcDbEntity
  8
RBAR-T8-G
100
AcDbVertex
100
AcDb3dPolylineVertex
 10
1508.3
 20
34.0
 30
2882.8
 70
32
  0
VERTEX
  5
1921
330
17
100
AcDbEntity
  8
RBAR-T8-G
100
AcDbVertex
100
AcDb3dPolylineVertex
 10
1507.3
 20
34.0
 30
2885.9
 70
32
  0
VERTEX
  5
1922
330
17
100
AcDbEntity
  8
RBAR-T8-G
100
AcDbVertex
100
AcDb3dPolylineVertex
 10
1505.8
 20
34.0
 30
2888.7
 70
32
  0
VERTEX
  5
1923
330
17
100
AcDbEntity
  8
RBAR-T8-G
100
AcDbVertex
100
AcDb3dPolylineVertex
 10
1503.8
 20
34.0
 30
2891.2
 70
32
  0
VERTEX
  5
1924
330
17
100
AcDbEntity
  8
RBAR-T8-G
100
AcDbVertex
100
AcDb3dPolylineVertex
 10
1501.3
 20
34.0
 30
2893.2
 70
32
  0
VERTEX
  5
1925
330
17
100
AcDbEntity
  8
RBAR-T8-G
100
AcDbVertex
100
AcDb3dPolylineVertex
 10
1498.5
 20
34.0
 30
2894.8
 70
32
  0
VERTEX
  5
1926
330
17
100
AcDbEntity
  8
RBAR-T8-G
100
AcDbVertex
100
AcDb3dPolylineVertex
 10
1495.4
 20
34.0
 30
2895.7
 70
32
  0
VERTEX
  5
1927
330
17
100
AcDbEntity
  8
RBAR-T8-G
100
AcDbVertex
100
AcDb3dPolylineVertex
 10
1492.2
 20
34.0
 30
2896.0
 70
32
  0
VERTEX
  5
1928
330
17
100
AcDbEntity
  8
RBAR-T8-G
100
AcDbVertex
100
AcDb3dPolylineVertex
 10
1359.2
 20
34.0
 30
2896.0
 70
32
  0
VERTEX
  5
1929
330
17
100
AcDbEntity
  8
RBAR-T8-G
100
AcDbVertex
100
AcDb3dPolylineVertex
 10
1356.0
 20
34.0
 30
2895.7
 70
32
  0
VERTEX
  5
192A
330
17
100
AcDbEntity
  8
RBAR-T8-G
100
AcDbVertex
100
AcDb3dPolylineVertex
 10
1353.0
 20
34.0
 30
2894.8
 70
32
  0
VERTEX
  5
192B
330
17
100
AcDbEntity
  8
RBAR-T8-G
100
AcDbVertex
100
AcDb3dPolylineVertex
 10
1350.1
 20
34.0
 30
2893.2
 70
32
  0
VERTEX
  5
192C
330
17
100
AcDbEntity
  8
RBAR-T8-G
100
AcDbVertex
100
AcDb3dPolylineVertex
 10
1347.7
 20
34.0
 30
2891.2
 70
32
  0
VERTEX
  5
192D
330
17
100
AcDbEntity
  8
RBAR-T8-G
100
AcDbVertex
100
AcDb3dPolylineVertex
 10
1345.6
 20
34.0
 30
2888.7
 70
32
  0
VERTEX
  5
192E
330
17
100
AcDbEntity
  8
RBAR-T8-G
100
AcDbVertex
100
AcDb3dPolylineVertex
 10
1344.1
 20
34.0
 30
2885.9
 70
32
  0
VERTEX
  5
192F
330
17
100
AcDbEntity
  8
RBAR-T8-G
100
AcDbVertex
100
AcDb3dPolylineVertex
 10
1343.2
 20
34.0
 30
2882.8
 70
32
  0
VERTEX
  5
1930
330
17
100
AcDbEntity
  8
RBAR-T8-G
100
AcDbVertex
100
AcDb3dPolylineVertex
 10
1342.9
 20
34.0
 30
2879.6
 70
32
  0
VERTEX
  5
1931
330
17
100
AcDbEntity
  8
RBAR-T8-G
100
AcDbVertex
100
AcDb3dPolylineVertex
 10
1342.9
 20
34.0
 30
2511.4
 70
32
  0
VERTEX
  5
1932
330
17
100
AcDbEntity
  8
RBAR-T8-G
100
AcDbVertex
100
AcDb3dPolylineVertex
 10
1343.2
 20
34.0
 30
2508.2
 70
32
  0
VERTEX
  5
1933
330
17
100
AcDbEntity
  8
RBAR-T8-G
100
AcDbVertex
100
AcDb3dPolylineVertex
 10
1344.1
 20
34.0
 30
2505.1
 70
32
  0
VERTEX
  5
1934
330
17
100
AcDbEntity
  8
RBAR-T8-G
100
AcDbVertex
100
AcDb3dPolylineVertex
 10
1345.6
 20
34.0
 30
2502.3
 70
32
  0
VERTEX
  5
1935
330
17
100
AcDbEntity
  8
RBAR-T8-G
100
AcDbVertex
100
AcDb3dPolylineVertex
 10
1347.7
 20
34.0
 30
2499.8
 70
32
  0
VERTEX
  5
1936
330
17
100
AcDbEntity
  8
RBAR-T8-G
100
AcDbVertex
100
AcDb3dPolylineVertex
 10
1350.1
 20
34.0
 30
2497.8
 70
32
  0
VERTEX
  5
1937
330
17
100
AcDbEntity
  8
RBAR-T8-G
100
AcDbVertex
100
AcDb3dPolylineVertex
 10
1353.0
 20
34.0
 30
2496.3
 70
32
  0
VERTEX
  5
1938
330
17
100
AcDbEntity
  8
RBAR-T8-G
100
AcDbVertex
100
AcDb3dPolylineVertex
 10
1356.0
 20
34.0
 30
2495.3
 70
32
  0
VERTEX
  5
1939
330
17
100
AcDbEntity
  8
RBAR-T8-G
100
AcDbVertex
100
AcDb3dPolylineVertex
 10
1359.2
 20
34.0
 30
2495.0
 70
32
  0
VERTEX
  5
193A
330
17
100
AcDbEntity
  8
RBAR-T8-G
100
AcDbVertex
100
AcDb3dPolylineVertex
 10
1466.6
 20
34.0
 30
2495.0
 70
32
  0
VERTEX
  5
193B
330
17
100
AcDbEntity
  8
RBAR-T8-G
100
AcDbVertex
100
AcDb3dPolylineVertex
 10
1469.8
 20
34.0
 30
2495.3
 70
32
  0
VERTEX
  5
193C
330
17
100
AcDbEntity
  8
RBAR-T8-G
100
AcDbVertex
100
AcDb3dPolylineVertex
 10
1472.9
 20
34.0
 30
2496.3
 70
32
  0
VERTEX
  5
193D
330
17
100
AcDbEntity
  8
RBAR-T8-G
100
AcDbVertex
100
AcDb3dPolylineVertex
 10
1475.7
 20
34.0
 30
2497.8
 70
32
  0
VERTEX
  5
193E
330
17
100
AcDbEntity
  8
RBAR-T8-G
100
AcDbVertex
100
AcDb3dPolylineVertex
 10
1478.2
 20
34.0
 30
2499.8
 70
32
  0
VERTEX
  5
193F
330
17
100
AcDbEntity
  8
RBAR-T8-G
100
AcDbVertex
100
AcDb3dPolylineVertex
 10
1480.2
 20
34.0
 30
2502.3
 70
32
  0
VERTEX
  5
1940
330
17
100
AcDbEntity
  8
RBAR-T8-G
100
AcDbVertex
100
AcDb3dPolylineVertex
 10
1481.7
 20
34.0
 30
2505.1
 70
32
  0
VERTEX
  5
1941
330
17
100
AcDbEntity
  8
RBAR-T8-G
100
AcDbVertex
100
AcDb3dPolylineVertex
 10
1482.7
 20
34.0
 30
2508.2
 70
32
  0
VERTEX
  5
1942
330
17
100
AcDbEntity
  8
RBAR-T8-G
100
AcDbVertex
100
AcDb3dPolylineVertex
 10
1483.0
 20
34.0
 30
2511.4
 70
32
  0
VERTEX
  5
1943
330
17
100
AcDbEntity
  8
RBAR-T8-G
100
AcDbVertex
100
AcDb3dPolylineVertex
 10
1483.0
 20
34.0
 30
2828.5
 70
32
  0
SEQEND
  5
191D
330
191C
100
AcDbEntity
  8
RBAR-T8-G
  0
POLYLINE
  5
1944
330
17
100
AcDbEntity
  8
RBAR-T8-G
100
AcDb3dPolyline
 66
1
 10
0.0
 20
0.0
 30
0.0
 70
8
  0
VERTEX
  5
1946
330
17
100
AcDbEntity
  8
RBAR-T8-G
100
AcDbVertex
100
AcDb3dPolylineVertex
 10
2045.7
 20
34.0
 30
2808.0
 70
32
  0
VERTEX
  5
1947
330
17
100
AcDbEntity
  8
RBAR-T8-G
100
AcDbVertex
100
AcDb3dPolylineVertex
 10
2045.7
 20
34.0
 30
2879.6
 70
32
  0
VERTEX
  5
1948
330
17
100
AcDbEntity
  8
RBAR-T8-G
100
AcDbVertex
100
AcDb3dPolylineVertex
 10
2045.4
 20
34.0
 30
2882.8
 70
32
  0
VERTEX
  5
1949
330
17
100
AcDbEntity
  8
RBAR-T8-G
100
AcDbVertex
100
AcDb3dPolylineVertex
 10
2044.5
 20
34.0
 30
2885.9
 70
32
  0
VERTEX
  5
194A
330
17
100
AcDbEntity
  8
RBAR-T8-G
100
AcDbVertex
100
AcDb3dPolylineVertex
 10
2043.0
 20
34.0
 30
2888.7
 70
32
  0
VERTEX
  5
194B
330
17
100
AcDbEntity
  8
RBAR-T8-G
100
AcDbVertex
100
AcDb3dPolylineVertex
 10
2040.9
 20
34.0
 30
2891.2
 70
32
  0
VERTEX
  5
194C
330
17
100
AcDbEntity
  8
RBAR-T8-G
100
AcDbVertex
100
AcDb3dPolylineVertex
 10
2038.4
 20
34.0
 30
2893.2
 70
32
  0
VERTEX
  5
194D
330
17
100
AcDbEntity
  8
RBAR-T8-G
100
AcDbVertex
100
AcDb3dPolylineVertex
 10
2035.6
 20
34.0
 30
2894.8
 70
32
  0
VERTEX
  5
194E
330
17
100
AcDbEntity
  8
RBAR-T8-G
100
AcDbVertex
100
AcDb3dPolylineVertex
 10
2032.5
 20
34.0
 30
2895.7
 70
32
  0
VERTEX
  5
194F
330
17
100
AcDbEntity
  8
RBAR-T8-G
100
AcDbVertex
100
AcDb3dPolylineVertex
 10
2029.3
 20
34.0
 30
2896.0
 70
32
  0
VERTEX
  5
1950
330
17
100
AcDbEntity
  8
RBAR-T8-G
100
AcDbVertex
100
AcDb3dPolylineVertex
 10
1896.4
 20
34.0
 30
2896.0
 70
32
  0
VERTEX
  5
1951
330
17
100
AcDbEntity
  8
RBAR-T8-G
100
AcDbVertex
100
AcDb3dPolylineVertex
 10
1893.2
 20
34.0
 30
2895.7
 70
32
  0
VERTEX
  5
1952
330
17
100
AcDbEntity
  8
RBAR-T8-G
100
AcDbVertex
100
AcDb3dPolylineVertex
 10
1890.1
 20
34.0
 30
2894.8
 70
32
  0
VERTEX
  5
1953
330
17
100
AcDbEntity
  8
RBAR-T8-G
100
AcDbVertex
100
AcDb3dPolylineVertex
 10
1887.3
 20
34.0
 30
2893.2
 70
32
  0
VERTEX
  5
1954
330
17
100
AcDbEntity
  8
RBAR-T8-G
100
AcDbVertex
100
AcDb3dPolylineVertex
 10
1884.8
 20
34.0
 30
2891.2
 70
32
  0
VERTEX
  5
1955
330
17
100
AcDbEntity
  8
RBAR-T8-G
100
AcDbVertex
100
AcDb3dPolylineVertex
 10
1882.8
 20
34.0
 30
2888.7
 70
32
  0
VERTEX
  5
1956
330
17
100
AcDbEntity
  8
RBAR-T8-G
100
AcDbVertex
100
AcDb3dPolylineVertex
 10
1881.2
 20
34.0
 30
2885.9
 70
32
  0
VERTEX
  5
1957
330
17
100
AcDbEntity
  8
RBAR-T8-G
100
AcDbVertex
100
AcDb3dPolylineVertex
 10
1880.3
 20
34.0
 30
2882.8
 70
32
  0
VERTEX
  5
1958
330
17
100
AcDbEntity
  8
RBAR-T8-G
100
AcDbVertex
100
AcDb3dPolylineVertex
 10
1880.0
 20
34.0
 30
2879.6
 70
32
  0
VERTEX
  5
1959
330
17
100
AcDbEntity
  8
RBAR-T8-G
100
AcDbVertex
100
AcDb3dPolylineVertex
 10
1880.0
 20
34.0
 30
2511.4
 70
32
  0
VERTEX
  5
195A
330
17
100
AcDbEntity
  8
RBAR-T8-G
100
AcDbVertex
100
AcDb3dPolylineVertex
 10
1880.3
 20
34.0
 30
2508.2
 70
32
  0
VERTEX
  5
195B
330
17
100
AcDbEntity
  8
RBAR-T8-G
100
AcDbVertex
100
AcDb3dPolylineVertex
 10
1881.2
 20
34.0
 30
2505.1
 70
32
  0
VERTEX
  5
195C
330
17
100
AcDbEntity
  8
RBAR-T8-G
100
AcDbVertex
100
AcDb3dPolylineVertex
 10
1882.8
 20
34.0
 30
2502.3
 70
32
  0
VERTEX
  5
195D
330
17
100
AcDbEntity
  8
RBAR-T8-G
100
AcDbVertex
100
AcDb3dPolylineVertex
 10
1884.8
 20
34.0
 30
2499.8
 70
32
  0
VERTEX
  5
195E
330
17
100
AcDbEntity
  8
RBAR-T8-G
100
AcDbVertex
100
AcDb3dPolylineVertex
 10
1887.3
 20
34.0
 30
2497.8
 70
32
  0
VERTEX
  5
195F
330
17
100
AcDbEntity
  8
RBAR-T8-G
100
AcDbVertex
100
AcDb3dPolylineVertex
 10
1890.1
 20
34.0
 30
2496.3
 70
32
  0
VERTEX
  5
1960
330
17
100
AcDbEntity
  8
RBAR-T8-G
100
AcDbVertex
100
AcDb3dPolylineVertex
 10
1893.2
 20
34.0
 30
2495.3
 70
32
  0
VERTEX
  5
1961
330
17
100
AcDbEntity
  8
RBAR-T8-G
100
AcDbVertex
100
AcDb3dPolylineVertex
 10
1896.4
 20
34.0
 30
2495.0
 70
32
  0
VERTEX
  5
1962
330
17
100
AcDbEntity
  8
RBAR-T8-G
100
AcDbVertex
100
AcDb3dPolylineVertex
 10
2003.8
 20
34.0
 30
2495.0
 70
32
  0
VERTEX
  5
1963
330
17
100
AcDbEntity
  8
RBAR-T8-G
100
AcDbVertex
100
AcDb3dPolylineVertex
 10
2007.0
 20
34.0
 30
2495.3
 70
32
  0
VERTEX
  5
1964
330
17
100
AcDbEntity
  8
RBAR-T8-G
100
AcDbVertex
100
AcDb3dPolylineVertex
 10
2010.0
 20
34.0
 30
2496.3
 70
32
  0
VERTEX
  5
1965
330
17
100
AcDbEntity
  8
RBAR-T8-G
100
AcDbVertex
100
AcDb3dPolylineVertex
 10
2012.9
 20
34.0
 30
2497.8
 70
32
  0
VERTEX
  5
1966
330
17
100
AcDbEntity
  8
RBAR-T8-G
100
AcDbVertex
100
AcDb3dPolylineVertex
 10
2015.3
 20
34.0
 30
2499.8
 70
32
  0
VERTEX
  5
1967
330
17
100
AcDbEntity
  8
RBAR-T8-G
100
AcDbVertex
100
AcDb3dPolylineVertex
 10
2017.4
 20
34.0
 30
2502.3
 70
32
  0
VERTEX
  5
1968
330
17
100
AcDbEntity
  8
RBAR-T8-G
100
AcDbVertex
100
AcDb3dPolylineVertex
 10
2018.9
 20
34.0
 30
2505.1
 70
32
  0
VERTEX
  5
1969
330
17
100
AcDbEntity
  8
RBAR-T8-G
100
AcDbVertex
100
AcDb3dPolylineVertex
 10
2019.8
 20
34.0
 30
2508.2
 70
32
  0
VERTEX
  5
196A
330
17
100
AcDbEntity
  8
RBAR-T8-G
100
AcDbVertex
100
AcDb3dPolylineVertex
 10
2020.1
 20
34.0
 30
2511.4
 70
32
  0
VERTEX
  5
196B
330
17
100
AcDbEntity
  8
RBAR-T8-G
100
AcDbVertex
100
AcDb3dPolylineVertex
 10
2020.1
 20
34.0
 30
2828.5
 70
32
  0
SEQEND
  5
1945
330
1944
100
AcDbEntity
  8
RBAR-T8-G
  0
POLYLINE
  5
196C
330
17
100
AcDbEntity
  8
RBAR-T8-G
100
AcDb3dPolyline
 66
1
 10
0.0
 20
0.0
 30
0.0
 70
8
  0
VERTEX
  5
196E
330
17
100
AcDbEntity
  8
RBAR-T8-G
100
AcDbVertex
100
AcDb3dPolylineVertex
 10
2582.9
 20
34.0
 30
2808.0
 70
32
  0
VERTEX
  5
196F
330
17
100
AcDbEntity
  8
RBAR-T8-G
100
AcDbVertex
100
AcDb3dPolylineVertex
 10
2582.9
 20
34.0
 30
2879.6
 70
32
  0
VERTEX
  5
1970
330
17
100
AcDbEntity
  8
RBAR-T8-G
100
AcDbVertex
100
AcDb3dPolylineVertex
 10
2582.5
 20
34.0
 30
2882.8
 70
32
  0
VERTEX
  5
1971
330
17
100
AcDbEntity
  8
RBAR-T8-G
100
AcDbVertex
100
AcDb3dPolylineVertex
 10
2581.6
 20
34.0
 30
2885.9
 70
32
  0
VERTEX
  5
1972
330
17
100
AcDbEntity
  8
RBAR-T8-G
100
AcDbVertex
100
AcDb3dPolylineVertex
 10
2580.1
 20
34.0
 30
2888.7
 70
32
  0
VERTEX
  5
1973
330
17
100
AcDbEntity
  8
RBAR-T8-G
100
AcDbVertex
100
AcDb3dPolylineVertex
 10
2578.1
 20
34.0
 30
2891.2
 70
32
  0
VERTEX
  5
1974
330
17
100
AcDbEntity
  8
RBAR-T8-G
100
AcDbVertex
100
AcDb3dPolylineVertex
 10
2575.6
 20
34.0
 30
2893.2
 70
32
  0
VERTEX
  5
1975
330
17
100
AcDbEntity
  8
RBAR-T8-G
100
AcDbVertex
100
AcDb3dPolylineVertex
 10
2572.8
 20
34.0
 30
2894.8
 70
32
  0
VERTEX
  5
1976
330
17
100
AcDbEntity
  8
RBAR-T8-G
100
AcDbVertex
100
AcDb3dPolylineVertex
 10
2569.7
 20
34.0
 30
2895.7
 70
32
  0
VERTEX
  5
1977
330
17
100
AcDbEntity
  8
RBAR-T8-G
100
AcDbVertex
100
AcDb3dPolylineVertex
 10
2566.5
 20
34.0
 30
2896.0
 70
32
  0
VERTEX
  5
1978
330
17
100
AcDbEntity
  8
RBAR-T8-G
100
AcDbVertex
100
AcDb3dPolylineVertex
 10
2433.5
 20
34.0
 30
2896.0
 70
32
  0
VERTEX
  5
1979
330
17
100
AcDbEntity
  8
RBAR-T8-G
100
AcDbVertex
100
AcDb3dPolylineVertex
 10
2430.3
 20
34.0
 30
2895.7
 70
32
  0
VERTEX
  5
197A
330
17
100
AcDbEntity
  8
RBAR-T8-G
100
AcDbVertex
100
AcDb3dPolylineVertex
 10
2427.2
 20
34.0
 30
2894.8
 70
32
  0
VERTEX
  5
197B
330
17
100
AcDbEntity
  8
RBAR-T8-G
100
AcDbVertex
100
AcDb3dPolylineVertex
 10
2424.4
 20
34.0
 30
2893.2
 70
32
  0
VERTEX
  5
197C
330
17
100
AcDbEntity
  8
RBAR-T8-G
100
AcDbVertex
100
AcDb3dPolylineVertex
 10
2421.9
 20
34.0
 30
2891.2
 70
32
  0
VERTEX
  5
197D
330
17
100
AcDbEntity
  8
RBAR-T8-G
100
AcDbVertex
100
AcDb3dPolylineVertex
 10
2419.9
 20
34.0
 30
2888.7
 70
32
  0
VERTEX
  5
197E
330
17
100
AcDbEntity
  8
RBAR-T8-G
100
AcDbVertex
100
AcDb3dPolylineVertex
 10
2418.4
 20
34.0
 30
2885.9
 70
32
  0
VERTEX
  5
197F
330
17
100
AcDbEntity
  8
RBAR-T8-G
100
AcDbVertex
100
AcDb3dPolylineVertex
 10
2417.5
 20
34.0
 30
2882.8
 70
32
  0
VERTEX
  5
1980
330
17
100
AcDbEntity
  8
RBAR-T8-G
100
AcDbVertex
100
AcDb3dPolylineVertex
 10
2417.1
 20
34.0
 30
2879.6
 70
32
  0
VERTEX
  5
1981
330
17
100
AcDbEntity
  8
RBAR-T8-G
100
AcDbVertex
100
AcDb3dPolylineVertex
 10
2417.1
 20
34.0
 30
2511.4
 70
32
  0
VERTEX
  5
1982
330
17
100
AcDbEntity
  8
RBAR-T8-G
100
AcDbVertex
100
AcDb3dPolylineVertex
 10
2417.5
 20
34.0
 30
2508.2
 70
32
  0
VERTEX
  5
1983
330
17
100
AcDbEntity
  8
RBAR-T8-G
100
AcDbVertex
100
AcDb3dPolylineVertex
 10
2418.4
 20
34.0
 30
2505.1
 70
32
  0
VERTEX
  5
1984
330
17
100
AcDbEntity
  8
RBAR-T8-G
100
AcDbVertex
100
AcDb3dPolylineVertex
 10
2419.9
 20
34.0
 30
2502.3
 70
32
  0
VERTEX
  5
1985
330
17
100
AcDbEntity
  8
RBAR-T8-G
100
AcDbVertex
100
AcDb3dPolylineVertex
 10
2421.9
 20
34.0
 30
2499.8
 70
32
  0
VERTEX
  5
1986
330
17
100
AcDbEntity
  8
RBAR-T8-G
100
AcDbVertex
100
AcDb3dPolylineVertex
 10
2424.4
 20
34.0
 30
2497.8
 70
32
  0
VERTEX
  5
1987
330
17
100
AcDbEntity
  8
RBAR-T8-G
100
AcDbVertex
100
AcDb3dPolylineVertex
 10
2427.2
 20
34.0
 30
2496.3
 70
32
  0
VERTEX
  5
1988
330
17
100
AcDbEntity
  8
RBAR-T8-G
100
AcDbVertex
100
AcDb3dPolylineVertex
 10
2430.3
 20
34.0
 30
2495.3
 70
32
  0
VERTEX
  5
1989
330
17
100
AcDbEntity
  8
RBAR-T8-G
100
AcDbVertex
100
AcDb3dPolylineVertex
 10
2433.5
 20
34.0
 30
2495.0
 70
32
  0
VERTEX
  5
198A
330
17
100
AcDbEntity
  8
RBAR-T8-G
100
AcDbVertex
100
AcDb3dPolylineVertex
 10
2540.9
 20
34.0
 30
2495.0
 70
32
  0
VERTEX
  5
198B
330
17
100
AcDbEntity
  8
RBAR-T8-G
100
AcDbVertex
100
AcDb3dPolylineVertex
 10
2544.1
 20
34.0
 30
2495.3
 70
32
  0
VERTEX
  5
198C
330
17
100
AcDbEntity
  8
RBAR-T8-G
100
AcDbVertex
100
AcDb3dPolylineVertex
 10
2547.2
 20
34.0
 30
2496.3
 70
32
  0
VERTEX
  5
198D
330
17
100
AcDbEntity
  8
RBAR-T8-G
100
AcDbVertex
100
AcDb3dPolylineVertex
 10
2550.0
 20
34.0
 30
2497.8
 70
32
  0
VERTEX
  5
198E
330
17
100
AcDbEntity
  8
RBAR-T8-G
100
AcDbVertex
100
AcDb3dPolylineVertex
 10
2552.5
 20
34.0
 30
2499.8
 70
32
  0
VERTEX
  5
198F
330
17
100
AcDbEntity
  8
RBAR-T8-G
100
AcDbVertex
100
AcDb3dPolylineVertex
 10
2554.5
 20
34.0
 30
2502.3
 70
32
  0
VERTEX
  5
1990
330
17
100
AcDbEntity
  8
RBAR-T8-G
100
AcDbVertex
100
AcDb3dPolylineVertex
 10
2556.0
 20
34.0
 30
2505.1
 70
32
  0
VERTEX
  5
1991
330
17
100
AcDbEntity
  8
RBAR-T8-G
100
AcDbVertex
100
AcDb3dPolylineVertex
 10
2557.0
 20
34.0
 30
2508.2
 70
32
  0
VERTEX
  5
1992
330
17
100
AcDbEntity
  8
RBAR-T8-G
100
AcDbVertex
100
AcDb3dPolylineVertex
 10
2557.3
 20
34.0
 30
2511.4
 70
32
  0
VERTEX
  5
1993
330
17
100
AcDbEntity
  8
RBAR-T8-G
100
AcDbVertex
100
AcDb3dPolylineVertex
 10
2557.3
 20
34.0
 30
2828.5
 70
32
  0
SEQEND
  5
196D
330
196C
100
AcDbEntity
  8
RBAR-T8-G
  0
POLYLINE
  5
1994
330
17
100
AcDbEntity
  8
RBAR-T8-G
100
AcDb3dPolyline
 66
1
 10
0.0
 20
0.0
 30
0.0
 70
8
  0
VERTEX
  5
1996
330
17
100
AcDbEntity
  8
RBAR-T8-G
100
AcDbVertex
100
AcDb3dPolylineVertex
 10
3120.0
 20
34.0
 30
2808.0
 70
32
  0
VERTEX
  5
1997
330
17
100
AcDbEntity
  8
RBAR-T8-G
100
AcDbVertex
100
AcDb3dPolylineVertex
 10
3120.0
 20
34.0
 30
2879.6
 70
32
  0
VERTEX
  5
1998
330
17
100
AcDbEntity
  8
RBAR-T8-G
100
AcDbVertex
100
AcDb3dPolylineVertex
 10
3119.7
 20
34.0
 30
2882.8
 70
32
  0
VERTEX
  5
1999
330
17
100
AcDbEntity
  8
RBAR-T8-G
100
AcDbVertex
100
AcDb3dPolylineVertex
 10
3118.8
 20
34.0
 30
2885.9
 70
32
  0
VERTEX
  5
199A
330
17
100
AcDbEntity
  8
RBAR-T8-G
100
AcDbVertex
100
AcDb3dPolylineVertex
 10
3117.2
 20
34.0
 30
2888.7
 70
32
  0
VERTEX
  5
199B
330
17
100
AcDbEntity
  8
RBAR-T8-G
100
AcDbVertex
100
AcDb3dPolylineVertex
 10
3115.2
 20
34.0
 30
2891.2
 70
32
  0
VERTEX
  5
199C
330
17
100
AcDbEntity
  8
RBAR-T8-G
100
AcDbVertex
100
AcDb3dPolylineVertex
 10
3112.7
 20
34.0
 30
2893.2
 70
32
  0
VERTEX
  5
199D
330
17
100
AcDbEntity
  8
RBAR-T8-G
100
AcDbVertex
100
AcDb3dPolylineVertex
 10
3109.9
 20
34.0
 30
2894.8
 70
32
  0
VERTEX
  5
199E
330
17
100
AcDbEntity
  8
RBAR-T8-G
100
AcDbVertex
100
AcDb3dPolylineVertex
 10
3106.8
 20
34.0
 30
2895.7
 70
32
  0
VERTEX
  5
199F
330
17
100
AcDbEntity
  8
RBAR-T8-G
100
AcDbVertex
100
AcDb3dPolylineVertex
 10
3103.6
 20
34.0
 30
2896.0
 70
32
  0
VERTEX
  5
19A0
330
17
100
AcDbEntity
  8
RBAR-T8-G
100
AcDbVertex
100
AcDb3dPolylineVertex
 10
2970.7
 20
34.0
 30
2896.0
 70
32
  0
VERTEX
  5
19A1
330
17
100
AcDbEntity
  8
RBAR-T8-G
100
AcDbVertex
100
AcDb3dPolylineVertex
 10
2967.5
 20
34.0
 30
2895.7
 70
32
  0
VERTEX
  5
19A2
330
17
100
AcDbEntity
  8
RBAR-T8-G
100
AcDbVertex
100
AcDb3dPolylineVertex
 10
2964.4
 20
34.0
 30
2894.8
 70
32
  0
VERTEX
  5
19A3
330
17
100
AcDbEntity
  8
RBAR-T8-G
100
AcDbVertex
100
AcDb3dPolylineVertex
 10
2961.6
 20
34.0
 30
2893.2
 70
32
  0
VERTEX
  5
19A4
330
17
100
AcDbEntity
  8
RBAR-T8-G
100
AcDbVertex
100
AcDb3dPolylineVertex
 10
2959.1
 20
34.0
 30
2891.2
 70
32
  0
VERTEX
  5
19A5
330
17
100
AcDbEntity
  8
RBAR-T8-G
100
AcDbVertex
100
AcDb3dPolylineVertex
 10
2957.0
 20
34.0
 30
2888.7
 70
32
  0
VERTEX
  5
19A6
330
17
100
AcDbEntity
  8
RBAR-T8-G
100
AcDbVertex
100
AcDb3dPolylineVertex
 10
2955.5
 20
34.0
 30
2885.9
 70
32
  0
VERTEX
  5
19A7
330
17
100
AcDbEntity
  8
RBAR-T8-G
100
AcDbVertex
100
AcDb3dPolylineVertex
 10
2954.6
 20
34.0
 30
2882.8
 70
32
  0
VERTEX
  5
19A8
330
17
100
AcDbEntity
  8
RBAR-T8-G
100
AcDbVertex
100
AcDb3dPolylineVertex
 10
2954.3
 20
34.0
 30
2879.6
 70
32
  0
VERTEX
  5
19A9
330
17
100
AcDbEntity
  8
RBAR-T8-G
100
AcDbVertex
100
AcDb3dPolylineVertex
 10
2954.3
 20
34.0
 30
2511.4
 70
32
  0
VERTEX
  5
19AA
330
17
100
AcDbEntity
  8
RBAR-T8-G
100
AcDbVertex
100
AcDb3dPolylineVertex
 10
2954.6
 20
34.0
 30
2508.2
 70
32
  0
VERTEX
  5
19AB
330
17
100
AcDbEntity
  8
RBAR-T8-G
100
AcDbVertex
100
AcDb3dPolylineVertex
 10
2955.5
 20
34.0
 30
2505.1
 70
32
  0
VERTEX
  5
19AC
330
17
100
AcDbEntity
  8
RBAR-T8-G
100
AcDbVertex
100
AcDb3dPolylineVertex
 10
2957.0
 20
34.0
 30
2502.3
 70
32
  0
VERTEX
  5
19AD
330
17
100
AcDbEntity
  8
RBAR-T8-G
100
AcDbVertex
100
AcDb3dPolylineVertex
 10
2959.1
 20
34.0
 30
2499.8
 70
32
  0
VERTEX
  5
19AE
330
17
100
AcDbEntity
  8
RBAR-T8-G
100
AcDbVertex
100
AcDb3dPolylineVertex
 10
2961.6
 20
34.0
 30
2497.8
 70
32
  0
VERTEX
  5
19AF
330
17
100
AcDbEntity
  8
RBAR-T8-G
100
AcDbVertex
100
AcDb3dPolylineVertex
 10
2964.4
 20
34.0
 30
2496.3
 70
32
  0
VERTEX
  5
19B0
330
17
100
AcDbEntity
  8
RBAR-T8-G
100
AcDbVertex
100
AcDb3dPolylineVertex
 10
2967.5
 20
34.0
 30
2495.3
 70
32
  0
VERTEX
  5
19B1
330
17
100
AcDbEntity
  8
RBAR-T8-G
100
AcDbVertex
100
AcDb3dPolylineVertex
 10
2970.7
 20
34.0
 30
2495.0
 70
32
  0
VERTEX
  5
19B2
330
17
100
AcDbEntity
  8
RBAR-T8-G
100
AcDbVertex
100
AcDb3dPolylineVertex
 10
3078.1
 20
34.0
 30
2495.0
 70
32
  0
VERTEX
  5
19B3
330
17
100
AcDbEntity
  8
RBAR-T8-G
100
AcDbVertex
100
AcDb3dPolylineVertex
 10
3081.3
 20
34.0
 30
2495.3
 70
32
  0
VERTEX
  5
19B4
330
17
100
AcDbEntity
  8
RBAR-T8-G
100
AcDbVertex
100
AcDb3dPolylineVertex
 10
3084.3
 20
34.0
 30
2496.3
 70
32
  0
VERTEX
  5
19B5
330
17
100
AcDbEntity
  8
RBAR-T8-G
100
AcDbVertex
100
AcDb3dPolylineVertex
 10
3087.1
 20
34.0
 30
2497.8
 70
32
  0
VERTEX
  5
19B6
330
17
100
AcDbEntity
  8
RBAR-T8-G
100
AcDbVertex
100
AcDb3dPolylineVertex
 10
3089.6
 20
34.0
 30
2499.8
 70
32
  0
VERTEX
  5
19B7
330
17
100
AcDbEntity
  8
RBAR-T8-G
100
AcDbVertex
100
AcDb3dPolylineVertex
 10
3091.7
 20
34.0
 30
2502.3
 70
32
  0
VERTEX
  5
19B8
330
17
100
AcDbEntity
  8
RBAR-T8-G
100
AcDbVertex
100
AcDb3dPolylineVertex
 10
3093.2
 20
34.0
 30
2505.1
 70
32
  0
VERTEX
  5
19B9
330
17
100
AcDbEntity
  8
RBAR-T8-G
100
AcDbVertex
100
AcDb3dPolylineVertex
 10
3094.1
 20
34.0
 30
2508.2
 70
32
  0
VERTEX
  5
19BA
330
17
100
AcDbEntity
  8
RBAR-T8-G
100
AcDbVertex
100
AcDb3dPolylineVertex
 10
3094.4
 20
34.0
 30
2511.4
 70
32
  0
VERTEX
  5
19BB
330
17
100
AcDbEntity
  8
RBAR-T8-G
100
AcDbVertex
100
AcDb3dPolylineVertex
 10
3094.4
 20
34.0
 30
2828.5
 70
32
  0
SEQEND
  5
1995
330
1994
100
AcDbEntity
  8
RBAR-T8-G
  0
POLYLINE
  5
19BC
330
17
100
AcDbEntity
  8
RBAR-T8-G
100
AcDb3dPolyline
 66
1
 10
0.0
 20
0.0
 30
0.0
 70
8
  0
VERTEX
  5
19BE
330
17
100
AcDbEntity
  8
RBAR-T8-G
100
AcDbVertex
100
AcDb3dPolylineVertex
 10
3657.1
 20
34.0
 30
2808.0
 70
32
  0
VERTEX
  5
19BF
330
17
100
AcDbEntity
  8
RBAR-T8-G
100
AcDbVertex
100
AcDb3dPolylineVertex
 10
3657.1
 20
34.0
 30
2879.6
 70
32
  0
VERTEX
  5
19C0
330
17
100
AcDbEntity
  8
RBAR-T8-G
100
AcDbVertex
100
AcDb3dPolylineVertex
 10
3656.8
 20
34.0
 30
2882.8
 70
32
  0
VERTEX
  5
19C1
330
17
100
AcDbEntity
  8
RBAR-T8-G
100
AcDbVertex
100
AcDb3dPolylineVertex
 10
3655.9
 20
34.0
 30
2885.9
 70
32
  0
VERTEX
  5
19C2
330
17
100
AcDbEntity
  8
RBAR-T8-G
100
AcDbVertex
100
AcDb3dPolylineVertex
 10
3654.4
 20
34.0
 30
2888.7
 70
32
  0
VERTEX
  5
19C3
330
17
100
AcDbEntity
  8
RBAR-T8-G
100
AcDbVertex
100
AcDb3dPolylineVertex
 10
3652.3
 20
34.0
 30
2891.2
 70
32
  0
VERTEX
  5
19C4
330
17
100
AcDbEntity
  8
RBAR-T8-G
100
AcDbVertex
100
AcDb3dPolylineVertex
 10
3649.9
 20
34.0
 30
2893.2
 70
32
  0
VERTEX
  5
19C5
330
17
100
AcDbEntity
  8
RBAR-T8-G
100
AcDbVertex
100
AcDb3dPolylineVertex
 10
3647.0
 20
34.0
 30
2894.8
 70
32
  0
VERTEX
  5
19C6
330
17
100
AcDbEntity
  8
RBAR-T8-G
100
AcDbVertex
100
AcDb3dPolylineVertex
 10
3644.0
 20
34.0
 30
2895.7
 70
32
  0
VERTEX
  5
19C7
330
17
100
AcDbEntity
  8
RBAR-T8-G
100
AcDbVertex
100
AcDb3dPolylineVertex
 10
3640.8
 20
34.0
 30
2896.0
 70
32
  0
VERTEX
  5
19C8
330
17
100
AcDbEntity
  8
RBAR-T8-G
100
AcDbVertex
100
AcDb3dPolylineVertex
 10
3507.8
 20
34.0
 30
2896.0
 70
32
  0
VERTEX
  5
19C9
330
17
100
AcDbEntity
  8
RBAR-T8-G
100
AcDbVertex
100
AcDb3dPolylineVertex
 10
3504.6
 20
34.0
 30
2895.7
 70
32
  0
VERTEX
  5
19CA
330
17
100
AcDbEntity
  8
RBAR-T8-G
100
AcDbVertex
100
AcDb3dPolylineVertex
 10
3501.5
 20
34.0
 30
2894.8
 70
32
  0
VERTEX
  5
19CB
330
17
100
AcDbEntity
  8
RBAR-T8-G
100
AcDbVertex
100
AcDb3dPolylineVertex
 10
3498.7
 20
34.0
 30
2893.2
 70
32
  0
VERTEX
  5
19CC
330
17
100
AcDbEntity
  8
RBAR-T8-G
100
AcDbVertex
100
AcDb3dPolylineVertex
 10
3496.2
 20
34.0
 30
2891.2
 70
32
  0
VERTEX
  5
19CD
330
17
100
AcDbEntity
  8
RBAR-T8-G
100
AcDbVertex
100
AcDb3dPolylineVertex
 10
3494.2
 20
34.0
 30
2888.7
 70
32
  0
VERTEX
  5
19CE
330
17
100
AcDbEntity
  8
RBAR-T8-G
100
AcDbVertex
100
AcDb3dPolylineVertex
 10
3492.7
 20
34.0
 30
2885.9
 70
32
  0
VERTEX
  5
19CF
330
17
100
AcDbEntity
  8
RBAR-T8-G
100
AcDbVertex
100
AcDb3dPolylineVertex
 10
3491.7
 20
34.0
 30
2882.8
 70
32
  0
VERTEX
  5
19D0
330
17
100
AcDbEntity
  8
RBAR-T8-G
100
AcDbVertex
100
AcDb3dPolylineVertex
 10
3491.4
 20
34.0
 30
2879.6
 70
32
  0
VERTEX
  5
19D1
330
17
100
AcDbEntity
  8
RBAR-T8-G
100
AcDbVertex
100
AcDb3dPolylineVertex
 10
3491.4
 20
34.0
 30
2511.4
 70
32
  0
VERTEX
  5
19D2
330
17
100
AcDbEntity
  8
RBAR-T8-G
100
AcDbVertex
100
AcDb3dPolylineVertex
 10
3491.7
 20
34.0
 30
2508.2
 70
32
  0
VERTEX
  5
19D3
330
17
100
AcDbEntity
  8
RBAR-T8-G
100
AcDbVertex
100
AcDb3dPolylineVertex
 10
3492.7
 20
34.0
 30
2505.1
 70
32
  0
VERTEX
  5
19D4
330
17
100
AcDbEntity
  8
RBAR-T8-G
100
AcDbVertex
100
AcDb3dPolylineVertex
 10
3494.2
 20
34.0
 30
2502.3
 70
32
  0
VERTEX
  5
19D5
330
17
100
AcDbEntity
  8
RBAR-T8-G
100
AcDbVertex
100
AcDb3dPolylineVertex
 10
3496.2
 20
34.0
 30
2499.8
 70
32
  0
VERTEX
  5
19D6
330
17
100
AcDbEntity
  8
RBAR-T8-G
100
AcDbVertex
100
AcDb3dPolylineVertex
 10
3498.7
 20
34.0
 30
2497.8
 70
32
  0
VERTEX
  5
19D7
330
17
100
AcDbEntity
  8
RBAR-T8-G
100
AcDbVertex
100
AcDb3dPolylineVertex
 10
3501.5
 20
34.0
 30
2496.3
 70
32
  0
VERTEX
  5
19D8
330
17
100
AcDbEntity
  8
RBAR-T8-G
100
AcDbVertex
100
AcDb3dPolylineVertex
 10
3504.6
 20
34.0
 30
2495.3
 70
32
  0
VERTEX
  5
19D9
330
17
100
AcDbEntity
  8
RBAR-T8-G
100
AcDbVertex
100
AcDb3dPolylineVertex
 10
3507.8
 20
34.0
 30
2495.0
 70
32
  0
VERTEX
  5
19DA
330
17
100
AcDbEntity
  8
RBAR-T8-G
100
AcDbVertex
100
AcDb3dPolylineVertex
 10
3615.2
 20
34.0
 30
2495.0
 70
32
  0
VERTEX
  5
19DB
330
17
100
AcDbEntity
  8
RBAR-T8-G
100
AcDbVertex
100
AcDb3dPolylineVertex
 10
3618.4
 20
34.0
 30
2495.3
 70
32
  0
VERTEX
  5
19DC
330
17
100
AcDbEntity
  8
RBAR-T8-G
100
AcDbVertex
100
AcDb3dPolylineVertex
 10
3621.5
 20
34.0
 30
2496.3
 70
32
  0
VERTEX
  5
19DD
330
17
100
AcDbEntity
  8
RBAR-T8-G
100
AcDbVertex
100
AcDb3dPolylineVertex
 10
3624.3
 20
34.0
 30
2497.8
 70
32
  0
VERTEX
  5
19DE
330
17
100
AcDbEntity
  8
RBAR-T8-G
100
AcDbVertex
100
AcDb3dPolylineVertex
 10
3626.8
 20
34.0
 30
2499.8
 70
32
  0
VERTEX
  5
19DF
330
17
100
AcDbEntity
  8
RBAR-T8-G
100
AcDbVertex
100
AcDb3dPolylineVertex
 10
3628.8
 20
34.0
 30
2502.3
 70
32
  0
VERTEX
  5
19E0
330
17
100
AcDbEntity
  8
RBAR-T8-G
100
AcDbVertex
100
AcDb3dPolylineVertex
 10
3630.3
 20
34.0
 30
2505.1
 70
32
  0
VERTEX
  5
19E1
330
17
100
AcDbEntity
  8
RBAR-T8-G
100
AcDbVertex
100
AcDb3dPolylineVertex
 10
3631.3
 20
34.0
 30
2508.2
 70
32
  0
VERTEX
  5
19E2
330
17
100
AcDbEntity
  8
RBAR-T8-G
100
AcDbVertex
100
AcDb3dPolylineVertex
 10
3631.6
 20
34.0
 30
2511.4
 70
32
  0
VERTEX
  5
19E3
330
17
100
AcDbEntity
  8
RBAR-T8-G
100
AcDbVertex
100
AcDb3dPolylineVertex
 10
3631.6
 20
34.0
 30
2828.5
 70
32
  0
SEQEND
  5
19BD
330
19BC
100
AcDbEntity
  8
RBAR-T8-G
  0
POLYLINE
  5
19E5
330
17
100
AcDbEntity
  8
RBAR-T20-I1
100
AcDb3dPolyline
 66
1
 10
0.0
 20
0.0
 30
0.0
 70
8
  0
VERTEX
  5
19E7
330
17
100
AcDbEntity
  8
RBAR-T20-I1
100
AcDbVertex
100
AcDb3dPolylineVertex
 10
40.0
 20
132.0
 30
1703.2
 70
32
  0
VERTEX
  5
19E8
330
17
100
AcDbEntity
  8
RBAR-T20-I1
100
AcDbVertex
100
AcDb3dPolylineVertex
 10
1177.2
 20
132.0
 30
1703.2
 70
32
  0
VERTEX
  5
19E9
330
17
100
AcDbEntity
  8
RBAR-T20-I1
100
AcDbVertex
100
AcDb3dPolylineVertex
 10
1184.3
 20
132.0
 30
1702.9
 70
32
  0
VERTEX
  5
19EA
330
17
100
AcDbEntity
  8
RBAR-T20-I1
100
AcDbVertex
100
AcDb3dPolylineVertex
 10
1191.4
 20
132.0
 30
1701.8
 70
32
  0
VERTEX
  5
19EB
330
17
100
AcDbEntity
  8
RBAR-T20-I1
100
AcDbVertex
100
AcDb3dPolylineVertex
 10
1198.3
 20
132.0
 30
1700.0
 70
32
  0
VERTEX
  5
19EC
330
17
100
AcDbEntity
  8
RBAR-T20-I1
100
AcDbVertex
100
AcDb3dPolylineVertex
 10
1933.2
 20
132.0
 30
1468.2
 70
32
  0
VERTEX
  5
19ED
330
17
100
AcDbEntity
  8
RBAR-T20-I1
100
AcDbVertex
100
AcDb3dPolylineVertex
 10
1940.1
 20
132.0
 30
1466.4
 70
32
  0
VERTEX
  5
19EE
330
17
100
AcDbEntity
  8
RBAR-T20-I1
100
AcDbVertex
100
AcDb3dPolylineVertex
 10
1947.2
 20
132.0
 30
1465.4
 70
32
  0
VERTEX
  5
19EF
330
17
100
AcDbEntity
  8
RBAR-T20-I1
100
AcDbVertex
100
AcDb3dPolylineVertex
 10
1954.3
 20
132.0
 30
1465.0
 70
32
  0
VERTEX
  5
19F0
330
17
100
AcDbEntity
  8
RBAR-T20-I1
100
AcDbVertex
100
AcDb3dPolylineVertex
 10
9803.7
 20
132.0
 30
1465.0
 70
32
  0
SEQEND
  5
19E6
330
19E5
100
AcDbEntity
  8
RBAR-T20-I1
  0
POLYLINE
  5
19F2
330
17
100
AcDbEntity
  8
RBAR-T20-I
100
AcDb3dPolyline
 66
1
 10
0.0
 20
0.0
 30
0.0
 70
8
  0
VERTEX
  5
19F4
330
17
100
AcDbEntity
  8
RBAR-T20-I
100
AcDbVertex
100
AcDb3dPolylineVertex
 10
40.0
 20
28.0
 30
1615.6
 70
32
  0
VERTEX
  5
19F5
330
17
100
AcDbEntity
  8
RBAR-T20-I
100
AcDbVertex
100
AcDb3dPolylineVertex
 10
1170.6
 20
28.0
 30
1615.6
 70
32
  0
VERTEX
  5
19F6
330
17
100
AcDbEntity
  8
RBAR-T20-I
100
AcDbVertex
100
AcDb3dPolylineVertex
 10
1177.7
 20
28.0
 30
1615.2
 70
32
  0
VERTEX
  5
19F7
330
17
100
AcDbEntity
  8
RBAR-T20-I
100
AcDbVertex
100
AcDb3dPolylineVertex
 10
1184.7
 20
28.0
 30
1614.1
 70
32
  0
VERTEX
  5
19F8
330
17
100
AcDbEntity
  8
RBAR-T20-I
100
AcDbVertex
100
AcDb3dPolylineVertex
 10
1191.6
 20
28.0
 30
1612.3
 70
32
  0
VERTEX
  5
19F9
330
17
100
AcDbEntity
  8
RBAR-T20-I
100
AcDbVertex
100
AcDb3dPolylineVertex
 10
1648.6
 20
28.0
 30
1468.2
 70
32
  0
VERTEX
  5
19FA
330
17
100
AcDbEntity
  8
RBAR-T20-I
100
AcDbVertex
100
AcDb3dPolylineVertex
 10
1655.5
 20
28.0
 30
1466.4
 70
32
  0
VERTEX
  5
19FB
330
17
100
AcDbEntity
  8
RBAR-T20-I
100
AcDbVertex
100
AcDb3dPolylineVertex
 10
1662.6
 20
28.0
 30
1465.4
 70
32
  0
VERTEX
  5
19FC
330
17
100
AcDbEntity
  8
RBAR-T20-I
100
AcDbVertex
100
AcDb3dPolylineVertex
 10
1669.7
 20
28.0
 30
1465.0
 70
32
  0
VERTEX
  5
19FD
330
17
100
AcDbEntity
  8
RBAR-T20-I
100
AcDbVertex
100
AcDb3dPolylineVertex
 10
9017.2
 20
28.0
 30
1465.0
 70
32
  0
SEQEND
  5
19F3
330
19F2
100
AcDbEntity
  8
RBAR-T20-I
  0
ENDSEC
  0
SECTION
  2
OBJECTS
  0
DICTIONARY
  5
A
330
0
100
AcDbDictionary
281
1
  3
ACAD_COLOR
350
B
  3
ACAD_GROUP
350
C
  3
ACAD_LAYOUT
350
D
  3
ACAD_MATERIAL
350
E
  3
ACAD_MLEADERSTYLE
350
F
  3
ACAD_MLINESTYLE
350
10
  3
ACAD_PLOTSETTINGS
350
11
  3
ACAD_PLOTSTYLENAME
350
12
  3
ACAD_SCALELIST
350
14
  3
ACAD_TABLESTYLE
350
15
  3
ACAD_VISUALSTYLE
350
16
  3
EZDXF_META
350
2D
  0
DICTIONARY
  5
B
330
A
100
AcDbDictionary
281
1
  0
DICTIONARY
  5
C
330
A
100
AcDbDictionary
281
1
  0
DICTIONARY
  5
D
330
A
100
AcDbDictionary
281
1
  3
Model
350
1A
  3
Layout1
350
1E
  0
DICTIONARY
  5
E
330
A
100
AcDbDictionary
281
1
  3
ByBlock
350
1F
  3
ByLayer
350
20
  3
Global
350
21
  0
DICTIONARY
  5
F
330
A
100
AcDbDictionary
281
1
  3
Standard
350
2C
  0
DICTIONARY
  5
10
330
A
100
AcDbDictionary
281
1
  3
Standard
350
22
  0
DICTIONARY
  5
11
330
A
100
AcDbDictionary
281
1
  0
ACDBDICTIONARYWDFLT
  5
12
330
A
100
AcDbDictionary
281
1
  3
Normal
350
13
100
AcDbDictionaryWithDefault
340
13
  0
ACDBPLACEHOLDER
  5
13
330
12
  0
DICTIONARY
  5
14
330
A
100
AcDbDictionary
281
1
  0
DICTIONARY
  5
15
330
A
100
AcDbDictionary
281
1
  0
DICTIONARY
  5
16
330
A
100
AcDbDictionary
281
1
  3
2dWireframe
350
5A
  3
Basic
350
5B
  3
Brighten
350
5C
  3
ColorChange
350
5D
  3
Conceptual
350
5E
  3
Dim
350
5F
  3
EdgeColorOff
350
60
  3
Facepattern
350
61
  3
Flat
350
62
  3
FlatWithEdges
350
63
  3
Gouraud
350
64
  3
GouraudWithEdges
350
65
  3
Hidden
350
66
  3
JitterOff
350
67
  3
Linepattern
350
68
  3
Modeling
350
69
  3
OverhangOff
350
6A
  3
Realistic
350
6B
  3
Shaded
350
6C
  3
Shaded with edges
350
6D
  3
Shades of Gray
350
6E
  3
Sketchy
350
6F
  3
Thicken
350
70
  3
Wireframe
350
71
  3
X-Ray
350
72
  0
LAYOUT
  5
1A
330
D
100
AcDbPlotSettings
  1

  4
A3
  6

 40
7.5
 41
20.0
 42
7.5
 43
20.0
 44
420.0
 45
297.0
 46
0.0
 47
0.0
 48
0.0
 49
0.0
140
0.0
141
0.0
142
1.0
143
1.0
 70
1024
 72
1
 73
0
 74
5
  7

 75
16
 76
0
 77
2
 78
300
147
1.0
148
0.0
149
0.0
100
AcDbLayout
  1
Model
 70
1
 71
0
 10
0.0
 20
0.0
 11
420.0
 21
297.0
 12
0.0
 22
0.0
 32
0.0
 14
1e+20
 24
1e+20
 34
1e+20
 15
-1e+20
 25
-1e+20
 35
-1e+20
146
0.0
 13
0.0
 23
0.0
 33
0.0
 16
1.0
 26
0.0
 36
0.0
 17
0.0
 27
1.0
 37
0.0
 76
1
330
17
  0
LAYOUT
  5
1E
330
D
100
AcDbPlotSettings
  1

  4
A3
  6

 40
7.5
 41
20.0
 42
7.5
 43
20.0
 44
420.0
 45
297.0
 46
0.0
 47
0.0
 48
0.0
 49
0.0
140
0.0
141
0.0
142
1.0
143
1.0
 70
0
 72
1
 73
0
 74
5
  7

 75
16
 76
0
 77
2
 78
300
147
1.0
148
0.0
149
0.0
100
AcDbLayout
  1
Layout1
 70
1
 71
1
 10
0.0
 20
0.0
 11
420.0
 21
297.0
 12
0.0
 22
0.0
 32
0.0
 14
1e+20
 24
1e+20
 34
1e+20
 15
-1e+20
 25
-1e+20
 35
-1e+20
146
0.0
 13
0.0
 23
0.0
 33
0.0
 16
1.0
 26
0.0
 36
0.0
 17
0.0
 27
1.0
 37
0.0
 76
1
330
1B
  0
MATERIAL
  5
1F
102
{ACAD_REACTORS
330
E
102
}
330
E
100
AcDbMaterial
  1
ByBlock
  2

 70
0
 40
1.0
 71
1
 41
1.0
 91
-1023410177
 42
1.0
 72
1
  3

 73
1
 74
1
 75
1
 44
0.5
 73
0
 45
1.0
 46
1.0
 77
1
  4

 78
1
 79
1
170
1
 48
1.0
171
1
  6

172
1
173
1
174
1
140
1.0
141
1.0
175
1
  7

176
1
177
1
178
1
143
1.0
179
1
  8

270
1
271
1
272
1
145
1.0
146
1.0
273
1
  9

274
1
275
1
276
1
 42
1.0
 72
1
  3

 73
1
 74
1
 75
1
 94
63
  0
MATERIAL
  5
20
102
{ACAD_REACTORS
330
E
102
}
330
E
100
AcDbMaterial
  1
ByLayer
  2

 70
0
 40
1.0
 71
1
 41
1.0
 91
-1023410177
 42
1.0
 72
1
  3

 73
1
 74
1
 75
1
 44
0.5
 73
0
 45
1.0
 46
1.0
 77
1
  4

 78
1
 79
1
170
1
 48
1.0
171
1
  6

172
1
173
1
174
1
140
1.0
141
1.0
175
1
  7

176
1
177
1
178
1
143
1.0
179
1
  8

270
1
271
1
272
1
145
1.0
146
1.0
273
1
  9

274
1
275
1
276
1
 42
1.0
 72
1
  3

 73
1
 74
1
 75
1
 94
63
  0
MATERIAL
  5
21
102
{ACAD_REACTORS
330
E
102
}
330
E
100
AcDbMaterial
  1
Global
  2

 70
0
 40
1.0
 71
1
 41
1.0
 91
-1023410177
 42
1.0
 72
1
  3

 73
1
 74
1
 75
1
 44
0.5
 73
0
 45
1.0
 46
1.0
 77
1
  4

 78
1
 79
1
170
1
 48
1.0
171
1
  6

172
1
173
1
174
1
140
1.0
141
1.0
175
1
  7

176
1
177
1
178
1
143
1.0
179
1
  8

270
1
271
1
272
1
145
1.0
146
1.0
273
1
  9

274
1
275
1
276
1
 42
1.0
 72
1
  3

 73
1
 74
1
 75
1
 94
63
  0
MLINESTYLE
  5
22
102
{ACAD_REACTORS
330
10
102
}
330
10
100
AcDbMlineStyle
  2
Standard
 70
0
  3

 62
256
 51
90.0
 52
90.0
 71
2
 49
0.5
 62
256
  6
BYLAYER
 49
-0.5
 62
256
  6
BYLAYER
  0
MLEADERSTYLE
  5
2C
102
{ACAD_REACTORS
330
F
102
}
330
F
100
AcDbMLeaderStyle
179
2
170
2
171
1
172
0
 90
2
 40
0.0
 41
0.0
173
1
 91
-1056964608
 92
-2
290
1
 42
2.0
291
1
 43
8.0
  3
Standard
 44
4.0
300

342
29
174
1
175
1
176
0
178
1
 93
-1056964608
 45
4.0
292
0
297
0
 46
4.0
 94
-1056964608
 47
1.0
 49
1.0
140
1.0
294
1
141
0.0
177
0
142
1.0
295
0
296
0
143
3.75
271
0
272
9
273
9
  0
DICTIONARY
  5
2D
330
A
100
AcDbDictionary
280
1
281
1
  3
CREATED_BY_EZDXF
350
2E
  3
WRITTEN_BY_EZDXF
350
1A00
  0
DICTIONARYVAR
  5
2E
330
2D
100
DictionaryVariables
280
0
  1
1.4.4 @ 2026-08-13T06:06:07.557984+00:00
  0
VISUALSTYLE
  5
5A
102
{ACAD_REACTORS
330
16
102
}
330
16
100
AcDbVisualStyle
  2
2dWireframe
 70
4
 90
0
 40
0.6
 62
7
290
0
291
0
  0
VISUALSTYLE
  5
5B
102
{ACAD_REACTORS
330
16
102
}
330
16
100
AcDbVisualStyle
  2
Basic
 70
7
 90
1
 40
0.6
 62
7
290
0
291
1
  0
VISUALSTYLE
  5
5C
102
{ACAD_REACTORS
330
16
102
}
330
16
100
AcDbVisualStyle
  2
Brighten
 70
12
 90
2
 40
0.6
 62
7
290
0
291
1
  0
VISUALSTYLE
  5
5D
102
{ACAD_REACTORS
330
16
102
}
330
16
100
AcDbVisualStyle
  2
ColorChange
 70
16
 90
2
 40
0.6
 62
8
290
0
291
1
  0
VISUALSTYLE
  5
5E
102
{ACAD_REACTORS
330
16
102
}
330
16
100
AcDbVisualStyle
  2
Conceptual
 70
9
 90
3
 40
0.6
 62
7
290
0
291
0
  0
VISUALSTYLE
  5
5F
102
{ACAD_REACTORS
330
16
102
}
330
16
100
AcDbVisualStyle
  2
Dim
 70
11
 90
2
 40
0.6
 62
7
290
0
291
1
  0
VISUALSTYLE
  5
60
102
{ACAD_REACTORS
330
16
102
}
330
16
100
AcDbVisualStyle
  2
EdgeColorOff
 70
22
 90
2
 40
0.6
 62
7
290
0
291
1
  0
VISUALSTYLE
  5
61
102
{ACAD_REACTORS
330
16
102
}
330
16
100
AcDbVisualStyle
  2
Facepattern
 70
15
 90
2
 40
0.6
 62
7
290
0
291
1
  0
VISUALSTYLE
  5
62
102
{ACAD_REACTORS
330
16
102
}
330
16
100
AcDbVisualStyle
  2
Flat
 70
0
 90
2
 40
0.6
 62
7
290
0
291
1
  0
VISUALSTYLE
  5
63
102
{ACAD_REACTORS
330
16
102
}
330
16
100
AcDbVisualStyle
  2
FlatWithEdges
 70
1
 90
2
 40
0.6
 62
7
290
0
291
1
  0
VISUALSTYLE
  5
64
102
{ACAD_REACTORS
330
16
102
}
330
16
100
AcDbVisualStyle
  2
Gouraud
 70
2
 90
2
 40
0.6
 62
7
290
0
291
1
  0
VISUALSTYLE
  5
65
102
{ACAD_REACTORS
330
16
102
}
330
16
100
AcDbVisualStyle
  2
GouraudWithEdges
 70
3
 90
2
 40
0.6
 62
7
290
0
291
1
  0
VISUALSTYLE
  5
66
102
{ACAD_REACTORS
330
16
102
}
330
16
100
AcDbVisualStyle
  2
Hidden
 70
6
 90
1
 40
0.6
 62
7
290
0
291
0
  0
VISUALSTYLE
  5
67
102
{ACAD_REACTORS
330
16
102
}
330
16
100
AcDbVisualStyle
  2
JitterOff
 70
20
 90
2
 40
0.6
 62
7
290
0
291
1
  0
VISUALSTYLE
  5
68
102
{ACAD_REACTORS
330
16
102
}
330
16
100
AcDbVisualStyle
  2
Linepattern
 70
14
 90
2
 40
0.6
 62
7
290
0
291
1
  0
VISUALSTYLE
  5
69
102
{ACAD_REACTORS
330
16
102
}
330
16
100
AcDbVisualStyle
  2
Modeling
 70
10
 90
2
 40
0.6
 62
7
290
0
291
0
  0
VISUALSTYLE
  5
6A
102
{ACAD_REACTORS
330
16
102
}
330
16
100
AcDbVisualStyle
  2
OverhangOff
 70
21
 90
2
 40
0.6
 62
7
290
0
291
1
  0
VISUALSTYLE
  5
6B
102
{ACAD_REACTORS
330
16
102
}
330
16
100
AcDbVisualStyle
  2
Realistic
 70
8
 90
2
 40
0.6
 62
7
290
0
291
0
  0
VISUALSTYLE
  5
6C
102
{ACAD_REACTORS
330
16
102
}
330
16
100
AcDbVisualStyle
  2
Shaded
 70
27
 90
2
 40
0.6
 62
7
290
0
291
0
  0
VISUALSTYLE
  5
6D
102
{ACAD_REACTORS
330
16
102
}
330
16
100
AcDbVisualStyle
  2
Shaded with edges
 70
26
 90
2
 40
0.6
 62
7
290
0
291
0
  0
VISUALSTYLE
  5
6E
102
{ACAD_REACTORS
330
16
102
}
330
16
100
AcDbVisualStyle
  2
Shades of Gray
 70
23
 90
2
 40
0.6
 62
7
290
0
291
0
  0
VISUALSTYLE
  5
6F
102
{ACAD_REACTORS
330
16
102
}
330
16
100
AcDbVisualStyle
  2
Sketchy
 70
24
 90
1
 40
0.6
 62
7
290
0
291
0
  0
VISUALSTYLE
  5
70
102
{ACAD_REACTORS
330
16
102
}
330
16
100
AcDbVisualStyle
  2
Thicken
 70
13
 90
2
 40
0.6
 62
7
290
0
291
1
  0
VISUALSTYLE
  5
71
102
{ACAD_REACTORS
330
16
102
}
330
16
100
AcDbVisualStyle
  2
Wireframe
 70
5
 90
0
 40
0.6
 62
7
290
0
291
0
  0
VISUALSTYLE
  5
72
102
{ACAD_REACTORS
330
16
102
}
330
16
100
AcDbVisualStyle
  2
X-Ray
 70
25
 90
2
 40
0.5
 62
7
290
0
291
0
  0
DICTIONARYVAR
  5
1A00
330
2D
100
DictionaryVariables
280
0
  1
1.4.4 @ 2026-08-13T06:06:07.711069+00:00
  0
ENDSEC
  0
EOF
